episode_id,seat,final_money,peak_crew,total_hires,first_land_day,elbow_day,tiles_planted,plants_carrot,plants_melon,plants_strawberry,plants_tomato,plants_wheat,price_carrot_max,price_carrot_min,price_egg_max,price_egg_min,price_fertilizer_max,price_fertilizer_min,price_melon_max,price_melon_min,price_milk_max,price_milk_min,price_strawberry_max,price_strawberry_min,price_tomato_max,price_tomato_min,price_wheat_max,price_wheat_min,price_wool_max,price_wool_min
89004648,0,4127.0,2,60,,0.0,9,0,0,0,9,0,42,35,67,50,100,100,293,250,361,160,321,120,108,60,51,25,248,200
89004648,1,4127.0,2,60,,0.0,9,0,0,0,9,0,42,35,67,50,100,100,293,250,361,160,321,120,108,60,51,25,248,200
89005103,0,27698.0,7,203,,0.0,86,27,32,3,5,19,42,33,74,50,100,100,281,13,344,160,315,120,101,60,49,25,246,200
89005103,1,27698.0,7,203,,0.0,86,27,32,3,5,19,42,33,74,50,100,100,281,13,344,160,315,120,101,60,49,25,246,200
89006005,0,2300.0,0,0,,0.0,30,30,0,0,0,0,42,35,66,50,100,100,293,250,358,160,318,120,93,60,49,25,248,200
89006005,1,3846.0,2,60,,0.0,9,0,0,0,9,0,42,35,66,50,100,100,293,250,358,160,318,120,93,60,49,25,248,200
89006016,0,40969.0,10,254,14.0,13.0,162,40,19,8,14,81,40,29,71,50,100,100,281,138,351,160,304,120,96,60,36,22,248,200
89006016,1,41521.0,10,254,14.0,13.0,167,45,19,8,14,81,40,29,71,50,100,100,281,138,351,160,304,120,96,60,36,22,248,200
89006021,0,2300.0,0,0,,0.0,30,30,0,0,0,0,42,35,67,50,100,100,293,250,351,160,327,120,101,60,50,25,250,200
89006021,1,2300.0,0,0,,0.0,30,30,0,0,0,0,42,35,67,50,100,100,293,250,351,160,327,120,101,60,50,25,250,200
89006464,0,28157.0,10,254,14.0,0.0,158,50,19,8,11,70,40,33,74,50,100,100,277,1,328,160,327,120,96,60,45,25,251,200
89006464,1,17093.0,8,192,0.0,0.0,262,143,119,0,0,0,40,33,74,50,100,100,277,1,328,160,327,120,96,60,45,25,251,200
89006914,0,27932.0,7,210,,0.0,144,90,20,0,0,34,40,23,74,50,100,100,278,86,340,160,308,120,109,60,47,23,247,200
89006914,1,27932.0,7,210,,0.0,144,90,20,0,0,34,40,23,74,50,100,100,278,86,340,160,308,120,109,60,47,23,247,200
89007360,0,20404.0,0,0,,0.0,17,0,17,0,0,0,42,35,64,50,100,100,281,70,347,160,316,120,103,60,49,25,250,200
89007360,1,38514.0,7,203,,13.0,86,27,32,3,5,19,42,35,64,50,100,100,281,70,347,160,316,120,103,60,49,25,250,200
89007807,0,2300.0,0,0,,0.0,30,30,0,0,0,0,42,35,65,50,100,100,289,250,354,160,299,120,104,60,49,25,250,200
89007807,1,21662.0,7,177,12.0,0.0,76,35,9,3,6,23,42,35,65,50,100,100,289,250,354,160,299,120,104,60,49,25,250,200
89007813,0,6517.0,8,192,0.0,0.0,260,141,119,0,0,0,42,35,69,50,100,100,277,1,340,160,314,120,98,60,51,25,250,200
89007813,1,7058.0,8,192,0.0,0.0,270,151,119,0,0,0,42,35,69,50,100,100,277,1,340,160,314,120,98,60,51,25,250,200
89008254,0,21529.0,0,0,,0.0,17,0,17,0,0,0,41,28,69,50,100,100,278,189,354,160,330,120,105,60,48,24,247,200
89008254,1,32455.0,7,210,,10.0,144,90,20,0,0,34,41,28,69,50,100,100,278,189,354,160,330,120,105,60,48,24,247,200
89009154,0,17545.0,8,192,0.0,0.0,267,148,119,0,0,0,41,33,66,50,100,100,277,1,340,160,319,120,90,60,41,23,252,200
89009154,1,27602.0,10,254,14.0,0.0,165,63,18,4,14,66,41,33,66,50,100,100,277,1,340,160,319,120,90,60,41,23,252,200
89009207,0,27698.0,7,203,,0.0,86,27,32,3,5,19,42,33,74,50,100,100,281,13,344,160,315,120,101,60,49,25,246,200
89009207,1,27698.0,7,203,,0.0,86,27,32,3,5,19,42,33,74,50,100,100,281,13,344,160,315,120,101,60,49,25,246,200
89010550,0,5616.0,4,100,10.0,0.0,74,0,0,0,74,0,42,35,67,50,100,100,281,219,365,160,319,120,83,60,49,25,246,200
89010550,1,48979.0,7,203,,13.0,86,27,32,3,5,19,42,35,67,50,100,100,281,219,365,160,319,120,83,60,49,25,246,200
89011010,0,73156.0,10,272,9.0,11.0,155,13,23,33,19,67,42,30,75,50,100,20,278,28,286,160,278,120,92,60,56,25,247,200
89011010,1,77048.0,10,272,9.0,11.0,153,12,23,33,20,65,42,30,75,50,100,20,278,28,286,160,278,120,92,60,56,25,247,200
89011450,0,49111.0,7,203,,13.0,86,27,32,3,5,19,42,35,70,50,100,100,281,219,332,160,299,120,107,60,49,25,252,200
89011450,1,50.0,0,0,,0.0,0,0,0,0,0,0,42,35,70,50,100,100,281,219,332,160,299,120,107,60,49,25,252,200
89011452,0,3000.0,0,0,,0.0,0,0,0,0,0,0,42,35,71,50,100,100,293,250,320,160,294,120,105,60,50,25,253,200
89011452,1,3000.0,0,0,,0.0,0,0,0,0,0,0,42,35,71,50,100,100,293,250,320,160,294,120,105,60,50,25,253,200
89011900,0,37622.0,12,186,10.0,10.0,201,72,30,17,2,80,40,32,70,50,100,100,278,1,332,160,291,120,97,60,42,25,252,200
89011900,1,39056.0,11,185,10.0,10.0,206,67,30,13,1,95,40,32,70,50,100,100,278,1,332,160,291,120,97,60,42,25,252,200
89012344,0,100643.0,10,275,9.0,11.0,141,12,31,41,5,52,42,32,69,50,100,42,278,65,329,160,291,120,109,60,56,25,243,200
89012344,1,25824.0,5,115,12.0,0.0,49,1,28,6,0,14,42,32,69,50,100,42,278,65,329,160,291,120,109,60,56,25,243,200
89012792,0,3784.0,2,60,,0.0,9,0,0,0,9,0,42,35,71,50,100,100,293,250,351,160,327,120,87,60,50,25,250,200
89012792,1,3000.0,0,0,,0.0,0,0,0,0,0,0,42,35,71,50,100,100,293,250,351,160,327,120,87,60,50,25,250,200
89013236,0,35388.0,5,113,14.0,10.0,94,27,13,3,7,44,42,32,76,50,100,100,286,250,340,160,313,120,102,60,49,25,247,200
89013236,1,3000.0,0,0,,0.0,0,0,0,0,0,0,42,32,76,50,100,100,286,250,340,160,313,120,102,60,49,25,247,200
89013685,0,45802.0,7,203,11.0,11.0,125,36,29,5,5,50,41,32,67,50,100,100,278,214,368,160,310,120,96,60,47,24,250,200
89013685,1,3000.0,0,0,,0.0,0,0,0,0,0,0,41,32,67,50,100,100,278,214,368,160,310,120,96,60,47,24,250,200
89014132,0,29252.0,7,203,11.0,0.0,127,34,29,5,5,54,41,29,75,50,100,100,278,1,344,160,324,120,97,60,46,25,247,200
89014132,1,29041.0,7,203,11.0,0.0,131,36,29,5,5,56,41,29,75,50,100,100,278,1,344,160,324,120,97,60,46,25,247,200
89014574,0,200.0,0,0,,0.0,0,0,0,0,0,0,42,35,73,50,100,100,278,13,328,160,309,120,94,60,48,25,253,200
89014574,1,66787.0,12,178,10.0,11.0,154,10,41,23,0,80,42,35,73,50,100,100,278,13,328,160,309,120,94,60,48,25,253,200
89015470,0,3361.0,0,0,,0.0,15,0,0,0,0,15,42,35,67,50,100,100,293,250,351,160,327,120,101,60,49,25,250,200
89015470,1,3361.0,0,0,,0.0,15,0,0,0,0,15,42,35,67,50,100,100,293,250,351,160,327,120,101,60,49,25,250,200
89015471,0,6247.0,0,0,,0.0,2,0,2,0,0,0,42,35,67,50,100,100,292,250,351,160,327,120,101,60,50,25,250,200
89015471,1,6247.0,0,0,,0.0,2,0,2,0,0,0,42,35,67,50,100,100,292,250,351,160,327,120,101,60,50,25,250,200
89015472,0,5657.0,0,0,,0.0,110,110,0,0,0,0,40,28,75,50,100,100,293,250,328,160,330,120,103,60,52,25,250,200
89015472,1,5657.0,0,0,,0.0,110,110,0,0,0,0,40,28,75,50,100,100,293,250,328,160,330,120,103,60,52,25,250,200
89015911,0,3994.0,2,60,,0.0,9,0,0,0,9,0,42,35,75,50,100,100,293,250,320,160,324,120,100,60,50,25,248,200
89015911,1,3346.0,0,0,,0.0,15,0,0,0,0,15,42,35,75,50,100,100,293,250,320,160,324,120,100,60,50,25,248,200
89015915,0,37443.0,10,296,0.0,11.0,206,81,17,5,17,86,38,23,68,50,100,100,278,173,358,160,300,120,84,60,36,21,250,200
89015915,1,37985.0,10,296,0.0,11.0,205,85,17,5,18,80,38,23,68,50,100,100,278,173,358,160,300,120,84,60,36,21,250,200
89016360,0,1584.0,4,72,3.0,0.0,384,74,0,47,263,0,42,29,77,50,100,61,278,198,289,160,278,120,92,60,53,25,250,200
89016360,1,108623.0,10,275,9.0,11.0,146,8,31,44,4,59,42,29,77,50,100,61,278,198,289,160,278,120,92,60,53,25,250,200
89016361,0,37999.0,10,296,0.0,11.0,204,79,18,5,17,85,38,22,70,50,100,100,278,25,361,160,312,120,88,60,41,22,250,200
89016361,1,32970.0,7,203,11.0,11.0,128,34,29,5,5,55,38,22,70,50,100,100,278,25,361,160,312,120,88,60,41,22,250,200
89016817,0,3375.0,0,0,,0.0,15,0,0,0,0,15,42,31,74,50,100,100,293,250,311,160,297,120,101,60,50,25,252,200
89016817,1,6570.0,0,0,,0.0,110,110,0,0,0,0,42,31,74,50,100,100,293,250,311,160,297,120,101,60,50,25,252,200
89016818,0,46830.0,7,203,11.0,11.0,127,33,29,5,5,55,41,32,71,50,100,100,278,214,347,160,322,120,107,60,50,25,247,200
89016818,1,6501.0,0,0,,0.0,110,110,0,0,0,0,41,32,71,50,100,100,278,214,347,160,322,120,107,60,50,25,247,200
89017267,0,35811.0,12,244,0.0,13.0,121,40,23,1,6,51,42,35,70,50,104,100,284,240,336,160,304,120,94,60,44,25,250,200
89017267,1,6101.0,0,0,,0.0,2,0,2,0,0,0,42,35,70,50,104,100,284,240,336,160,304,120,94,60,44,25,250,200
89017268,0,15706.0,10,233,0.0,0.0,370,137,111,0,0,122,38,23,74,50,100,100,281,1,320,160,294,120,92,60,28,21,253,200
89017268,1,15706.0,10,233,0.0,0.0,370,137,111,0,0,122,38,23,74,50,100,100,281,1,320,160,294,120,92,60,28,21,253,200
89017721,0,16548.0,8,192,0.0,0.0,298,180,118,0,0,0,40,28,73,50,100,100,277,1,354,160,304,120,103,60,50,25,246,200
89017721,1,20519.0,7,210,,0.0,144,90,20,0,0,34,40,28,73,50,100,100,277,1,354,160,304,120,103,60,50,25,246,200
89017722,0,2300.0,0,0,,0.0,30,30,0,0,0,0,39,23,73,50,100,100,293,250,340,160,327,120,111,60,52,25,246,200
89017722,1,8969.0,2,60,,0.0,259,259,0,0,0,0,39,23,73,50,100,100,293,250,340,160,327,120,111,60,52,25,246,200
89017723,0,43069.0,10,241,0.0,13.0,382,139,121,0,0,122,40,28,67,50,100,100,280,76,351,160,338,120,97,60,41,24,250,200
89017723,1,16255.0,7,177,12.0,0.0,82,35,6,3,7,31,40,28,67,50,100,100,280,76,351,160,338,120,97,60,41,24,250,200
89017724,0,3334.0,0,0,,0.0,15,0,0,0,0,15,41,35,71,50,100,100,281,154,332,160,321,120,111,60,44,25,250,200
89017724,1,51705.0,10,242,0.0,13.0,379,138,118,0,0,123,41,35,71,50,100,100,281,154,332,160,321,120,111,60,44,25,250,200
89017725,0,7832.0,5,65,28.0,0.0,155,110,0,0,45,0,41,26,70,50,100,100,293,250,347,160,318,120,91,60,50,25,248,200
89017725,1,2300.0,0,0,,0.0,30,30,0,0,0,0,41,26,70,50,100,100,293,250,347,160,318,120,91,60,50,25,248,200
89017726,0,6381.0,0,0,,0.0,104,104,0,0,0,0,42,29,67,50,100,54,278,160,313,160,287,120,95,60,48,25,253,200
89017726,1,105582.0,10,278,9.0,11.0,169,10,37,34,7,81,42,29,67,50,100,54,278,160,313,160,287,120,95,60,48,25,253,200
89018168,0,42702.0,10,296,0.0,11.0,213,82,17,5,16,93,41,26,74,50,100,100,278,220,336,160,311,120,84,60,45,22,251,200
89018168,1,12129.0,5,67,0.0,0.0,240,74,156,0,0,10,41,26,74,50,100,100,278,220,336,160,311,120,84,60,45,22,251,200
89018169,0,28857.0,7,210,,0.0,144,90,20,0,0,34,40,26,75,50,100,100,278,1,324,160,306,120,101,60,46,24,252,200
89018169,1,30058.0,7,203,11.0,11.0,129,34,29,5,5,56,40,26,75,50,100,100,278,1,324,160,306,120,101,60,46,24,252,200
89018171,0,11324.0,5,67,0.0,0.0,209,66,131,0,0,12,41,35,70,50,100,100,281,1,332,160,308,120,88,60,41,23,251,200
89018171,1,33778.0,10,246,0.0,13.0,378,143,112,0,0,123,41,35,70,50,100,100,281,1,332,160,308,120,88,60,41,23,251,200
89018172,0,48674.0,7,203,,13.0,86,27,32,3,5,19,37,19,70,50,100,100,281,219,336,160,326,120,96,60,50,25,251,200
89018172,1,7871.0,2,60,,0.0,252,252,0,0,0,0,37,19,70,50,100,100,281,219,336,160,326,120,96,60,50,25,251,200
89018173,0,3298.0,0,0,,0.0,15,0,0,0,0,15,42,35,69,50,100,100,278,13,340,160,305,120,92,60,45,25,250,200
89018173,1,64787.0,12,178,10.0,10.0,167,45,41,20,0,61,42,35,69,50,100,100,278,13,340,160,305,120,92,60,45,25,250,200
89018174,0,7166.0,5,65,28.0,0.0,155,110,0,0,45,0,40,21,71,50,100,100,283,249,324,160,314,120,91,60,43,22,250,200
89018174,1,44419.0,10,296,0.0,11.0,204,79,16,5,17,87,40,21,71,50,100,100,283,249,324,160,314,120,91,60,43,22,250,200
89018623,0,36903.0,7,203,,13.0,86,27,32,3,5,19,41,33,76,50,104,100,281,13,351,160,319,120,99,60,47,25,246,200
89018623,1,23174.0,12,240,0.0,0.0,119,30,23,1,6,59,41,33,76,50,104,100,281,13,351,160,319,120,99,60,47,25,246,200
89018624,0,3920.0,2,60,,0.0,9,0,0,0,9,0,42,35,65,50,100,100,278,214,340,160,322,120,96,60,46,24,250,200
89018624,1,45921.0,7,203,11.0,11.0,123,35,29,5,5,49,42,35,65,50,100,100,278,214,340,160,322,120,96,60,46,24,250,200
89018625,0,38444.0,7,203,,13.0,86,27,32,3,5,19,42,35,73,50,100,100,281,37,328,160,317,120,101,60,44,23,246,200
89018625,1,34510.0,10,254,14.0,13.0,164,55,17,5,15,72,42,35,73,50,100,100,281,37,328,160,317,120,101,60,44,23,246,200
89018627,0,66706.0,10,279,9.0,21.0,137,13,19,39,7,59,42,35,66,50,100,68,278,13,321,160,285,120,109,60,49,25,250,200
89018627,1,52842.0,12,182,10.0,10.0,184,14,32,17,0,121,42,35,66,50,100,68,278,13,321,160,285,120,109,60,49,25,250,200
89018628,0,34865.0,10,295,0.0,11.0,210,77,18,4,16,95,39,24,68,50,100,55,278,65,333,160,285,120,86,60,46,25,253,200
89018628,1,97709.0,10,277,9.0,11.0,139,10,26,36,20,47,39,24,68,50,100,55,278,65,333,160,285,120,86,60,46,25,253,200
89019077,0,21845.0,7,203,,0.0,86,27,32,3,5,19,42,32,70,50,100,57,278,13,310,160,276,120,88,60,49,25,252,200
89019077,1,87552.0,10,275,9.0,11.0,143,11,31,41,4,56,42,32,70,50,100,57,278,13,310,160,276,120,88,60,49,25,252,200
89019078,0,31527.0,7,203,11.0,11.0,131,38,26,5,6,56,40,25,74,50,100,100,278,1,347,160,320,120,101,60,40,22,247,200
89019078,1,16031.0,10,232,0.0,0.0,368,135,108,0,0,125,40,25,74,50,100,100,278,1,347,160,320,120,101,60,40,22,247,200
89019079,0,102567.0,10,276,9.0,11.0,132,10,27,40,6,49,41,26,66,50,100,58,278,84,326,160,273,120,81,60,44,22,253,200
89019079,1,33803.0,10,295,0.0,11.0,197,80,18,4,16,79,41,26,66,50,100,58,278,84,326,160,273,120,81,60,44,22,253,200
89019080,0,8090.0,2,60,,0.0,142,107,0,0,35,0,39,20,71,50,100,100,277,1,336,160,308,120,82,60,49,25,252,200
89019080,1,34028.0,8,192,0.0,10.0,265,149,116,0,0,0,39,20,71,50,100,100,277,1,336,160,308,120,82,60,49,25,252,200
89019082,0,25866.0,7,203,11.0,0.0,122,36,29,5,5,47,41,30,74,50,100,56,278,1,295,160,290,120,95,60,52,25,252,200
89019082,1,93993.0,10,275,9.0,11.0,131,10,23,43,10,45,41,30,74,50,100,56,278,1,295,160,290,120,95,60,52,25,252,200
89019083,0,110474.0,10,274,9.0,11.0,142,7,31,43,5,56,42,35,67,50,100,58,278,205,334,160,278,120,90,60,51,25,248,200
89019083,1,3830.0,2,60,,0.0,9,0,0,0,9,0,42,35,67,50,100,58,278,205,334,160,278,120,90,60,51,25,248,200
89019569,0,15082.0,4,56,0.0,0.0,138,33,99,0,0,6,42,35,69,50,100,100,280,146,332,160,314,120,105,60,49,25,250,200
89019569,1,12461.0,4,56,0.0,0.0,259,47,161,0,0,51,42,35,69,50,100,100,280,146,332,160,314,120,105,60,49,25,250,200
89019570,0,27918.0,8,200,0.0,0.0,425,8,197,30,5,185,42,32,74,50,100,100,280,13,324,160,276,120,98,60,49,23,250,200
89019570,1,34912.0,7,203,,13.0,86,27,32,3,5,19,42,32,74,50,100,100,280,13,324,160,276,120,98,60,49,23,250,200
89019571,0,5826.0,0,0,,0.0,2,0,2,0,0,0,42,35,70,50,100,100,277,209,351,160,308,120,103,60,50,25,250,200
89019571,1,43109.0,4,75,11.0,10.0,108,38,33,0,0,37,42,35,70,50,100,100,277,209,351,160,308,120,103,60,50,25,250,200
89019572,0,27895.0,7,203,,0.0,86,27,32,3,5,19,40,28,70,50,100,100,281,1,332,160,319,120,94,60,40,22,253,200
89019572,1,18730.0,10,230,0.0,0.0,362,134,107,0,0,121,40,28,70,50,100,100,281,1,332,160,319,120,94,60,40,22,253,200
89019574,0,28924.0,8,192,0.0,0.0,278,160,118,0,0,0,41,33,70,50,100,100,277,1,361,160,319,120,91,60,49,25,246,200
89019574,1,11512.0,7,177,12.0,0.0,84,43,4,4,7,26,41,33,70,50,100,100,277,1,361,160,319,120,91,60,49,25,246,200
89019576,0,33.0,2,41,0.0,0.0,97,0,0,0,97,0,42,35,70,50,100,100,293,250,347,160,301,120,94,60,52,25,248,200
89019576,1,6259.0,0,0,,0.0,2,0,2,0,0,0,42,35,70,50,100,100,293,250,347,160,301,120,94,60,52,25,248,200
89020019,0,31400.0,12,244,0.0,13.0,115,33,23,1,6,52,42,35,69,50,104,100,280,164,324,160,300,120,96,60,45,25,250,200
89020019,1,10049.0,4,56,0.0,0.0,152,29,93,0,0,30,42,35,69,50,104,100,280,164,324,160,300,120,96,60,45,25,250,200
89020021,0,45163.0,7,203,11.0,11.0,127,36,29,5,5,52,41,20,71,50,100,100,278,214,344,160,313,120,95,60,48,24,247,200
89020021,1,7792.0,5,65,28.0,0.0,152,110,0,0,42,0,41,20,71,50,100,100,278,214,344,160,313,120,95,60,48,24,247,200
89020022,0,28130.0,7,203,,0.0,86,27,32,3,5,19,42,35,74,50,100,100,277,13,344,160,319,120,86,60,47,24,248,200
89020022,1,22569.0,4,72,11.0,0.0,109,46,30,0,0,33,42,35,74,50,100,100,277,13,344,160,319,120,86,60,47,24,248,200
89020024,0,6829.0,0,0,,0.0,110,110,0,0,0,0,41,35,70,50,100,100,293,250,332,160,308,120,114,60,52,25,251,200
89020024,1,3000.0,0,0,,0.0,0,0,0,0,0,0,41,35,70,50,100,100,293,250,332,160,308,120,114,60,52,25,251,200
89020030,0,22306.0,10,191,11.0,0.0,268,120,57,0,0,91,41,35,74,50,100,100,277,1,324,160,327,120,103,60,43,25,246,200
89020030,1,23090.0,10,193,11.0,0.0,267,97,58,0,0,112,41,35,74,50,100,100,277,1,324,160,327,120,103,60,43,25,246,200
89020473,0,3389.0,0,0,,0.0,15,0,0,0,0,15,42,35,70,50,100,100,287,240,358,160,324,120,101,60,51,25,248,200
89020473,1,12859.0,4,56,0.0,0.0,292,41,170,0,0,81,42,35,70,50,100,100,287,240,358,160,324,120,101,60,51,25,248,200
89020474,0,4453.0,0,0,,0.0,91,0,0,0,0,91,42,35,71,50,100,100,293,250,347,160,321,120,88,60,47,24,248,200
89020474,1,6259.0,0,0,,0.0,2,0,2,0,0,0,42,35,71,50,100,100,293,250,347,160,321,120,88,60,47,24,248,200
89020475,0,35667.0,7,203,11.0,11.0,128,36,27,5,5,55,42,32,66,50,100,100,277,31,336,160,303,120,99,60,42,23,253,200
89020475,1,18152.0,4,66,11.0,0.0,112,39,29,0,0,44,42,32,66,50,100,100,277,31,336,160,303,120,99,60,42,23,253,200
89020476,0,27041.0,8,192,0.0,0.0,264,145,119,0,0,0,41,35,70,50,100,100,277,1,351,160,318,120,103,60,51,25,247,200
89020476,1,170.0,4,17,0.0,0.0,140,18,109,0,0,13,41,35,70,50,100,100,277,1,351,160,318,120,103,60,51,25,247,200
89020921,0,38211.0,10,195,11.0,10.0,280,125,52,0,0,103,41,35,70,50,100,100,277,13,332,160,286,120,103,60,45,25,252,200
89020921,1,7140.0,5,67,0.0,0.0,312,211,90,0,0,11,41,35,70,50,100,100,277,13,332,160,286,120,103,60,45,25,252,200
89020922,0,32890.0,7,203,11.0,11.0,123,32,27,5,5,54,41,25,70,50,100,100,278,25,344,160,328,120,82,54,41,22,248,200
89020922,1,37675.0,10,296,0.0,11.0,202,89,18,5,18,72,41,25,70,50,100,100,278,25,344,160,328,120,82,54,41,22,248,200
89020924,0,1972.0,2,46,0.0,0.0,95,0,0,0,95,0,42,35,69,50,100,100,286,240,361,160,311,120,82,53,50,25,248,200
89020924,1,14617.0,4,56,0.0,0.0,206,100,87,0,0,19,42,35,69,50,100,100,286,240,361,160,311,120,82,53,50,25,248,200
89020925,0,28819.0,5,114,14.0,0.0,90,29,14,2,6,39,39,24,66,50,100,100,278,209,358,160,299,120,85,60,37,21,253,200
89020925,1,41284.0,10,296,0.0,11.0,207,86,17,5,17,82,39,24,66,50,100,100,278,209,358,160,299,120,85,60,37,21,253,200
89020926,0,20405.0,7,177,12.0,0.0,71,25,11,4,5,26,41,32,71,50,100,100,278,146,344,160,308,120,110,60,49,25,248,200
89020926,1,42671.0,7,203,11.0,11.0,127,34,29,6,6,52,41,32,71,50,100,100,278,146,344,160,308,120,110,60,49,25,248,200
89020936,0,34673.0,8,240,0.0,12.0,250,91,31,22,38,68,41,29,69,50,100,100,280,7,336,160,254,120,76,60,41,21,253,200
89020936,1,34653.0,8,240,0.0,12.0,250,91,31,22,38,68,41,29,69,50,100,100,280,7,336,160,254,120,76,60,41,21,253,200
89020940,0,62136.0,12,240,10.0,11.0,63,16,23,0,0,24,42,35,73,50,100,15,277,70,248,108,308,120,105,60,64,25,223,1
89020940,1,41276.0,12,220,13.0,12.0,47,15,24,0,0,8,42,35,73,50,100,15,277,70,248,108,308,120,105,60,64,25,223,1
89021381,0,13309.0,12,244,0.0,0.0,103,22,23,1,7,50,41,35,70,50,103,100,278,13,358,160,324,120,106,60,43,25,246,200
89021381,1,36377.0,10,192,11.0,10.0,279,127,57,0,0,95,41,35,70,50,103,100,278,13,358,160,324,120,106,60,43,25,246,200
89021382,0,16696.0,10,190,11.0,0.0,250,113,56,0,0,81,41,31,66,50,100,100,277,1,368,160,285,120,100,60,42,22,250,200
89021382,1,62828.0,8,240,0.0,12.0,174,14,20,82,1,57,41,31,66,50,100,100,277,1,368,160,285,120,100,60,42,22,250,200
89021383,0,29097.0,7,203,11.0,0.0,128,34,29,5,5,55,42,30,66,50,100,100,278,1,354,160,260,120,92,60,42,22,252,200
89021383,1,55862.0,8,240,0.0,13.0,178,22,19,79,0,58,42,30,66,50,100,100,278,1,354,160,260,120,92,60,42,22,252,200
89021384,0,6087.0,0,0,,0.0,3,0,3,0,0,0,42,35,73,50,100,100,292,250,336,160,318,120,96,60,49,25,247,200
89021384,1,6247.0,0,0,,0.0,2,0,2,0,0,0,42,35,73,50,100,100,292,250,336,160,318,120,96,60,49,25,247,200
89021385,0,41804.0,10,254,14.0,13.0,160,52,23,6,13,66,42,30,68,50,100,100,280,57,351,160,306,120,107,60,46,23,246,200
89021385,1,35682.0,8,202,0.0,13.0,505,8,261,46,5,185,42,30,68,50,100,100,280,57,351,160,306,120,107,60,46,23,246,200
89021386,0,59900.0,13,181,10.0,10.0,136,2,32,29,0,73,42,32,75,50,100,100,278,1,344,160,295,120,99,60,47,25,247,200
89021386,1,15066.0,7,203,11.0,0.0,126,36,29,5,5,51,42,32,75,50,100,100,278,1,344,160,295,120,99,60,47,25,247,200
89021387,0,35191.0,7,203,11.0,11.0,129,34,29,5,5,56,42,32,74,50,100,100,278,13,344,160,308,120,93,60,46,25,247,200
89021387,1,20673.0,7,203,,0.0,87,28,31,4,5,19,42,32,74,50,100,100,278,13,344,160,308,120,93,60,46,25,247,200
89021388,0,31231.0,7,210,,9.0,144,90,20,0,0,34,41,29,68,50,100,100,277,19,354,160,330,120,96,60,46,23,246,200
89021388,1,26395.0,4,75,11.0,0.0,105,36,33,0,0,36,41,29,68,50,100,100,277,19,354,160,330,120,96,60,46,23,246,200
89021832,0,129393.0,12,242,10.0,15.0,44,11,23,0,0,10,41,31,77,50,100,30,277,78,282,160,311,120,100,60,56,25,240,200
89021832,1,23379.0,12,246,0.0,0.0,122,33,23,1,6,59,41,31,77,50,100,30,277,78,282,160,311,120,100,60,56,25,240,200
89021833,0,65517.0,8,240,0.0,12.0,170,9,28,70,0,63,41,30,70,50,100,100,280,104,340,160,267,120,97,60,40,21,253,200
89021833,1,29708.0,10,254,14.0,0.0,154,44,19,7,17,67,41,30,70,50,100,100,280,104,340,160,267,120,97,60,40,21,253,200
89021835,0,3331.0,0,0,,0.0,15,0,0,0,0,15,41,35,73,50,100,100,277,65,340,160,301,120,103,60,47,25,252,200
89021835,1,54531.0,10,193,11.0,11.0,286,136,53,0,0,97,41,35,73,50,100,100,277,65,340,160,301,120,103,60,47,25,252,200
89021837,0,18911.0,4,56,0.0,0.0,186,27,141,0,0,18,42,33,73,50,100,100,280,225,332,160,325,120,95,60,49,25,250,200
89021837,1,30785.0,5,112,15.0,8.0,84,23,13,3,9,36,42,33,73,50,100,100,280,225,332,160,325,120,95,60,49,25,250,200
89021838,0,12629.0,10,246,0.0,0.0,378,143,112,0,0,123,41,35,65,50,100,100,277,1,336,160,314,120,101,60,40,23,250,200
89021838,1,13109.0,8,191,0.0,0.0,272,153,119,0,0,0,41,35,65,50,100,100,277,1,336,160,314,120,101,60,40,23,250,200
89021839,0,24384.0,7,203,11.0,0.0,122,34,29,5,5,49,41,30,69,50,100,58,278,1,312,160,277,120,92,60,50,25,253,200
89021839,1,90342.0,10,275,9.0,11.0,147,9,22,39,17,60,41,30,69,50,100,58,278,1,312,160,277,120,92,60,50,25,253,200
89022286,0,112129.0,12,241,10.0,15.0,39,15,24,0,0,0,42,33,67,50,100,26,277,37,285,160,329,120,101,60,56,25,232,161
89022286,1,36381.0,7,203,11.0,11.0,129,34,29,5,5,56,42,33,67,50,100,26,277,37,285,160,329,120,101,60,56,25,232,161
89022287,0,36712.0,7,209,,6.0,107,36,8,0,0,63,41,29,63,50,100,12,277,162,292,160,314,120,101,60,56,25,245,200
89022287,1,125063.0,12,240,10.0,16.0,70,21,25,0,0,24,41,29,63,50,100,12,277,162,292,160,314,120,101,60,56,25,245,200
89022288,0,47987.0,11,184,10.0,10.0,211,95,33,11,0,72,41,35,69,50,100,100,277,1,328,160,286,120,105,60,44,25,250,200
89022288,1,11743.0,9,172,11.0,0.0,191,84,40,0,0,67,41,35,69,50,100,100,277,1,328,160,286,120,105,60,44,25,250,200
89022289,0,70983.0,10,275,9.0,11.0,145,11,31,27,17,59,42,30,70,50,100,58,278,40,285,160,237,120,97,60,48,22,253,200
89022289,1,46000.0,8,240,0.0,12.0,206,45,19,68,0,74,42,30,70,50,100,58,278,40,285,160,237,120,97,60,48,22,253,200
89022290,0,19212.0,7,203,11.0,0.0,124,36,29,5,5,49,41,35,71,50,100,100,277,1,332,160,319,120,109,60,49,25,250,200
89022290,1,15903.0,8,192,0.0,0.0,319,207,112,0,0,0,41,35,71,50,100,100,277,1,332,160,319,120,109,60,49,25,250,200
89022291,0,22165.0,5,113,16.0,0.0,89,28,12,3,7,39,42,32,67,50,100,100,278,65,354,160,314,120,95,60,46,25,248,200
89022291,1,69027.0,14,183,10.0,11.0,120,10,32,41,0,37,42,32,67,50,100,100,278,65,354,160,314,120,95,60,46,25,248,200
89022293,0,27698.0,7,203,,0.0,86,27,32,3,5,19,42,33,74,50,100,100,281,13,344,160,315,120,101,60,49,25,246,200
89022293,1,27698.0,7,203,,0.0,86,27,32,3,5,19,42,33,74,50,100,100,281,13,344,160,315,120,101,60,49,25,246,200
89022294,0,36132.0,8,211,0.0,14.0,287,8,57,32,5,185,42,29,69,50,100,100,280,13,351,160,300,120,113,60,51,23,250,200
89022294,1,29363.0,10,237,0.0,0.0,325,8,89,45,5,178,42,29,69,50,100,100,280,13,351,160,300,120,113,60,51,23,250,200
89022737,0,36821.0,9,239,0.0,11.0,215,69,24,4,16,102,40,28,73,50,100,100,278,1,344,160,302,120,97,60,36,22,248,200
89022737,1,37706.0,9,239,0.0,11.0,225,66,24,4,17,114,40,28,73,50,100,100,278,1,344,160,302,120,97,60,36,22,248,200
89022738,0,27543.0,7,210,,0.0,144,90,20,0,0,34,41,25,71,50,100,100,278,96,328,160,305,120,98,60,47,25,251,200
89022738,1,198.0,13,203,0.0,0.0,68,21,23,24,0,0,41,25,71,50,100,100,278,96,328,160,305,120,98,60,47,25,251,200
89022739,0,25940.0,5,116,15.0,0.0,95,28,11,3,8,45,41,29,75,50,100,100,281,113,347,160,311,120,89,60,44,23,250,200
89022739,1,41854.0,7,203,,13.0,91,29,33,4,7,18,41,29,75,50,100,100,281,113,347,160,311,120,89,60,44,23,250,200
89022740,0,143235.0,13,324,0.0,11.0,105,21,38,46,0,0,41,25,67,50,100,52,278,13,320,160,272,120,107,60,58,24,246,200
89022740,1,21374.0,8,216,0.0,0.0,287,8,62,27,5,185,41,25,67,50,100,52,278,13,320,160,272,120,107,60,58,24,246,200
89022741,0,120718.0,11,239,10.0,15.0,44,11,21,0,0,12,42,29,76,50,100,23,277,37,285,160,270,120,105,60,56,25,236,177
89022741,1,56241.0,8,240,0.0,12.0,179,8,24,75,0,72,42,29,76,50,100,23,277,37,285,160,270,120,105,60,56,25,236,177
89022745,0,21900.0,5,114,16.0,0.0,89,29,10,2,11,37,41,30,70,50,100,100,280,146,340,160,249,120,95,60,42,21,252,200
89022745,1,61052.0,8,240,0.0,12.0,193,39,38,54,4,58,41,30,70,50,100,100,280,146,340,160,249,120,95,60,42,21,252,200
89023203,0,6039.0,0,0,,0.0,2,0,2,0,0,0,42,35,68,50,100,100,281,204,347,160,338,120,96,60,49,25,250,200
89023203,1,48239.0,7,203,,13.0,86,27,32,3,5,19,42,35,68,50,100,100,281,204,347,160,338,120,96,60,49,25,250,200
89023204,0,49334.0,9,244,0.0,11.0,219,62,25,3,22,107,41,32,77,50,100,100,278,129,340,160,309,120,90,60,45,23,250,200
89023204,1,9838.0,5,67,0.0,0.0,268,123,132,0,0,13,41,32,77,50,100,100,278,129,340,160,309,120,90,60,45,23,250,200
89023206,0,17838.0,8,192,0.0,0.0,271,159,112,0,0,0,42,31,70,50,100,26,277,1,286,160,327,120,92,60,57,25,242,200
89023206,1,115987.0,12,242,10.0,18.0,49,11,28,0,0,10,42,31,70,50,100,26,277,1,286,160,327,120,92,60,57,25,242,200
89023207,0,50436.0,8,216,0.0,14.0,283,8,60,31,5,179,42,32,65,50,100,100,281,233,361,160,314,120,109,60,51,24,250,200
89023207,1,3000.0,0,0,,0.0,0,0,0,0,0,0,42,32,65,50,100,100,281,233,361,160,314,120,109,60,51,24,250,200
89023208,0,5699.0,0,0,,0.0,110,110,0,0,0,0,41,24,68,50,100,44,278,184,314,160,308,120,92,60,56,25,242,200
89023208,1,157449.0,13,324,0.0,11.0,105,21,36,48,0,0,41,24,68,50,100,44,278,184,314,160,308,120,92,60,56,25,242,200
89023210,0,25874.0,7,203,,0.0,86,27,32,3,5,19,42,31,66,50,100,26,277,1,292,160,326,120,94,60,56,25,238,200
89023210,1,129741.0,12,243,10.0,16.0,41,12,23,0,0,6,42,31,66,50,100,26,277,1,292,160,326,120,94,60,56,25,238,200
89023657,0,14393.0,4,56,0.0,0.0,120,19,90,0,0,11,42,35,77,50,100,100,286,240,320,160,311,120,88,60,50,25,250,200
89023657,1,3000.0,0,0,,0.0,0,0,0,0,0,0,42,35,77,50,100,100,286,240,320,160,311,120,88,60,50,25,250,200
89023658,0,1873.0,4,84,0.0,0.0,49,11,4,14,15,5,41,35,77,50,100,100,293,250,347,160,317,120,91,60,52,25,248,200
89023658,1,3000.0,0,0,,0.0,0,0,0,0,0,0,41,35,77,50,100,100,293,250,347,160,317,120,91,60,52,25,248,200
89023659,0,646.0,5,87,19.0,0.0,121,113,0,0,8,0,42,35,66,50,100,100,293,250,336,160,311,120,105,60,49,25,252,200
89023659,1,6259.0,0,0,,0.0,2,0,2,0,0,0,42,35,66,50,100,100,293,250,336,160,311,120,105,60,49,25,252,200
89023661,0,68834.0,8,240,0.0,12.0,173,46,28,68,0,31,42,30,70,50,100,100,278,99,336,160,288,120,96,60,40,21,246,200
89023661,1,34430.0,9,244,0.0,11.0,237,68,14,5,23,127,42,30,70,50,100,100,278,99,336,160,288,120,96,60,40,21,246,200
89023662,0,60335.0,9,244,0.0,11.0,207,52,31,4,20,100,41,32,75,50,100,100,278,204,351,160,305,120,85,60,46,23,247,200
89023662,1,834.0,4,84,0.0,0.0,41,5,4,12,15,5,41,32,75,50,100,100,278,204,351,160,305,120,85,60,46,23,247,200
89023663,0,35020.0,7,203,11.0,11.0,127,34,29,5,5,54,41,30,75,50,100,100,278,13,340,160,298,120,99,60,48,25,248,200
89023663,1,21216.0,7,203,,0.0,86,27,32,3,5,19,41,30,75,50,100,100,278,13,340,160,298,120,99,60,48,25,248,200
89023664,0,46883.0,7,203,11.0,11.0,128,34,29,5,5,55,42,35,68,50,100,100,278,214,340,160,319,120,98,60,48,25,250,200
89023664,1,3973.0,2,60,,0.0,9,0,0,0,9,0,42,35,68,50,100,100,278,214,340,160,319,120,98,60,48,25,250,200
89023665,0,36040.0,10,200,0.0,14.0,388,8,152,38,5,185,42,32,69,50,100,83,280,43,368,160,314,120,104,60,52,24,244,200
89023665,1,26653.0,4,109,12.0,0.0,50,2,27,5,0,16,42,32,69,50,100,83,280,43,368,160,314,120,104,60,52,24,244,200
89023667,0,27073.0,7,203,,0.0,92,25,35,5,5,22,41,32,76,50,100,100,281,13,344,160,304,120,91,60,48,25,248,200
89023667,1,27073.0,7,203,,0.0,92,25,35,5,5,22,41,32,76,50,100,100,281,13,344,160,304,120,91,60,48,25,248,200
89024110,0,42516.0,9,225,0.0,12.0,224,66,24,4,18,112,41,27,74,50,100,100,278,31,340,160,294,120,97,60,42,23,247,200
89024110,1,26828.0,7,210,,0.0,144,90,20,0,0,34,41,27,74,50,100,100,278,31,340,160,294,120,97,60,42,23,247,200
89024111,0,26039.0,7,203,11.0,0.0,129,34,29,5,5,56,41,28,74,50,100,100,278,1,344,160,309,120,93,60,44,22,247,200
89024111,1,42289.0,9,239,0.0,11.0,216,63,25,6,19,103,41,28,74,50,100,100,278,1,344,160,309,120,93,60,44,22,247,200
89024113,0,22890.0,4,67,11.0,0.0,109,35,34,0,0,40,42,35,75,50,100,100,277,7,320,160,310,120,90,60,48,24,248,200
89024113,1,29490.0,7,203,,0.0,91,26,35,5,5,20,42,35,75,50,100,100,277,7,320,160,310,120,90,60,48,24,248,200
89024118,0,15729.0,7,203,,0.0,91,27,34,4,6,20,41,35,68,50,100,100,277,1,351,160,299,120,95,60,47,25,253,200
89024118,1,15500.0,8,192,0.0,0.0,298,179,119,0,0,0,41,35,68,50,100,100,277,1,351,160,299,120,95,60,47,25,253,200
89024122,0,21485.0,1,29,,0.0,152,113,39,0,0,0,42,35,70,50,100,100,278,133,361,160,324,120,105,60,51,25,246,200
89024122,1,21885.0,1,29,,0.0,150,113,37,0,0,0,42,35,70,50,100,100,278,133,361,160,324,120,105,60,51,25,246,200
89024561,0,46603.0,7,203,,13.0,92,25,35,5,5,22,42,35,73,50,100,100,281,212,347,160,316,120,112,60,52,25,246,200
89024561,1,6039.0,0,0,,0.0,2,0,2,0,0,0,42,35,73,50,100,100,281,212,347,160,316,120,112,60,52,25,246,200
89024562,0,3883.0,2,60,,0.0,9,0,0,0,9,0,42,35,74,50,100,100,285,240,315,160,314,120,96,60,50,25,253,200
89024562,1,15898.0,5,66,0.0,0.0,237,117,98,0,0,22,42,35,74,50,100,100,285,240,315,160,314,120,96,60,50,25,253,200
89024563,0,13591.0,10,233,0.0,0.0,369,131,118,0,0,120,38,22,74,50,100,100,278,1,347,160,325,120,88,60,36,22,248,200
89024563,1,38846.0,9,238,0.0,11.0,227,69,22,4,21,111,38,22,74,50,100,100,278,1,347,160,325,120,88,60,36,22,248,200
89024565,0,111073.0,12,241,10.0,15.0,42,11,26,0,0,5,41,29,73,50,100,35,277,19,295,160,338,120,92,60,56,25,230,129
89024565,1,34210.0,7,203,11.0,11.0,129,38,26,5,6,54,41,29,73,50,100,35,277,19,295,160,338,120,92,60,56,25,230,129
89024566,0,130940.0,13,325,0.0,11.0,106,21,36,49,0,0,41,27,70,50,100,43,278,1,285,160,277,120,114,60,53,25,235,192
89024566,1,14630.0,10,243,0.0,0.0,378,144,111,0,0,123,41,27,70,50,100,43,278,1,285,160,277,120,114,60,53,25,235,192
89024567,0,17168.0,7,203,,0.0,86,27,32,3,5,19,42,26,74,50,100,46,278,13,294,160,301,120,88,60,56,25,236,196
89024567,1,137288.0,13,325,0.0,11.0,101,21,36,44,0,0,42,26,74,50,100,46,278,13,294,160,301,120,88,60,56,25,236,196
89024568,0,35609.0,10,254,14.0,13.0,168,59,20,5,14,70,42,32,64,50,100,100,280,13,340,160,298,120,92,60,41,22,252,200
89024568,1,38117.0,8,216,0.0,14.0,296,8,65,33,5,185,42,32,64,50,100,100,280,13,340,160,298,120,92,60,41,22,252,200
89024569,0,34761.0,7,203,11.0,11.0,129,34,29,5,5,56,42,35,70,50,100,100,278,13,336,160,290,120,95,60,44,23,250,200
89024569,1,20938.0,7,203,,0.0,86,27,32,3,5,19,42,35,70,50,100,100,278,13,336,160,290,120,95,60,44,23,250,200
89024576,0,24339.0,6,168,,0.0,133,0,31,0,0,102,42,35,70,50,100,100,281,7,347,160,304,120,109,60,43,25,247,200
89024576,1,24339.0,6,168,,0.0,133,0,31,0,0,102,42,35,70,50,100,100,281,7,347,160,304,120,109,60,43,25,247,200
89025017,0,64247.0,8,240,0.0,12.0,177,15,23,71,0,68,41,32,75,50,100,100,280,43,347,160,260,120,98,60,48,23,250,200
89025017,1,7567.0,5,66,0.0,0.0,225,65,55,0,0,105,41,32,75,50,100,100,280,43,347,160,260,120,98,60,48,23,250,200
89025018,0,23930.0,1,29,,0.0,152,113,39,0,0,0,41,35,58,44,100,59,278,221,351,160,339,120,101,60,49,25,250,200
89025018,1,39765.0,7,209,,7.0,107,36,8,0,0,63,41,35,58,44,100,59,278,221,351,160,339,120,101,60,49,25,250,200
89025019,0,25279.0,6,168,,0.0,131,0,32,0,0,99,42,35,76,50,100,100,281,7,336,160,326,120,92,60,45,25,246,200
89025019,1,27450.0,7,203,,0.0,87,28,31,4,5,19,42,35,76,50,100,100,281,7,336,160,326,120,92,60,45,25,246,200
89025020,0,27461.0,7,203,,0.0,86,27,32,3,5,19,42,32,70,50,100,100,281,13,351,160,336,120,90,60,48,25,247,200
89025020,1,27531.0,7,203,,0.0,90,27,35,4,5,19,42,32,70,50,100,100,281,13,351,160,336,120,90,60,48,25,247,200
89025021,0,129129.0,13,324,0.0,11.0,106,21,36,49,0,0,42,26,73,50,100,44,278,13,291,160,267,120,78,60,52,24,244,200
89025021,1,30067.0,9,233,0.0,11.0,204,64,22,4,21,93,42,26,73,50,100,44,278,13,291,160,267,120,78,60,52,24,244,200
89025022,0,93168.0,10,276,9.0,11.0,137,9,22,44,10,52,42,35,69,50,100,12,277,68,259,160,297,120,92,60,58,25,234,167
89025022,1,94576.0,12,238,10.0,16.0,69,26,23,0,0,20,42,35,69,50,100,12,277,68,259,160,297,120,92,60,58,25,234,167
89025023,0,40630.0,9,235,0.0,11.0,222,63,18,4,21,116,40,25,77,50,100,100,278,81,332,160,312,120,79,60,41,23,250,200
89025023,1,26495.0,7,210,,0.0,144,90,20,0,0,34,40,25,77,50,100,100,278,81,332,160,312,120,79,60,41,23,250,200
89025024,0,105524.0,12,240,10.0,16.0,70,20,26,0,0,24,42,29,70,50,100,12,277,96,248,160,271,120,96,60,60,25,235,200
89025024,1,89461.0,10,274,9.0,11.0,116,8,20,42,15,31,42,29,70,50,100,12,277,96,248,160,271,120,96,60,60,25,235,200
89025025,0,36889.0,7,203,11.0,11.0,127,36,29,5,5,52,41,29,73,50,100,100,278,4,344,160,278,120,100,60,47,24,251,200
89025025,1,19101.0,10,244,0.0,0.0,334,8,89,47,5,185,41,29,73,50,100,100,278,4,344,160,278,120,100,60,47,24,251,200
89025028,0,3000.0,0,0,,0.0,0,0,0,0,0,0,42,35,71,50,100,100,293,250,320,160,294,120,105,60,50,25,253,200
89025028,1,3000.0,0,0,,0.0,0,0,0,0,0,0,42,35,71,50,100,100,293,250,320,160,294,120,105,60,50,25,253,200
89025471,0,3000.0,0,0,,0.0,0,0,0,0,0,0,42,29,73,50,100,100,283,242,332,160,330,120,96,60,49,25,248,200
89025471,1,34548.0,7,210,,10.0,144,90,20,0,0,34,42,29,73,50,100,100,283,242,332,160,330,120,96,60,49,25,248,200
89025472,0,40846.0,10,254,14.0,13.0,163,50,20,5,10,78,40,31,74,50,100,100,280,142,347,160,309,120,86,60,42,25,251,200
89025472,1,14281.0,5,66,0.0,0.0,183,36,84,0,0,63,40,31,74,50,100,100,280,142,347,160,309,120,86,60,42,25,251,200
89025473,0,19960.0,10,234,0.0,0.0,319,8,81,40,5,185,42,32,75,50,100,100,280,22,336,160,318,120,89,60,46,24,251,200
89025473,1,32983.0,6,168,,13.0,122,0,35,0,0,87,42,32,75,50,100,100,280,22,336,160,318,120,89,60,46,24,251,200
89025474,0,23727.0,1,29,,0.0,152,113,39,0,0,0,42,35,68,50,100,70,278,227,327,160,315,120,98,60,51,25,250,200
89025474,1,39104.0,7,136,10.0,20.0,55,1,25,5,0,24,42,35,68,50,100,70,278,227,327,160,315,120,98,60,51,25,250,200
89025475,0,36893.0,9,225,0.0,11.0,226,66,23,3,22,112,42,31,70,50,100,100,278,1,344,160,304,120,94,60,46,23,248,200
89025475,1,28397.0,7,203,,0.0,92,25,35,5,5,22,42,31,70,50,100,100,278,1,344,160,304,120,94,60,46,23,248,200
89025476,0,27361.0,7,203,,0.0,86,27,32,3,5,19,41,32,68,50,100,100,281,13,358,160,311,120,89,60,47,23,250,200
89025476,1,26889.0,7,203,,0.0,88,25,35,5,5,18,41,32,68,50,100,100,281,13,358,160,311,120,89,60,47,23,250,200
89025478,0,29487.0,7,203,11.0,0.0,129,34,29,5,5,56,41,28,73,50,100,100,278,1,354,160,311,120,105,60,48,25,246,200
89025478,1,29487.0,7,203,11.0,0.0,129,34,29,5,5,56,41,28,73,50,100,100,278,1,354,160,311,120,105,60,48,25,246,200
89025479,0,6664.0,0,0,,0.0,110,110,0,0,0,0,41,33,73,50,100,100,293,250,344,160,336,120,101,60,51,25,248,200
89025479,1,3000.0,0,0,,0.0,0,0,0,0,0,0,41,33,73,50,100,100,293,250,344,160,336,120,101,60,51,25,248,200
89025480,0,34148.0,7,203,11.0,11.0,124,36,29,5,5,49,42,30,76,50,100,100,278,13,336,160,298,120,99,60,48,25,247,200
89025480,1,21128.0,7,203,,0.0,86,27,32,3,5,19,42,30,76,50,100,100,278,13,336,160,298,120,99,60,48,25,247,200
89025486,0,25612.0,10,290,11.0,0.0,151,37,27,4,5,78,42,35,69,50,100,100,278,1,328,160,301,120,92,60,42,22,252,200
89025486,1,26102.0,10,290,11.0,0.0,153,37,27,4,5,80,42,35,69,50,100,100,278,1,328,160,301,120,92,60,42,22,252,200
89025925,0,9924.0,4,59,0.0,0.0,196,84,94,0,0,18,42,35,68,50,100,100,278,51,340,160,319,120,107,60,49,25,247,200
89025925,1,35220.0,10,290,11.0,11.0,147,34,27,4,5,77,42,35,68,50,100,100,278,51,340,160,319,120,107,60,49,25,247,200
89025926,0,48107.0,6,168,,13.0,73,0,70,0,0,3,42,35,75,50,100,100,281,120,344,160,304,120,103,60,51,25,250,200
89025926,1,5985.0,0,0,,0.0,2,0,2,0,0,0,42,35,75,50,100,100,281,120,344,160,304,120,103,60,51,25,250,200
89025927,0,3000.0,0,0,,0.0,0,0,0,0,0,0,42,35,71,50,100,100,293,250,351,160,321,120,109,60,51,25,246,200
89025927,1,3000.0,0,0,,0.0,0,0,0,0,0,0,42,35,71,50,100,100,293,250,351,160,321,120,109,60,51,25,246,200
89025931,0,136248.0,13,323,0.0,11.0,103,21,36,46,0,0,41,26,70,50,100,47,278,1,310,160,271,120,96,60,54,24,236,197
89025931,1,33758.0,9,230,0.0,11.0,209,53,23,4,23,106,41,26,70,50,100,47,278,1,310,160,271,120,96,60,54,24,236,197
89025934,0,49336.0,11,184,10.0,10.0,204,71,33,13,0,87,41,33,70,50,100,100,278,1,324,160,286,120,99,60,44,25,252,200
89025934,1,15226.0,7,203,11.0,0.0,129,34,29,5,5,56,41,33,70,50,100,100,278,1,324,160,286,120,99,60,44,25,252,200
89026383,0,38159.0,10,290,11.0,11.0,153,37,27,4,5,80,41,32,71,50,100,76,278,70,353,160,317,120,90,60,49,24,249,200
89026383,1,31149.0,7,131,12.0,13.0,67,12,29,5,0,21,41,32,71,50,100,76,278,70,353,160,317,120,90,60,49,24,249,200
89026385,0,3000.0,0,0,,0.0,0,0,0,0,0,0,42,35,70,50,100,100,293,250,344,160,330,120,96,60,51,25,246,200
89026385,1,3000.0,0,0,,0.0,0,0,0,0,0,0,42,35,70,50,100,100,293,250,344,160,330,120,96,60,51,25,246,200
89026386,0,22630.0,10,203,0.0,0.0,297,8,74,25,5,185,42,32,75,50,100,100,280,13,320,160,319,120,100,60,48,24,248,200
89026386,1,31586.0,6,168,,13.0,118,0,34,0,0,84,42,32,75,50,100,100,280,13,320,160,319,120,100,60,48,24,248,200
89026388,0,2853.0,1,27,,0.0,9,0,0,0,0,9,42,35,75,50,100,100,293,250,347,160,311,120,105,60,51,25,248,200
89026388,1,3000.0,0,0,,0.0,0,0,0,0,0,0,42,35,75,50,100,100,293,250,347,160,311,120,105,60,51,25,248,200
89026389,0,3000.0,0,0,,0.0,0,0,0,0,0,0,42,35,70,50,100,100,293,250,347,160,330,120,103,60,50,25,246,200
89026389,1,621.0,5,86,19.0,0.0,119,111,0,0,8,0,42,35,70,50,100,100,293,250,347,160,330,120,103,60,50,25,246,200
89026390,0,27433.0,10,191,11.0,0.0,269,110,53,0,0,106,40,27,70,50,100,100,277,1,351,160,291,120,94,60,36,24,251,200
89026390,1,33549.0,10,254,14.0,12.0,167,43,21,5,15,83,40,27,70,50,100,100,277,1,351,160,291,120,94,60,36,24,251,200
89026392,0,19830.0,7,203,,0.0,92,25,35,5,5,22,42,30,71,50,100,100,278,13,340,160,298,120,97,60,47,25,248,200
89026392,1,32373.0,10,290,11.0,11.0,153,37,27,4,5,80,42,30,71,50,100,100,278,13,340,160,298,120,97,60,47,25,248,200
89026836,0,39925.0,7,209,,7.0,107,36,8,0,0,63,41,29,58,44,100,59,278,142,351,160,313,120,107,60,48,25,247,200
89026836,1,39047.0,10,290,11.0,11.0,152,35,27,4,5,81,41,29,58,44,100,59,278,142,351,160,313,120,107,60,48,25,247,200
89026837,0,3000.0,0,0,,0.0,0,0,0,0,0,0,42,32,71,50,100,100,287,250,340,160,326,120,101,60,47,25,250,200
89026837,1,32691.0,5,114,16.0,8.0,87,26,12,3,9,37,42,32,71,50,100,100,287,250,340,160,326,120,101,60,47,25,250,200
89026838,0,18407.0,6,168,,0.0,131,0,30,0,0,101,41,35,71,50,100,100,277,1,336,160,330,120,105,60,48,25,250,200
89026838,1,14681.0,8,192,0.0,0.0,298,179,119,0,0,0,41,35,71,50,100,100,277,1,336,160,330,120,105,60,48,25,250,200
89026839,0,16944.0,6,168,,0.0,128,0,30,0,0,98,42,35,69,50,100,100,277,1,332,160,321,120,92,60,43,25,250,200
89026839,1,15054.0,8,192,0.0,0.0,278,165,113,0,0,0,42,35,69,50,100,100,277,1,332,160,321,120,92,60,43,25,250,200
89026840,0,93324.0,10,276,9.0,11.0,135,7,22,41,13,52,42,35,71,50,100,14,277,76,262,160,284,120,95,60,59,25,227,82
89026840,1,87044.0,12,239,10.0,15.0,58,24,24,0,0,10,42,35,71,50,100,14,277,76,262,160,284,120,95,60,59,25,227,82
89026841,0,3377.0,0,0,,0.0,15,0,0,0,0,15,42,35,67,50,100,100,293,250,358,160,297,120,98,60,50,25,250,200
89026841,1,1696.0,4,56,0.0,0.0,40,5,2,13,15,5,42,35,67,50,100,100,293,250,358,160,297,120,98,60,50,25,250,200
89026842,0,40810.0,8,240,0.0,24.0,151,41,19,52,0,39,42,32,73,50,100,100,278,7,328,160,278,120,92,60,45,22,250,200
89026842,1,63435.0,14,188,10.0,10.0,145,58,24,33,0,30,42,32,73,50,100,100,278,7,328,160,278,120,92,60,45,22,250,200
89026843,0,40566.0,7,209,,7.0,107,36,8,0,0,63,41,30,61,46,100,59,278,62,365,160,316,120,102,60,49,23,247,200
89026843,1,46447.0,10,222,0.0,14.0,332,8,87,47,5,185,41,30,61,46,100,59,278,62,365,160,316,120,102,60,49,23,247,200
89026845,0,71722.0,10,278,9.0,11.0,158,17,25,39,16,61,41,25,68,50,100,2,278,1,282,160,278,120,106,60,59,25,248,200
89026845,1,91389.0,13,318,0.0,11.0,69,21,33,15,0,0,41,25,68,50,100,2,278,1,282,160,278,120,106,60,59,25,248,200
89026857,0,28958.0,9,174,0.0,0.0,130,39,36,2,9,44,41,33,69,50,100,100,281,91,358,160,299,120,94,60,48,25,252,200
89026857,1,28123.0,9,181,0.0,0.0,111,35,39,1,10,26,41,33,69,50,100,100,281,91,358,160,299,120,94,60,48,25,252,200
89027297,0,20048.0,7,203,,0.0,92,25,35,5,5,22,41,35,71,50,100,100,278,13,324,160,318,120,97,60,47,25,252,200
89027297,1,32065.0,10,290,11.0,11.0,149,35,27,4,5,78,41,35,71,50,100,100,278,13,324,160,318,120,97,60,47,25,252,200
89027298,0,29686.0,7,203,11.0,0.0,129,34,29,5,5,56,42,35,66,50,100,100,278,1,344,160,316,120,112,60,43,25,251,200
89027298,1,23474.0,6,168,,0.0,128,0,34,0,0,94,42,35,66,50,100,100,278,1,344,160,316,120,112,60,43,25,251,200
89027299,0,4085.0,4,72,3.0,0.0,291,85,0,33,173,0,42,31,73,50,100,100,293,250,336,160,331,120,87,60,49,25,250,200
89027299,1,3363.0,0,0,,0.0,15,0,0,0,0,15,42,31,73,50,100,100,293,250,336,160,331,120,87,60,49,25,250,200
89027300,0,3000.0,0,0,,0.0,0,0,0,0,0,0,42,35,74,50,100,100,277,1,320,160,286,120,98,60,50,25,251,200
89027300,1,33938.0,8,192,0.0,10.0,315,203,112,0,0,0,42,35,74,50,100,100,277,1,320,160,286,120,98,60,50,25,251,200
89027301,0,6385.0,0,0,,0.0,113,113,0,0,0,0,41,33,70,50,100,100,284,248,328,160,327,120,98,60,50,25,253,200
89027301,1,25094.0,1,29,,0.0,152,113,39,0,0,0,41,33,70,50,100,100,284,248,328,160,327,120,98,60,50,25,253,200
89027302,0,2300.0,0,0,,0.0,30,30,0,0,0,0,42,35,68,50,100,100,281,232,328,160,307,120,93,60,50,25,253,200
89027302,1,242.0,10,144,0.0,0.0,38,4,24,1,9,0,42,35,68,50,100,100,281,232,328,160,307,120,93,60,50,25,253,200
89027303,0,2187.0,11,56,0.0,0.0,40,16,9,4,2,9,42,35,77,50,100,100,292,250,320,160,316,120,94,60,51,25,251,200
89027303,1,3000.0,0,0,,0.0,0,0,0,0,0,0,42,35,77,50,100,100,292,250,320,160,316,120,94,60,51,25,251,200
89027304,0,28005.0,10,296,0.0,0.0,205,78,17,5,16,89,38,25,73,50,100,100,277,1,340,160,314,120,89,60,45,22,252,200
89027304,1,17096.0,8,192,0.0,0.0,263,144,119,0,0,0,38,25,73,50,100,100,277,1,340,160,314,120,89,60,45,22,252,200
89027305,0,28532.0,7,203,,0.0,86,27,32,3,5,19,42,33,70,50,100,100,278,1,354,160,307,120,85,60,41,22,247,200
89027305,1,35347.0,9,228,0.0,11.0,227,70,22,3,22,110,42,33,70,50,100,100,278,1,354,160,307,120,85,60,41,22,247,200
89027753,0,31190.0,10,290,11.0,11.0,150,37,27,4,5,77,41,30,70,50,100,100,278,13,336,160,321,120,97,60,45,25,252,200
89027753,1,20352.0,7,203,,0.0,91,28,33,4,6,20,41,30,70,50,100,100,278,13,336,160,321,120,97,60,45,25,252,200
89027754,0,5673.0,0,0,,0.0,3,0,3,0,0,0,42,35,70,50,100,100,281,246,315,160,308,120,96,60,48,25,253,200
89027754,1,25271.0,1,29,,0.0,150,113,37,0,0,0,42,35,70,50,100,100,281,246,315,160,308,120,96,60,48,25,253,200
89027755,0,32108.0,9,162,0.0,13.0,125,42,32,3,10,38,41,32,71,50,100,100,280,133,344,160,295,120,97,60,48,24,252,200
89027755,1,22324.0,10,219,0.0,0.0,314,8,76,40,5,185,41,32,71,50,100,100,280,133,344,160,295,120,97,60,48,24,252,200
89027756,0,49097.0,11,187,10.0,10.0,210,100,32,14,0,64,41,35,74,50,100,100,278,1,315,160,296,120,88,60,44,24,251,200
89027756,1,14413.0,10,290,11.0,0.0,153,37,27,4,5,80,41,35,74,50,100,100,278,1,315,160,296,120,88,60,44,24,251,200
89027757,0,16636.0,10,238,0.0,0.0,371,135,112,0,0,124,38,24,69,50,100,100,278,1,365,160,313,120,92,60,39,23,248,200
89027757,1,29407.0,7,203,11.0,0.0,126,36,29,5,5,51,38,24,69,50,100,100,278,1,365,160,313,120,92,60,39,23,248,200
89027758,0,4548.0,4,100,10.0,0.0,73,0,0,0,73,0,42,35,75,50,100,100,293,250,336,160,330,120,84,52,52,25,250,200
89027758,1,3000.0,0,0,,0.0,0,0,0,0,0,0,42,35,75,50,100,100,293,250,336,160,330,120,84,52,52,25,250,200
89027759,0,38189.0,10,254,14.0,13.0,162,44,21,6,12,79,38,20,74,50,100,100,278,138,358,160,311,120,82,54,35,22,248,200
89027759,1,38882.0,10,296,0.0,11.0,207,80,18,5,18,86,38,20,74,50,100,100,278,138,358,160,311,120,82,54,35,22,248,200
89027760,0,30094.0,6,168,,13.0,88,1,63,0,0,24,42,31,69,50,100,100,278,13,347,160,318,120,97,60,42,22,246,200
89027760,1,34621.0,9,244,0.0,11.0,240,79,14,4,19,124,42,31,69,50,100,100,278,13,347,160,318,120,97,60,42,22,246,200
89027761,0,104993.0,12,245,10.0,18.0,78,26,25,0,0,27,42,29,69,50,100,15,277,84,280,126,288,120,105,60,60,25,244,200
89027761,1,84814.0,10,274,9.0,11.0,124,15,20,42,15,32,42,29,69,50,100,15,277,84,280,126,288,120,105,60,60,25,244,200
89027762,0,32203.0,9,244,0.0,11.0,254,89,13,4,20,128,38,26,68,50,100,100,277,1,358,160,301,120,98,60,43,22,252,200
89027762,1,16174.0,8,192,0.0,0.0,271,153,118,0,0,0,38,26,68,50,100,100,277,1,358,160,301,120,98,60,43,22,252,200
89028207,0,4104.0,2,60,,0.0,9,0,0,0,9,0,42,35,69,50,100,100,284,248,347,160,301,120,108,60,51,25,250,200
89028207,1,25522.0,1,29,,0.0,150,113,37,0,0,0,42,35,69,50,100,100,284,248,347,160,301,120,108,60,51,25,250,200
89028208,0,20431.0,7,203,,0.0,86,27,32,3,5,19,42,30,71,50,100,100,278,13,344,160,315,120,97,60,44,25,250,200
89028208,1,32253.0,10,290,11.0,11.0,153,37,27,4,5,80,42,30,71,50,100,100,278,13,344,160,315,120,97,60,44,25,250,200
89028210,0,15299.0,8,192,0.0,0.0,271,159,112,0,0,0,41,32,70,50,100,100,277,1,332,160,296,120,91,60,44,22,252,200
89028210,1,46865.0,8,240,0.0,12.0,206,49,19,52,19,67,41,32,70,50,100,100,277,1,332,160,296,120,91,60,44,22,252,200
89028211,0,35799.0,7,203,,13.0,86,27,32,3,5,19,41,31,74,50,100,100,281,13,324,160,307,120,87,60,42,23,252,200
89028211,1,31106.0,10,254,14.0,12.0,153,56,20,5,12,60,41,31,74,50,100,100,281,13,324,160,307,120,87,60,42,23,252,200
89028212,0,28733.0,9,162,0.0,0.0,121,42,33,3,11,32,41,32,70,50,100,100,280,108,358,160,310,120,105,60,51,24,247,200
89028212,1,41056.0,8,216,0.0,14.0,289,8,58,33,5,185,41,32,70,50,100,100,280,108,358,160,310,120,105,60,51,24,247,200
89028213,0,40792.0,9,239,0.0,11.0,216,61,25,6,19,105,42,30,70,50,100,100,278,1,328,160,305,120,91,55,39,22,251,200
89028213,1,25077.0,7,203,11.0,0.0,128,34,31,4,5,54,42,30,70,50,100,100,278,1,328,160,305,120,91,55,39,22,251,200
89028214,0,56812.0,13,176,10.0,10.0,135,13,38,29,0,55,41,27,71,50,100,100,278,7,328,160,298,120,94,60,43,22,252,200
89028214,1,27654.0,10,296,0.0,0.0,209,89,18,5,18,79,41,27,71,50,100,100,278,7,328,160,298,120,94,60,43,22,252,200
89028215,0,3000.0,0,0,,0.0,0,0,0,0,0,0,42,35,67,50,100,100,293,250,358,160,311,120,96,60,49,25,253,200
89028215,1,2300.0,0,0,,0.0,30,30,0,0,0,0,42,35,67,50,100,100,293,250,358,160,311,120,96,60,49,25,253,200
89028663,0,32069.0,7,203,,13.0,86,27,32,3,5,19,42,35,71,50,100,100,281,1,344,160,301,120,110,60,51,25,247,200
89028663,1,30353.0,11,253,0.0,13.0,110,21,29,35,5,20,42,35,71,50,100,100,281,1,344,160,301,120,110,60,51,25,247,200
89028664,0,57011.0,9,193,7.0,16.0,170,80,21,0,0,69,42,35,73,50,100,100,285,245,308,160,318,120,103,60,50,25,246,200
89028664,1,6957.0,0,0,,0.0,110,110,0,0,0,0,42,35,73,50,100,100,285,245,308,160,318,120,103,60,50,25,246,200
89028665,0,6720.0,0,0,,0.0,110,110,0,0,0,0,42,33,69,50,100,100,283,120,351,160,321,120,106,60,50,25,246,200
89028665,1,51668.0,9,162,0.0,13.0,90,18,62,0,3,7,42,33,69,50,100,100,283,120,351,160,321,120,106,60,50,25,246,200
89028667,0,18808.0,1,29,,0.0,152,113,39,0,0,0,40,31,66,50,100,100,278,1,358,160,304,120,103,60,45,25,253,200
89028667,1,26250.0,10,211,7.0,0.0,286,111,56,0,0,119,40,31,66,50,100,100,278,1,358,160,304,120,103,60,45,25,253,200
89028669,0,46221.0,10,226,0.0,14.0,309,8,73,38,5,185,42,31,70,50,100,100,281,242,320,160,288,120,109,60,50,24,252,200
89028669,1,6693.0,0,0,,0.0,110,110,0,0,0,0,42,31,70,50,100,100,281,242,320,160,288,120,109,60,50,24,252,200
89028670,0,21308.0,10,241,0.0,0.0,378,139,112,0,0,127,41,30,71,50,100,100,281,1,332,160,323,120,94,60,43,24,250,200
89028670,1,27463.0,7,203,,0.0,86,27,32,3,5,19,41,30,71,50,100,100,281,1,332,160,323,120,94,60,43,24,250,200
89028671,0,35018.0,10,254,14.0,13.0,169,63,19,5,14,68,41,35,70,50,100,100,277,13,328,160,315,120,97,60,37,23,247,200
89028671,1,28278.0,10,192,11.0,0.0,255,106,54,0,0,95,41,35,70,50,100,100,277,13,328,160,315,120,97,60,37,23,247,200
89028672,0,26942.0,7,203,11.0,0.0,130,34,29,5,5,57,41,28,76,50,100,100,278,1,320,160,301,120,88,60,44,25,252,200
89028672,1,28085.0,10,290,11.0,0.0,153,37,27,4,5,80,41,28,76,50,100,100,278,1,320,160,301,120,88,60,44,25,252,200
89029119,0,11066.0,4,56,0.0,0.0,138,37,88,0,0,13,41,35,76,50,100,100,280,91,336,160,287,120,103,60,51,25,250,200
89029119,1,41975.0,11,252,0.0,13.0,103,21,31,31,4,16,41,35,76,50,100,100,280,91,336,160,287,120,103,60,51,25,250,200
89029120,0,34681.0,9,162,0.0,13.0,102,21,54,1,11,15,41,32,74,50,100,100,281,13,328,160,294,120,100,60,45,24,250,200
89029120,1,36439.0,10,254,14.0,13.0,168,53,18,4,18,75,41,32,74,50,100,100,281,13,328,160,294,120,100,60,45,24,250,200
89029121,0,107237.0,12,237,10.0,17.0,67,23,24,0,0,20,42,32,66,50,100,15,277,101,275,160,294,120,100,60,59,25,241,200
89029121,1,95661.0,10,272,9.0,11.0,127,9,19,51,7,41,42,32,66,50,100,15,277,101,275,160,294,120,100,60,59,25,241,200
89029122,0,3000.0,0,0,,0.0,0,0,0,0,0,0,42,35,68,50,100,100,293,250,354,160,297,120,101,60,49,25,250,200
89029122,1,2300.0,0,0,,0.0,30,30,0,0,0,0,42,35,68,50,100,100,293,250,354,160,297,120,101,60,49,25,250,200
89029124,0,58329.0,8,240,0.0,23.0,169,19,19,76,1,54,41,30,68,50,100,100,278,1,351,160,279,120,111,60,47,22,250,200
89029124,1,30259.0,7,203,11.0,11.0,126,34,29,5,5,53,41,30,68,50,100,100,278,1,351,160,279,120,111,60,47,22,250,200
89029125,0,44837.0,11,179,10.0,10.0,207,49,39,12,0,107,41,27,68,50,100,73,278,1,344,160,285,120,96,60,47,25,251,200
89029125,1,26138.0,13,296,0.0,0.0,60,21,23,16,0,0,41,27,68,50,100,73,278,1,344,160,285,120,96,60,47,25,251,200
89029127,0,74261.0,11,251,0.0,14.0,129,14,48,48,3,16,42,35,69,50,100,100,281,164,328,160,299,120,97,60,48,25,253,200
89029127,1,3000.0,0,0,,0.0,0,0,0,0,0,0,42,35,69,50,100,100,281,164,328,160,299,120,97,60,48,25,253,200
89029591,0,16055.0,2,55,12.0,0.0,86,0,45,41,0,0,42,35,69,50,100,100,287,250,336,160,324,120,89,60,48,25,250,200
89029591,1,3809.0,2,60,,0.0,9,0,0,0,9,0,42,35,69,50,100,100,287,250,336,160,324,120,89,60,48,25,250,200
89029593,0,34711.0,7,203,,13.0,86,27,32,3,5,19,41,35,76,50,100,100,281,13,325,160,319,120,90,60,49,25,248,200
89029593,1,44094.0,9,191,7.0,14.0,166,66,27,0,0,73,41,35,76,50,100,100,281,13,325,160,319,120,90,60,49,25,248,200
89029595,0,35749.0,11,235,0.0,13.0,108,19,31,39,4,15,41,32,68,50,100,100,280,13,365,160,293,120,100,60,49,24,251,200
89029595,1,26887.0,10,217,0.0,0.0,377,8,144,42,5,178,41,32,68,50,100,100,280,13,365,160,293,120,100,60,49,24,251,200
89029596,0,3846.0,2,60,,0.0,9,0,0,0,9,0,42,35,68,50,100,100,283,164,340,160,311,120,92,60,49,25,253,200
89029596,1,50842.0,9,162,0.0,13.0,92,19,61,0,4,8,42,35,68,50,100,100,283,164,340,160,311,120,92,60,49,25,253,200
89029597,0,3000.0,0,0,,0.0,0,0,0,0,0,0,42,35,67,50,100,100,284,248,351,160,330,120,96,60,50,25,250,200
89029597,1,25122.0,1,29,,0.0,152,113,39,0,0,0,42,35,67,50,100,100,284,248,351,160,330,120,96,60,50,25,250,200
89029598,0,23759.0,7,203,,0.0,86,27,32,3,5,19,42,33,69,50,100,100,280,7,340,160,293,120,109,60,47,22,250,200
89029598,1,59750.0,8,240,0.0,12.0,183,37,23,78,0,45,42,33,69,50,100,100,280,7,340,160,293,120,109,60,47,22,250,200
89029600,0,67830.0,8,240,0.0,12.0,183,45,27,75,0,36,42,29,67,50,100,100,278,19,347,160,285,120,80,60,37,21,250,200
89029600,1,32841.0,9,235,0.0,11.0,217,55,20,3,24,115,42,29,67,50,100,100,278,19,347,160,285,120,80,60,37,21,250,200
89030049,0,5449.0,0,0,,0.0,2,0,2,0,0,0,42,35,76,50,100,100,278,201,320,160,292,120,96,60,47,25,250,200
89030049,1,43396.0,10,290,11.0,11.0,153,37,27,4,5,80,42,35,76,50,100,100,278,201,320,160,292,120,96,60,47,25,250,200
89030052,0,5882.0,2,55,12.0,0.0,86,0,45,41,0,0,41,35,69,50,100,100,277,1,361,160,339,120,103,60,51,25,247,200
89030052,1,20473.0,8,192,0.0,0.0,266,169,97,0,0,0,41,35,69,50,100,100,277,1,361,160,339,120,103,60,51,25,247,200
89030053,0,46256.0,9,194,7.0,14.0,175,77,22,0,0,76,42,33,69,50,100,100,278,1,337,160,313,120,96,60,47,25,247,200
89030053,1,34057.0,7,203,11.0,11.0,125,36,29,5,5,50,42,33,69,50,100,100,278,1,337,160,313,120,96,60,47,25,247,200
89030055,0,5875.0,0,0,,0.0,111,111,0,0,0,0,41,28,76,50,100,100,293,250,351,160,321,120,103,60,52,25,246,200
89030055,1,3000.0,0,0,,0.0,0,0,0,0,0,0,41,28,76,50,100,100,293,250,351,160,321,120,103,60,52,25,246,200
89030057,0,41331.0,9,162,0.0,13.0,92,16,65,0,3,8,42,35,58,46,100,59,278,13,347,160,339,120,104,60,49,25,250,200
89030057,1,40588.0,7,209,,7.0,107,36,8,0,0,63,42,35,58,46,100,59,278,13,347,160,339,120,104,60,49,25,250,200
89030058,0,62779.0,14,181,10.0,11.0,130,2,31,33,0,64,42,31,74,50,100,26,277,1,290,160,318,120,98,60,56,25,230,121
89030058,1,104223.0,11,236,10.0,16.0,40,11,23,0,0,6,42,31,74,50,100,26,277,1,290,160,318,120,98,60,56,25,230,121
89030059,0,16055.0,7,177,12.0,0.0,98,46,4,5,7,36,41,33,66,50,100,100,277,1,347,160,298,120,106,60,48,25,252,200
89030059,1,28648.0,8,192,0.0,0.0,265,146,119,0,0,0,41,33,66,50,100,100,277,1,347,160,298,120,106,60,48,25,252,200
89030516,0,34744.0,7,203,11.0,11.0,129,34,29,5,5,56,41,30,76,50,100,100,278,13,332,160,298,120,88,60,47,25,252,200
89030516,1,20915.0,7,203,,0.0,86,27,32,3,5,19,41,30,76,50,100,100,278,13,332,160,298,120,88,60,47,25,252,200
89030517,0,23212.0,8,216,0.0,0.0,287,8,58,31,5,185,42,32,71,50,100,100,278,13,332,160,302,120,96,60,47,23,246,200
89030517,1,37414.0,10,290,11.0,11.0,149,37,27,4,5,76,42,32,71,50,100,100,278,13,332,160,302,120,96,60,47,23,246,200
89030518,0,3330.0,0,0,,0.0,15,0,0,0,0,15,42,35,68,50,100,100,280,216,324,160,308,120,90,60,47,24,253,200
89030518,1,37382.0,9,222,13.0,11.0,82,10,37,0,0,35,42,35,68,50,100,100,280,216,324,160,308,120,90,60,47,24,253,200
89030519,0,63477.0,13,184,10.0,10.0,141,16,31,31,0,63,41,35,68,50,100,100,278,1,345,160,310,120,111,60,48,25,247,200
89030519,1,36845.0,9,193,7.0,14.0,170,85,24,0,0,61,41,35,68,50,100,100,278,1,345,160,310,120,111,60,48,25,247,200
89030520,0,12766.0,2,55,12.0,0.0,86,0,45,41,0,0,41,29,73,50,100,100,278,183,347,160,320,120,92,60,47,24,246,200
89030520,1,32186.0,7,210,,9.0,144,90,20,0,0,34,41,29,73,50,100,100,278,183,347,160,320,120,92,60,47,24,246,200
89030521,0,26704.0,11,248,0.0,0.0,104,20,29,33,5,17,42,35,70,50,100,100,277,1,328,160,270,120,101,60,49,25,253,200
89030521,1,15572.0,8,192,0.0,0.0,260,143,117,0,0,0,42,35,70,50,100,100,277,1,328,160,270,120,101,60,49,25,253,200
89030522,0,29805.0,9,162,0.0,0.0,101,25,48,0,13,15,42,32,67,50,100,100,281,46,340,160,318,120,87,60,42,24,251,200
89030522,1,38130.0,10,254,14.0,13.0,167,58,20,7,12,70,42,32,67,50,100,100,281,46,340,160,318,120,87,60,42,24,251,200
89030523,0,29521.0,7,210,,0.0,144,90,20,0,0,34,41,30,70,50,100,100,278,13,336,160,310,120,99,60,47,25,250,200
89030523,1,31257.0,7,203,,13.0,86,27,32,3,5,19,41,30,70,50,100,100,278,13,336,160,310,120,99,60,47,25,250,200
89030524,0,30668.0,10,290,11.0,11.0,153,37,27,4,5,80,40,25,70,50,100,100,278,25,336,160,295,120,80,54,37,22,253,200
89030524,1,35182.0,10,296,0.0,11.0,206,84,17,5,17,83,40,25,70,50,100,100,278,25,336,160,295,120,80,54,37,22,253,200
89030525,0,30331.0,7,203,11.0,11.0,129,34,29,5,5,56,42,33,70,50,100,100,278,1,332,160,326,120,99,60,42,24,250,200
89030525,1,22805.0,6,168,,0.0,131,0,32,0,0,99,42,33,70,50,100,100,278,1,332,160,326,120,99,60,42,24,250,200
89030975,0,34540.0,10,254,14.0,13.0,166,54,17,3,20,72,41,29,69,50,100,100,278,76,340,160,286,120,99,60,41,23,250,200
89030975,1,36524.0,7,203,11.0,11.0,123,36,29,5,5,48,41,29,69,50,100,100,278,76,340,160,286,120,99,60,41,23,250,200
89030979,0,62448.0,8,240,0.0,12.0,185,16,19,78,2,70,40,32,66,50,100,100,280,13,355,160,274,120,107,60,44,25,250,200
89030979,1,42138.0,12,224,7.0,13.0,238,110,41,0,0,87,40,32,66,50,100,100,280,13,355,160,274,120,107,60,44,25,250,200
89030982,0,13030.0,2,53,12.0,0.0,84,0,45,39,0,0,40,32,69,50,100,100,278,1,344,160,320,120,105,60,42,23,251,200
89030982,1,32853.0,10,245,0.0,13.0,374,137,116,0,0,121,40,32,69,50,100,100,278,1,344,160,320,120,105,60,42,23,251,200
89031428,0,459.0,12,195,0.0,0.0,79,2,29,13,1,34,42,35,68,50,100,99,286,227,332,160,286,120,98,60,49,23,253,200
89031428,1,3912.0,2,60,,0.0,9,0,0,0,9,0,42,35,68,50,100,99,286,227,332,160,286,120,98,60,49,23,253,200
89031430,0,32517.0,7,203,11.0,11.0,124,34,29,5,5,51,40,24,76,50,100,100,278,25,340,160,302,120,82,54,42,22,248,200
89031430,1,38286.0,10,296,0.0,11.0,202,76,17,5,17,87,40,24,76,50,100,100,278,25,340,160,302,120,82,54,42,22,248,200
89031431,0,7012.0,9,231,12.0,0.0,68,10,37,0,0,21,42,35,67,50,100,100,277,70,347,160,318,120,99,60,42,22,246,200
89031431,1,35241.0,10,254,14.0,13.0,164,54,19,6,14,71,42,35,67,50,100,100,277,70,347,160,318,120,99,60,42,22,246,200
89031433,0,39307.0,11,242,0.0,13.0,156,29,44,44,9,30,41,35,70,50,100,100,281,13,358,160,288,120,90,60,45,25,250,200
89031433,1,24824.0,6,168,,0.0,124,0,32,0,0,92,41,35,70,50,100,100,281,13,358,160,288,120,90,60,45,25,250,200
89031434,0,40753.0,9,194,7.0,14.0,178,85,25,0,0,68,42,35,65,50,100,100,278,48,352,160,306,120,96,60,42,25,244,200
89031434,1,49178.0,9,244,0.0,11.0,221,67,25,3,22,104,42,35,65,50,100,100,278,48,352,160,306,120,96,60,42,25,244,200
89031436,0,6894.0,0,0,,0.0,104,104,0,0,0,0,42,35,67,50,100,100,293,250,336,160,301,120,114,60,49,25,250,200
89031436,1,4709.0,0,0,,0.0,89,0,0,0,0,89,42,35,67,50,100,100,293,250,336,160,301,120,114,60,49,25,250,200
89031437,0,31095.0,7,203,,13.0,86,27,32,3,5,19,40,24,70,50,100,100,278,13,365,160,316,120,99,60,48,25,250,200
89031437,1,28010.0,7,210,,0.0,144,90,20,0,0,34,40,24,70,50,100,100,278,13,365,160,316,120,99,60,48,25,250,200
89031438,0,27000.0,7,203,,0.0,92,25,35,5,5,22,41,34,71,50,100,100,281,1,324,160,310,120,97,60,42,24,250,200
89031438,1,21306.0,10,237,0.0,0.0,370,136,107,0,0,127,41,34,71,50,100,100,281,1,324,160,310,120,97,60,42,24,250,200
89031889,0,44822.0,7,203,,13.0,86,27,32,3,5,19,42,35,66,50,100,57,277,176,292,160,313,120,109,60,57,25,250,200
89031889,1,86685.0,12,238,10.0,20.0,22,11,11,0,0,0,42,35,66,50,100,57,277,176,292,160,313,120,109,60,57,25,250,200
89031890,0,87272.0,15,299,9.0,17.0,94,18,24,0,0,52,42,29,68,50,100,12,277,84,231,137,284,120,97,60,59,25,246,200
89031890,1,83545.0,10,273,9.0,11.0,125,7,20,45,12,41,42,29,68,50,100,12,277,84,231,137,284,120,97,60,59,25,246,200
89031892,0,36890.0,10,296,0.0,11.0,212,93,17,4,17,81,40,25,67,50,100,100,278,43,361,160,323,120,84,54,38,22,248,200
89031892,1,31861.0,7,203,11.0,11.0,126,36,29,5,6,50,40,25,67,50,100,100,278,43,361,160,323,120,84,54,38,22,248,200
89031898,0,3391.0,0,0,,0.0,15,0,0,0,0,15,42,35,77,50,100,100,293,250,344,160,321,120,97,60,51,25,246,200
89031898,1,983.0,5,101,,0.0,138,130,0,0,8,0,42,35,77,50,100,100,293,250,344,160,321,120,97,60,51,25,246,200
89032348,0,20977.0,9,164,0.0,0.0,115,34,35,1,8,37,42,35,67,50,100,100,281,13,354,160,306,120,91,60,47,25,250,200
89032348,1,35927.0,7,203,,13.0,86,27,32,3,5,19,42,35,67,50,100,100,281,13,354,160,306,120,91,60,47,25,250,200
89032349,0,26923.0,7,203,11.0,0.0,129,34,29,5,5,56,41,29,70,50,100,100,278,1,351,160,332,120,95,60,43,22,247,200
89032349,1,40801.0,9,239,0.0,11.0,223,66,24,4,20,109,41,29,70,50,100,100,278,1,351,160,332,120,95,60,43,22,247,200
89032351,0,32480.0,10,296,0.0,11.0,207,82,17,5,17,86,40,25,66,50,100,100,278,31,351,160,306,120,97,60,41,22,251,200
89032351,1,34345.0,10,290,11.0,11.0,154,37,27,4,5,81,40,25,66,50,100,100,278,31,351,160,306,120,97,60,41,22,251,200
89032353,0,32940.0,6,171,0.0,13.0,246,0,28,0,0,218,41,35,69,50,100,100,281,1,332,160,318,120,92,60,28,20,251,200
89032353,1,14666.0,10,243,0.0,0.0,381,143,115,0,0,123,41,35,69,50,100,100,281,1,332,160,318,120,92,60,28,20,251,200
89032354,0,2300.0,0,0,,0.0,30,30,0,0,0,0,42,35,64,50,100,100,293,250,358,160,308,120,109,60,50,25,250,200
89032354,1,3000.0,0,0,,0.0,0,0,0,0,0,0,42,35,64,50,100,100,293,250,358,160,308,120,109,60,50,25,250,200
89032812,0,35009.0,12,287,11.0,11.0,95,21,29,12,5,28,42,35,75,50,100,96,278,225,328,160,328,120,96,60,50,25,247,200
89032812,1,3979.0,2,60,,0.0,9,0,0,0,9,0,42,35,75,50,100,96,278,225,328,160,328,120,96,60,50,25,247,200
89032813,0,32421.0,6,171,0.0,13.0,236,0,28,0,0,208,41,29,65,50,100,100,278,13,354,160,301,120,103,60,29,21,252,200
89032813,1,29117.0,7,210,,0.0,144,90,20,0,0,34,41,29,65,50,100,100,278,13,354,160,301,120,103,60,29,21,252,200
89032815,0,45693.0,7,203,10.0,11.0,123,34,29,5,5,50,41,33,76,50,100,100,278,206,324,160,319,120,99,60,49,25,250,200
89032815,1,5482.0,0,0,,0.0,2,0,2,0,0,0,41,33,76,50,100,100,278,206,324,160,319,120,99,60,49,25,250,200
89032817,0,46790.0,10,295,0.0,11.0,205,85,17,5,17,81,41,29,66,50,100,58,277,232,320,160,290,120,93,60,50,25,249,200
89032817,1,63931.0,12,238,10.0,18.0,21,11,10,0,0,0,41,29,66,50,100,58,277,232,320,160,290,120,93,60,50,25,249,200
89032821,0,32970.0,10,254,14.0,13.0,162,48,19,6,13,76,40,27,76,50,100,100,278,70,332,160,296,120,84,60,39,23,252,200
89032821,1,37053.0,7,203,11.0,11.0,129,34,29,5,5,56,40,27,76,50,100,100,278,70,332,160,296,120,84,60,39,23,252,200
89033267,0,21549.0,12,290,11.0,0.0,101,22,29,12,1,37,42,35,69,50,100,96,278,86,347,160,285,120,94,60,41,23,248,200
89033267,1,35211.0,10,254,14.0,13.0,172,62,18,5,10,77,42,35,69,50,100,96,278,86,347,160,285,120,94,60,41,23,248,200
89033269,0,24517.0,6,171,0.0,0.0,219,0,28,0,0,191,42,32,75,50,100,100,278,13,351,160,319,120,96,60,37,21,246,200
89033269,1,35619.0,7,203,11.0,11.0,127,36,29,5,5,52,42,32,75,50,100,100,278,13,351,160,319,120,96,60,37,21,246,200
89033270,0,55428.0,9,243,0.0,11.0,210,53,31,4,22,100,42,32,76,50,100,61,277,142,277,160,294,120,85,57,52,25,247,200
89033270,1,61056.0,12,238,10.0,20.0,21,11,10,0,0,0,42,32,76,50,100,61,277,142,277,160,294,120,85,57,52,25,247,200
89033271,0,13751.0,4,116,11.0,0.0,449,0,99,350,0,0,42,32,75,50,100,100,278,70,332,160,310,120,87,60,49,24,251,200
89033271,1,39782.0,10,218,0.0,14.0,335,8,86,51,5,185,42,32,75,50,100,100,278,70,332,160,310,120,87,60,49,24,251,200
89033272,0,14073.0,7,174,9.0,0.0,107,40,3,23,21,20,42,35,68,50,100,100,293,250,336,160,288,120,91,60,46,25,253,200
89033272,1,3000.0,0,0,,0.0,0,0,0,0,0,0,42,35,68,50,100,100,293,250,336,160,288,120,91,60,46,25,253,200
89033274,0,36114.0,10,254,14.0,13.0,160,44,19,5,15,77,41,33,70,50,100,98,278,86,340,160,321,120,94,60,43,23,252,200
89033274,1,12484.0,12,274,0.0,0.0,137,22,29,13,5,68,41,33,70,50,100,98,278,86,340,160,321,120,94,60,43,23,252,200
89033275,0,26388.0,10,290,11.0,0.0,149,37,27,4,5,76,40,24,74,50,100,100,278,1,354,160,314,120,86,60,41,23,250,200
89033275,1,38071.0,9,235,0.0,11.0,224,69,17,4,20,114,40,24,74,50,100,100,278,1,354,160,314,120,86,60,41,23,250,200
89033277,0,55193.0,12,183,10.0,10.0,171,9,32,24,0,106,42,32,67,50,100,23,277,1,294,160,295,120,101,60,54,25,238,200
89033277,1,109422.0,12,242,10.0,17.0,43,16,23,0,0,4,42,32,67,50,100,23,277,1,294,160,295,120,101,60,54,25,238,200
89033722,0,66872.0,8,240,0.0,12.0,169,14,23,77,0,55,41,31,69,50,100,100,277,1,361,160,282,120,103,60,42,22,250,200
89033722,1,17523.0,10,190,11.0,0.0,258,115,56,0,0,87,41,31,69,50,100,100,277,1,361,160,282,120,103,60,42,22,250,200
89033724,0,18848.0,7,203,10.0,0.0,123,34,29,5,5,50,41,32,69,50,100,100,277,1,351,160,332,120,90,60,46,24,250,200
89033724,1,13865.0,8,192,0.0,0.0,261,154,107,0,0,0,41,32,69,50,100,100,277,1,351,160,332,120,90,60,46,24,250,200
89033727,0,43818.0,6,171,0.0,13.0,251,0,28,0,0,223,42,32,69,50,100,100,280,1,324,160,312,120,107,60,37,22,250,200
89033727,1,23964.0,8,158,0.0,0.0,398,8,166,34,5,185,42,32,69,50,100,100,280,1,324,160,312,120,107,60,37,22,250,200
89033730,0,23379.0,10,290,11.0,0.0,153,37,27,4,5,80,41,30,68,50,100,55,278,13,322,160,278,120,100,60,49,25,252,200
89033730,1,78218.0,10,278,9.0,11.0,165,12,26,26,19,82,41,30,68,50,100,55,278,13,322,160,278,120,100,60,49,25,252,200
89033732,0,20156.0,7,203,,0.0,86,27,32,3,5,19,41,30,74,50,100,100,278,13,344,160,291,120,97,60,47,25,251,200
89033732,1,27579.0,12,336,11.0,0.0,158,34,26,3,4,91,41,30,74,50,100,100,278,13,344,160,291,120,97,60,47,25,251,200
89033733,0,55915.0,10,195,11.0,11.0,278,122,52,0,0,104,41,35,73,50,100,100,277,48,344,160,339,120,105,60,48,25,247,200
89033733,1,3000.0,0,0,,0.0,0,0,0,0,0,0,41,35,73,50,100,100,277,48,344,160,339,120,105,60,48,25,247,200
89034176,0,20454.0,7,203,,0.0,86,27,32,3,5,19,41,31,69,50,100,100,280,7,368,160,281,120,99,60,46,22,250,200
89034176,1,59817.0,8,240,0.0,12.0,170,10,24,73,0,63,41,31,69,50,100,100,280,7,368,160,281,120,99,60,46,22,250,200
89034180,0,10432.0,4,59,0.0,0.0,152,23,97,0,0,32,42,35,64,50,100,59,278,51,311,160,321,120,103,60,55,25,246,200
89034180,1,47018.0,9,239,0.0,11.0,80,0,36,0,0,44,42,35,64,50,100,59,278,51,311,160,321,120,103,60,55,25,246,200
89034181,0,20883.0,7,203,,0.0,86,27,32,3,5,19,42,32,65,50,100,100,278,13,340,160,305,120,90,60,44,23,253,200
89034181,1,32568.0,7,203,10.0,11.0,127,36,29,4,6,52,42,32,65,50,100,100,278,13,340,160,305,120,90,60,44,23,253,200
89034182,0,31446.0,8,184,0.0,14.0,374,8,141,35,5,185,42,32,72,50,100,96,278,1,344,160,316,120,104,60,51,24,247,200
89034182,1,14820.0,12,290,11.0,0.0,95,20,29,12,5,29,42,32,72,50,100,96,278,1,344,160,316,120,104,60,51,24,247,200
89034183,0,99034.0,15,294,10.0,18.0,91,11,23,0,0,57,41,30,68,50,100,5,277,194,298,1,314,120,103,60,63,25,243,194
89034183,1,55917.0,12,238,10.0,20.0,20,11,9,0,0,0,41,30,68,50,100,5,277,194,298,1,314,120,103,60,63,25,243,194
89034184,0,12301.0,4,108,15.0,0.0,286,0,98,188,0,0,42,35,66,50,100,100,277,13,328,160,304,120,103,60,43,25,253,200
89034184,1,36510.0,10,195,11.0,10.0,277,120,54,0,0,103,42,35,66,50,100,100,277,13,328,160,304,120,103,60,43,25,253,200
89034635,0,34135.0,7,203,,13.0,86,27,32,3,5,19,41,30,74,50,100,40,278,86,322,160,325,120,98,60,56,23,235,195
89034635,1,93474.0,13,357,11.0,11.0,65,17,23,2,4,19,41,30,74,50,100,40,278,86,322,160,325,120,98,60,56,23,235,195
89034636,0,46885.0,9,239,0.0,11.0,80,0,34,0,0,46,39,25,63,50,100,70,278,13,332,160,307,120,85,60,47,22,252,200
89034636,1,36401.0,10,295,0.0,11.0,202,74,16,5,14,93,39,25,63,50,100,70,278,13,332,160,307,120,85,60,47,22,252,200
89034637,0,57933.0,8,240,0.0,12.0,180,30,19,83,1,47,42,31,71,50,100,100,278,1,324,160,275,120,109,60,46,22,250,200
89034637,1,28944.0,7,203,11.0,0.0,123,34,29,5,5,50,42,31,71,50,100,100,278,1,324,160,275,120,109,60,46,22,250,200
89034641,0,93654.0,10,271,9.0,11.0,138,7,31,42,4,54,42,32,77,50,100,14,277,150,246,160,275,120,103,60,60,25,247,200
89034641,1,45472.0,12,238,10.0,18.0,21,11,10,0,0,0,42,32,77,50,100,14,277,150,246,160,275,120,103,60,60,25,247,200
89034644,0,16857.0,10,245,0.0,0.0,375,139,115,0,0,121,41,35,64,50,100,96,278,1,347,160,301,120,94,60,37,22,253,200
89034644,1,19680.0,12,308,11.0,0.0,119,32,26,12,6,43,41,35,64,50,100,96,278,1,347,160,301,120,94,60,37,22,253,200
89035093,0,31658.0,7,203,10.0,11.0,123,34,29,5,5,50,38,23,69,50,100,100,278,25,351,160,302,120,90,55,40,22,253,200
89035093,1,35814.0,10,296,0.0,11.0,208,76,17,5,16,94,38,23,69,50,100,100,278,25,351,160,302,120,90,55,40,22,253,200
89035094,0,28727.0,12,287,11.0,0.0,89,21,29,12,5,22,41,35,72,50,100,97,278,154,347,160,310,120,88,60,49,25,252,200
89035094,1,20788.0,9,165,0.0,0.0,110,39,32,3,8,28,41,35,72,50,100,97,278,154,347,160,310,120,88,60,49,25,252,200
89035096,0,33576.0,10,254,14.0,13.0,160,51,21,7,13,68,42,33,54,45,100,69,278,13,334,160,318,120,95,60,47,25,250,200
89035096,1,46758.0,9,239,0.0,11.0,81,0,36,0,0,45,42,33,54,45,100,69,278,13,334,160,318,120,95,60,47,25,250,200
89035098,0,15990.0,10,290,11.0,0.0,155,37,27,4,5,82,42,33,69,50,100,100,278,1,340,160,292,120,99,60,44,25,250,200
89035098,1,52303.0,14,183,10.0,10.0,162,21,32,25,0,84,42,33,69,50,100,100,278,1,340,160,292,120,99,60,44,25,250,200
89035099,0,99803.0,10,273,9.0,11.0,130,7,26,47,10,40,42,32,74,50,100,18,277,152,259,160,281,120,101,60,59,25,251,200
89035099,1,44431.0,12,238,10.0,10.0,21,11,10,0,0,0,42,32,74,50,100,18,277,152,259,160,281,120,101,60,59,25,251,200
89035101,0,27704.0,12,334,11.0,0.0,160,33,27,4,4,92,41,30,75,50,100,100,278,13,324,160,311,120,88,60,45,23,253,200
89035101,1,20088.0,7,203,,0.0,86,27,32,3,5,19,41,30,75,50,100,100,278,13,324,160,311,120,88,60,45,23,253,200
89035551,0,66594.0,8,240,0.0,12.0,184,9,22,79,2,72,42,35,69,50,100,100,280,19,332,160,269,120,92,60,43,21,253,200
89035551,1,21061.0,9,195,0.0,0.0,111,33,54,0,3,21,42,35,69,50,100,100,280,19,332,160,269,120,92,60,43,21,253,200
89035555,0,50710.0,10,242,0.0,13.0,386,143,119,0,0,124,41,28,77,50,100,100,281,142,332,160,324,120,96,60,44,25,246,200
89035555,1,3326.0,0,0,,0.0,15,0,0,0,0,15,41,28,77,50,100,100,281,142,332,160,324,120,96,60,44,25,246,200
89035557,0,24010.0,12,283,11.0,0.0,114,21,29,12,5,47,42,35,68,50,100,99,278,25,332,160,312,120,93,60,45,25,252,200
89035557,1,22261.0,6,168,,0.0,131,0,32,0,0,99,42,35,68,50,100,99,278,25,332,160,312,120,93,60,45,25,252,200
89035558,0,32671.0,10,296,0.0,11.0,206,89,16,4,18,79,41,25,67,50,100,100,278,101,344,160,289,120,85,60,37,21,253,200
89035558,1,62534.0,8,240,0.0,12.0,174,8,29,78,0,59,41,25,67,50,100,100,278,101,344,160,289,120,85,60,37,21,253,200
89035559,0,26002.0,12,334,11.0,0.0,165,32,28,3,5,97,41,28,66,50,100,100,278,37,344,160,302,120,91,54,39,22,251,200
89035559,1,39504.0,10,296,0.0,11.0,208,89,17,5,16,81,41,28,66,50,100,100,278,37,344,160,302,120,91,54,39,22,251,200
89035560,0,27222.0,7,203,11.0,0.0,123,34,29,5,5,50,41,28,69,50,100,100,278,1,354,160,321,120,84,60,43,25,251,200
89035560,1,28981.0,7,203,10.0,0.0,127,34,29,5,5,54,41,28,69,50,100,100,278,1,354,160,321,120,84,60,43,25,251,200
89035561,0,28081.0,6,171,0.0,0.0,246,0,28,0,0,218,42,35,69,50,100,100,281,13,340,160,306,120,92,60,32,21,248,200
89035561,1,28095.0,7,203,,0.0,86,27,32,3,5,19,42,35,69,50,100,100,281,13,340,160,306,120,92,60,32,21,248,200
89035563,0,52601.0,9,192,7.0,16.0,171,76,27,0,0,68,41,31,71,50,100,100,281,13,334,160,327,120,85,60,42,25,249,200
89035563,1,41977.0,10,254,14.0,13.0,161,47,24,7,12,71,41,31,71,50,100,100,281,13,334,160,327,120,85,60,42,25,249,200
89036010,0,19990.0,7,203,,0.0,86,27,32,3,5,19,42,35,68,50,100,100,280,7,347,160,295,120,101,60,47,22,246,200
89036010,1,72274.0,8,240,0.0,12.0,198,49,21,82,1,45,42,35,68,50,100,100,280,7,347,160,295,120,101,60,47,22,246,200
89036011,0,37942.0,9,264,0.0,11.0,88,0,38,0,0,50,42,35,65,50,100,73,278,1,313,160,323,120,101,60,53,25,245,200
89036011,1,24003.0,7,203,,0.0,86,27,32,3,5,19,42,35,65,50,100,73,278,1,313,160,323,120,101,60,53,25,245,200
89036012,0,1338.0,1,9,0.0,0.0,55,14,0,36,0,5,42,35,70,50,100,100,281,219,324,160,280,120,99,60,48,25,252,200
89036012,1,48834.0,7,203,,13.0,86,27,32,3,5,19,42,35,70,50,100,100,281,219,324,160,280,120,99,60,48,25,252,200
89036014,0,21888.0,6,168,,0.0,131,0,32,0,0,99,42,35,66,50,100,100,280,1,332,160,327,120,94,60,43,24,253,200
89036014,1,25380.0,9,223,11.0,0.0,125,12,37,0,0,76,42,35,66,50,100,100,280,1,332,160,327,120,94,60,43,24,253,200
89036016,0,36528.0,10,296,0.0,11.0,212,93,17,4,17,81,41,25,75,50,100,100,278,113,328,160,292,120,88,60,42,21,250,200
89036016,1,66908.0,8,240,0.0,13.0,167,8,29,71,0,59,41,25,75,50,100,100,278,113,328,160,292,120,88,60,42,21,250,200
89036020,0,21274.0,12,297,0.0,0.0,167,43,26,13,5,80,40,32,77,50,100,98,277,1,332,160,306,120,94,60,44,25,250,200
89036020,1,21793.0,10,190,11.0,0.0,249,110,56,0,0,83,40,32,77,50,100,98,277,1,332,160,306,120,94,60,44,25,250,200
89036021,0,33174.0,10,254,14.0,13.0,161,51,20,6,14,70,41,29,71,50,100,100,278,54,347,160,303,120,96,60,38,22,247,200
89036021,1,29505.0,12,333,11.0,0.0,164,36,26,4,6,92,41,29,71,50,100,100,278,54,347,160,303,120,96,60,38,22,247,200
89036476,0,36042.0,9,239,0.0,11.0,83,0,34,0,0,49,42,33,59,50,100,70,278,1,332,160,289,120,94,60,49,23,248,200
89036476,1,41729.0,9,232,0.0,11.0,207,56,25,6,21,99,42,33,59,50,100,70,278,1,332,160,289,120,94,60,49,23,248,200
89036936,0,37215.0,8,208,11.0,13.0,121,34,33,15,12,27,41,33,70,50,100,100,281,91,358,160,329,120,96,60,48,25,247,200
89036936,1,24485.0,9,188,0.0,0.0,140,58,28,2,8,44,41,33,70,50,100,100,281,91,358,160,329,120,96,60,48,25,247,200
89036938,0,56071.0,10,254,14.0,13.0,152,38,26,5,16,67,41,33,66,50,100,100,282,238,368,160,308,120,103,60,45,25,248,200
89036938,1,3370.0,1,9,0.0,0.0,46,11,0,31,0,4,41,33,66,50,100,100,282,238,368,160,308,120,103,60,45,25,248,200
89036940,0,31274.0,7,203,11.0,11.0,129,34,29,5,5,56,42,35,63,50,100,66,278,1,329,160,313,120,94,60,49,23,245,200
89036940,1,35117.0,9,264,0.0,11.0,91,0,40,0,0,51,42,35,63,50,100,66,278,1,329,160,313,120,94,60,49,23,245,200
89036941,0,20379.0,7,203,,0.0,86,27,32,3,5,19,42,35,74,50,100,100,278,13,340,160,312,120,90,60,47,23,246,200
89036941,1,35077.0,7,203,11.0,11.0,125,34,28,3,5,55,42,35,74,50,100,100,278,13,340,160,312,120,90,60,47,23,246,200
89036942,0,60810.0,8,240,0.0,12.0,180,2,20,77,3,78,41,26,77,50,100,100,278,101,324,160,277,120,85,60,38,21,248,200
89036942,1,36337.0,10,296,0.0,11.0,213,99,18,5,18,73,41,26,77,50,100,100,278,101,324,160,277,120,85,60,38,21,248,200
89036944,0,22960.0,8,200,0.0,0.0,288,8,61,29,5,185,42,32,60,50,100,100,280,13,358,160,296,120,104,60,48,23,247,200
89036944,1,36001.0,9,222,11.0,11.0,125,12,37,0,0,76,42,32,60,50,100,100,280,13,358,160,296,120,104,60,48,23,247,200
89036945,0,40320.0,9,239,0.0,11.0,85,0,35,0,0,50,41,26,62,50,100,74,278,13,316,160,307,120,85,60,47,22,252,200
89036945,1,36135.0,10,295,0.0,11.0,212,91,17,5,14,85,41,26,62,50,100,74,278,13,316,160,307,120,85,60,47,22,252,200
89036947,0,63425.0,14,189,10.0,10.0,139,62,25,41,6,5,40,28,68,50,100,100,278,1,351,160,297,120,94,60,38,21,252,200
89036947,1,21328.0,8,240,0.0,0.0,317,62,19,45,15,176,40,28,68,50,100,100,278,1,351,160,297,120,94,60,38,21,252,200
89036948,0,12257.0,4,56,0.0,0.0,215,20,96,0,0,99,42,35,70,50,100,100,287,240,365,160,303,120,103,60,51,25,246,200
89036948,1,2549.0,1,9,0.0,0.0,52,11,0,36,0,5,42,35,70,50,100,100,287,240,365,160,303,120,103,60,51,25,246,200
89037405,0,16110.0,7,130,10.0,0.0,124,106,18,0,0,0,41,25,66,50,100,100,278,189,347,160,327,120,101,60,47,23,247,200
89037405,1,31916.0,7,210,,10.0,144,90,20,0,0,34,41,25,66,50,100,100,278,189,347,160,327,120,101,60,47,23,247,200
89037408,0,3324.0,1,9,0.0,0.0,53,11,0,36,0,6,41,29,76,50,100,100,293,250,340,160,320,120,92,60,51,25,248,200
89037408,1,6006.0,0,0,,0.0,110,110,0,0,0,0,41,29,76,50,100,100,293,250,340,160,320,120,92,60,51,25,248,200
89037410,0,34610.0,10,254,14.0,13.0,168,58,20,7,12,71,41,31,73,50,100,100,278,48,332,160,329,120,94,60,41,23,246,200
89037410,1,37653.0,7,203,11.0,11.0,125,37,27,3,4,54,41,31,73,50,100,100,278,48,332,160,329,120,94,60,41,23,246,200
89037412,0,57708.0,13,339,11.0,11.0,68,21,25,2,2,18,42,29,65,50,100,3,277,125,298,160,319,120,96,60,61,25,241,200
89037412,1,126521.0,12,243,10.0,18.0,62,13,26,0,0,23,42,29,65,50,100,3,277,125,298,160,319,120,96,60,61,25,241,200
89037413,0,12689.0,9,223,12.0,0.0,92,11,48,0,0,33,42,35,62,50,100,100,277,1,351,160,318,120,111,60,49,25,250,200
89037413,1,10458.0,8,192,0.0,0.0,276,156,120,0,0,0,42,35,62,50,100,100,277,1,351,160,318,120,111,60,49,25,250,200
89037416,0,71493.0,12,239,10.0,15.0,56,24,27,0,0,5,42,35,70,50,100,6,277,156,258,160,310,120,104,60,62,25,227,1
89037416,1,28731.0,13,344,11.0,0.0,70,21,25,2,2,20,42,35,70,50,100,6,277,156,258,160,310,120,104,60,62,25,227,1
89037417,0,37463.0,9,235,0.0,11.0,215,55,23,3,23,111,42,30,69,50,100,100,278,34,328,160,263,120,104,60,42,21,250,200
89037417,1,59963.0,8,240,0.0,13.0,169,43,22,73,0,31,42,30,69,50,100,100,278,34,328,160,263,120,104,60,42,21,250,200
89037863,0,13369.0,8,192,0.0,0.0,272,175,97,0,0,0,41,32,73,50,100,100,277,1,358,160,320,120,103,60,48,24,247,200
89037863,1,18525.0,7,203,11.0,0.0,127,35,27,5,7,53,41,32,73,50,100,100,277,1,358,160,320,120,103,60,48,24,247,200
89037864,0,71142.0,10,278,9.0,11.0,142,13,30,42,3,54,42,32,70,50,100,58,278,19,321,160,268,120,89,60,48,22,253,200
89037864,1,59197.0,8,240,0.0,12.0,182,10,19,82,4,67,42,32,70,50,100,58,278,19,321,160,268,120,89,60,48,22,253,200
89037865,0,29837.0,7,203,,0.0,86,27,32,3,5,19,42,35,69,50,100,100,281,13,340,160,307,120,105,60,50,25,250,200
89037865,1,31233.0,8,210,11.0,13.0,132,40,31,13,17,31,42,35,69,50,100,100,281,13,340,160,307,120,105,60,50,25,250,200
89037872,0,80357.0,10,274,9.0,11.0,165,17,30,39,8,71,42,32,68,50,100,58,278,37,309,160,274,120,96,60,50,25,247,200
89037872,1,60479.0,8,240,0.0,12.0,171,33,19,76,0,43,42,32,68,50,100,58,278,37,309,160,274,120,96,60,50,25,247,200
89038327,0,28110.0,7,203,11.0,0.0,128,34,31,4,5,54,41,28,76,50,100,100,278,1,344,160,324,120,95,60,48,25,246,200
89038327,1,28012.0,7,203,11.0,0.0,133,34,34,8,5,52,41,28,76,50,100,100,278,1,344,160,324,120,95,60,48,25,246,200
89038329,0,33631.0,9,235,0.0,11.0,223,58,20,3,25,117,41,31,73,50,100,100,278,19,347,160,260,120,99,60,39,21,248,200
89038329,1,66678.0,8,240,0.0,12.0,181,6,27,76,4,68,41,31,73,50,100,100,278,19,347,160,260,120,99,60,39,21,248,200
89038331,0,14796.0,7,141,10.0,0.0,126,108,18,0,0,0,41,23,75,50,100,100,281,223,344,160,309,120,91,60,49,25,246,200
89038331,1,30887.0,9,165,0.0,13.0,96,35,33,3,9,16,41,23,75,50,100,100,281,223,344,160,309,120,91,60,49,25,246,200
89038336,0,25839.0,6,171,0.0,0.0,228,0,28,0,0,200,42,35,64,50,100,100,277,1,361,160,327,120,103,60,28,21,248,200
89038336,1,23393.0,10,190,11.0,0.0,247,111,56,0,0,80,42,35,64,50,100,100,277,1,361,160,327,120,103,60,28,21,248,200
89038337,0,20521.0,7,203,,0.0,86,27,32,3,5,19,42,35,64,50,100,100,279,13,365,160,319,120,101,60,47,23,247,200
89038337,1,25969.0,9,221,13.0,0.0,144,10,37,0,0,97,42,35,64,50,100,100,279,13,365,160,319,120,101,60,47,23,247,200
89038778,0,3397.0,0,0,,0.0,15,0,0,0,0,15,42,35,72,50,101,100,279,215,347,160,331,120,107,60,52,25,246,200
89038778,1,34098.0,10,289,13.0,11.0,94,6,49,4,6,29,42,35,72,50,101,100,279,215,347,160,331,120,107,60,52,25,246,200
89038788,0,3385.0,0,0,,0.0,15,0,0,0,0,15,39,24,70,50,100,100,290,250,354,160,339,120,98,60,51,25,250,200
89038788,1,16728.0,7,153,10.0,0.0,147,120,24,0,0,3,39,24,70,50,100,100,290,250,354,160,339,120,98,60,51,25,250,200
89038791,0,21870.0,7,174,9.0,0.0,116,42,8,17,18,31,40,26,67,50,100,100,278,234,368,160,305,120,96,60,46,25,250,200
89038791,1,32862.0,7,210,,10.0,144,90,20,0,0,34,40,26,67,50,100,100,278,234,368,160,305,120,96,60,46,25,250,200
89039236,0,27469.0,1,2,,0.0,0,0,0,0,0,0,41,35,70,50,100,73,281,115,279,120,321,120,96,60,46,25,251,200
89039236,1,53513.0,10,245,0.0,13.0,380,141,116,0,0,123,41,35,70,50,100,73,281,115,279,120,321,120,96,60,46,25,251,200
89039237,0,2486.0,1,9,0.0,0.0,60,14,0,41,0,5,42,35,70,50,100,100,281,219,344,160,312,120,94,60,50,25,246,200
89039237,1,49234.0,7,203,,13.0,85,27,31,3,5,19,42,35,70,50,100,100,281,219,344,160,312,120,94,60,50,25,246,200
89039238,0,3994.0,2,60,,0.0,9,0,0,0,9,0,42,35,68,50,100,100,277,225,347,160,297,120,100,60,48,25,250,200
89039238,1,42299.0,2,58,,10.0,34,1,28,0,0,5,42,35,68,50,100,100,277,225,347,160,297,120,100,60,48,25,250,200
89039239,0,3846.0,2,60,,0.0,9,0,0,0,9,0,42,35,76,50,102,100,279,223,344,160,318,120,93,60,52,25,246,200
89039239,1,31659.0,10,289,13.0,11.0,93,6,50,4,6,27,42,35,76,50,102,100,279,223,344,160,318,120,93,60,52,25,246,200
89039240,0,39037.0,9,232,0.0,11.0,199,57,25,3,22,92,42,35,62,50,100,59,278,1,316,160,312,120,86,60,47,22,247,200
89039240,1,38114.0,9,264,0.0,11.0,103,0,40,0,0,63,42,35,62,50,100,59,278,1,316,160,312,120,86,60,47,22,247,200
89039247,0,62339.0,13,347,11.0,11.0,71,20,25,2,2,22,41,30,69,50,100,11,278,104,324,160,296,120,100,60,59,25,241,200
89039247,1,104821.0,10,275,9.0,11.0,123,7,19,49,9,39,41,30,69,50,100,11,278,104,324,160,296,120,100,60,59,25,241,200
89039691,0,34048.0,1,2,,14.0,0,0,0,0,0,0,42,35,69,50,100,73,293,250,295,160,301,120,92,60,52,25,253,200
89039691,1,3000.0,0,0,,0.0,0,0,0,0,0,0,42,35,69,50,100,73,293,250,295,160,301,120,92,60,52,25,253,200
89039700,0,32749.0,13,336,11.0,11.0,76,25,25,2,2,22,42,30,68,50,100,4,277,101,287,160,292,120,104,60,61,25,232,116
89039700,1,118418.0,12,240,10.0,17.0,63,22,23,0,0,18,42,30,68,50,100,4,277,101,287,160,292,120,104,60,61,25,232,116
89040152,0,40779.0,2,58,,10.0,36,1,27,0,0,8,42,35,66,50,100,100,277,206,354,160,327,120,92,60,48,25,250,200
89040152,1,5567.0,0,0,,0.0,2,0,2,0,0,0,42,35,66,50,100,100,277,206,354,160,327,120,92,60,48,25,250,200
89040155,0,27222.0,10,289,13.0,0.0,94,6,49,4,6,29,42,35,70,50,101,100,279,99,332,160,331,120,98,60,50,25,248,200
89040155,1,10557.0,4,59,0.0,0.0,166,36,86,0,0,44,42,35,70,50,101,100,279,99,332,160,331,120,98,60,50,25,248,200
89040157,0,36940.0,10,296,0.0,11.0,217,85,18,5,18,91,41,26,73,50,100,100,278,13,320,160,322,120,88,60,39,22,251,200
89040157,1,33502.0,7,203,11.0,11.0,129,37,27,3,4,58,41,26,73,50,100,100,278,13,320,160,322,120,88,60,39,22,251,200
89040158,0,25660.0,6,168,,0.0,126,2,36,0,0,88,42,35,70,50,100,100,281,13,311,160,295,120,95,60,44,25,252,200
89040158,1,26431.0,8,208,11.0,0.0,122,32,35,18,15,22,42,35,70,50,100,100,281,13,311,160,295,120,95,60,44,25,252,200
89040159,0,2300.0,0,0,,0.0,30,30,0,0,0,0,42,35,68,50,100,100,293,250,354,160,294,120,101,60,50,25,252,200
89040159,1,3000.0,0,0,,0.0,0,0,0,0,0,0,42,35,68,50,100,100,293,250,354,160,294,120,101,60,50,25,252,200
89040163,0,97188.0,15,290,10.0,17.0,94,11,23,0,0,60,41,29,73,50,100,11,277,70,274,160,287,120,88,60,60,25,244,200
89040163,1,98718.0,10,273,9.0,11.0,112,7,24,49,0,32,41,29,73,50,100,11,277,70,274,160,287,120,88,60,60,25,244,200
89040607,0,1910.0,5,150,0.0,0.0,4,0,4,0,0,0,41,28,74,50,100,100,293,250,336,160,301,120,96,60,50,25,253,200
89040607,1,5944.0,0,0,,0.0,110,110,0,0,0,0,41,28,74,50,100,100,293,250,336,160,301,120,96,60,50,25,253,200
89040611,0,24454.0,2,58,,0.0,34,1,29,0,0,4,42,35,69,50,100,100,277,1,332,160,286,120,103,60,45,25,250,200
89040611,1,22546.0,6,168,,0.0,131,0,32,0,0,99,42,35,69,50,100,100,277,1,332,160,286,120,103,60,45,25,250,200
89040620,0,57419.0,14,190,10.0,10.0,152,71,25,29,15,12,41,31,69,50,100,100,278,1,328,160,291,120,95,60,41,22,252,200
89040620,1,18871.0,8,240,0.0,0.0,299,71,29,49,0,150,41,31,69,50,100,100,278,1,328,160,291,120,95,60,41,22,252,200
89041065,0,48182.0,9,165,0.0,13.0,95,18,64,0,4,9,42,35,75,50,100,100,281,158,320,160,314,120,106,60,51,25,247,200
89041065,1,1783.0,5,150,0.0,0.0,4,0,4,0,0,0,42,35,75,50,100,100,281,158,320,160,314,120,106,60,51,25,247,200
89041068,0,18089.0,7,174,4.0,0.0,140,0,45,0,6,89,42,35,64,50,100,100,277,13,351,160,304,120,103,60,42,25,250,200
89041068,1,27217.0,10,197,11.0,0.0,284,127,59,0,0,98,42,35,64,50,100,100,277,13,351,160,304,120,103,60,42,25,250,200
89041071,0,23690.0,9,175,0.0,0.0,130,46,31,4,10,39,42,35,65,50,101,100,279,46,328,160,302,120,104,60,47,25,252,200
89041071,1,28070.0,10,289,12.0,0.0,97,6,49,4,6,32,42,35,65,50,101,100,279,46,328,160,302,120,104,60,47,25,252,200
89041072,0,24207.0,8,208,11.0,0.0,119,28,36,16,14,25,42,30,70,50,100,100,278,13,324,160,304,120,100,60,46,23,253,200
89041072,1,35124.0,7,203,11.0,11.0,129,34,29,5,5,56,42,30,70,50,100,100,278,13,324,160,304,120,100,60,46,23,253,200
89041073,0,35466.0,1,2,,13.0,0,0,0,0,0,0,42,35,67,50,100,73,286,240,295,160,308,120,101,60,53,25,250,200
89041073,1,14513.0,4,56,0.0,0.0,127,18,91,0,0,18,42,35,67,50,100,73,286,240,295,160,308,120,101,60,53,25,250,200
89041075,0,28784.0,12,290,0.0,0.0,149,32,26,12,5,74,42,35,65,50,100,98,278,104,332,160,289,120,97,60,45,23,253,200
89041075,1,20925.0,9,166,0.0,0.0,113,45,26,3,8,31,42,35,65,50,100,98,278,104,332,160,289,120,97,60,45,23,253,200
89041077,0,22183.0,6,171,0.0,0.0,225,0,28,0,0,197,42,33,73,50,100,100,278,13,332,160,303,120,92,60,29,21,251,200
89041077,1,35409.0,7,203,11.0,11.0,129,34,29,5,5,56,42,33,73,50,100,100,278,13,332,160,303,120,92,60,29,21,251,200
89041078,0,48677.0,12,187,10.0,10.0,238,38,29,6,0,165,42,32,70,50,100,60,278,1,334,160,293,120,101,60,47,25,246,200
89041078,1,55641.0,10,276,9.0,11.0,169,16,23,38,14,78,42,32,70,50,100,60,278,1,334,160,293,120,101,60,47,25,246,200
89041530,0,44478.0,7,203,,13.0,89,26,32,4,6,21,42,32,76,50,100,83,281,173,329,160,313,120,91,60,48,25,246,200
89041530,1,34551.0,7,181,11.0,9.0,84,35,7,6,7,29,42,32,76,50,100,83,281,173,329,160,313,120,91,60,48,25,246,200
89041531,0,1910.0,5,150,0.0,0.0,4,0,4,0,0,0,42,35,67,50,100,100,293,250,354,160,304,120,98,60,50,25,253,200
89041531,1,3912.0,2,60,,0.0,9,0,0,0,9,0,42,35,67,50,100,100,293,250,354,160,304,120,98,60,50,25,253,200
89041533,0,3751.0,2,60,,0.0,9,0,0,0,9,0,41,35,73,50,100,100,284,248,354,160,318,120,84,60,47,25,250,200
89041533,1,40452.0,7,174,4.0,12.0,131,0,51,0,6,74,41,35,73,50,100,100,284,248,354,160,318,120,84,60,47,25,250,200
89041535,0,21196.0,10,288,,0.0,66,6,27,4,6,23,41,33,66,50,101,100,278,1,354,160,314,120,92,60,47,23,252,200
89041535,1,27388.0,7,203,,0.0,86,27,32,3,5,19,41,33,66,50,101,100,278,1,354,160,314,120,92,60,47,23,252,200
89041986,0,20531.0,7,203,,0.0,86,27,32,3,5,19,42,35,68,50,100,100,277,1,347,160,300,120,103,60,49,25,250,200
89041986,1,46529.0,8,167,0.0,10.0,185,0,52,132,0,1,42,35,68,50,100,100,277,1,347,160,300,120,103,60,49,25,250,200
89041987,0,51335.0,6,168,,13.0,73,0,68,0,0,5,42,35,75,50,100,100,281,133,340,160,311,120,96,60,52,25,246,200
89041987,1,3000.0,0,0,,0.0,0,0,0,0,0,0,42,35,75,50,100,100,281,133,340,160,311,120,96,60,52,25,246,200
89041989,0,46183.0,8,208,0.0,14.0,477,8,213,31,154,71,42,31,67,50,100,83,280,122,340,160,295,120,105,60,50,25,248,200
89041989,1,36753.0,7,181,11.0,10.0,84,37,9,3,7,28,42,31,67,50,100,83,280,122,340,160,295,120,105,60,50,25,248,200
89041991,0,15595.0,7,174,4.0,0.0,136,0,52,0,6,78,39,25,74,50,100,100,281,1,336,160,308,120,94,60,39,22,253,200
89041991,1,24700.0,10,241,0.0,0.0,372,137,113,0,0,122,39,25,74,50,100,100,281,1,336,160,308,120,94,60,39,22,253,200
89041992,0,21370.0,7,203,,0.0,85,26,32,3,5,19,42,35,66,50,100,100,277,13,365,160,316,120,96,60,48,25,247,200
89041992,1,27436.0,2,58,,0.0,34,1,28,0,0,5,42,35,66,50,100,100,277,13,365,160,316,120,96,60,48,25,247,200
89041993,0,85787.0,12,237,10.0,16.0,60,17,26,0,0,17,42,32,71,50,100,15,277,91,253,160,304,120,100,60,61,25,228,82
89041993,1,90697.0,10,272,9.0,11.0,132,7,19,49,7,50,42,32,71,50,100,15,277,91,253,160,304,120,100,60,61,25,228,82
89041994,0,108333.0,12,239,10.0,16.0,67,19,24,0,0,24,42,35,65,50,100,13,277,91,256,160,285,120,92,60,57,25,244,200
89041994,1,81048.0,10,273,9.0,11.0,155,22,23,33,20,57,42,35,65,50,100,13,277,91,256,160,285,120,92,60,57,25,244,200
89041995,0,6259.0,0,0,,0.0,2,0,2,0,0,0,42,35,68,50,100,100,293,250,354,160,321,120,94,60,49,25,250,200
89041995,1,3348.0,0,0,,0.0,16,0,0,0,0,16,42,35,68,50,100,100,293,250,354,160,321,120,94,60,49,25,250,200
89041996,0,21911.0,13,327,11.0,0.0,84,24,25,2,2,31,41,35,68,50,100,71,278,1,335,160,286,120,96,60,48,24,250,200
89041996,1,43861.0,10,186,10.0,10.0,224,100,34,11,0,79,41,35,68,50,100,71,278,1,335,160,286,120,96,60,48,24,250,200
89041997,0,12230.0,12,287,0.0,0.0,119,24,26,12,5,52,41,32,67,50,100,97,278,13,358,160,297,120,93,60,48,23,253,200
89041997,1,32050.0,8,216,0.0,14.0,309,8,61,50,5,185,41,32,67,50,100,97,278,13,358,160,297,120,93,60,48,23,253,200
89042440,0,43746.0,8,164,0.0,10.0,186,0,51,134,0,1,41,26,71,50,100,100,277,120,361,160,304,120,92,60,46,22,246,200
89042440,1,38064.0,10,296,0.0,11.0,200,76,18,5,18,83,41,26,71,50,100,100,277,120,361,160,304,120,92,60,46,22,246,200
89042444,0,38429.0,1,2,,14.0,0,0,0,0,0,0,41,35,71,50,100,73,281,219,314,160,313,120,92,60,51,25,252,200
89042444,1,49146.0,7,203,,13.0,86,27,32,3,5,19,41,35,71,50,100,73,281,219,314,160,313,120,92,60,51,25,252,200
89042448,0,2900.0,1,9,0.0,0.0,56,14,0,36,0,6,42,35,71,50,100,100,293,250,336,160,317,120,103,60,51,25,246,200
89042448,1,2300.0,0,0,,0.0,30,30,0,0,0,0,42,35,71,50,100,100,293,250,336,160,317,120,103,60,51,25,246,200
89042450,0,8070.0,9,222,14.0,0.0,75,8,37,0,0,30,42,35,66,50,100,100,280,13,347,160,303,120,90,60,46,23,251,200
89042450,1,23860.0,7,203,,0.0,86,27,32,3,5,19,42,35,66,50,100,100,280,13,347,160,303,120,90,60,46,23,251,200
89042451,0,29708.0,7,203,11.0,0.0,125,36,29,5,5,50,42,33,67,50,100,100,278,1,320,160,299,120,90,60,45,23,253,200
89042451,1,22111.0,9,222,11.0,0.0,85,13,37,0,0,35,42,33,67,50,100,100,278,1,320,160,299,120,90,60,45,23,253,200
89042905,0,16305.0,4,56,0.0,0.0,139,26,90,0,0,23,42,35,68,50,100,100,285,240,347,160,327,120,103,60,49,25,252,200
89042905,1,3000.0,0,0,,0.0,0,0,0,0,0,0,42,35,68,50,100,100,285,240,347,160,327,120,103,60,49,25,252,200
89042907,0,54789.0,10,194,11.0,11.0,277,132,52,0,0,93,41,35,67,50,100,73,277,48,305,160,321,120,107,60,50,25,253,200
89042907,1,36446.0,1,2,,14.0,0,0,0,0,0,0,41,35,67,50,100,73,277,48,305,160,321,120,107,60,50,25,253,200
89042912,0,3375.0,0,0,,0.0,15,0,0,0,0,15,42,35,66,50,100,100,293,250,344,160,297,120,114,60,49,25,251,200
89042912,1,1943.0,1,9,0.0,0.0,54,12,0,36,0,6,42,35,66,50,100,100,293,250,344,160,297,120,114,60,49,25,251,200
89042914,0,27425.0,6,168,,0.0,130,0,32,0,0,98,42,35,73,50,100,100,281,25,324,160,324,120,95,60,45,25,250,200
89042914,1,31931.0,8,210,11.0,13.0,139,44,32,13,14,36,42,35,73,50,100,100,281,25,324,160,324,120,95,60,45,25,250,200
89043360,0,22953.0,10,238,0.0,0.0,378,143,112,0,0,123,38,19,69,50,100,100,281,1,354,160,331,120,85,60,30,21,246,200
89043360,1,25341.0,10,252,0.0,0.0,310,159,25,6,31,89,38,19,69,50,100,100,281,1,354,160,331,120,85,60,30,21,246,200
89043361,0,37874.0,6,168,,13.0,111,0,45,0,0,66,42,35,66,50,100,100,278,179,368,160,321,120,107,60,48,25,247,200
89043361,1,0.0,11,37,0.0,,14,0,13,0,0,1,42,35,66,50,100,100,278,179,368,160,321,120,107,60,48,25,247,200
89043364,0,39921.0,8,164,0.0,10.0,174,0,37,136,0,1,41,29,76,50,100,100,277,51,340,160,256,120,92,60,45,23,250,200
89043364,1,36443.0,9,241,0.0,11.0,223,61,25,3,21,113,41,29,76,50,100,100,277,51,340,160,256,120,92,60,45,23,250,200
89043368,0,26158.0,7,203,11.0,0.0,124,35,31,5,6,47,42,35,69,50,100,100,277,1,336,160,310,120,105,60,47,25,251,200
89043368,1,25407.0,2,58,,0.0,49,1,19,0,0,29,42,35,69,50,100,100,277,1,336,160,310,120,105,60,47,25,251,200
89043848,0,55190.0,6,171,13.0,13.0,236,0,35,0,0,201,42,35,69,50,100,100,281,150,354,160,324,120,104,60,46,23,248,200
89043848,1,4018.0,2,60,,0.0,9,0,0,0,9,0,42,35,69,50,100,100,281,150,354,160,324,120,104,60,46,23,248,200
89043854,0,6214.0,0,0,,0.0,2,0,2,0,0,0,42,35,76,50,100,83,287,250,329,160,308,120,93,60,50,25,246,200
89043854,1,43956.0,7,181,11.0,11.0,76,24,13,4,8,27,42,35,76,50,100,83,287,250,329,160,308,120,93,60,50,25,246,200
89043856,0,6259.0,0,0,,0.0,2,0,2,0,0,0,42,35,73,50,100,100,293,250,328,160,308,120,96,60,49,25,251,200
89043856,1,2716.0,0,0,,0.0,30,30,0,0,0,0,42,35,73,50,100,100,293,250,328,160,308,120,96,60,49,25,251,200
89043858,0,50858.0,9,243,0.0,11.0,220,64,25,3,22,106,41,32,73,50,100,100,278,48,329,160,325,120,98,60,46,25,247,200
89043858,1,41363.0,9,193,7.0,14.0,181,89,28,0,0,64,41,32,73,50,100,100,278,48,329,160,325,120,98,60,46,25,247,200
89043859,0,50213.0,12,182,10.0,10.0,173,5,35,18,0,115,41,32,77,50,100,73,278,1,344,160,305,120,100,60,50,25,242,200
89043859,1,21611.0,13,329,11.0,0.0,84,28,25,2,2,27,41,32,77,50,100,73,278,1,344,160,305,120,100,60,50,25,242,200
89044346,0,24430.0,7,203,,0.0,86,27,32,3,5,19,42,35,62,50,100,66,278,13,325,160,317,120,98,60,55,25,244,200
89044346,1,70193.0,12,307,11.0,18.0,73,28,26,12,5,2,42,35,62,50,100,66,278,13,325,160,317,120,98,60,55,25,244,200
89044348,0,30667.0,6,171,13.0,13.0,171,0,35,0,0,136,42,35,70,50,100,100,281,13,358,160,319,120,94,60,42,23,248,200
89044348,1,24286.0,7,203,,0.0,86,27,32,3,5,19,42,35,70,50,100,100,281,13,358,160,319,120,94,60,42,23,248,200
89044351,0,6551.0,0,0,,0.0,110,110,0,0,0,0,41,30,70,50,100,100,278,140,336,160,314,120,88,60,49,25,252,200
89044351,1,38541.0,5,124,0.0,11.0,141,5,136,0,0,0,41,30,70,50,100,100,278,140,336,160,314,120,88,60,49,25,252,200
89044352,0,3380.0,0,0,,0.0,15,0,0,0,0,15,42,35,70,50,100,100,293,250,351,160,336,120,96,60,50,25,247,200
89044352,1,3000.0,0,0,,0.0,0,0,0,0,0,0,42,35,70,50,100,100,293,250,351,160,336,120,96,60,50,25,247,200
89044353,0,3000.0,0,0,,0.0,0,0,0,0,0,0,42,35,73,50,100,100,293,250,340,160,327,120,111,60,53,25,248,200
89044353,1,6099.0,0,0,,0.0,3,0,3,0,0,0,42,35,73,50,100,100,293,250,340,160,327,120,111,60,53,25,248,200
89044354,0,33395.0,7,181,11.0,9.0,92,42,5,4,6,35,41,33,68,50,100,83,281,76,348,160,298,120,98,60,48,25,251,200
89044354,1,44571.0,6,168,,13.0,73,0,70,0,0,3,41,33,68,50,100,83,281,76,348,160,298,120,98,60,48,25,251,200
89044358,0,18778.0,7,210,,0.0,144,90,20,0,0,34,38,24,73,50,100,100,277,1,361,160,314,120,101,60,50,25,248,200
89044358,1,15506.0,8,192,0.0,0.0,309,197,112,0,0,0,38,24,73,50,100,100,277,1,361,160,314,120,101,60,50,25,248,200
89044835,0,62297.0,12,305,11.0,18.0,78,28,26,4,5,15,40,32,61,50,100,62,278,13,331,160,306,120,90,60,51,23,251,200
89044835,1,41522.0,9,244,0.0,11.0,214,61,26,4,20,103,40,32,61,50,100,62,278,13,331,160,306,120,90,60,51,23,251,200
89044837,0,29728.0,6,168,,0.0,124,32,32,0,0,60,42,35,68,50,100,100,281,13,328,160,301,120,91,60,40,22,251,200
89044837,1,28181.0,12,276,0.0,0.0,232,0,68,17,7,140,42,35,68,50,100,100,281,13,328,160,301,120,91,60,40,22,251,200
89044838,0,29528.0,10,254,14.0,0.0,160,51,18,7,13,71,41,32,71,50,100,100,281,13,358,160,330,120,93,60,38,23,246,200
89044838,1,41578.0,6,171,13.0,13.0,153,0,35,0,0,118,41,32,71,50,100,100,281,13,358,160,330,120,93,60,38,23,246,200
89044841,0,27376.0,8,208,11.0,0.0,128,31,35,18,15,29,42,35,73,50,100,100,281,13,328,160,299,120,99,60,46,25,252,200
89044841,1,25608.0,6,168,,0.0,127,0,34,0,0,93,42,35,73,50,100,100,281,13,328,160,299,120,99,60,46,25,252,200
89044845,0,107812.0,12,239,10.0,16.0,67,16,23,0,0,28,42,29,67,50,100,14,277,60,279,160,272,120,101,60,59,25,234,189
89044845,1,87744.0,10,274,9.0,11.0,136,12,22,37,20,45,42,29,67,50,100,14,277,60,279,160,272,120,101,60,59,25,234,189
89045322,0,31252.0,7,203,11.0,11.0,118,33,32,3,4,46,41,35,64,50,100,100,277,1,354,160,319,120,109,60,45,25,250,200
89045322,1,19028.0,10,190,11.0,0.0,256,114,55,0,0,87,41,35,64,50,100,100,277,1,354,160,319,120,109,60,45,25,250,200
89045323,0,5449.0,0,0,,0.0,2,0,2,0,0,0,42,32,74,50,100,100,278,195,332,160,319,120,96,60,46,24,248,200
89045323,1,46802.0,7,203,11.0,11.0,124,35,27,3,4,55,42,32,74,50,100,100,278,195,332,160,319,120,96,60,46,24,248,200
89045327,0,16505.0,5,134,0.0,0.0,145,7,138,0,0,0,41,35,68,50,100,100,278,1,347,160,314,120,88,60,40,22,250,200
89045327,1,12558.0,10,246,0.0,0.0,378,143,112,0,0,123,41,35,68,50,100,100,278,1,347,160,314,120,88,60,40,22,250,200
89045330,0,71508.0,15,298,9.0,17.0,88,14,25,0,0,49,42,29,75,50,100,11,277,101,226,93,284,120,91,60,58,25,246,200
89045330,1,67110.0,10,273,9.0,11.0,149,9,21,43,15,61,42,29,75,50,100,11,277,101,226,93,284,120,91,60,58,25,246,200
89045335,0,69658.0,10,277,9.0,17.0,155,20,19,49,10,57,42,32,73,50,100,61,278,1,316,160,273,120,88,60,47,25,252,200
89045335,1,49533.0,12,186,10.0,10.0,197,7,31,14,0,145,42,32,73,50,100,61,278,1,316,160,273,120,88,60,47,25,252,200
89045816,0,5766.0,0,0,,0.0,3,0,3,0,0,0,40,32,70,50,100,100,281,104,351,160,318,120,114,60,47,25,248,200
89045816,1,50253.0,10,244,0.0,13.0,384,143,117,0,0,124,40,32,70,50,100,100,281,104,351,160,318,120,114,60,47,25,248,200
89045817,0,42286.0,12,285,17.0,17.0,59,22,26,3,0,8,42,35,67,50,100,62,278,1,312,160,307,120,92,60,52,25,246,200
89045817,1,56662.0,11,183,10.0,10.0,182,20,34,19,0,109,42,35,67,50,100,62,278,1,312,160,307,120,92,60,52,25,246,200
89045820,0,24774.0,6,171,13.0,0.0,171,0,35,0,0,136,42,35,68,50,100,100,278,1,320,160,296,120,103,60,40,22,251,200
89045820,1,30573.0,7,203,11.0,11.0,129,34,29,5,5,56,42,35,68,50,100,100,278,1,320,160,296,120,103,60,40,22,251,200
89045822,0,17874.0,5,130,0.0,0.0,155,5,150,0,0,0,42,35,76,50,100,100,278,1,336,160,299,120,96,60,50,25,250,200
89045822,1,23025.0,7,203,,0.0,86,27,32,3,5,19,42,35,76,50,100,100,278,1,336,160,299,120,96,60,50,25,250,200
89045823,0,29799.0,6,168,,0.0,110,0,43,0,0,67,42,32,66,50,100,100,280,13,340,160,316,120,98,60,47,24,251,200
89045823,1,28344.0,8,200,0.0,0.0,280,8,60,22,5,185,42,32,66,50,100,100,280,13,340,160,316,120,98,60,47,24,251,200
89045825,0,30996.0,7,203,,13.0,86,27,32,3,5,19,40,25,77,50,100,100,278,13,336,160,310,120,96,60,48,25,250,200
89045825,1,28200.0,7,210,,0.0,144,90,20,0,0,34,40,25,77,50,100,100,278,13,336,160,310,120,96,60,48,25,250,200
89046308,0,0.0,0,0,0.0,,1,0,0,0,1,0,42,35,71,50,100,100,283,171,332,160,314,120,95,60,48,25,252,200
89046308,1,49880.0,9,165,0.0,13.0,92,19,63,0,3,7,42,35,71,50,100,100,283,171,332,160,314,120,95,60,48,25,252,200
89046311,0,19758.0,4,56,0.0,0.0,110,19,84,0,0,7,42,35,68,50,100,100,280,1,340,160,317,120,91,60,50,25,250,200
89046311,1,29983.0,10,243,4.0,0.0,87,0,46,2,23,16,42,35,68,50,100,100,280,1,340,160,317,120,91,60,50,25,250,200
89046314,0,3365.0,0,0,,0.0,15,0,0,0,0,15,42,35,73,50,100,100,293,250,354,160,327,120,88,60,49,25,248,200
89046314,1,6099.0,0,0,,0.0,3,0,3,0,0,0,42,35,73,50,100,100,293,250,354,160,327,120,88,60,49,25,248,200
89046321,0,30205.0,6,171,0.0,13.0,221,0,28,0,0,193,42,32,68,50,100,100,280,13,358,160,316,120,89,60,33,21,251,200
89046321,1,28022.0,10,224,0.0,0.0,305,8,69,38,5,185,42,32,68,50,100,100,280,13,358,160,316,120,89,60,33,21,251,200
89046802,0,32145.0,10,254,14.0,13.0,155,41,21,5,13,75,40,28,70,50,100,100,278,13,347,160,314,120,91,60,41,23,251,200
89046802,1,37437.0,7,203,11.0,11.0,122,35,30,5,5,47,40,28,70,50,100,100,278,13,347,160,314,120,91,60,41,23,251,200
89046803,0,20731.0,7,203,,0.0,86,27,32,3,5,19,42,33,68,50,100,100,278,1,332,160,318,120,95,60,45,23,251,200
89046803,1,33227.0,7,203,11.0,11.0,116,33,32,3,4,44,42,33,68,50,100,100,278,1,332,160,318,120,95,60,45,23,251,200
89047289,0,54491.0,10,195,11.0,11.0,280,122,52,0,0,106,42,35,64,50,100,100,277,48,347,160,324,120,104,60,44,25,251,200
89047289,1,15.0,0,0,0.0,0.0,3,0,0,0,3,0,42,35,64,50,100,100,277,48,347,160,324,120,104,60,44,25,251,200
89047290,0,41566.0,10,295,0.0,11.0,195,65,17,5,16,92,38,19,69,50,100,100,278,215,320,160,295,120,81,53,39,23,253,200
89047290,1,62234.0,9,240,9.0,13.0,214,104,17,5,16,72,38,19,69,50,100,100,278,215,320,160,295,120,81,53,39,23,253,200
89047291,0,36555.0,11,298,6.0,13.0,354,240,34,16,3,61,42,30,71,50,100,100,280,1,332,160,308,120,92,60,46,23,248,200
89047291,1,32501.0,10,244,0.0,14.0,333,8,86,49,5,185,42,30,71,50,100,100,280,1,332,160,308,120,92,60,46,23,248,200
89047293,0,48124.0,10,243,4.0,13.0,91,0,49,2,27,13,42,31,67,50,100,100,285,235,332,160,293,120,99,60,49,25,253,200
89047293,1,6570.0,0,0,,0.0,110,110,0,0,0,0,42,31,67,50,100,100,285,235,332,160,293,120,99,60,49,25,253,200
89047298,0,30671.0,12,276,0.0,13.0,236,0,69,41,7,119,42,35,64,50,100,100,281,13,354,160,312,120,102,60,41,22,248,200
89047298,1,29792.0,7,203,,0.0,86,27,32,3,5,19,42,35,64,50,100,100,281,13,354,160,312,120,102,60,41,22,248,200
89047299,0,26989.0,7,203,11.0,0.0,124,34,29,5,5,51,41,29,74,50,100,100,278,1,340,160,305,120,105,60,48,25,248,200
89047299,1,30000.0,7,203,11.0,11.0,125,37,27,3,4,54,41,29,74,50,100,100,278,1,340,160,305,120,105,60,48,25,248,200
89047301,0,25462.0,10,252,0.0,0.0,304,148,26,6,30,94,39,25,73,50,100,100,280,1,328,160,280,120,80,60,40,22,253,200
89047301,1,36661.0,10,224,0.0,14.0,317,8,84,36,5,184,39,25,73,50,100,100,280,1,328,160,280,120,80,60,40,22,253,200
89047302,0,33285.0,7,203,11.0,11.0,125,34,29,5,5,52,42,33,60,50,100,68,278,10,336,160,310,120,94,60,49,22,247,200
89047302,1,34740.0,9,239,0.0,11.0,82,0,36,0,0,46,42,33,60,50,100,68,278,10,336,160,310,120,94,60,49,22,247,200
89047305,0,80037.0,10,273,9.0,11.0,154,20,22,28,27,57,42,29,69,50,100,13,277,76,277,160,278,120,97,60,60,25,228,144
89047305,1,99946.0,12,238,10.0,16.0,62,17,23,0,0,22,42,29,69,50,100,13,277,76,277,160,278,120,97,60,60,25,228,144
89047825,0,17057.0,10,190,11.0,0.0,250,113,56,0,0,81,41,31,67,50,100,100,277,1,351,160,329,120,92,60,44,25,252,200
89047825,1,30665.0,7,203,11.0,11.0,112,32,32,3,4,41,41,31,67,50,100,100,277,1,351,160,329,120,92,60,44,25,252,200
89047834,0,40781.0,7,209,,7.0,107,36,8,0,0,63,42,32,63,50,100,59,278,158,340,160,313,120,94,60,49,25,248,200
89047834,1,44323.0,7,203,,13.0,86,27,32,3,5,19,42,32,63,50,100,59,278,158,340,160,313,120,94,60,49,25,248,200
89048387,0,30759.0,7,203,,13.0,86,27,32,3,5,19,42,35,69,50,100,100,281,13,336,160,291,120,107,60,43,22,250,200
89048387,1,31024.0,12,276,0.0,13.0,230,0,71,17,7,135,42,35,69,50,100,100,281,13,336,160,291,120,107,60,43,22,250,200
89048388,0,3000.0,0,0,,0.0,0,0,0,0,0,0,42,35,67,50,100,100,293,250,344,160,311,120,114,60,52,25,250,200
89048388,1,6099.0,0,0,,0.0,3,0,3,0,0,0,42,35,67,50,100,100,293,250,344,160,311,120,114,60,52,25,250,200
89048883,0,32427.0,7,210,,9.0,144,90,20,0,0,34,42,29,77,50,100,100,278,89,324,160,313,120,91,60,49,25,246,200
89048883,1,31634.0,10,243,4.0,13.0,91,0,50,2,23,16,42,29,77,50,100,100,278,89,324,160,313,120,91,60,49,25,246,200
89048891,0,79209.0,12,239,10.0,16.0,65,23,25,0,0,17,42,35,73,50,100,11,277,96,242,160,285,120,95,60,60,25,227,82
89048891,1,75780.0,10,276,9.0,11.0,160,17,22,33,21,67,42,35,73,50,100,11,277,96,242,160,285,120,95,60,60,25,227,82
89049374,0,21884.0,6,168,,0.0,131,0,32,0,0,99,41,33,68,50,100,100,278,1,365,160,316,120,99,60,43,25,251,200
89049374,1,29071.0,7,203,11.0,0.0,118,32,32,3,4,47,41,33,68,50,100,100,278,1,365,160,316,120,99,60,43,25,251,200
89049378,0,64.0,0,0,0.0,0.0,3,0,0,0,3,0,42,35,73,50,100,100,293,250,344,160,314,120,113,60,52,25,248,200
89049378,1,3398.0,0,0,,0.0,15,0,0,0,0,15,42,35,73,50,100,100,293,250,344,160,314,120,113,60,52,25,248,200
89049385,0,58874.0,12,182,10.0,10.0,168,9,32,25,0,102,42,35,60,50,100,73,278,1,346,160,298,120,101,60,51,25,249,200
89049385,1,42011.0,12,283,17.0,17.0,64,21,26,3,1,13,42,35,60,50,100,73,278,1,346,160,298,120,101,60,51,25,249,200
89049869,0,34392.0,7,203,11.0,11.0,119,34,32,3,4,46,41,30,71,50,100,100,278,1,358,160,313,120,106,60,51,24,247,200
89049869,1,23300.0,10,251,0.0,0.0,228,8,95,49,5,71,41,30,71,50,100,100,278,1,358,160,313,120,106,60,51,24,247,200
89049873,0,43097.0,13,334,11.0,11.0,76,21,25,2,2,26,42,30,69,50,100,15,278,104,295,160,265,120,87,60,54,25,250,200
89049873,1,84433.0,10,275,9.0,11.0,163,10,22,31,19,81,42,30,69,50,100,15,278,104,295,160,265,120,87,60,54,25,250,200
89049877,0,28001.0,7,203,11.0,0.0,128,36,29,5,5,53,42,34,68,50,100,100,278,1,328,160,308,120,92,60,44,22,252,200
89049877,1,28345.0,7,203,11.0,0.0,128,34,29,5,5,55,42,34,68,50,100,100,278,1,328,160,308,120,92,60,44,22,252,200
89049878,0,6028.0,0,0,,0.0,3,0,3,0,0,0,42,35,74,50,100,100,281,206,311,160,301,120,97,60,49,25,250,200
89049878,1,40376.0,9,165,0.0,13.0,88,17,60,0,3,8,42,35,74,50,100,100,281,206,311,160,301,120,97,60,49,25,250,200
89049879,0,91217.0,12,239,10.0,16.0,69,13,25,0,0,31,42,29,75,50,100,16,277,54,217,160,282,120,95,60,59,25,234,200
89049879,1,83868.0,10,272,9.0,11.0,124,7,25,41,11,40,42,29,75,50,100,16,277,54,217,160,282,120,95,60,59,25,234,200
89049882,0,25251.0,13,329,11.0,0.0,87,27,24,2,4,30,42,33,66,50,100,72,278,1,361,160,294,120,100,60,48,25,247,200
89049882,1,48779.0,11,178,10.0,10.0,177,26,37,18,0,96,42,33,66,50,100,72,278,1,361,160,294,120,100,60,48,25,247,200
89050373,0,83301.0,14,227,8.0,13.0,171,0,13,13,0,145,42,32,69,50,100,59,278,113,287,160,294,120,109,60,52,25,246,200
89050373,1,101905.0,10,271,9.0,14.0,154,9,27,50,1,67,42,32,69,50,100,59,278,113,287,160,294,120,109,60,52,25,246,200
89050375,0,32347.0,10,254,14.0,13.0,167,53,20,6,14,74,41,29,69,50,100,100,278,13,351,160,329,120,82,60,39,23,250,200
89050375,1,36279.0,7,203,11.0,11.0,117,33,32,3,4,45,41,29,69,50,100,100,278,13,351,160,329,120,82,60,39,23,250,200
89050376,0,28812.0,7,203,11.0,0.0,123,34,29,5,5,50,42,31,75,50,100,100,278,1,320,160,314,120,97,60,47,25,247,200
89050376,1,28933.0,7,203,11.0,0.0,129,36,29,5,5,54,42,31,75,50,100,100,278,1,320,160,314,120,97,60,47,25,247,200
89050379,0,43066.0,10,230,0.0,14.0,315,8,70,47,5,185,42,32,69,50,100,100,280,1,332,160,285,120,101,60,50,24,250,200
89050379,1,19403.0,10,243,4.0,0.0,89,0,48,2,24,15,42,32,69,50,100,100,280,1,332,160,285,120,101,60,50,24,250,200
89050381,0,25251.0,10,241,0.0,0.0,369,137,112,0,0,120,38,18,69,50,100,100,281,1,340,160,316,120,95,60,33,22,250,200
89050381,1,25927.0,10,254,0.0,0.0,304,138,26,6,31,103,38,18,69,50,100,100,281,1,340,160,316,120,95,60,33,22,250,200
89050384,0,6247.0,0,0,,0.0,2,0,2,0,0,0,42,35,65,50,100,100,292,250,351,160,301,120,96,60,47,25,251,200
89050384,1,6087.0,0,0,,0.0,3,0,3,0,0,0,42,35,65,50,100,100,292,250,351,160,301,120,96,60,47,25,251,200
89050386,0,77569.0,10,272,9.0,14.0,153,20,22,35,19,57,42,29,68,50,100,14,277,84,256,160,278,120,96,60,58,25,249,200
89050386,1,67108.0,15,296,9.0,10.0,89,23,24,0,0,42,42,29,68,50,100,14,277,84,256,160,278,120,96,60,58,25,249,200
89050877,0,45328.0,10,295,0.0,11.0,196,62,18,5,18,93,38,21,71,50,100,100,278,212,324,160,309,120,97,60,42,24,246,200
89050877,1,64769.0,9,240,9.0,13.0,210,102,15,5,17,71,38,21,71,50,100,100,278,212,324,160,309,120,97,60,42,24,246,200
89050881,0,6208.0,0,0,,0.0,2,0,2,0,0,0,42,35,75,50,100,100,282,230,344,160,316,120,91,60,50,25,247,200
89050881,1,47055.0,10,243,4.0,13.0,89,0,46,2,24,17,42,35,75,50,100,100,282,230,344,160,316,120,91,60,50,25,247,200
89050885,0,39.0,0,0,0.0,0.0,3,0,0,0,3,0,42,35,68,50,100,100,293,250,351,160,304,120,100,60,51,25,251,200
89050885,1,2300.0,0,0,,0.0,30,30,0,0,0,0,42,35,68,50,100,100,293,250,351,160,304,120,100,60,51,25,251,200
89051368,0,34296.0,9,227,0.0,11.0,211,65,23,4,21,98,41,35,71,50,100,100,278,7,358,160,315,120,92,60,39,22,246,200
89051368,1,31565.0,6,171,13.0,13.0,153,0,35,0,0,118,41,35,71,50,100,100,278,7,358,160,315,120,92,60,39,22,246,200
89051369,0,32106.0,6,171,13.0,13.0,153,0,35,0,0,118,42,31,66,50,100,100,278,13,351,160,330,120,96,60,39,22,248,200
89051369,1,27151.0,7,210,,0.0,144,90,20,0,0,34,42,31,66,50,100,100,278,13,351,160,330,120,96,60,39,22,248,200
89051375,0,28942.0,7,203,11.0,0.0,126,36,29,5,5,51,41,32,69,50,100,100,278,1,347,160,318,120,108,60,46,25,250,200
89051375,1,29738.0,7,203,11.0,0.0,129,34,29,5,5,56,41,32,69,50,100,100,278,1,347,160,318,120,108,60,46,25,250,200
89051378,0,27030.0,9,212,0.0,0.0,198,58,23,3,21,93,42,32,71,50,100,100,278,54,336,160,309,120,105,60,43,23,247,200
89051378,1,37277.0,10,290,11.0,11.0,153,37,27,4,5,80,42,32,71,50,100,100,278,54,336,160,309,120,105,60,43,23,247,200
89051382,0,29594.0,7,210,,0.0,144,90,20,0,0,34,41,28,53,45,100,37,278,46,325,160,319,120,92,60,53,25,249,200
89051382,1,87517.0,12,313,11.0,11.0,118,35,26,13,5,39,41,28,53,45,100,37,278,46,325,160,319,120,92,60,53,25,249,200
89051860,0,42891.0,7,183,10.0,9.0,95,41,6,4,8,36,42,35,71,50,100,83,280,212,313,160,312,120,93,60,48,25,247,200
89051860,1,12147.0,4,56,0.0,0.0,249,53,93,0,0,103,42,35,71,50,100,83,280,212,313,160,312,120,93,60,48,25,247,200
89051861,0,14628.0,11,285,4.0,0.0,208,67,23,13,8,97,40,30,75,50,100,100,281,1,320,160,320,120,99,60,40,23,250,200
89051861,1,37835.0,10,245,0.0,13.0,378,140,115,0,0,123,40,30,75,50,100,100,281,1,320,160,320,120,99,60,40,23,250,200
89052352,0,39540.0,6,171,13.0,13.0,153,0,35,0,0,118,42,35,69,50,100,100,281,13,320,160,321,120,96,60,34,22,252,200
89052352,1,29911.0,10,254,14.0,0.0,176,64,16,7,11,78,42,35,69,50,100,100,281,13,320,160,321,120,96,60,34,22,252,200
89052354,0,100594.0,10,269,9.0,13.0,152,12,26,41,12,61,42,32,70,50,100,55,278,127,282,160,291,120,106,60,51,25,247,200
89052354,1,77123.0,14,223,9.0,12.0,190,2,11,9,0,168,42,32,70,50,100,55,278,127,282,160,291,120,106,60,51,25,247,200
89052357,0,31654.0,7,203,,13.0,86,27,32,3,5,19,40,29,68,50,100,100,281,13,347,160,291,120,106,60,47,24,252,200
89052357,1,32685.0,11,298,6.0,13.0,314,197,32,16,3,66,40,29,68,50,100,100,281,13,347,160,291,120,106,60,47,24,252,200
89052843,0,17101.0,6,168,,0.0,128,0,32,0,0,96,42,35,70,50,100,100,277,7,344,160,289,120,105,60,46,25,248,200
89052843,1,59409.0,8,176,0.0,22.0,193,0,44,148,0,1,42,35,70,50,100,100,277,7,344,160,289,120,105,60,46,25,248,200
89052847,0,34769.0,9,228,0.0,11.0,222,72,23,3,20,104,42,35,68,50,100,100,278,13,332,160,302,120,101,60,39,22,252,200
89052847,1,31028.0,6,171,13.0,13.0,222,0,35,0,0,187,42,35,68,50,100,100,278,13,332,160,302,120,101,60,39,22,252,200
89052850,0,25343.0,6,171,13.0,0.0,153,0,35,0,0,118,42,33,67,50,100,100,278,1,340,160,326,120,96,60,41,22,253,200
89052850,1,30740.0,7,203,11.0,11.0,129,34,29,5,5,56,42,33,67,50,100,100,278,1,340,160,326,120,96,60,41,22,253,200
89053343,0,69467.0,12,309,11.0,11.0,88,22,26,12,7,21,42,35,63,50,100,45,278,1,336,160,296,120,100,60,50,25,244,200
89053343,1,49328.0,11,175,10.0,10.0,206,7,39,5,0,155,42,35,63,50,100,45,278,1,336,160,296,120,100,60,50,25,244,200
89053831,0,221.0,11,106,0.0,0.0,224,0,83,0,0,141,42,35,65,50,132,100,284,250,347,160,321,120,104,60,47,25,253,200
89053831,1,4018.0,2,60,,0.0,9,0,0,0,9,0,42,35,65,50,132,100,284,250,347,160,321,120,104,60,47,25,253,200
89053832,0,36448.0,10,296,0.0,11.0,208,99,16,4,18,71,41,31,74,50,100,100,278,73,311,160,279,120,92,60,39,21,250,200
89053832,1,59995.0,10,258,10.0,11.0,244,0,36,66,0,142,41,31,74,50,100,100,278,73,311,160,279,120,92,60,39,21,250,200
89053834,0,87065.0,10,277,9.0,11.0,131,10,24,42,9,46,42,35,59,50,100,8,278,13,258,160,281,120,96,60,59,25,245,200
89053834,1,60679.0,12,307,11.0,11.0,112,35,26,14,5,32,42,35,59,50,100,8,278,13,258,160,281,120,96,60,59,25,245,200
89053836,0,42924.0,7,183,10.0,9.0,78,37,8,3,6,24,42,32,70,50,100,83,281,162,332,160,297,120,105,60,49,25,246,200
89053836,1,44779.0,7,203,,13.0,86,27,32,3,5,19,42,32,70,50,100,83,281,162,332,160,297,120,105,60,49,25,246,200
89053837,0,12920.0,10,239,0.0,0.0,379,140,116,0,0,123,41,31,71,50,100,100,281,1,354,160,339,120,103,60,39,23,246,200
89053837,1,34617.0,6,171,13.0,13.0,153,0,35,0,0,118,41,31,71,50,100,100,281,1,354,160,339,120,103,60,39,23,246,200
89054334,0,30375.0,7,210,,9.0,144,90,20,0,0,34,41,28,66,50,111,100,278,136,354,160,317,120,106,60,48,24,247,200
89054334,1,18025.0,9,210,0.0,0.0,148,47,32,9,20,40,41,28,66,50,111,100,278,136,354,160,317,120,106,60,48,24,247,200
89054335,0,60038.0,12,309,11.0,11.0,96,28,27,8,5,28,41,35,66,50,100,42,278,1,321,160,307,120,92,60,54,25,246,200
89054335,1,53656.0,11,179,10.0,10.0,178,4,38,18,0,118,41,35,66,50,100,42,278,1,321,160,307,120,92,60,54,25,246,200
89055337,0,3813.0,2,60,,0.0,9,0,0,0,9,0,42,32,68,50,112,100,278,237,336,160,319,120,87,60,48,24,253,200
89055337,1,25507.0,9,213,0.0,0.0,148,50,30,11,21,36,42,32,68,50,112,100,278,237,336,160,319,120,87,60,48,24,253,200
89055824,0,36559.0,7,203,,13.0,86,27,32,3,5,19,42,28,71,50,100,29,281,1,270,160,306,120,101,60,56,25,247,200
89055824,1,23952.0,19,373,0.0,0.0,215,50,83,0,0,82,42,28,71,50,100,29,281,1,270,160,306,120,101,60,56,25,247,200
89056326,0,26103.0,19,373,0.0,0.0,216,50,71,0,0,95,42,29,77,50,100,34,284,243,242,160,318,120,96,60,57,25,240,200
89056326,1,6190.0,0,0,,0.0,2,0,2,0,0,0,42,29,77,50,100,34,284,243,242,160,318,120,96,60,57,25,240,200
89056327,0,3402.0,0,0,,0.0,15,0,0,0,0,15,42,29,71,50,100,36,286,250,241,143,314,120,92,60,53,25,251,200
89056327,1,29087.0,18,372,0.0,0.0,210,50,63,0,0,97,42,29,71,50,100,36,286,250,241,143,314,120,92,60,53,25,251,200
89056329,0,33414.0,7,203,,13.0,86,27,32,3,5,19,41,35,68,50,100,100,277,22,351,160,317,120,101,60,49,25,250,200
89056329,1,37035.0,5,94,4.0,10.0,74,20,16,2,11,25,41,35,68,50,100,100,277,22,351,160,317,120,101,60,49,25,250,200
89056825,0,12393.0,18,368,0.0,0.0,202,49,61,0,0,92,41,28,77,50,100,30,277,1,208,91,318,120,94,60,53,25,249,200
89056825,1,39419.0,10,190,11.0,10.0,261,117,57,0,0,87,41,28,77,50,100,30,277,1,208,91,318,120,94,60,53,25,249,200
89056829,0,39241.0,7,203,,13.0,86,27,32,3,5,19,41,28,69,50,100,34,281,1,258,160,306,120,105,60,55,25,251,200
89056829,1,21485.0,18,369,0.0,0.0,211,50,73,0,0,88,41,28,69,50,100,34,281,1,258,160,306,120,105,60,55,25,251,200
89057330,0,27339.0,7,203,11.0,0.0,126,34,29,5,5,53,42,34,70,50,100,100,278,1,347,160,301,120,92,60,45,23,248,200
89057330,1,29721.0,7,203,11.0,0.0,125,37,27,3,4,54,42,34,70,50,100,100,278,1,347,160,301,120,92,60,45,23,248,200
89057337,0,36077.0,7,203,,13.0,86,27,32,3,5,19,42,35,65,50,100,100,277,25,358,160,333,120,99,60,49,25,246,200
89057337,1,33633.0,5,99,4.0,10.0,74,20,18,2,11,23,42,35,65,50,100,100,277,25,358,160,333,120,99,60,49,25,246,200
89057828,0,2393.0,4,101,0.0,0.0,439,0,0,0,0,439,42,35,71,50,100,100,281,219,358,160,323,120,96,60,44,22,246,200
89057828,1,48849.0,7,203,,13.0,86,27,32,3,5,19,42,35,71,50,100,100,281,219,358,160,323,120,96,60,44,22,246,200
89057836,0,33608.0,7,203,11.0,11.0,124,36,29,5,5,49,41,32,75,50,100,100,277,1,311,160,306,120,92,60,43,25,252,200
89057836,1,16601.0,10,190,11.0,0.0,267,124,53,0,0,90,41,32,75,50,100,100,277,1,311,160,306,120,92,60,43,25,252,200
89058338,0,3822.0,2,60,,0.0,9,0,0,0,9,0,42,35,75,50,100,100,293,250,354,160,327,120,91,60,47,25,246,200
89058338,1,4002.0,4,105,0.0,0.0,452,0,0,0,0,452,42,35,75,50,100,100,293,250,354,160,327,120,91,60,47,25,246,200
89058340,0,62682.0,8,240,0.0,12.0,178,5,19,19,15,120,42,31,65,50,100,3,277,54,293,160,308,120,95,60,54,22,244,200
89058340,1,131089.0,12,240,10.0,15.0,62,18,25,0,0,19,42,31,65,50,100,3,277,54,293,160,308,120,95,60,54,22,244,200
89058835,0,61847.0,10,213,11.0,11.0,22,0,14,1,0,7,42,35,77,50,100,70,278,129,220,112,322,120,96,60,56,25,246,200
89058835,1,41524.0,7,203,,13.0,86,27,32,3,5,19,42,35,77,50,100,70,278,129,220,112,322,120,96,60,56,25,246,200
89059338,0,57372.0,9,243,0.0,11.0,199,60,27,4,21,87,41,27,77,50,100,51,278,214,255,160,324,120,89,60,51,25,245,200
89059338,1,62159.0,6,146,0.0,18.0,197,79,44,0,0,74,41,27,77,50,100,51,278,214,255,160,324,120,89,60,51,25,245,200
89059342,0,45304.0,7,203,11.0,11.0,123,34,29,5,5,50,42,32,74,50,100,100,278,206,328,160,284,120,96,60,48,25,252,200
89059342,1,5482.0,0,0,,0.0,2,0,2,0,0,0,42,32,74,50,100,100,278,206,328,160,284,120,96,60,48,25,252,200
89059343,0,65373.0,8,240,0.0,21.0,150,28,27,34,3,58,42,35,71,50,100,13,278,81,262,160,287,120,101,60,53,25,250,200
89059343,1,83240.0,10,273,9.0,11.0,152,13,26,43,8,62,42,35,71,50,100,13,278,81,262,160,287,120,101,60,53,25,250,200
89059345,0,2576.0,4,101,0.0,0.0,440,0,0,0,0,440,42,35,67,50,100,100,280,240,368,160,321,120,96,60,45,23,248,200
89059345,1,22760.0,4,56,0.0,0.0,116,19,90,0,0,7,42,35,67,50,100,100,280,240,368,160,321,120,96,60,45,23,248,200
89059866,0,51926.0,10,242,0.0,13.0,373,138,111,0,0,124,41,31,73,50,100,100,281,142,340,160,314,120,96,60,45,25,250,200
89059866,1,3000.0,0,0,,0.0,0,0,0,0,0,0,41,31,73,50,100,100,281,142,340,160,314,120,96,60,45,25,250,200
89059870,0,33091.0,7,203,11.0,11.0,128,34,29,5,5,55,39,26,71,50,100,100,277,1,347,160,299,120,99,60,44,24,253,200
89059870,1,15604.0,10,192,11.0,0.0,283,125,55,0,0,103,39,26,71,50,100,100,277,1,347,160,299,120,99,60,44,24,253,200
89061333,0,22507.0,6,168,,0.0,124,0,32,0,0,92,42,35,66,50,100,100,278,1,340,160,310,120,107,60,45,25,248,200
89061333,1,29813.0,7,203,11.0,0.0,125,34,29,5,5,52,42,35,66,50,100,100,278,1,340,160,310,120,107,60,45,25,248,200
89061830,0,21186.0,7,203,,0.0,86,27,32,3,5,19,42,32,70,50,100,100,278,13,324,160,298,120,105,60,47,23,253,200
89061830,1,34777.0,7,203,11.0,11.0,127,34,29,5,5,54,42,32,70,50,100,100,278,13,324,160,298,120,105,60,47,23,253,200
89061831,0,21016.0,6,174,,0.0,55,1,38,0,0,16,42,32,68,50,100,100,279,7,354,160,312,120,109,60,51,24,248,200
89061831,1,27978.0,8,216,0.0,0.0,286,8,59,29,5,185,42,32,68,50,100,100,279,7,354,160,312,120,109,60,51,24,248,200
89062322,0,6259.0,0,0,,0.0,2,0,2,0,0,0,42,35,69,50,100,100,293,250,324,160,294,120,96,60,49,25,253,200
89062322,1,3000.0,0,0,,0.0,0,0,0,0,0,0,42,35,69,50,100,100,293,250,324,160,294,120,96,60,49,25,253,200
89062325,0,109689.0,12,311,11.0,11.0,25,0,25,0,0,0,41,27,56,50,100,53,278,78,306,160,297,120,91,60,52,24,245,200
89062325,1,40067.0,10,295,0.0,11.0,202,84,18,5,15,80,41,27,56,50,100,53,278,78,306,160,297,120,91,60,52,24,245,200
89062326,0,51577.0,8,199,0.0,14.0,302,8,67,37,5,185,42,32,77,50,100,22,282,227,216,15,304,120,100,60,59,25,248,200
89062326,1,44817.0,12,302,12.0,13.0,22,0,0,0,0,22,42,32,77,50,100,22,282,227,216,15,304,120,100,60,59,25,248,200
89062813,0,96422.0,15,292,10.0,18.0,85,14,24,0,0,47,42,31,69,50,100,17,277,106,272,160,324,120,96,60,57,25,243,193
89062813,1,36940.0,10,282,,7.0,27,4,18,0,0,5,42,31,69,50,100,17,277,106,272,160,324,120,96,60,57,25,243,193
89064289,0,33056.0,7,203,11.0,11.0,108,17,38,5,6,42,42,32,77,50,100,100,278,1,324,160,302,120,99,60,49,25,248,200
89064289,1,16876.0,7,203,,0.0,86,27,32,3,5,19,42,32,77,50,100,100,278,1,324,160,302,120,99,60,49,25,248,200
89064291,0,44129.0,10,295,,13.0,26,2,18,0,0,6,42,31,76,50,100,10,277,70,256,122,311,120,92,60,59,25,236,129
89064291,1,105665.0,12,243,10.0,17.0,69,14,25,0,0,30,42,31,76,50,100,10,277,70,256,122,311,120,92,60,59,25,236,129
89064294,0,3846.0,2,60,,0.0,9,0,0,0,9,0,42,35,67,50,100,100,278,241,351,160,327,120,93,60,44,23,247,200
89064294,1,38903.0,7,203,11.0,11.0,150,37,23,0,0,90,42,35,67,50,100,100,278,241,351,160,327,120,93,60,44,23,247,200
89064784,0,24803.0,7,203,11.0,0.0,111,16,38,6,6,45,41,29,71,50,100,100,278,1,361,160,312,120,90,60,46,23,247,200
89064784,1,26385.0,7,203,11.0,0.0,126,36,29,5,5,51,41,29,71,50,100,100,278,1,361,160,312,120,90,60,46,23,247,200
89064786,0,27783.0,7,203,,0.0,86,27,32,3,5,19,42,34,68,50,100,100,281,13,332,160,318,120,95,60,48,25,251,200
89064786,1,27783.0,7,203,,0.0,86,27,32,3,5,19,42,34,68,50,100,100,281,13,332,160,318,120,95,60,48,25,251,200
89065769,0,5340.0,0,0,,0.0,110,110,0,0,0,0,40,25,71,50,100,100,287,250,344,160,311,120,96,60,48,25,252,200
89065769,1,29376.0,4,120,,0.0,95,56,16,0,0,23,40,25,71,50,100,100,287,250,344,160,311,120,96,60,48,25,252,200
89065770,0,16020.0,10,190,11.0,0.0,263,120,50,0,0,93,41,35,68,50,100,100,277,13,347,160,304,120,114,60,47,25,250,200
89065770,1,27477.0,8,240,,0.0,93,53,40,0,0,0,41,35,68,50,100,100,277,13,347,160,304,120,114,60,47,25,250,200
89065775,0,27532.0,7,203,,0.0,86,27,32,3,5,19,42,35,75,50,100,100,281,13,324,160,305,120,92,60,49,23,247,200
89065775,1,27447.0,7,203,,0.0,91,26,35,4,6,20,42,35,75,50,100,100,281,13,324,160,305,120,92,60,49,23,247,200
89066264,0,50481.0,10,244,0.0,14.0,352,8,97,57,5,185,42,31,65,50,100,100,278,131,333,160,294,120,95,60,46,22,252,200
89066264,1,18537.0,7,131,4.0,0.0,292,97,68,5,21,101,42,31,65,50,100,100,278,131,333,160,294,120,95,60,46,22,252,200
89066748,0,33823.0,7,203,11.0,11.0,124,36,29,5,5,49,41,30,73,50,100,100,278,13,358,160,321,120,86,60,46,23,247,200
89066748,1,21130.0,7,203,,0.0,86,27,32,3,5,19,41,30,73,50,100,100,278,13,358,160,321,120,86,60,46,23,247,200
89066750,0,49439.0,7,203,,13.0,86,27,32,3,5,19,42,35,53,43,100,100,281,219,361,160,329,120,105,60,51,25,246,200
89066750,1,12616.0,8,205,,0.0,54,0,0,0,0,54,42,35,53,43,100,100,281,219,361,160,329,120,105,60,51,25,246,200
89067223,0,10622.0,9,252,15.0,0.0,252,0,0,0,0,252,42,35,62,50,100,90,293,250,340,160,314,120,100,60,45,22,250,200
89067223,1,3968.0,2,60,,0.0,9,0,0,0,9,0,42,35,62,50,100,90,293,250,340,160,314,120,100,60,45,22,250,200
89067711,0,35487.0,7,203,,13.0,86,27,32,3,5,19,42,35,67,50,100,100,281,19,344,160,310,120,97,60,49,25,248,200
89067711,1,26541.0,3,90,,0.0,81,12,19,0,15,35,42,35,67,50,100,100,281,19,344,160,310,120,97,60,49,25,248,200
89067718,0,15888.0,4,120,,0.0,100,66,9,0,0,25,42,31,66,50,100,100,280,138,328,160,299,120,105,60,47,23,253,200
89067718,1,44805.0,7,203,,13.0,86,27,32,3,5,19,42,31,66,50,100,100,280,138,328,160,299,120,105,60,47,23,253,200
89068182,0,30983.0,9,162,0.0,13.0,104,33,43,1,8,19,42,35,74,50,100,100,281,13,328,160,307,120,81,60,47,25,251,200
89068182,1,28862.0,3,90,,0.0,81,12,19,0,15,35,42,35,74,50,100,100,281,13,328,160,307,120,81,60,47,25,251,200
89068183,0,6584.0,0,0,,0.0,104,104,0,0,0,0,42,31,56,50,100,85,293,250,344,160,318,120,92,60,44,22,253,200
89068183,1,12746.0,9,252,19.0,0.0,238,2,0,0,0,236,42,31,56,50,100,85,293,250,344,160,318,120,92,60,44,22,253,200
89068186,0,29386.0,9,194,,0.0,106,0,34,0,0,72,42,32,70,50,100,100,278,1,354,160,325,120,85,60,37,21,246,200
89068186,1,34291.0,9,238,0.0,11.0,218,63,21,4,22,108,42,32,70,50,100,100,278,1,354,160,325,120,85,60,37,21,246,200
89068189,0,90436.0,10,295,,14.0,24,2,18,0,0,4,42,35,67,50,100,37,278,7,324,160,287,120,105,60,49,25,240,200
89068189,1,52941.0,11,183,10.0,10.0,212,38,33,9,0,132,42,35,67,50,100,37,278,7,324,160,287,120,105,60,49,25,240,200
89068670,0,19202.0,9,252,16.0,0.0,223,0,0,0,0,223,42,35,62,50,100,77,277,31,332,160,330,120,103,60,43,22,246,200
89068670,1,54331.0,10,193,11.0,11.0,271,109,53,0,0,109,42,35,62,50,100,77,277,31,332,160,330,120,103,60,43,22,246,200
89068673,0,55593.0,11,185,10.0,10.0,217,26,31,10,0,150,42,35,66,50,100,36,278,13,310,160,294,120,101,60,49,25,243,183
89068673,1,104093.0,10,297,,16.0,24,2,18,0,0,4,42,35,66,50,100,36,278,13,310,160,294,120,101,60,49,25,243,183
89068676,0,5702.0,0,0,,0.0,2,0,2,0,0,0,41,31,68,50,101,100,278,236,344,160,330,120,85,60,49,25,250,200
89068676,1,22445.0,9,211,0.0,0.0,116,44,28,3,7,34,41,31,68,50,101,100,278,236,344,160,330,120,85,60,49,25,250,200
89069151,0,20827.0,10,192,11.0,0.0,274,123,53,0,0,98,42,35,69,50,100,100,277,1,315,160,304,120,96,60,44,24,252,200
89069151,1,16977.0,6,174,,0.0,59,0,39,0,0,20,42,35,69,50,100,100,277,1,315,160,304,120,96,60,44,24,252,200
89069621,0,18228.0,10,218,0.0,0.0,663,8,367,98,5,185,41,30,65,50,100,100,278,13,351,160,294,120,106,60,47,23,253,200
89069621,1,40171.0,7,203,10.0,11.0,98,32,29,5,4,28,41,30,65,50,100,100,278,13,351,160,294,120,106,60,47,23,253,200
89069623,0,30241.0,7,210,,9.0,144,90,20,0,0,34,41,29,75,50,100,100,278,1,328,160,322,120,90,60,47,24,247,200
89069623,1,27362.0,7,203,11.0,0.0,98,31,29,5,5,28,41,29,75,50,100,100,278,1,328,160,322,120,90,60,47,24,247,200
89069626,0,3000.0,0,0,,0.0,0,0,0,0,0,0,41,35,71,50,100,87,293,250,340,160,333,120,96,60,46,22,250,200
89069626,1,16769.0,9,252,14.0,0.0,245,0,0,0,0,245,41,35,71,50,100,87,293,250,340,160,333,120,96,60,46,22,250,200
89069630,0,27305.0,10,254,14.0,0.0,158,40,22,7,14,75,40,28,69,50,100,100,278,1,358,160,320,120,86,60,40,22,252,200
89069630,1,34690.0,7,203,11.0,11.0,108,17,38,5,6,42,40,28,69,50,100,100,278,1,358,160,320,120,86,60,40,22,252,200
89071094,0,51007.0,10,246,0.0,13.0,378,143,113,0,0,122,42,35,68,50,100,100,281,142,340,160,318,120,107,60,42,23,246,200
89071094,1,3812.0,0,0,,0.0,15,15,0,0,0,0,42,35,68,50,100,100,281,142,340,160,318,120,107,60,42,23,246,200
89071097,0,27939.0,8,240,,0.0,76,42,34,0,0,0,41,35,70,50,100,100,277,13,328,160,318,120,98,60,46,25,253,200
89071097,1,14725.0,10,193,11.0,0.0,259,121,54,0,0,84,41,35,70,50,100,100,277,13,328,160,318,120,98,60,46,25,253,200
89071578,0,37163.0,7,203,11.0,11.0,129,34,29,5,5,56,41,28,77,50,100,100,278,54,324,160,314,120,82,60,41,23,250,200
89071578,1,34020.0,10,254,14.0,13.0,163,48,20,6,15,74,41,28,77,50,100,100,278,54,324,160,314,120,82,60,41,23,250,200
89071580,0,134302.0,12,234,10.0,19.0,69,15,35,0,0,19,41,33,66,50,100,1,278,1,298,160,295,120,101,60,54,25,249,200
89071580,1,57824.0,13,179,10.0,10.0,161,4,35,23,0,99,41,33,66,50,100,1,278,1,298,160,295,120,101,60,54,25,249,200
89071581,0,27507.0,7,203,10.0,0.0,98,32,29,5,4,28,41,31,64,50,100,100,278,1,358,160,323,120,94,60,39,22,250,200
89071581,1,38650.0,9,238,0.0,11.0,226,68,21,4,22,111,41,31,64,50,100,100,278,1,358,160,323,120,94,60,39,22,250,200
89071584,0,3775.0,0,0,,0.0,15,15,0,0,0,0,41,35,69,50,100,100,293,250,351,160,311,120,96,60,49,25,253,200
89071584,1,3000.0,0,0,,0.0,0,0,0,0,0,0,41,35,69,50,100,100,293,250,351,160,311,120,96,60,49,25,253,200
89071585,0,21693.0,13,321,0.0,0.0,70,21,19,30,0,0,42,29,73,50,100,100,278,1,332,160,278,120,114,60,46,25,250,200
89071585,1,47745.0,11,178,10.0,10.0,209,6,39,8,0,156,42,29,73,50,100,100,278,1,332,160,278,120,114,60,46,25,250,200
89072054,0,54118.0,10,300,11.0,11.0,175,10,122,4,2,37,41,28,70,50,100,69,290,244,319,160,307,120,94,60,54,25,250,200
89072054,1,5855.0,0,0,,0.0,111,111,0,0,0,0,41,28,70,50,100,69,290,244,319,160,307,120,94,60,54,25,250,200
89072061,0,57666.0,12,235,10.0,15.0,70,15,32,0,0,23,42,35,75,50,100,1,278,1,224,9,297,120,92,60,52,25,247,200
89072061,1,50907.0,11,179,10.0,10.0,211,19,37,6,0,149,42,35,75,50,100,1,278,1,224,9,297,120,92,60,52,25,247,200
89073537,0,45378.0,10,296,0.0,11.0,204,79,18,4,18,85,41,29,69,50,100,71,278,206,307,160,314,120,102,60,49,22,250,200
89073537,1,50671.0,10,300,11.0,11.0,175,10,122,4,2,37,41,29,69,50,100,71,278,206,307,160,314,120,102,60,49,22,250,200
89073539,0,42874.0,10,256,14.0,13.0,167,45,18,7,18,79,41,35,68,50,100,79,278,162,341,160,307,120,106,60,47,25,246,200
89073539,1,42287.0,10,269,10.0,10.0,110,45,19,15,0,31,41,35,68,50,100,79,278,162,341,160,307,120,106,60,47,25,246,200
89074005,0,85581.0,10,262,0.0,10.0,163,30,19,60,0,54,41,27,70,50,100,100,279,176,358,160,288,120,92,60,46,22,246,200
89074005,1,6174.0,0,0,,0.0,110,110,0,0,0,0,41,27,70,50,100,100,279,176,358,160,288,120,92,60,46,22,246,200
89074009,0,41625.0,10,269,10.0,10.0,110,45,19,15,0,31,41,33,73,50,100,79,278,37,330,160,311,120,90,60,51,25,251,200
89074009,1,32095.0,7,203,,13.0,84,26,32,3,5,18,41,33,73,50,100,79,278,37,330,160,311,120,90,60,51,25,251,200
89074015,0,57838.0,12,238,10.0,11.0,75,14,33,0,0,28,42,31,71,50,100,1,277,25,274,55,333,120,90,60,63,25,225,5
89074015,1,50776.0,15,314,6.0,18.0,126,12,24,0,0,90,42,31,71,50,100,1,277,25,274,55,333,120,90,60,63,25,225,5
89074475,0,24751.0,6,168,,0.0,131,0,32,0,0,99,42,35,71,50,100,100,278,19,347,160,299,120,97,60,42,25,250,200
89074475,1,30441.0,7,179,11.0,11.0,121,41,28,2,6,44,42,35,71,50,100,100,278,19,347,160,299,120,97,60,42,25,250,200
89074479,0,11887.0,3,80,12.0,0.0,369,81,288,0,0,0,41,29,76,50,100,100,278,1,328,160,324,120,92,60,43,25,248,200
89074479,1,37262.0,10,240,0.0,13.0,383,144,114,0,0,125,41,29,76,50,100,100,278,1,328,160,324,120,92,60,43,25,248,200
89074483,0,13124.0,4,120,,0.0,177,0,0,0,0,177,42,35,74,50,100,100,281,219,336,160,296,120,105,60,39,22,247,200
89074483,1,48432.0,7,203,,13.0,86,27,32,3,5,19,42,35,74,50,100,100,281,219,336,160,296,120,105,60,39,22,247,200
89074970,0,14712.0,4,56,0.0,0.0,142,20,89,0,0,33,42,35,73,50,100,100,278,223,315,160,294,120,96,60,49,25,252,200
89074970,1,12010.0,3,82,12.0,0.0,302,67,235,0,0,0,42,35,73,50,100,100,278,223,315,160,294,120,96,60,49,25,252,200
89074971,0,47720.0,12,238,10.0,11.0,73,15,31,0,0,27,42,35,68,50,100,1,277,84,280,3,330,120,96,60,64,25,223,1
89074971,1,44455.0,15,313,6.0,10.0,135,39,23,0,0,73,42,35,68,50,100,1,277,84,280,3,330,120,96,60,64,25,223,1
89075429,0,44127.0,7,203,11.0,11.0,122,36,29,5,5,47,42,35,69,50,100,100,278,214,315,160,313,120,101,60,35,21,252,200
89075429,1,12023.0,4,120,,0.0,182,0,0,0,0,182,42,35,69,50,100,100,278,214,315,160,313,120,101,60,35,21,252,200
89075923,0,27134.0,4,113,11.0,0.0,173,92,77,0,0,4,41,33,73,50,100,100,278,13,347,160,318,120,87,60,42,24,247,200
89075923,1,31974.0,10,254,14.0,12.0,175,60,17,6,12,80,41,33,73,50,100,100,278,13,347,160,318,120,87,60,42,24,247,200
89075930,0,56304.0,15,311,6.0,17.0,114,12,23,0,0,79,42,31,70,50,100,1,277,76,282,160,333,120,96,60,64,25,223,1
89075930,1,53383.0,12,235,10.0,11.0,77,15,32,0,0,30,42,31,70,50,100,1,277,76,282,160,333,120,96,60,64,25,223,1
89076396,0,18879.0,9,162,0.0,0.0,103,39,26,3,8,27,41,35,67,50,100,95,277,115,354,160,312,120,105,60,48,25,252,200
89076396,1,34864.0,9,221,12.0,10.0,92,11,48,0,0,33,41,35,67,50,100,95,277,115,354,160,312,120,105,60,48,25,252,200
89076398,0,23465.0,4,113,11.0,0.0,173,92,77,0,0,4,42,35,74,50,100,100,278,7,336,160,314,120,88,60,43,25,251,200
89076398,1,18214.0,6,168,,0.0,129,0,29,0,0,100,42,35,74,50,100,100,278,7,336,160,314,120,88,60,43,25,251,200
89076405,0,6259.0,0,0,,0.0,2,0,2,0,0,0,42,35,71,50,100,100,293,250,347,160,304,120,94,60,40,22,248,200
89076405,1,13872.0,4,120,,0.0,177,0,0,0,0,177,42,35,71,50,100,100,293,250,347,160,304,120,94,60,40,22,248,200
89076867,0,21182.0,8,216,0.0,0.0,279,8,57,25,5,184,42,32,62,50,100,92,280,7,332,160,302,120,94,60,48,23,253,200
89076867,1,37937.0,9,222,11.0,11.0,125,12,37,0,0,76,42,32,62,50,100,92,280,7,332,160,302,120,94,60,48,23,253,200
89076870,0,14271.0,9,164,0.0,0.0,112,38,28,2,9,35,41,35,73,50,100,100,278,13,340,160,288,120,97,60,50,25,251,200
89076870,1,31247.0,4,114,11.0,11.0,174,95,77,0,0,2,41,35,73,50,100,100,278,13,340,160,288,120,97,60,50,25,251,200
89076877,0,23551.0,10,196,11.0,0.0,271,124,52,0,0,95,41,33,76,50,100,100,277,1,328,160,303,120,95,60,43,25,248,200
89076877,1,30734.0,7,179,11.0,11.0,121,41,27,2,4,47,41,33,76,50,100,100,277,1,328,160,303,120,95,60,43,25,248,200
89076878,0,54653.0,10,300,11.0,11.0,175,10,122,4,2,37,42,31,70,50,100,69,278,176,315,160,326,120,81,57,48,23,247,200
89076878,1,51401.0,9,235,0.0,11.0,211,55,26,5,20,105,42,31,70,50,100,69,278,176,315,160,326,120,81,57,48,23,247,200
89076879,0,56988.0,12,238,10.0,11.0,75,14,34,0,0,27,42,32,68,50,100,1,277,54,263,1,314,120,94,60,63,25,239,200
89076879,1,46024.0,15,319,6.0,12.0,138,13,23,0,0,102,42,32,68,50,100,1,277,54,263,1,314,120,94,60,63,25,239,200
89077342,0,13678.0,9,164,0.0,0.0,116,42,28,4,10,32,42,35,75,50,100,100,278,13,320,160,291,120,89,60,47,25,251,200
89077342,1,31286.0,4,114,11.0,11.0,174,95,77,0,0,2,42,35,75,50,100,100,278,13,320,160,291,120,89,60,47,25,251,200
89077343,0,55576.0,10,300,11.0,11.0,175,10,122,4,2,37,41,28,66,50,100,69,278,189,331,160,336,120,104,60,52,24,248,200
89077343,1,31284.0,7,210,,9.0,144,90,20,0,0,34,41,28,66,50,100,69,278,189,331,160,336,120,104,60,52,24,248,200
89077351,0,54639.0,10,300,11.0,11.0,166,4,122,4,2,34,42,31,66,50,100,69,278,176,315,160,304,120,102,60,48,23,250,200
89077351,1,50551.0,9,235,0.0,11.0,213,55,26,5,21,106,42,31,66,50,100,69,278,176,315,160,304,120,102,60,48,23,250,200
89077808,0,31915.0,7,202,11.0,10.0,133,36,26,4,4,63,41,29,75,50,100,100,281,13,344,160,314,120,84,60,44,24,250,200
89077808,1,33758.0,7,203,,13.0,86,27,32,3,5,19,41,29,75,50,100,100,281,13,344,160,314,120,84,60,44,24,250,200
89077813,0,35315.0,10,254,14.0,13.0,163,50,18,6,15,74,41,33,68,50,100,96,279,65,347,160,312,120,107,60,41,23,250,200
89077813,1,30477.0,9,209,13.0,11.0,82,10,37,0,0,35,41,33,68,50,100,96,279,65,347,160,312,120,107,60,41,23,250,200
89077816,0,103200.0,15,280,10.0,20.0,55,11,23,0,0,21,41,28,71,50,100,17,277,101,292,160,289,120,96,60,55,23,244,200
89077816,1,86206.0,10,262,0.0,10.0,163,28,19,60,0,56,41,28,71,50,100,17,277,101,292,160,289,120,96,60,55,23,244,200
89078279,0,23953.0,6,168,,0.0,131,0,32,0,0,99,42,35,68,50,100,59,280,25,319,160,278,120,96,60,46,22,248,200
89078279,1,96426.0,9,266,0.0,17.0,173,55,27,42,0,49,42,35,68,50,100,59,280,25,319,160,278,120,96,60,46,22,248,200
89078280,0,61556.0,14,317,7.0,18.0,274,181,42,0,0,51,40,31,75,50,100,100,277,1,281,160,310,120,105,60,53,25,246,200
89078280,1,28039.0,7,203,11.0,0.0,129,34,29,5,5,56,40,31,75,50,100,100,277,1,281,160,310,120,105,60,53,25,246,200
89078281,0,5688.0,0,0,,0.0,110,110,0,0,0,0,41,28,71,50,100,67,290,244,324,160,324,120,96,60,55,25,250,200
89078281,1,59180.0,10,300,11.0,11.0,175,10,122,4,2,37,41,28,71,50,100,67,290,244,324,160,324,120,96,60,55,25,250,200
89078285,0,109678.0,12,302,11.0,11.0,44,14,15,2,1,12,41,28,66,50,100,30,278,184,280,160,321,120,101,60,52,23,247,200
89078285,1,44389.0,10,295,0.0,11.0,209,90,17,5,16,81,41,28,66,50,100,30,278,184,280,160,321,120,101,60,52,23,247,200
89078759,0,88441.0,9,257,0.0,13.0,162,31,26,38,0,67,42,32,74,50,100,61,280,43,270,160,278,120,100,60,49,21,250,200
89078759,1,27655.0,10,229,0.0,0.0,387,8,96,207,5,71,42,32,74,50,100,61,280,43,270,160,278,120,100,60,49,21,250,200
89078761,0,65077.0,5,119,9.0,15.0,30,7,13,2,3,5,40,26,74,50,100,62,278,218,328,160,326,120,92,60,52,25,248,200
89078761,1,32697.0,7,210,,9.0,144,90,20,0,0,34,40,26,74,50,100,62,278,218,328,160,326,120,92,60,52,25,248,200
89078762,0,44211.0,7,203,,13.0,86,27,32,3,5,19,41,30,74,50,100,100,279,165,324,160,288,120,87,60,44,22,251,200
89078762,1,29259.0,7,210,7.0,0.0,189,105,6,5,6,67,41,30,74,50,100,100,279,165,324,160,288,120,87,60,44,22,251,200
89078765,0,50466.0,10,245,0.0,13.0,374,138,115,0,0,121,41,35,68,50,100,100,281,154,332,160,318,120,98,60,41,23,253,200
89078765,1,1882.0,0,0,,0.0,25,0,0,0,25,0,41,35,68,50,100,100,281,154,332,160,318,120,98,60,41,23,253,200
89079240,0,36876.0,10,254,14.0,13.0,156,50,19,5,16,66,41,33,70,50,100,51,280,122,314,160,288,120,103,60,46,21,247,200
89079240,1,100208.0,9,268,0.0,19.0,166,8,31,40,0,87,41,33,70,50,100,51,280,122,314,160,288,120,103,60,46,21,247,200
89079244,0,31947.0,7,210,6.0,10.0,176,84,8,6,8,70,41,28,73,50,100,100,278,221,340,160,317,120,106,60,47,25,246,200
89079244,1,9294.0,4,56,0.0,0.0,367,141,96,0,0,130,41,28,73,50,100,100,278,221,340,160,317,120,106,60,47,25,246,200
89079703,0,36292.0,7,203,11.0,11.0,133,31,28,5,6,63,42,32,68,50,100,100,278,13,332,160,294,120,110,60,45,25,251,200
89079703,1,21575.0,7,203,,0.0,86,27,32,3,5,19,42,32,68,50,100,100,278,13,332,160,294,120,110,60,45,25,251,200
89079704,0,25720.0,7,203,,0.0,86,27,32,3,5,19,42,31,70,50,100,52,278,19,282,160,338,120,101,60,55,25,247,200
89079704,1,108082.0,10,260,10.0,10.0,50,6,16,0,0,28,42,31,70,50,100,52,278,19,282,160,338,120,101,60,55,25,247,200
89079711,0,10191.0,6,180,,0.0,153,0,0,0,0,153,42,35,64,50,100,100,287,240,358,160,311,120,101,60,40,22,252,200
89079711,1,12819.0,4,56,0.0,0.0,147,29,96,0,0,22,42,35,64,50,100,100,287,240,358,160,311,120,101,60,40,22,252,200
89080173,0,23227.0,9,163,0.0,0.0,82,22,50,0,3,7,42,35,66,50,100,100,278,13,354,160,316,120,110,60,45,23,250,200
89080173,1,48875.0,9,200,,10.0,95,0,16,16,0,63,42,35,66,50,100,100,278,13,354,160,316,120,110,60,45,23,250,200
89080644,0,24633.0,7,210,,0.0,144,90,20,0,0,34,41,27,51,43,100,67,278,1,365,160,318,120,100,60,48,25,246,200
89080644,1,22747.0,15,352,10.0,0.0,127,6,37,0,12,72,41,27,51,43,100,67,278,1,365,160,318,120,100,60,48,25,246,200
89080652,0,4158.0,2,60,,0.0,9,0,0,0,9,0,42,35,69,50,100,100,293,250,340,160,308,120,111,60,52,25,248,200
89080652,1,6099.0,0,0,,0.0,3,0,3,0,0,0,42,35,69,50,100,100,293,250,340,160,308,120,111,60,52,25,248,200
89080653,0,47925.0,10,295,0.0,11.0,206,83,18,5,18,82,40,25,67,50,100,60,278,238,336,160,299,120,94,60,48,25,250,200
89080653,1,67852.0,5,119,9.0,14.0,34,7,16,1,3,7,40,25,67,50,100,60,278,238,336,160,299,120,94,60,48,25,250,200
89081674,0,3000.0,0,0,,0.0,0,0,0,0,0,0,42,35,65,50,100,100,293,250,332,160,308,120,107,60,49,25,251,200
89081674,1,6259.0,0,0,,0.0,2,0,2,0,0,0,42,35,65,50,100,100,293,250,332,160,308,120,107,60,49,25,251,200
89082650,0,40771.0,7,203,,13.0,86,27,32,3,5,19,42,35,73,50,100,66,281,54,312,160,332,120,103,60,55,25,246,200
89082650,1,67735.0,7,203,11.0,13.0,48,0,48,0,0,0,42,35,73,50,100,66,281,54,312,160,332,120,103,60,55,25,246,200
89082653,0,73832.0,12,240,10.0,11.0,64,12,23,0,0,29,42,29,71,50,100,1,277,176,264,1,297,120,92,60,63,25,238,196
89082653,1,59488.0,12,245,9.0,18.0,36,13,12,0,2,9,42,29,71,50,100,1,277,176,264,1,297,120,92,60,63,25,238,196
89082655,0,22720.0,4,56,0.0,0.0,117,18,82,0,0,17,42,35,68,50,100,100,280,240,347,160,339,120,101,60,50,25,250,200
89082655,1,3000.0,0,0,,0.0,0,0,0,0,0,0,42,35,68,50,100,100,280,240,347,160,339,120,101,60,50,25,250,200
89082657,0,89144.0,10,272,9.0,19.0,130,10,19,56,8,37,41,29,68,50,100,9,278,104,283,160,287,120,102,60,56,25,250,200
89082657,1,103950.0,10,260,10.0,10.0,57,6,16,0,0,35,41,29,68,50,100,9,278,104,283,160,287,120,102,60,56,25,250,200
89083598,0,3902.0,5,102,,0.0,117,0,0,0,14,103,42,35,71,50,100,100,281,219,311,160,299,120,88,60,46,22,253,200
89083598,1,48490.0,7,203,,13.0,86,27,32,3,5,19,42,35,71,50,100,100,281,219,311,160,299,120,88,60,46,22,253,200
89083600,0,22140.0,7,203,,0.0,86,27,32,3,5,19,42,32,65,50,100,85,278,1,316,160,312,120,99,60,52,25,247,200
89083600,1,29429.0,15,319,11.0,0.0,122,53,38,2,15,14,42,32,65,50,100,85,278,1,316,160,312,120,99,60,52,25,247,200
89083607,0,39900.0,9,200,,10.0,95,0,16,16,0,63,41,35,75,50,100,100,278,7,328,160,297,120,105,60,45,23,250,200
89083607,1,49679.0,12,183,10.0,10.0,177,50,32,22,0,73,41,35,75,50,100,100,278,7,328,160,297,120,105,60,45,23,250,200
89083608,0,70069.0,10,260,10.0,10.0,57,6,16,0,0,35,42,29,70,50,100,8,278,81,247,32,268,120,92,60,56,25,251,200
89083608,1,56669.0,10,271,9.0,16.0,148,9,22,28,28,61,42,29,70,50,100,8,278,81,247,32,268,120,92,60,56,25,251,200
89084086,0,58659.0,12,239,10.0,11.0,64,13,29,0,0,22,42,35,65,50,100,53,278,13,328,160,333,120,106,60,54,25,248,200
89084086,1,30322.0,9,165,0.0,13.0,99,19,69,0,3,8,42,35,65,50,100,53,278,13,328,160,333,120,106,60,54,25,248,200
89084096,0,36979.0,10,254,14.0,13.0,169,56,22,4,12,75,41,28,75,50,100,100,281,43,315,160,293,120,89,60,34,22,253,200
89084096,1,39535.0,7,202,11.0,13.0,133,36,26,4,4,63,41,28,75,50,100,100,281,43,315,160,293,120,89,60,34,22,253,200
89084098,0,28579.0,15,354,10.0,0.0,132,11,37,0,12,72,42,35,52,45,100,67,278,1,328,160,285,120,93,60,48,25,252,200
89084098,1,13954.0,7,203,,0.0,86,27,32,3,5,19,42,35,52,45,100,67,278,1,328,160,285,120,93,60,48,25,252,200
89084583,0,41523.0,12,234,10.0,16.0,66,19,25,0,0,22,42,35,74,50,100,1,277,106,226,1,314,120,98,60,61,25,227,37
89084583,1,45931.0,10,260,10.0,10.0,57,6,16,0,0,35,42,35,74,50,100,1,277,106,226,1,314,120,98,60,61,25,227,37
89084584,0,19493.0,10,203,12.0,0.0,5,5,0,0,0,0,41,29,74,50,100,100,293,250,289,160,318,120,103,60,60,25,242,200
89084584,1,6159.0,0,0,,0.0,107,107,0,0,0,0,41,29,74,50,100,100,293,250,289,160,318,120,103,60,60,25,242,200
89084585,0,9633.0,6,180,,0.0,153,0,0,0,0,153,42,35,69,50,100,100,293,250,340,160,311,120,88,60,39,21,251,200
89084585,1,6259.0,0,0,,0.0,2,0,2,0,0,0,42,35,69,50,100,100,293,250,340,160,311,120,88,60,39,21,251,200
89084586,0,113203.0,12,240,10.0,15.0,81,21,25,0,0,35,42,29,66,50,100,1,277,158,287,91,311,120,92,60,62,25,240,200
89084586,1,103791.0,12,245,9.0,19.0,35,13,12,0,1,9,42,29,66,50,100,1,277,158,287,91,311,120,92,60,62,25,240,200
89085043,0,33737.0,12,273,,10.0,115,73,39,3,0,0,41,32,76,50,101,100,277,1,328,160,283,120,104,60,51,24,250,200
89085043,1,12692.0,10,220,0.0,0.0,304,8,73,33,5,185,41,32,76,50,101,100,277,1,328,160,283,120,104,60,51,24,250,200
89085046,0,59932.0,15,388,8.0,11.0,135,27,34,18,0,56,41,32,53,44,100,51,278,1,340,160,303,120,107,60,50,25,249,200
89085046,1,22460.0,7,203,11.0,0.0,126,34,29,5,5,53,41,32,53,44,100,51,278,1,340,160,303,120,107,60,50,25,249,200
89085051,0,29437.0,15,353,10.0,0.0,128,9,37,0,12,70,41,27,57,50,100,66,278,1,344,160,301,120,85,60,43,24,248,200
89085051,1,33402.0,10,296,0.0,10.0,204,79,16,4,17,88,41,27,57,50,100,66,278,1,344,160,301,120,85,60,43,24,248,200
89085529,0,31966.0,8,177,5.0,12.0,200,83,35,0,12,70,40,25,65,50,100,100,278,94,354,160,308,120,103,60,44,22,253,200
89085529,1,28061.0,7,210,,0.0,144,90,20,0,0,34,40,25,65,50,100,100,278,94,354,160,308,120,103,60,44,22,253,200
89086008,0,33644.0,7,190,4.0,13.0,259,133,10,12,33,71,40,31,67,50,100,100,281,76,340,160,304,120,89,60,36,22,250,200
89086008,1,37754.0,10,227,0.0,13.0,361,132,114,0,0,115,40,31,67,50,100,100,281,76,340,160,304,120,89,60,36,22,250,200
89086018,0,74358.0,10,260,10.0,10.0,57,6,16,0,0,35,42,29,70,50,100,2,277,101,268,22,321,120,101,60,61,25,243,200
89086018,1,87889.0,12,235,10.0,16.0,68,11,24,0,0,33,42,29,70,50,100,2,277,101,268,22,321,120,101,60,61,25,243,200
89086484,0,33588.0,10,196,11.0,10.0,275,127,51,0,0,97,41,35,68,50,100,52,277,13,325,160,321,120,101,60,55,25,248,200
89086484,1,65478.0,9,212,14.0,13.0,100,0,100,0,0,0,41,35,68,50,100,52,277,13,325,160,321,120,101,60,55,25,248,200
89086487,0,19776.0,7,203,11.0,0.0,125,36,29,5,5,50,41,32,71,50,101,100,277,1,340,160,297,120,107,60,49,25,252,200
89086487,1,25538.0,12,280,,0.0,122,83,36,3,0,0,41,32,71,50,101,100,277,1,340,160,297,120,107,60,49,25,252,200
89086497,0,15277.0,4,56,0.0,0.0,142,25,98,0,0,19,42,35,70,50,100,100,283,237,328,160,304,120,103,60,50,25,251,200
89086497,1,6009.0,0,0,,0.0,3,0,3,0,0,0,42,35,70,50,100,100,283,237,328,160,304,120,103,60,50,25,251,200
89086498,0,44294.0,9,200,,10.0,95,0,16,16,0,63,42,32,69,50,100,100,278,54,358,160,304,120,90,60,36,21,246,200
89086498,1,36105.0,9,238,0.0,11.0,218,56,25,3,21,113,42,32,69,50,100,100,278,54,358,160,304,120,90,60,36,21,246,200
89086963,0,39357.0,10,195,11.0,10.0,281,125,52,0,0,104,38,24,71,50,100,100,277,13,365,160,325,120,87,60,39,25,248,200
89086963,1,28719.0,7,196,4.0,0.0,274,77,12,11,28,146,38,24,71,50,100,100,277,13,365,160,325,120,87,60,39,25,248,200
89087914,0,78565.0,9,210,13.0,13.0,106,0,100,6,0,0,42,32,67,50,100,47,278,152,328,160,317,120,89,60,52,22,247,200
89087914,1,49385.0,9,235,0.0,11.0,213,55,26,3,23,106,42,32,67,50,100,47,278,152,328,160,317,120,89,60,52,22,247,200
89088397,0,26797.0,7,203,11.0,0.0,125,36,29,5,5,50,41,29,71,50,100,100,278,1,351,160,318,120,99,60,47,25,246,200
89088397,1,27347.0,8,198,7.0,0.0,109,37,41,5,4,22,41,29,71,50,100,100,278,1,351,160,318,120,99,60,47,25,246,200
89088867,0,23702.0,7,203,11.0,0.0,120,35,30,5,5,45,42,30,74,50,100,65,278,1,279,160,283,120,89,60,50,25,253,200
89088867,1,88176.0,10,274,11.0,11.0,97,7,24,33,10,23,42,30,74,50,100,65,278,1,279,160,283,120,89,60,50,25,253,200
89088870,0,35353.0,7,203,11.0,11.0,127,34,29,5,5,54,42,35,67,50,100,53,278,81,311,160,319,120,101,60,51,25,249,200
89088870,1,56264.0,12,238,10.0,11.0,64,13,29,0,0,22,42,35,67,50,100,53,278,81,311,160,319,120,101,60,51,25,249,200
89088874,0,12008.0,3,55,0.0,0.0,52,16,5,2,15,14,41,28,75,50,100,100,291,250,340,160,323,120,91,60,50,24,246,200
89088874,1,6246.0,0,0,,0.0,110,110,0,0,0,0,41,28,75,50,100,100,291,250,340,160,323,120,91,60,50,24,246,200
89088880,0,68985.0,15,316,6.0,18.0,131,19,25,0,0,87,42,31,66,50,100,1,277,25,284,5,304,120,109,60,62,25,231,174
89088880,1,75581.0,12,238,10.0,11.0,83,15,33,0,0,35,42,31,66,50,100,1,277,25,284,5,304,120,109,60,62,25,231,174
89088881,0,53853.0,5,118,9.0,15.0,35,8,14,2,4,7,42,32,64,50,100,61,278,140,304,160,296,120,91,60,47,25,252,200
89088881,1,56549.0,9,243,0.0,11.0,211,55,30,3,24,99,42,32,64,50,100,61,278,140,304,160,296,120,91,60,47,25,252,200
89089357,0,73629.0,15,282,10.0,19.0,88,12,24,0,0,52,42,29,70,50,100,1,277,101,282,38,308,120,105,60,60,25,233,187
89089357,1,86724.0,10,260,10.0,10.0,57,6,16,0,0,35,42,29,70,50,100,1,277,101,282,38,308,120,105,60,60,25,233,187
89089835,0,40384.0,10,248,0.0,13.0,254,165,18,5,11,55,41,35,55,44,100,72,281,65,351,160,308,120,95,60,51,25,246,200
89089835,1,39972.0,7,203,,13.0,86,27,32,3,5,19,41,35,55,44,100,72,281,65,351,160,308,120,95,60,51,25,246,200
89089846,0,29357.0,12,238,10.0,0.0,74,15,29,0,0,30,42,33,70,50,100,1,277,81,259,1,324,120,103,60,64,25,223,1
89089846,1,20826.0,15,315,6.0,0.0,116,12,25,0,0,79,42,33,70,50,100,1,277,81,259,1,324,120,103,60,64,25,223,1
89090320,0,90346.0,10,260,10.0,10.0,42,6,16,20,0,0,42,31,69,50,100,18,277,101,254,160,281,120,114,60,60,25,243,200
89090320,1,101469.0,12,236,10.0,16.0,53,11,24,0,0,18,42,31,69,50,100,18,277,101,254,160,281,120,114,60,60,25,243,200
89090787,0,5685.0,0,0,,0.0,110,110,0,0,0,0,40,28,71,50,100,100,293,250,351,160,301,120,103,60,48,25,252,200
89090787,1,3624.0,0,0,0.0,0.0,167,0,0,0,0,167,40,28,71,50,100,100,293,250,351,160,301,120,103,60,48,25,252,200
89090794,0,67495.0,10,260,10.0,10.0,57,6,16,0,0,35,42,31,69,50,100,1,277,101,259,11,324,120,107,60,61,25,241,200
89090794,1,85574.0,12,236,10.0,16.0,67,15,24,0,0,28,42,31,69,50,100,1,277,101,259,11,324,120,107,60,61,25,241,200
89091263,0,5571.0,0,0,,0.0,2,0,2,0,0,0,42,35,64,46,100,28,278,206,238,160,308,120,103,60,56,25,248,200
89091263,1,104291.0,13,350,8.0,11.0,69,21,27,7,0,14,42,35,64,46,100,28,278,206,238,160,308,120,103,60,56,25,248,200
89091271,0,33820.0,7,203,11.0,11.0,126,34,29,5,5,53,42,30,64,50,100,56,278,81,327,160,299,120,103,60,51,25,251,200
89091271,1,53577.0,12,240,10.0,11.0,64,13,29,0,0,22,42,30,64,50,100,56,278,81,327,160,299,120,103,60,51,25,251,200
89091272,0,79638.0,15,317,6.0,16.0,121,26,24,0,0,71,42,32,70,50,100,13,277,106,241,143,255,120,105,60,59,25,242,200
89091272,1,81202.0,10,260,10.0,10.0,42,6,16,20,0,0,42,32,70,50,100,13,277,106,241,143,255,120,105,60,59,25,242,200
89091274,0,20037.0,10,242,0.0,0.0,382,142,116,0,0,124,41,28,69,50,100,94,279,1,347,160,304,120,109,60,45,23,247,200
89091274,1,23860.0,9,222,13.0,0.0,82,8,37,0,0,37,41,28,69,50,100,94,279,1,347,160,304,120,109,60,45,23,247,200
89091741,0,27915.0,10,272,5.0,0.0,186,58,62,6,5,55,38,23,75,50,100,100,278,1,328,160,310,120,79,54,38,22,253,200
89091741,1,33740.0,10,296,0.0,11.0,200,70,18,5,18,89,38,23,75,50,100,100,278,1,328,160,310,120,79,54,38,22,253,200
89092218,0,22164.0,8,216,0.0,0.0,293,8,65,30,5,185,41,29,75,50,100,100,278,1,354,160,314,120,90,60,44,23,248,200
89092218,1,44523.0,7,203,11.0,11.0,140,36,26,4,4,70,41,29,75,50,100,100,278,1,354,160,314,120,90,60,44,23,248,200
89092231,0,91090.0,10,260,10.0,10.0,42,6,16,20,0,0,42,29,67,50,100,18,277,101,254,160,277,120,109,60,58,25,248,200
89092231,1,88584.0,12,235,10.0,18.0,48,11,24,0,0,13,42,29,67,50,100,18,277,101,254,160,277,120,109,60,58,25,248,200
89093225,0,48740.0,12,240,10.0,11.0,64,13,29,0,0,22,42,35,68,50,100,59,278,1,323,160,311,120,98,60,47,24,244,200
89093225,1,29345.0,10,247,0.0,0.0,382,143,116,0,0,123,42,35,68,50,100,59,278,1,323,160,311,120,98,60,47,24,244,200
89093226,0,25277.0,3,90,,0.0,38,0,38,0,0,0,41,35,70,50,100,100,277,13,336,160,286,120,107,60,48,25,250,200
89093226,1,34325.0,10,196,11.0,10.0,288,132,52,0,0,104,41,35,70,50,100,100,277,13,336,160,286,120,107,60,48,25,250,200
89093237,0,6087.0,0,0,,0.0,3,0,3,0,0,0,42,35,74,50,100,100,292,250,340,160,336,120,105,60,52,25,247,200
89093237,1,6247.0,0,0,,0.0,2,0,2,0,0,0,42,35,74,50,100,100,292,250,340,160,336,120,105,60,52,25,247,200
89093714,0,105734.0,12,237,10.0,16.0,49,11,24,0,0,14,42,31,68,50,100,17,277,101,250,160,296,120,111,60,60,25,244,200
89093714,1,92288.0,10,260,10.0,10.0,42,6,16,20,0,0,42,31,68,50,100,17,277,101,250,160,296,120,111,60,60,25,244,200
89094653,0,71997.0,12,240,10.0,11.0,63,17,28,0,0,18,40,25,71,50,100,52,278,200,305,160,290,120,97,60,48,25,250,200
89094653,1,42189.0,10,295,0.0,11.0,199,73,17,5,13,91,40,25,71,50,100,52,278,200,305,160,290,120,97,60,48,25,250,200
89094654,0,15499.0,7,203,,0.0,86,27,32,3,5,19,42,35,67,50,100,81,278,1,328,160,313,120,86,60,49,25,248,200
89094654,1,41241.0,12,273,,11.0,97,25,36,0,0,36,42,35,67,50,100,81,278,1,328,160,313,120,86,60,49,25,248,200
89094666,0,53084.0,14,182,10.0,10.0,159,6,33,24,0,96,42,32,66,50,100,66,278,1,342,160,281,120,104,60,50,25,250,200
89094666,1,93023.0,10,276,10.0,20.0,90,7,19,44,1,19,42,32,66,50,100,66,278,1,342,160,281,120,104,60,50,25,250,200
89095135,0,21165.0,7,203,,0.0,86,27,32,3,5,19,42,35,67,50,100,100,278,13,332,160,298,120,105,60,45,23,250,200
89095135,1,35084.0,7,203,11.0,11.0,129,34,29,5,5,56,42,35,67,50,100,100,278,13,332,160,298,120,105,60,45,23,250,200
89095615,0,47068.0,7,203,11.0,11.0,129,34,29,5,5,56,41,31,66,50,100,100,278,214,351,160,326,120,105,60,48,25,251,200
89095615,1,7874.0,0,0,,0.0,60,60,0,0,0,0,41,31,66,50,100,100,278,214,351,160,326,120,105,60,48,25,251,200
89095616,0,31404.0,9,235,0.0,11.0,222,67,20,4,22,109,41,31,67,50,100,81,278,1,344,160,325,120,88,60,47,25,247,200
89095616,1,42219.0,12,273,,11.0,97,25,36,0,0,36,41,31,67,50,100,81,278,1,344,160,325,120,88,60,47,25,247,200
89095617,0,34730.0,7,210,,10.0,144,90,20,0,0,34,42,31,69,50,100,100,283,242,336,160,304,120,109,60,48,25,250,200
89095617,1,3496.0,0,0,,0.0,10,10,0,0,0,0,42,31,69,50,100,100,283,242,336,160,304,120,109,60,48,25,250,200
89095621,0,27991.0,8,192,0.0,0.0,280,8,58,31,5,178,42,32,73,50,100,60,278,28,276,160,293,120,93,60,52,25,249,200
89095621,1,124611.0,12,323,11.0,11.0,234,46,23,21,8,136,42,32,73,50,100,60,278,28,276,160,293,120,93,60,52,25,249,200
89096088,0,36174.0,7,203,11.0,11.0,127,32,30,3,6,56,41,31,70,50,100,51,278,127,308,160,289,120,96,60,53,25,251,200
89096088,1,58320.0,12,240,10.0,11.0,52,18,28,0,0,6,41,31,70,50,100,51,278,127,308,160,289,120,96,60,53,25,251,200
89096093,0,32543.0,7,203,11.0,11.0,129,34,29,5,5,56,40,27,70,50,100,100,278,1,340,160,310,120,101,60,39,22,250,200
89096093,1,14978.0,10,231,0.0,0.0,379,141,117,0,0,121,40,27,70,50,100,100,278,1,340,160,310,120,101,60,39,22,250,200
89096095,0,7775.0,0,0,,0.0,60,60,0,0,0,0,41,29,77,50,100,100,293,250,311,160,301,120,93,60,51,25,251,200
89096095,1,3846.0,2,60,,0.0,9,0,0,0,9,0,41,29,77,50,100,100,293,250,311,160,301,120,93,60,51,25,251,200
89096577,0,6399.0,0,0,,0.0,60,60,0,0,0,0,38,25,68,50,100,100,281,238,354,160,309,120,97,60,43,23,252,200
89096577,1,52499.0,10,254,14.0,13.0,155,46,26,4,14,65,38,25,68,50,100,100,281,238,354,160,309,120,97,60,43,23,252,200
89097539,0,29509.0,1,30,,0.0,121,0,40,0,0,81,42,35,70,50,100,100,278,1,347,160,292,120,101,60,48,25,250,200
89097539,1,19940.0,7,203,,0.0,86,27,32,3,5,19,42,35,70,50,100,100,278,1,347,160,292,120,101,60,48,25,250,200
89097541,0,46784.0,4,120,,11.0,69,0,33,16,0,20,42,32,76,50,100,100,278,1,344,160,301,120,96,60,49,25,246,200
89097541,1,17809.0,7,203,11.0,0.0,126,36,29,4,5,52,42,32,76,50,100,100,278,1,344,160,301,120,96,60,49,25,246,200
89098025,0,12043.0,6,128,13.0,0.0,394,4,11,161,184,34,42,35,75,50,100,100,292,250,347,160,304,120,102,60,52,25,246,200
89098025,1,6252.0,0,0,,0.0,2,0,2,0,0,0,42,35,75,50,100,100,292,250,347,160,304,120,102,60,52,25,246,200
89098031,0,48880.0,10,295,0.0,11.0,209,92,17,5,16,79,42,30,69,50,100,60,282,249,296,160,278,120,93,60,48,25,249,200
89098031,1,50420.0,12,272,10.0,16.0,56,4,0,52,0,0,42,30,69,50,100,60,282,249,296,160,278,120,93,60,48,25,249,200
89098498,0,37661.0,10,296,0.0,11.0,202,87,17,4,17,77,41,28,73,50,100,100,278,19,328,160,306,120,99,60,37,22,246,200
89098498,1,39486.0,7,180,7.0,11.0,141,34,26,4,4,73,41,28,73,50,100,100,278,19,328,160,306,120,99,60,37,22,246,200
89098982,0,17289.0,10,246,0.0,0.0,378,143,112,0,0,123,41,35,69,50,100,100,278,1,324,160,286,120,103,60,39,22,252,200
89098982,1,26145.0,1,30,,0.0,120,0,40,0,0,80,41,35,69,50,100,100,278,1,324,160,286,120,103,60,39,22,252,200
89099951,0,86574.0,8,197,0.0,17.0,250,0,113,0,0,137,40,35,71,50,100,53,278,1,256,160,318,120,114,60,48,24,250,200
89099951,1,27776.0,10,245,0.0,0.0,379,142,115,0,0,122,40,35,71,50,100,53,278,1,256,160,318,120,114,60,48,24,250,200
89099953,0,48650.0,7,203,,13.0,86,27,32,3,5,19,42,35,66,50,100,100,281,219,361,160,310,120,105,60,42,22,246,200
89099953,1,9548.0,4,120,,0.0,173,0,0,0,0,173,42,35,66,50,100,100,281,219,361,160,310,120,105,60,42,22,246,200
89099955,0,116846.0,12,300,10.0,10.0,39,6,16,17,0,0,42,35,68,50,100,64,278,1,283,160,276,120,98,60,51,25,245,200
89099955,1,37418.0,11,189,10.0,10.0,220,27,29,10,0,154,42,35,68,50,100,64,278,1,283,160,276,120,98,60,51,25,245,200
89100440,0,71595.0,8,196,0.0,11.0,229,0,91,0,0,138,42,33,73,50,100,64,278,13,261,160,292,120,99,60,45,23,250,200
89100440,1,40121.0,10,254,14.0,13.0,176,60,19,3,14,80,42,33,73,50,100,64,278,13,261,160,292,120,99,60,45,23,250,200
89100454,0,29613.0,7,203,11.0,0.0,129,34,29,5,5,56,41,29,69,50,100,100,278,1,361,160,336,120,99,60,47,25,247,200
89100454,1,29613.0,7,203,11.0,0.0,129,34,29,5,5,56,41,29,69,50,100,100,278,1,361,160,336,120,99,60,47,25,247,200
89100925,0,45338.0,8,216,0.0,14.0,296,8,65,33,5,185,42,32,70,50,100,62,280,1,296,160,307,120,102,60,50,23,247,200
89100925,1,87097.0,10,224,0.0,15.0,446,0,314,0,0,132,42,32,70,50,100,62,280,1,296,160,307,120,102,60,50,23,247,200
89101419,0,4996.0,7,146,13.0,0.0,65,0,1,0,64,0,42,35,68,50,100,100,293,250,351,160,330,120,77,48,49,25,252,200
89101419,1,3679.0,2,60,,0.0,9,0,0,0,9,0,42,35,68,50,100,100,293,250,351,160,330,120,77,48,49,25,252,200
89101885,0,36206.0,7,203,11.0,11.0,129,34,29,5,5,56,41,29,67,50,100,63,277,19,281,160,319,120,101,60,57,25,247,200
89101885,1,149627.0,12,248,10.0,17.0,53,19,18,5,0,11,41,29,67,50,100,63,277,19,281,160,319,120,101,60,57,25,247,200
89101887,0,34587.0,10,296,0.0,11.0,206,95,16,4,18,73,41,25,70,50,101,100,278,104,340,160,281,120,92,60,31,21,250,200
89101887,1,20283.0,10,266,11.0,0.0,198,32,24,2,4,136,41,25,70,50,101,100,278,104,340,160,281,120,92,60,31,21,250,200
89101889,0,6259.0,0,0,,0.0,2,0,2,0,0,0,42,29,68,50,100,100,293,250,351,160,334,120,101,60,51,25,246,200
89101889,1,4989.0,6,90,0.0,0.0,137,114,11,5,5,2,42,29,68,50,100,100,293,250,351,160,334,120,101,60,51,25,246,200
89101895,0,26393.0,6,148,17.0,0.0,84,0,60,0,0,24,42,35,71,50,100,100,278,1,358,160,310,120,98,60,50,25,246,200
89101895,1,20515.0,9,165,0.0,0.0,118,32,42,2,10,32,42,35,71,50,100,100,278,1,358,160,310,120,98,60,50,25,246,200
89101898,0,83964.0,8,194,0.0,19.0,208,0,74,0,0,134,42,35,70,50,100,54,278,1,290,160,302,120,105,60,51,25,246,200
89101898,1,60681.0,14,187,10.0,10.0,156,20,27,28,0,81,42,35,70,50,100,54,278,1,290,160,302,120,105,60,51,25,246,200
89103885,0,3748.0,2,60,,0.0,24,24,0,0,0,0,41,35,71,50,100,100,281,142,315,160,314,120,98,60,43,23,250,200
89103885,1,51356.0,10,246,0.0,13.0,379,144,112,0,0,123,41,35,71,50,100,100,281,142,315,160,314,120,98,60,43,23,250,200
89104359,0,63016.0,12,240,10.0,11.0,66,18,34,0,4,10,42,32,77,50,100,52,278,48,298,160,306,120,94,60,54,25,243,200
89104359,1,34311.0,7,203,11.0,11.0,120,36,29,5,5,45,42,32,77,50,100,52,278,48,298,160,306,120,94,60,54,25,243,200
89104372,0,61850.0,13,182,10.0,10.0,169,23,32,26,0,88,42,35,68,50,100,59,278,1,287,160,290,120,92,60,45,25,252,200
89104372,1,86004.0,10,224,0.0,15.0,279,0,148,0,0,131,42,35,68,50,100,59,278,1,287,160,290,120,92,60,45,25,252,200
89104846,0,41903.0,10,254,14.0,13.0,158,53,19,5,15,66,42,33,70,50,100,53,278,164,298,160,306,120,107,60,51,25,245,200
89104846,1,69494.0,12,240,10.0,11.0,74,18,29,0,3,24,42,33,70,50,100,53,278,164,298,160,306,120,107,60,51,25,245,200
89105839,0,49329.0,7,203,,13.0,86,27,32,3,5,19,42,35,63,50,100,100,281,219,295,160,303,120,105,60,58,25,239,200
89105839,1,51447.0,10,211,9.0,17.0,13,13,0,0,0,0,42,35,63,50,100,100,281,219,295,160,303,120,105,60,58,25,239,200
89105850,0,5584.0,0,0,,0.0,2,0,2,0,0,0,42,35,70,50,100,100,278,218,340,160,297,120,92,60,47,25,253,200
89105850,1,30216.0,1,20,0.0,11.0,86,0,38,0,5,43,42,35,70,50,100,100,278,218,340,160,297,120,92,60,47,25,253,200
89105852,0,19516.0,10,244,0.0,0.0,383,141,118,0,0,124,41,35,73,50,100,100,278,1,347,160,313,120,93,60,42,23,246,200
89105852,1,26979.0,8,198,7.0,0.0,119,42,45,3,4,25,41,35,73,50,100,100,278,1,347,160,313,120,93,60,42,23,246,200
89108291,0,32509.0,10,254,14.0,13.0,156,45,21,7,14,69,39,25,71,50,100,100,278,62,361,160,319,120,88,60,34,22,250,200
89108291,1,39582.0,7,203,11.0,11.0,140,36,26,4,4,70,39,25,71,50,100,100,278,62,361,160,319,120,88,60,34,22,250,200
89108303,0,13.0,0,0,,0.0,0,0,0,0,0,0,41,35,75,50,106,100,281,221,336,160,310,120,88,60,49,25,253,200
89108303,1,46842.0,7,203,,13.0,88,28,31,3,6,20,41,35,75,50,106,100,281,221,336,160,310,120,88,60,49,25,253,200
89108309,0,40205.0,7,203,11.0,11.0,140,36,26,4,4,70,42,35,65,50,100,100,278,10,351,160,318,120,105,60,43,24,247,200
89108309,1,21771.0,7,203,,0.0,86,27,32,3,5,19,42,35,65,50,100,100,278,10,351,160,318,120,105,60,43,24,247,200
89108803,0,51393.0,10,239,0.0,13.0,380,137,119,0,0,124,41,32,70,50,100,100,281,142,336,160,301,120,96,60,43,24,250,200
89108803,1,3758.0,0,0,,0.0,15,0,0,0,0,15,41,32,70,50,100,100,281,142,336,160,301,120,96,60,43,24,250,200
89108805,0,31829.0,12,238,,10.0,365,0,58,0,0,307,42,35,75,50,100,100,277,7,340,160,316,120,92,60,41,25,246,200
89108805,1,14158.0,7,203,,0.0,87,28,31,4,5,19,42,35,75,50,100,100,277,7,340,160,316,120,92,60,41,25,246,200
89109280,0,27704.0,7,203,,0.0,86,27,32,3,5,19,42,35,68,50,100,45,280,1,281,160,303,120,90,60,52,25,251,200
89109280,1,98900.0,12,237,10.0,12.0,39,0,24,0,0,15,42,35,68,50,100,45,280,1,281,160,303,120,90,60,52,25,251,200
89109291,0,64665.0,14,189,10.0,10.0,157,80,23,34,0,20,41,35,69,50,100,79,278,1,345,160,299,120,88,60,45,21,250,200
89109291,1,25099.0,9,264,0.0,0.0,183,62,32,6,0,83,41,35,69,50,100,79,278,1,345,160,299,120,88,60,45,21,250,200
89109293,0,52676.0,9,164,0.0,13.0,95,18,65,0,3,9,42,30,68,50,100,100,283,125,311,160,311,120,91,60,47,22,251,200
89109293,1,15143.0,8,182,0.0,0.0,367,111,0,0,77,179,42,30,68,50,100,100,283,125,311,160,311,120,91,60,47,22,251,200
89109786,0,64211.0,14,184,10.0,10.0,149,3,29,31,0,86,41,35,74,50,100,71,278,4,324,160,306,120,88,60,47,25,249,200
89109786,1,41502.0,15,288,7.0,14.0,271,124,47,0,0,100,41,35,74,50,100,71,278,4,324,160,306,120,88,60,47,25,249,200
89110745,0,16699.0,9,261,,0.0,115,48,39,0,0,28,42,35,70,50,100,100,281,19,332,160,299,120,86,60,46,25,252,200
89110745,1,45944.0,7,203,,13.0,86,27,32,3,5,19,42,35,70,50,100,100,281,19,332,160,299,120,86,60,46,25,252,200
89110747,0,40846.0,7,203,,13.0,86,27,32,3,5,19,42,35,64,50,100,69,281,86,324,160,308,120,93,60,52,25,252,200
89110747,1,56480.0,7,153,11.0,13.0,52,5,24,6,17,0,42,35,64,50,100,69,281,86,324,160,308,120,93,60,52,25,252,200
89110750,0,6259.0,0,0,,0.0,2,0,2,0,0,0,42,35,77,50,100,100,293,250,315,160,308,120,92,60,50,25,251,200
89110750,1,4259.0,0,0,,0.0,25,0,0,0,0,25,42,35,77,50,100,100,293,250,315,160,308,120,92,60,50,25,251,200
89111239,0,45209.0,6,127,0.0,13.0,61,10,25,0,0,26,42,31,53,47,100,63,280,89,337,160,312,120,98,60,44,23,250,200
89111239,1,33915.0,10,252,14.0,13.0,159,48,17,6,19,69,42,31,53,47,100,63,280,89,337,160,312,120,98,60,44,23,250,200
89111250,0,72979.0,12,241,10.0,19.0,62,33,12,0,0,17,42,34,74,50,100,24,278,115,266,160,298,120,107,60,52,25,240,200
89111250,1,62855.0,12,185,10.0,10.0,186,17,31,15,0,123,42,34,74,50,100,24,278,115,266,160,298,120,107,60,52,25,240,200
89111730,0,21303.0,9,203,7.0,0.0,126,62,38,0,0,26,41,29,71,50,100,100,278,31,344,160,313,120,96,60,46,24,252,200
89111730,1,33658.0,7,203,,13.0,86,27,32,3,5,19,41,29,71,50,100,100,278,31,344,160,313,120,96,60,46,24,252,200
89112220,0,36740.0,10,254,14.0,13.0,159,48,21,6,13,71,40,26,70,50,100,100,278,120,351,160,312,120,91,60,41,22,250,200
89112220,1,32956.0,6,180,,9.0,131,69,21,0,0,41,40,26,70,50,100,100,278,120,351,160,312,120,91,60,41,22,250,200
89113705,0,6259.0,0,0,,0.0,2,0,2,0,0,0,42,35,68,50,106,100,293,250,347,160,311,120,111,60,50,25,246,200
89113705,1,13.0,0,0,,0.0,0,0,0,0,0,0,42,35,68,50,106,100,293,250,347,160,311,120,111,60,50,25,246,200
89114179,0,45230.0,7,137,0.0,11.0,66,11,24,0,0,31,42,32,57,50,100,57,277,1,329,160,335,120,99,60,52,25,247,200
89114179,1,24088.0,7,203,11.0,0.0,128,34,29,5,5,55,42,32,57,50,100,57,277,1,329,160,335,120,99,60,52,25,247,200
89114188,0,27089.0,7,203,11.0,0.0,121,36,29,5,5,46,40,27,77,50,100,100,278,1,347,160,315,120,96,60,48,25,248,200
89114188,1,25802.0,8,198,7.0,0.0,117,43,42,4,3,25,40,27,77,50,100,100,278,1,347,160,315,120,96,60,48,25,248,200
89115201,0,41905.0,7,203,11.0,11.0,127,36,29,5,5,52,41,29,75,50,100,100,278,115,344,160,310,120,94,60,45,23,248,200
89115201,1,19664.0,2,60,,0.0,63,22,12,0,0,29,41,29,75,50,100,100,278,115,344,160,310,120,94,60,45,23,248,200
89115208,0,19208.0,6,156,1.0,0.0,395,175,0,0,81,139,41,26,75,50,100,100,293,250,315,160,308,120,82,60,44,22,253,200
89115208,1,6259.0,0,0,,0.0,2,0,2,0,0,0,41,26,75,50,100,100,293,250,315,160,308,120,82,60,44,22,253,200
89115211,0,34771.0,10,296,0.0,11.0,199,67,17,5,16,94,41,25,61,50,100,62,277,62,320,160,293,120,97,60,47,22,250,200
89115211,1,48961.0,5,126,0.0,11.0,62,12,23,0,0,27,41,25,61,50,100,62,277,62,320,160,293,120,97,60,47,22,250,200
89115689,0,4361.0,10,132,0.0,0.0,181,20,103,0,0,58,42,35,68,50,100,100,278,13,332,160,323,120,103,60,47,25,251,200
89115689,1,21258.0,7,203,,0.0,86,27,32,3,5,19,42,35,68,50,100,100,278,13,332,160,323,120,103,60,47,25,251,200
89116163,0,30901.0,7,203,11.0,11.0,123,33,27,4,5,54,42,30,76,50,100,77,278,28,285,160,266,120,92,60,48,25,248,200
89116163,1,101419.0,10,272,7.0,11.0,122,29,15,41,0,37,42,30,76,50,100,77,278,28,285,160,266,120,92,60,48,25,248,200
89116165,0,18390.0,3,81,0.0,0.0,427,8,26,4,281,108,42,35,74,50,100,100,281,195,328,160,293,120,98,60,48,24,248,200
89116165,1,47713.0,7,203,,13.0,86,27,32,3,5,19,42,35,74,50,100,100,281,195,328,160,293,120,98,60,48,24,248,200
89116176,0,26381.0,10,230,0.0,0.0,273,8,140,49,5,71,42,32,69,50,100,100,280,1,328,160,310,120,96,60,45,22,250,200
89116176,1,17419.0,9,262,12.0,0.0,168,0,38,0,0,130,42,32,69,50,100,100,280,1,328,160,310,120,96,60,45,22,250,200
89116658,0,57727.0,12,189,10.0,10.0,213,26,24,14,0,149,41,35,75,50,100,71,278,1,279,160,302,120,101,60,48,25,252,200
89116658,1,50980.0,10,261,13.0,12.0,42,0,42,0,0,0,41,35,75,50,100,71,278,1,279,160,302,120,101,60,48,25,252,200
89117153,0,51088.0,10,261,13.0,12.0,42,0,42,0,0,0,42,35,70,50,100,71,278,1,279,160,286,120,103,60,47,25,250,200
89117153,1,55056.0,13,189,10.0,10.0,219,53,24,11,0,131,42,35,70,50,100,71,278,1,279,160,286,120,103,60,47,25,250,200
89117160,0,41048.0,9,248,0.0,18.0,236,37,102,5,5,87,40,25,70,50,100,86,285,250,343,160,323,120,97,60,49,24,252,200
89117160,1,5494.0,0,0,,0.0,110,110,0,0,0,0,40,25,70,50,100,86,285,250,343,160,323,120,97,60,49,24,252,200
89117640,0,4055.0,2,60,,0.0,9,0,0,0,9,0,42,35,66,50,100,100,283,249,347,160,302,120,105,60,46,24,246,200
89117640,1,50439.0,11,298,5.0,13.0,302,73,54,23,2,150,42,35,66,50,100,100,283,249,347,160,302,120,105,60,46,24,246,200
89117654,0,3000.0,0,0,,0.0,0,0,0,0,0,0,42,35,77,50,100,100,293,250,324,160,314,120,101,60,51,25,246,200
89117654,1,3391.0,0,0,,0.0,15,0,0,0,0,15,42,35,77,50,100,100,293,250,324,160,314,120,101,60,51,25,246,200
89118615,0,23092.0,7,203,,0.0,86,27,32,3,5,19,42,35,73,50,100,68,280,7,276,160,299,120,109,60,54,25,248,200
89118615,1,80332.0,12,307,10.0,12.0,40,0,20,20,0,0,42,35,73,50,100,68,280,7,276,160,299,120,109,60,54,25,248,200
89118621,0,6006.0,0,0,,0.0,110,110,0,0,0,0,41,29,75,50,100,100,290,250,332,160,306,120,104,60,46,25,251,200
89118621,1,23152.0,3,57,0.0,0.0,281,110,14,4,8,145,41,29,75,50,100,100,290,250,332,160,306,120,104,60,46,25,251,200
89118623,0,47311.0,7,203,,13.0,86,27,32,3,5,19,41,35,71,50,100,100,281,186,344,160,313,120,107,60,48,25,248,200
89118623,1,18503.0,6,98,5.0,0.0,121,46,5,5,13,52,41,35,71,50,100,100,281,186,344,160,313,120,107,60,48,25,248,200
89119593,0,49826.0,7,149,11.0,11.0,50,4,31,4,0,11,41,27,65,50,100,64,278,140,346,160,313,120,102,60,48,22,245,200
89119593,1,44300.0,10,296,0.0,11.0,208,88,18,5,16,81,41,27,65,50,100,64,278,140,346,160,313,120,102,60,48,22,245,200
89120589,0,26293.0,2,54,,0.0,88,17,71,0,0,0,42,35,73,50,100,100,277,13,336,160,296,120,107,60,51,25,251,200
89120589,1,18977.0,7,203,,0.0,86,27,32,3,5,19,42,35,73,50,100,100,277,13,336,160,296,120,107,60,51,25,251,200
89121057,0,22275.0,8,216,0.0,0.0,290,8,59,33,5,185,42,31,64,50,100,100,278,1,358,160,304,120,94,60,46,24,250,200
89121057,1,39532.0,7,203,11.0,11.0,104,16,33,3,5,47,42,31,64,50,100,100,278,1,358,160,304,120,94,60,46,24,250,200
89121069,0,60104.0,12,249,10.0,12.0,122,64,12,0,0,46,41,32,77,50,100,27,278,136,283,160,319,120,94,60,51,25,249,200
89121069,1,40164.0,7,203,,13.0,86,27,32,3,5,19,41,32,77,50,100,27,278,136,283,160,319,120,94,60,51,25,249,200
89121541,0,69947.0,12,237,9.0,20.0,13,0,0,13,0,0,42,33,73,50,100,35,278,214,277,131,302,120,94,60,57,25,247,200
89121541,1,47721.0,7,203,11.0,11.0,129,34,29,5,5,56,42,33,73,50,100,35,278,214,277,131,302,120,94,60,57,25,247,200
89121552,0,80764.0,12,340,11.0,11.0,122,31,38,0,0,53,41,30,69,50,100,47,278,65,353,160,325,120,103,60,49,23,228,125
89121552,1,38693.0,10,254,14.0,13.0,161,45,19,6,15,76,41,30,69,50,100,47,278,65,353,160,325,120,103,60,49,23,228,125
89122025,0,126273.0,13,347,8.0,11.0,75,6,29,16,0,24,41,31,63,46,100,29,278,1,304,160,323,120,92,60,54,25,248,200
89122025,1,18726.0,7,203,11.0,0.0,125,34,29,5,5,52,41,31,63,46,100,29,278,1,304,160,323,120,92,60,54,25,248,200
89122043,0,104470.0,10,271,7.0,11.0,97,9,17,51,0,20,42,35,67,50,100,17,277,101,246,84,283,120,98,60,58,25,241,158
89122043,1,90066.0,12,240,10.0,16.0,48,16,23,0,0,9,42,35,67,50,100,17,277,101,246,84,283,120,98,60,58,25,241,158
89122046,0,40681.0,9,255,0.0,13.0,327,13,23,7,0,284,41,30,64,50,100,81,279,1,355,160,318,120,109,60,29,21,248,200
89122046,1,29498.0,10,239,0.0,0.0,378,140,115,0,0,123,41,30,64,50,100,81,279,1,355,160,318,120,109,60,29,21,248,200
89122517,0,3835.0,2,60,,0.0,9,0,0,0,9,0,42,31,67,50,100,100,290,250,326,160,327,120,91,60,49,25,251,200
89122517,1,28124.0,10,259,0.0,0.0,93,24,23,0,0,46,42,31,67,50,100,100,290,250,326,160,327,120,91,60,49,25,251,200
89122532,0,44425.0,10,254,14.0,13.0,158,62,25,4,15,52,42,32,66,50,100,81,279,101,344,160,310,120,98,60,33,21,248,200
89122532,1,46289.0,9,255,0.0,13.0,326,15,23,8,0,280,42,32,66,50,100,81,279,101,344,160,310,120,98,60,33,21,248,200
89123004,0,20753.0,2,57,,0.0,77,0,15,0,15,47,42,35,66,50,100,100,290,250,347,160,321,120,83,54,46,25,250,200
89123004,1,3760.0,2,60,,0.0,9,0,0,0,9,0,42,35,66,50,100,100,290,250,347,160,321,120,83,54,46,25,250,200
89123485,0,48971.0,7,203,,13.0,86,27,32,3,5,19,42,35,74,50,100,100,281,219,311,160,299,120,99,60,49,25,253,200
89123485,1,17.0,7,45,0.0,0.0,15,0,15,0,0,0,42,35,74,50,100,100,281,219,311,160,299,120,99,60,49,25,253,200
89123490,0,32699.0,10,254,14.0,13.0,153,48,19,7,14,65,42,30,63,50,100,100,278,40,312,160,321,120,90,60,49,22,243,200
89123490,1,98600.0,11,229,0.0,19.0,195,42,33,0,0,120,42,30,63,50,100,100,278,40,312,160,321,120,90,60,49,22,243,200
89123975,0,41600.0,11,237,0.0,10.0,295,0,34,0,0,261,42,33,52,43,100,65,277,1,340,160,316,120,94,60,44,21,253,200
89123975,1,19756.0,7,203,11.0,0.0,127,38,29,4,5,51,42,33,52,43,100,65,277,1,340,160,316,120,94,60,44,21,253,200
89124461,0,30325.0,7,203,,13.0,86,27,32,3,5,19,42,35,67,50,100,60,278,13,282,160,308,120,101,60,50,22,247,200
89124461,1,94988.0,8,198,0.0,17.0,115,0,22,7,0,86,42,35,67,50,100,60,278,13,282,160,308,120,101,60,50,22,247,200
89124464,0,34478.0,7,203,,13.0,86,27,32,3,5,19,42,35,67,50,100,9,281,13,293,160,310,120,112,60,55,25,244,167
89124464,1,97240.0,12,336,12.0,15.0,50,4,23,3,0,20,42,35,67,50,100,9,281,13,293,160,310,120,112,60,55,25,244,167
89125482,0,19038.0,8,216,0.0,0.0,300,8,67,35,5,185,42,32,58,50,100,73,277,1,354,160,299,120,104,60,47,21,250,200
89125482,1,43398.0,10,233,0.0,10.0,323,0,42,0,0,281,42,32,58,50,100,73,277,1,354,160,299,120,104,60,47,21,250,200
89125483,0,66756.0,11,261,9.0,12.0,109,0,32,29,0,48,41,28,70,50,100,100,278,37,325,160,306,120,102,60,42,23,248,200
89125483,1,42193.0,10,296,0.0,11.0,202,80,16,4,16,86,41,28,70,50,100,100,278,37,325,160,306,120,102,60,42,23,248,200
89125484,0,77744.0,7,202,10.0,12.0,35,0,35,0,0,0,42,32,75,50,100,45,280,1,298,160,298,120,100,60,56,25,223,24
89125484,1,26126.0,10,208,0.0,0.0,318,8,83,37,5,185,42,32,75,50,100,45,280,1,298,160,298,120,100,60,56,25,223,24
89125490,0,5440.0,0,0,,0.0,2,0,2,0,0,0,42,35,74,50,100,100,278,152,311,160,318,120,96,60,37,21,252,200
89125490,1,50966.0,9,265,0.0,11.0,221,0,38,0,0,183,42,35,74,50,100,100,278,152,311,160,318,120,96,60,37,21,252,200
89125984,0,44584.0,10,294,,16.0,29,4,18,0,0,7,42,31,75,50,100,10,277,111,228,160,294,120,96,60,59,25,239,200
89125984,1,110173.0,12,241,10.0,15.0,65,14,24,0,0,27,42,31,75,50,100,10,277,111,228,160,294,120,96,60,59,25,239,200
89126965,0,95846.0,13,350,8.0,17.0,74,36,22,1,0,15,42,35,66,49,100,27,278,1,266,160,298,120,88,60,50,25,247,200
89126965,1,45037.0,10,181,10.0,10.0,208,27,35,9,0,137,42,35,66,49,100,27,278,1,266,160,298,120,88,60,50,25,247,200
89128918,0,59742.0,6,123,6.0,10.0,172,120,37,0,0,15,42,32,58,50,100,60,278,13,308,160,299,120,107,60,54,25,251,200
89128918,1,28029.0,7,203,,0.0,86,27,32,3,5,19,42,32,58,50,100,60,278,13,308,160,299,120,107,60,54,25,251,200
89128926,0,53381.0,11,242,0.0,10.0,284,0,35,0,0,249,41,26,61,50,100,66,277,1,327,160,314,120,80,60,41,21,250,200
89128926,1,28804.0,10,296,0.0,0.0,206,89,17,5,17,78,41,26,61,50,100,66,277,1,327,160,314,120,80,60,41,21,250,200
89128927,0,19341.0,7,203,,0.0,89,25,36,5,5,18,42,35,52,45,100,64,277,1,327,160,313,120,96,60,46,21,250,200
89128927,1,45529.0,11,243,0.0,10.0,297,0,34,0,0,263,42,35,52,45,100,64,277,1,327,160,313,120,96,60,46,21,250,200
89129421,0,23948.0,10,193,0.0,0.0,104,1,46,19,0,38,42,35,76,50,100,100,281,13,315,160,291,120,94,60,49,25,252,200
89129421,1,36273.0,7,203,,13.0,86,27,32,3,5,19,42,35,76,50,100,100,281,13,315,160,291,120,94,60,49,25,252,200
89129917,0,12027.0,10,193,0.0,0.0,104,2,46,19,0,37,40,28,77,50,100,100,281,1,328,160,300,120,105,60,46,25,250,200
89129917,1,41986.0,10,240,0.0,13.0,383,144,114,0,0,125,40,28,77,50,100,100,281,1,328,160,300,120,105,60,46,25,250,200
89130879,0,50176.0,10,254,14.0,13.0,156,51,23,7,12,63,41,30,67,50,100,58,281,223,307,160,312,120,98,60,46,23,246,200
89130879,1,88826.0,11,292,9.0,13.0,115,27,6,4,16,62,41,30,67,50,100,58,281,223,307,160,312,120,98,60,46,23,246,200
89130900,0,28813.0,10,296,0.0,0.0,205,97,17,5,17,69,41,26,62,50,100,82,277,1,332,160,282,120,95,60,39,21,253,200
89130900,1,38330.0,9,212,0.0,10.0,300,0,44,0,0,256,41,26,62,50,100,82,277,1,332,160,282,120,95,60,39,21,253,200
89131369,0,44314.0,7,203,11.0,11.0,121,34,29,5,5,48,41,29,77,50,100,58,278,189,292,160,311,120,91,60,51,25,246,200
89131369,1,80331.0,11,292,9.0,13.0,112,27,6,4,16,59,41,29,77,50,100,58,278,189,292,160,311,120,91,60,51,25,246,200
89131374,0,113796.0,13,235,6.0,17.0,140,68,37,0,0,35,42,32,63,50,100,56,278,54,270,160,333,120,97,60,56,25,234,190
89131374,1,43110.0,10,254,14.0,13.0,156,43,23,7,13,70,42,32,63,50,100,56,278,54,270,160,333,120,97,60,56,25,234,190
89131385,0,118158.0,10,281,7.0,10.0,132,27,13,34,5,53,41,29,71,50,100,67,278,1,326,160,260,120,93,60,43,25,249,200
89131385,1,34362.0,12,188,10.0,10.0,249,53,36,0,0,160,41,29,71,50,100,67,278,1,326,160,260,120,93,60,43,25,249,200
89132372,0,37042.0,11,186,10.0,10.0,218,56,30,9,0,123,42,35,66,50,100,67,277,1,285,160,278,120,98,60,47,25,253,200
89132372,1,81410.0,12,310,10.0,10.0,40,0,20,20,0,0,42,35,66,50,100,67,277,1,285,160,278,120,98,60,47,25,253,200
89133359,0,46993.0,10,295,0.0,11.0,206,78,17,5,16,90,41,30,73,50,100,71,278,192,314,160,330,120,98,60,51,25,246,200
89133359,1,49328.0,7,180,11.0,13.0,56,7,29,6,14,0,41,30,73,50,100,71,278,192,314,160,330,120,98,60,51,25,246,200
89133848,0,61234.0,11,180,10.0,10.0,178,2,37,18,0,121,41,33,77,50,100,58,278,13,274,160,285,120,90,60,48,25,250,200
89133848,1,69734.0,11,292,9.0,13.0,113,27,6,4,16,60,41,33,77,50,100,58,278,13,274,160,285,120,90,60,48,25,250,200
89134339,0,26522.0,7,193,5.0,0.0,132,18,48,23,0,43,42,30,76,50,100,100,281,13,320,160,303,120,90,60,46,25,248,200
89134339,1,25927.0,7,203,,0.0,86,27,32,3,5,19,42,30,76,50,100,100,281,13,320,160,303,120,90,60,46,25,248,200
89134340,0,39672.0,7,203,11.0,11.0,129,34,29,5,5,56,42,33,67,50,100,100,278,13,361,160,329,120,98,60,46,24,246,200
89134340,1,19718.0,3,81,13.0,0.0,83,0,21,0,16,46,42,33,67,50,100,100,278,13,361,160,329,120,98,60,46,24,246,200
89135328,0,37726.0,8,186,0.0,17.0,138,0,51,5,10,72,42,35,70,50,100,100,281,13,336,160,303,120,80,60,36,22,250,200
89135328,1,34312.0,10,254,14.0,13.0,170,58,24,4,12,72,42,35,70,50,100,100,281,13,336,160,303,120,80,60,36,22,250,200
89135329,0,49839.0,13,183,10.0,10.0,170,7,31,22,0,110,42,35,75,50,100,51,278,1,271,160,295,120,101,60,52,25,245,200
89135329,1,104546.0,12,288,10.0,16.0,42,6,16,20,0,0,42,35,75,50,100,51,278,1,271,160,295,120,101,60,52,25,245,200
89135824,0,32970.0,8,196,0.0,13.0,130,0,48,5,7,70,41,27,70,50,100,100,278,1,336,160,295,120,94,60,40,21,252,200
89135824,1,38165.0,10,296,0.0,11.0,210,90,18,4,18,80,41,27,70,50,100,100,278,1,336,160,295,120,94,60,40,21,252,200
89137325,0,30701.0,7,203,11.0,11.0,131,31,33,5,8,54,42,31,69,50,100,100,278,1,315,160,305,120,95,60,41,22,253,200
89137325,1,24920.0,8,216,7.0,0.0,167,41,34,2,5,85,42,31,69,50,100,100,278,1,315,160,305,120,95,60,41,22,253,200
89137326,0,44285.0,10,296,0.0,11.0,144,65,7,4,19,49,39,23,61,50,100,56,278,216,336,160,296,120,89,60,42,23,253,200
89137326,1,47367.0,10,254,14.0,13.0,160,43,23,6,11,77,39,23,61,50,100,56,278,216,336,160,296,120,89,60,42,23,253,200
89138303,0,52296.0,11,209,10.0,10.0,169,0,34,57,0,78,41,35,61,50,100,72,278,1,361,160,305,120,101,60,54,25,248,200
89138303,1,20897.0,7,203,,0.0,86,27,32,3,5,19,41,35,61,50,100,72,278,1,361,160,305,120,101,60,54,25,248,200
89138326,0,28233.0,10,170,0.0,0.0,33,0,33,0,0,0,42,35,69,50,100,100,286,243,361,160,304,120,105,60,51,25,250,200
89138326,1,6212.0,0,0,,0.0,2,0,2,0,0,0,42,35,69,50,100,100,286,243,361,160,304,120,105,60,51,25,250,200
89138808,0,6222.0,0,0,,0.0,2,0,2,0,0,0,41,30,70,50,102,100,288,250,361,160,314,120,91,60,48,25,247,200
89138808,1,22603.0,7,112,1.0,0.0,226,62,33,0,43,88,41,30,70,50,102,100,288,250,361,160,314,120,91,60,48,25,247,200
89139296,0,105088.0,11,226,0.0,19.0,158,23,38,0,0,97,40,24,70,50,100,29,278,37,319,160,314,120,86,60,49,21,248,200
89139296,1,35722.0,10,296,0.0,11.0,202,76,16,5,17,88,40,24,70,50,100,29,278,37,319,160,314,120,86,60,49,21,248,200
89140323,0,50721.0,12,279,10.0,11.0,102,10,40,0,0,52,42,32,73,50,100,52,278,7,300,160,315,120,96,60,57,25,240,183
89140323,1,61213.0,14,183,10.0,10.0,129,2,37,33,0,57,42,32,73,50,100,52,278,7,300,160,315,120,96,60,57,25,240,183
89140811,0,14320.0,7,210,10.0,0.0,166,0,0,0,0,166,42,35,77,50,100,100,293,250,332,160,330,120,91,60,40,22,248,200
89140811,1,3835.0,2,60,,0.0,9,0,0,0,9,0,42,35,77,50,100,100,293,250,332,160,330,120,91,60,40,22,248,200
89142307,0,13975.0,7,105,1.0,0.0,246,72,27,0,41,106,42,30,75,50,103,100,290,250,324,160,321,120,89,60,49,25,247,200
89142307,1,6228.0,0,0,,0.0,2,0,2,0,0,0,42,30,75,50,103,100,290,250,324,160,321,120,89,60,49,25,247,200
89142804,0,42434.0,7,203,11.0,11.0,129,34,29,5,5,56,41,25,58,50,100,55,278,158,351,160,300,120,99,60,46,25,247,200
89142804,1,44699.0,10,296,0.0,11.0,150,74,6,4,17,49,41,25,58,50,100,55,278,158,351,160,300,120,99,60,46,25,247,200
89143306,0,2720.0,0,0,,0.0,30,30,0,0,0,0,42,35,70,50,100,100,293,250,328,160,304,120,98,60,50,25,253,200
89143306,1,2300.0,0,0,,0.0,30,30,0,0,0,0,42,35,70,50,100,100,293,250,328,160,304,120,98,60,50,25,253,200
89143772,0,64324.0,10,272,9.0,13.0,102,32,26,20,0,24,41,35,73,50,100,72,278,7,272,158,299,120,98,60,45,25,250,200
89143772,1,50951.0,12,191,10.0,10.0,261,66,27,0,0,168,41,35,73,50,100,72,278,7,272,158,299,120,98,60,45,25,250,200
89143776,0,209.0,2,17,,0.0,25,0,0,0,5,20,42,35,74,50,101,100,293,250,320,160,301,120,96,60,50,25,252,200
89143776,1,6259.0,0,0,,0.0,2,0,2,0,0,0,42,35,74,50,101,100,293,250,320,160,301,120,96,60,50,25,252,200
89143793,0,63216.0,12,309,10.0,17.0,40,0,20,20,0,0,42,35,74,50,100,68,278,1,287,160,283,120,90,60,48,25,251,200
89143793,1,58922.0,13,188,10.0,10.0,180,17,24,22,0,117,42,35,74,50,100,68,278,1,287,160,283,120,90,60,48,25,251,200
89145279,0,132953.0,12,325,11.0,11.0,147,49,23,31,5,39,41,34,75,50,100,63,278,13,312,160,300,120,88,60,54,25,241,200
89145279,1,21966.0,7,203,,0.0,86,27,32,3,5,19,41,34,75,50,100,63,278,13,312,160,300,120,88,60,54,25,241,200
89145286,0,38444.0,10,254,14.0,13.0,165,56,18,6,10,75,41,31,70,50,100,91,278,120,315,160,315,120,94,60,45,24,253,200
89145286,1,17798.0,14,302,10.0,0.0,41,9,16,0,0,16,41,31,70,50,100,91,278,120,315,160,315,120,94,60,45,24,253,200
89146298,0,88498.0,12,322,8.0,12.0,129,9,7,6,0,107,41,31,61,47,100,66,278,13,313,160,293,120,94,60,49,25,250,200
89146298,1,59383.0,11,183,10.0,10.0,190,8,33,17,0,132,41,31,61,47,100,66,278,13,313,160,293,120,94,60,49,25,250,200
89148279,0,34996.0,10,254,14.0,13.0,158,55,19,7,17,60,42,35,65,50,102,100,277,10,340,160,305,120,96,60,40,22,250,200
89148279,1,25663.0,10,245,12.0,0.0,197,67,70,1,2,57,42,35,65,50,102,100,277,10,340,160,305,120,96,60,40,22,250,200
89148283,0,68136.0,9,178,0.0,11.0,118,0,56,13,0,49,42,35,74,50,100,59,278,13,278,160,298,120,101,60,53,25,250,200
89148283,1,17010.0,7,203,,0.0,86,27,32,3,5,19,42,35,74,50,100,59,278,13,278,160,298,120,101,60,53,25,250,200
89148306,0,22911.0,3,81,13.0,0.0,74,0,31,0,22,21,42,35,65,50,100,100,281,13,340,160,313,120,87,60,45,25,252,200
89148306,1,27865.0,7,203,,0.0,86,27,32,3,5,19,42,35,65,50,100,100,281,13,340,160,313,120,87,60,45,25,252,200
89148791,0,24068.0,10,240,0.0,0.0,375,141,111,0,0,123,41,30,68,50,100,58,277,1,291,160,294,120,109,60,49,23,249,200
89148791,1,74487.0,11,213,0.0,11.0,117,0,56,0,0,61,41,30,68,50,100,58,277,1,291,160,294,120,109,60,49,23,249,200
89149795,0,85402.0,11,292,9.0,13.0,114,27,6,4,16,61,41,32,73,50,100,58,281,165,303,160,304,120,93,60,50,25,250,200
89149795,1,47228.0,7,203,,13.0,86,27,32,3,5,19,41,32,73,50,100,58,281,165,303,160,304,120,93,60,50,25,250,200
89149823,0,3000.0,0,0,,0.0,0,0,0,0,0,0,42,35,75,50,100,100,293,250,328,160,314,120,91,60,50,25,246,200
89149823,1,3822.0,2,60,,0.0,9,0,0,0,9,0,42,35,75,50,100,100,293,250,328,160,314,120,91,60,50,25,246,200
89150814,0,68080.0,9,173,0.0,11.0,114,0,56,13,0,45,41,35,75,50,100,56,278,1,278,160,327,120,107,60,52,25,246,200
89150814,1,16852.0,10,242,0.0,0.0,379,138,118,0,0,123,41,35,75,50,100,56,278,1,278,160,327,120,107,60,52,25,246,200
89151333,0,6462.0,4,36,14.0,0.0,20,20,0,0,0,0,42,35,74,50,100,96,293,250,324,160,311,120,96,60,55,25,251,200
89151333,1,3870.0,2,60,,0.0,9,0,0,0,9,0,42,35,74,50,100,96,293,250,324,160,311,120,96,60,55,25,251,200
89153836,0,3000.0,0,0,,0.0,0,0,0,0,0,0,42,35,71,50,100,100,293,250,347,160,308,120,96,60,49,25,246,200
89153836,1,6259.0,0,0,,0.0,2,0,2,0,0,0,42,35,71,50,100,100,293,250,347,160,308,120,96,60,49,25,246,200
89154330,0,18464.0,7,203,,0.0,86,27,32,3,5,19,42,32,70,50,100,100,278,13,325,160,313,120,98,60,52,25,250,200
89154330,1,44282.0,9,252,9.0,11.0,78,23,36,0,2,17,42,32,70,50,100,100,278,13,325,160,313,120,98,60,52,25,250,200
89155327,0,48997.0,7,203,,13.0,86,27,32,3,5,19,42,35,65,50,100,100,281,219,344,160,292,120,107,60,49,25,251,200
89155327,1,3000.0,0,0,,0.0,0,0,0,0,0,0,42,35,65,50,100,100,281,219,344,160,292,120,107,60,49,25,251,200
89155334,0,43074.0,16,348,9.0,13.0,118,15,5,5,22,71,42,35,70,50,100,58,281,195,258,158,301,120,91,60,49,25,251,200
89155334,1,47464.0,7,203,,13.0,86,27,32,3,5,19,42,35,70,50,100,58,281,195,258,158,301,120,91,60,49,25,251,200
89155832,0,77484.0,11,292,9.0,13.0,115,27,6,4,16,62,41,33,73,50,100,58,278,7,287,160,290,120,93,60,47,25,251,200
89155832,1,62665.0,13,180,10.0,10.0,164,8,37,21,0,98,41,33,73,50,100,58,278,7,287,160,290,120,93,60,47,25,251,200
89155849,0,83913.0,9,252,9.0,13.0,95,20,6,4,16,49,42,33,64,50,100,58,278,31,306,160,302,120,91,60,48,25,250,200
89155849,1,66610.0,14,182,10.0,11.0,143,20,37,29,0,57,42,33,64,50,100,58,278,31,306,160,302,120,91,60,48,25,250,200
89156328,0,43331.0,10,295,0.0,11.0,212,78,16,4,15,99,40,24,67,50,100,58,278,243,315,160,306,120,87,60,44,22,251,200
89156328,1,92087.0,9,252,9.0,13.0,94,20,6,4,16,48,40,24,67,50,100,58,278,243,315,160,306,120,87,60,44,22,251,200
89156356,0,20285.0,7,203,,0.0,91,29,33,4,7,18,42,35,57,50,100,66,277,1,336,160,313,120,86,60,46,21,250,200
89156356,1,42684.0,11,243,0.0,10.0,292,0,34,0,0,258,42,35,57,50,100,66,277,1,336,160,313,120,86,60,46,21,250,200
89157366,0,49161.0,7,203,,13.0,86,27,32,3,5,19,42,35,64,50,100,100,281,219,365,160,313,120,101,60,49,25,251,200
89157366,1,3000.0,0,0,,0.0,0,0,0,0,0,0,42,35,64,50,100,100,281,219,365,160,313,120,101,60,49,25,251,200
89158382,0,24766.0,8,205,0.0,0.0,318,8,88,32,5,185,42,32,74,50,100,51,278,54,281,160,319,120,101,60,55,24,246,200
89158382,1,86377.0,9,158,0.0,11.0,113,0,59,3,0,51,42,32,74,50,100,51,278,54,281,160,319,120,101,60,55,24,246,200
89160411,0,50987.0,10,254,14.0,13.0,155,32,23,7,16,77,40,29,77,50,100,58,281,223,282,160,309,120,88,60,47,25,250,200
89160411,1,80538.0,11,292,9.0,13.0,115,27,6,4,16,62,40,29,77,50,100,58,281,223,282,160,309,120,88,60,47,25,250,200
89160433,0,34125.0,6,138,12.0,10.0,112,22,63,0,6,21,42,35,75,50,100,96,277,1,309,160,305,120,92,60,43,23,248,200
89160433,1,31735.0,10,254,14.0,12.0,176,60,18,6,10,82,42,35,75,50,100,96,277,1,309,160,305,120,92,60,43,23,248,200
89161435,0,43097.0,7,203,,13.0,86,27,32,3,5,19,40,25,60,50,100,55,278,165,344,160,290,120,90,60,48,25,253,200
89161435,1,44711.0,10,296,0.0,11.0,151,73,6,4,18,50,40,25,60,50,100,55,278,165,344,160,290,120,90,60,48,25,253,200
89161448,0,29612.0,9,223,6.0,0.0,126,0,46,0,0,80,42,35,67,50,100,100,278,1,336,160,303,120,109,60,42,22,252,200
89161448,1,20067.0,7,203,,0.0,89,25,36,5,5,18,42,35,67,50,100,100,278,1,336,160,303,120,109,60,42,22,252,200
89161949,0,13022.0,8,240,,0.0,175,0,0,0,0,175,42,35,68,50,100,100,293,250,332,160,321,120,105,60,38,21,253,200
89161949,1,6259.0,0,0,,0.0,2,0,2,0,0,0,42,35,68,50,100,100,293,250,332,160,321,120,105,60,38,21,253,200
89165527,0,3000.0,0,0,,0.0,0,0,0,0,0,0,42,35,65,50,100,100,293,250,358,160,304,120,103,60,45,25,250,200
89165527,1,7381.0,0,0,,0.0,51,0,0,0,0,51,42,35,65,50,100,100,293,250,358,160,304,120,103,60,45,25,250,200
89166007,0,56380.0,11,187,10.0,10.0,210,41,30,12,0,127,42,35,68,50,100,79,278,7,299,160,292,120,105,60,48,25,248,200
89166007,1,64670.0,10,208,0.0,17.0,46,0,13,23,9,1,42,35,68,50,100,79,278,7,299,160,292,120,105,60,48,25,248,200
89166012,0,56011.0,11,183,10.0,10.0,208,74,34,9,0,91,41,35,68,50,100,61,278,13,283,160,288,120,88,60,46,25,252,200
89166012,1,77603.0,9,254,7.0,12.0,110,28,7,4,16,55,41,35,68,50,100,61,278,13,283,160,288,120,88,60,46,25,252,200
89167057,0,19635.0,7,89,,0.0,17,0,0,0,0,17,42,35,68,50,100,88,293,250,328,160,297,120,100,60,55,25,251,200
89167057,1,3994.0,2,60,,0.0,9,0,0,0,9,0,42,35,68,50,100,88,293,250,328,160,297,120,100,60,55,25,251,200
89167553,0,18333.0,7,203,,0.0,86,27,32,3,5,19,42,35,66,50,100,93,277,1,347,160,260,120,90,60,49,25,250,200
89167553,1,74852.0,6,158,12.0,10.0,85,0,25,60,0,0,42,35,66,50,100,93,277,1,347,160,260,120,90,60,49,25,250,200
89168563,0,23513.0,10,241,0.0,0.0,378,140,115,0,0,123,40,25,69,50,100,100,281,1,347,160,314,120,93,60,37,21,251,200
89168563,1,21387.0,7,203,0.0,0.0,153,36,31,2,5,79,40,25,69,50,100,100,281,1,347,160,314,120,93,60,37,21,251,200
89169585,0,107555.0,9,269,0.0,12.0,157,58,32,33,0,34,42,35,64,50,100,53,280,138,291,160,288,120,101,60,45,21,251,200
89169585,1,40775.0,10,254,14.0,13.0,167,55,19,6,14,73,42,35,64,50,100,53,280,138,291,160,288,120,101,60,45,21,251,200
89169597,0,57906.0,10,187,10.0,10.0,198,22,29,16,0,131,42,35,66,50,100,73,278,1,320,160,298,120,105,60,52,25,249,200
89169597,1,88873.0,12,269,0.0,20.0,51,0,16,28,7,0,42,35,66,50,100,73,278,1,320,160,298,120,105,60,52,25,249,200
89169608,0,3872.0,0,0,,0.0,9,9,0,0,0,0,42,35,70,50,100,100,293,250,332,160,324,120,91,60,50,25,252,200
89169608,1,3835.0,2,60,,0.0,9,0,0,0,9,0,42,35,70,50,100,100,293,250,332,160,324,120,91,60,50,25,252,200
89170613,0,41727.0,7,203,,13.0,86,27,32,3,5,19,41,35,69,50,100,100,281,101,301,160,299,120,99,60,54,25,250,200
89170613,1,76445.0,5,141,,13.0,19,0,12,0,0,7,41,35,69,50,100,100,281,101,301,160,299,120,99,60,54,25,250,200
89171137,0,35415.0,10,252,14.0,13.0,171,63,17,4,17,70,42,32,69,50,100,100,278,76,324,160,297,120,102,60,41,23,250,200
89171137,1,37079.0,7,203,11.0,11.0,121,34,29,5,5,48,42,32,69,50,100,100,278,76,324,160,297,120,102,60,41,23,250,200
89172150,0,40098.0,10,244,0.0,13.0,384,144,117,0,0,123,41,35,76,50,100,100,281,16,332,160,308,120,88,60,43,25,248,200
89172150,1,19741.0,0,0,0.0,0.0,26,0,12,14,0,0,41,35,76,50,100,100,281,16,332,160,308,120,88,60,43,25,248,200
89172670,0,45183.0,10,234,0.0,14.0,313,8,77,41,5,182,42,32,68,50,100,100,281,215,351,160,285,120,98,60,49,24,253,200
89172670,1,12048.0,0,0,,0.0,26,12,0,14,0,0,42,32,68,50,100,100,281,215,351,160,285,120,98,60,49,24,253,200
89173164,0,32408.0,4,96,14.0,13.0,52,3,36,0,1,12,42,35,69,50,101,100,281,198,346,160,311,120,104,60,49,23,248,200
89173164,1,6006.0,0,0,,0.0,2,0,2,0,0,0,42,35,69,50,101,100,281,198,346,160,311,120,104,60,49,23,248,200
89173703,0,3000.0,0,0,,0.0,0,0,0,0,0,0,41,25,69,50,100,100,293,250,344,160,304,120,98,60,47,25,253,200
89173703,1,6393.0,3,90,0.0,0.0,529,202,0,0,0,327,41,25,69,50,100,100,293,250,344,160,304,120,98,60,47,25,253,200
89174686,0,106395.0,10,279,7.0,13.0,78,16,17,19,0,26,40,28,76,50,100,57,281,171,307,160,301,120,95,60,48,25,247,200
89174686,1,44512.0,10,254,14.0,13.0,164,41,21,4,15,83,40,28,76,50,100,57,281,171,307,160,301,120,95,60,48,25,247,200
89175704,0,27382.0,8,240,,0.0,51,0,51,0,0,0,42,35,75,50,100,100,280,1,336,160,319,120,96,60,49,25,247,200
89175704,1,15912.0,7,203,,0.0,86,27,32,3,5,19,42,35,75,50,100,100,280,1,336,160,319,120,96,60,49,25,247,200
89176244,0,25421.0,10,246,0.0,0.0,377,139,115,0,0,123,41,32,68,50,100,100,281,1,358,160,304,120,104,60,38,22,246,200
89176244,1,20747.0,7,203,0.0,0.0,168,36,34,3,9,86,41,32,68,50,100,100,281,1,358,160,304,120,104,60,38,22,246,200
89176247,0,29046.0,9,246,0.0,0.0,182,83,45,0,0,54,41,29,68,50,100,100,278,13,347,160,299,120,88,60,35,22,250,200
89176247,1,25589.0,10,254,14.0,0.0,180,68,16,4,16,76,41,29,68,50,100,100,278,13,347,160,299,120,88,60,35,22,250,200
89177237,0,16033.0,7,203,,0.0,86,27,32,3,5,19,42,35,66,50,100,100,280,1,347,160,319,120,90,60,47,25,252,200
89177237,1,27227.0,8,240,,0.0,53,0,53,0,0,0,42,35,66,50,100,100,280,1,347,160,319,120,90,60,47,25,252,200
89177254,0,79290.0,12,290,0.0,10.0,209,11,30,5,0,163,41,35,71,50,100,71,277,1,324,160,283,120,98,60,42,21,248,200
89177254,1,34496.0,14,192,10.0,10.0,185,116,27,23,9,10,41,35,71,50,100,71,277,1,324,160,283,120,98,60,42,21,248,200
89178251,0,47171.0,8,216,0.0,14.0,296,8,67,31,5,185,42,32,73,50,100,100,281,238,358,160,310,120,98,60,50,24,247,200
89178251,1,1381.0,1,19,5.0,0.0,0,0,0,0,0,0,42,32,73,50,100,100,281,238,358,160,310,120,98,60,50,24,247,200
89178768,0,25572.0,2,60,,0.0,54,0,35,0,19,0,41,35,77,50,100,100,278,13,336,160,316,120,88,57,50,25,250,200
89178768,1,30363.0,7,203,,13.0,86,26,32,3,5,20,41,35,77,50,100,100,278,13,336,160,316,120,88,57,50,25,250,200
89179271,0,23194.0,10,242,0.0,0.0,372,136,110,0,0,126,39,24,70,50,100,100,281,1,346,160,326,120,101,60,49,25,247,200
89179271,1,34747.0,14,294,11.0,13.0,69,23,23,23,0,0,39,24,70,50,100,100,281,1,346,160,326,120,101,60,49,25,247,200
89180806,0,1779.0,1,21,5.0,0.0,0,0,0,0,0,0,42,33,77,50,100,100,281,238,311,160,299,120,92,60,43,25,250,200
89180806,1,49332.0,10,254,14.0,13.0,169,54,21,3,11,80,42,33,77,50,100,100,281,238,311,160,299,120,92,60,43,25,250,200
89180810,0,121232.0,10,242,0.0,10.0,38,0,18,14,1,5,42,35,68,50,100,56,277,1,259,160,288,120,108,60,54,25,246,200
89180810,1,39781.0,11,185,10.0,10.0,195,21,30,16,0,128,42,35,68,50,100,56,277,1,259,160,288,120,108,60,54,25,246,200
89180818,0,30538.0,8,219,0.0,12.0,174,8,56,34,5,71,42,32,70,50,100,100,278,89,332,160,298,120,99,60,51,24,246,200
89180818,1,28510.0,2,60,,0.0,51,0,33,0,18,0,42,32,70,50,100,100,278,89,332,160,298,120,99,60,51,24,246,200
89181318,0,52929.0,12,240,0.0,11.0,78,12,18,48,0,0,41,29,65,50,100,68,278,37,338,160,318,120,101,60,54,25,250,200
89181318,1,27855.0,7,203,,0.0,86,27,32,3,5,19,41,29,65,50,100,68,278,37,338,160,318,120,101,60,54,25,250,200
89181346,0,38642.0,10,203,0.0,14.0,316,8,86,32,5,185,42,32,64,50,103,100,280,1,351,160,287,120,102,60,52,22,250,200
89181346,1,27142.0,11,294,5.0,0.0,211,74,30,20,5,82,42,32,64,50,103,100,280,1,351,160,287,120,102,60,52,22,250,200
89182350,0,121283.0,12,323,11.0,18.0,174,41,23,17,4,89,42,35,65,50,100,55,278,1,299,160,291,120,112,60,49,25,244,200
89182350,1,50876.0,11,179,10.0,10.0,182,11,37,13,0,121,42,35,65,50,100,55,278,1,299,160,291,120,112,60,49,25,244,200
89182846,0,78250.0,11,292,9.0,13.0,115,27,6,4,16,62,42,32,70,50,100,58,281,165,270,160,317,120,93,60,49,25,248,200
89182846,1,47343.0,7,203,,13.0,86,27,32,3,5,19,42,32,70,50,100,58,281,165,270,160,317,120,93,60,49,25,248,200
89182848,0,24087.0,10,222,0.0,0.0,339,8,89,52,5,185,42,31,69,50,100,74,278,13,318,160,245,120,111,60,54,25,246,200
89182848,1,84927.0,12,307,6.0,10.0,203,32,27,50,0,94,42,31,69,50,100,74,278,13,318,160,245,120,111,60,54,25,246,200
89182875,0,48545.0,7,181,11.0,13.0,53,6,25,8,14,0,41,35,70,50,100,70,281,104,306,160,305,120,97,60,53,25,253,200
89182875,1,41780.0,7,203,,13.0,86,27,32,3,5,19,41,35,70,50,100,70,281,104,306,160,305,120,97,60,53,25,253,200
89182876,0,1167.0,8,240,0.0,0.0,275,2,0,0,0,273,42,35,69,50,100,100,293,250,368,160,330,120,105,60,42,21,246,200
89182876,1,2300.0,0,0,,0.0,30,30,0,0,0,0,42,35,69,50,100,100,293,250,368,160,330,120,105,60,42,21,246,200
89183361,0,110330.0,10,265,7.0,13.0,70,16,21,16,0,17,42,35,68,50,100,57,283,243,320,160,295,120,101,60,53,25,245,200
89183361,1,6212.0,0,0,,0.0,2,0,2,0,0,0,42,35,68,50,100,57,283,243,320,160,295,120,101,60,53,25,245,200
89184395,0,39201.0,12,315,13.0,13.0,141,0,12,54,0,75,42,35,68,50,100,62,287,240,344,160,320,120,103,60,53,25,248,200
89184395,1,6203.0,0,0,,0.0,2,0,2,0,0,0,42,35,68,50,100,62,287,240,344,160,320,120,103,60,53,25,248,200
89187473,0,2300.0,0,0,,0.0,30,30,0,0,0,0,42,35,70,50,100,100,293,250,351,160,290,120,101,60,50,25,251,200
89187473,1,3876.0,0,0,,0.0,15,0,0,0,0,15,42,35,70,50,100,100,293,250,351,160,290,120,101,60,50,25,251,200
89188464,0,28227.0,7,203,,0.0,86,27,32,3,5,19,42,35,69,50,100,69,277,40,305,160,280,120,101,60,53,25,252,200
89188464,1,96550.0,8,174,0.0,20.0,159,0,21,113,0,25,42,35,69,50,100,69,277,40,305,160,280,120,101,60,53,25,252,200
89189493,0,12162.0,6,180,,0.0,225,0,0,0,0,225,41,35,71,50,100,94,281,219,344,160,319,120,92,60,46,25,251,200
89189493,1,49135.0,7,203,,13.0,85,27,31,3,5,19,41,35,71,50,100,94,281,219,344,160,319,120,92,60,46,25,251,200
89190536,0,40058.0,7,203,,13.0,86,27,32,3,5,19,41,35,70,50,100,71,281,115,361,160,300,120,94,60,51,25,250,200
89190536,1,38543.0,12,316,13.0,13.0,133,0,15,66,0,52,41,35,70,50,100,71,281,115,361,160,300,120,94,60,51,25,250,200
89190558,0,12133.0,0,0,,0.0,33,12,0,21,0,0,41,32,70,50,100,100,281,238,361,160,321,120,101,60,45,23,247,200
89190558,1,49921.0,10,252,14.0,13.0,157,46,21,5,14,71,41,32,70,50,100,100,281,238,361,160,321,120,101,60,45,23,247,200
89191044,0,80910.0,10,268,7.0,15.0,74,17,21,18,0,18,42,35,68,50,100,57,278,1,287,160,315,120,105,60,47,25,245,200
89191044,1,56296.0,12,184,10.0,10.0,216,30,30,11,0,145,42,35,68,50,100,57,278,1,287,160,315,120,105,60,47,25,245,200
89191079,0,21527.0,4,99,14.0,0.0,58,2,42,0,2,12,42,35,71,50,101,100,281,4,315,160,310,120,98,60,48,24,250,200
89191079,1,28539.0,7,203,,0.0,86,27,32,3,5,19,42,35,71,50,101,100,281,4,315,160,310,120,98,60,48,24,250,200
89191553,0,27258.0,7,203,,0.0,86,27,32,3,5,19,42,35,70,50,100,100,281,1,332,160,299,120,88,60,46,25,252,200
89191553,1,19310.0,6,180,,0.0,79,28,51,0,0,0,42,35,70,50,100,100,281,1,332,160,299,120,88,60,46,25,252,200
89191579,0,39681.0,10,254,14.0,13.0,165,46,19,8,12,80,41,32,77,50,100,100,281,1,347,160,311,120,91,60,42,25,248,200
89191579,1,25156.0,4,80,19.0,0.0,116,0,53,0,0,63,41,32,77,50,100,100,281,1,347,160,311,120,91,60,42,25,248,200
89193610,0,42636.0,7,203,,13.0,86,27,32,3,5,19,42,35,69,50,100,87,281,106,298,156,295,120,81,50,45,25,250,200
89193610,1,81465.0,13,335,9.0,13.0,139,27,13,15,14,70,42,35,69,50,100,87,281,106,298,156,295,120,81,50,45,25,250,200
89193648,0,6259.0,0,0,,0.0,2,0,2,0,0,0,42,35,74,50,100,100,293,250,344,160,330,120,105,60,57,25,228,72
89193648,1,21970.0,5,138,20.0,0.0,0,0,0,0,0,0,42,35,74,50,100,100,293,250,344,160,330,120,105,60,57,25,228,72
89194679,0,3000.0,0,0,,0.0,0,0,0,0,0,0,42,35,76,50,100,100,293,250,344,160,318,120,88,60,51,25,250,200
89194679,1,3000.0,0,0,,0.0,0,0,0,0,0,0,42,35,76,50,100,100,293,250,344,160,318,120,88,60,51,25,250,200
89195684,0,5680.0,0,0,,0.0,2,0,2,0,0,0,42,35,75,50,100,100,278,226,347,160,321,120,98,60,50,25,246,200
89195684,1,26162.0,1,15,0.0,0.0,107,60,46,0,0,1,42,35,75,50,100,100,278,226,347,160,321,120,98,60,50,25,246,200
89196196,0,42520.0,7,203,,13.0,86,27,32,3,5,19,42,32,64,50,100,51,281,120,321,160,296,120,99,60,49,25,248,200
89196196,1,102522.0,10,268,7.0,13.0,84,15,14,25,0,30,42,32,64,50,100,51,281,120,321,160,296,120,99,60,49,25,248,200
89196722,0,22751.0,7,203,,0.0,86,27,32,3,5,19,41,30,74,50,100,100,278,13,328,160,287,120,95,60,47,24,253,200
89196722,1,30410.0,8,198,7.0,11.0,111,41,39,4,5,22,41,30,74,50,100,100,278,13,328,160,287,120,95,60,47,24,253,200
89196757,0,3939.0,2,60,,0.0,9,0,0,0,9,0,42,35,75,50,100,100,293,250,324,160,327,120,98,60,51,25,246,200
89196757,1,3000.0,0,0,,0.0,0,0,0,0,0,0,42,35,75,50,100,100,293,250,324,160,327,120,98,60,51,25,246,200
89197238,0,76.0,0,0,,0.0,22,0,0,22,0,0,42,35,66,50,100,100,281,219,347,160,309,120,103,60,48,25,247,200
89197238,1,49070.0,7,203,,13.0,86,27,32,3,5,19,42,35,66,50,100,100,281,219,347,160,309,120,103,60,48,25,247,200
89198270,0,139105.0,15,283,9.0,16.0,162,14,17,59,0,72,42,35,70,50,100,59,278,43,274,160,237,120,90,60,51,25,250,200
89198270,1,35499.0,7,203,,13.0,86,26,32,3,5,20,42,35,70,50,100,59,278,43,274,160,237,120,90,60,51,25,250,200
89198301,0,27581.0,9,143,0.0,0.0,69,0,47,11,0,11,42,35,62,50,100,87,277,10,365,160,318,120,108,60,51,25,246,200
89198301,1,24138.0,7,203,,0.0,87,28,31,4,5,19,42,35,62,50,100,87,277,10,365,160,318,120,108,60,51,25,246,200
89199843,0,3000.0,0,0,,0.0,0,0,0,0,0,0,42,35,66,50,100,100,293,250,354,160,297,120,98,60,48,25,253,200
89199843,1,2300.0,0,0,,0.0,30,30,0,0,0,0,42,35,66,50,100,100,293,250,354,160,297,120,98,60,48,25,253,200
89202890,0,25091.0,10,253,0.0,0.0,218,8,89,45,5,71,42,32,70,50,100,100,280,1,324,160,290,120,100,60,50,24,250,200
89202890,1,20698.0,3,90,,0.0,78,0,78,0,0,0,42,32,70,50,100,100,280,1,324,160,290,120,100,60,50,24,250,200
89202903,0,58268.0,11,181,10.0,10.0,198,41,37,13,0,107,41,35,70,50,100,89,278,1,315,160,290,120,89,60,45,25,246,200
89202903,1,86018.0,13,338,9.0,13.0,148,27,12,16,17,76,41,35,70,50,100,89,278,1,315,160,290,120,89,60,45,25,246,200
89203897,0,61608.0,11,189,10.0,10.0,191,20,23,18,0,130,42,35,59,50,100,41,278,7,286,160,298,120,111,60,56,25,223,24
89203897,1,42877.0,15,368,6.0,13.0,92,2,28,0,0,62,42,35,59,50,100,41,278,7,286,160,298,120,111,60,56,25,223,24
89206390,0,9858.0,5,150,,0.0,191,191,0,0,0,0,37,17,70,50,100,100,284,244,351,160,298,120,99,60,49,24,251,200
89206390,1,44564.0,8,192,0.0,14.0,294,8,68,29,5,184,37,17,70,50,100,100,284,244,351,160,298,120,99,60,49,24,251,200
89206391,0,46635.0,11,179,10.0,10.0,200,4,35,12,0,149,42,35,71,50,100,55,278,1,284,160,277,120,103,60,50,25,246,200
89206391,1,131048.0,12,332,7.0,15.0,87,11,27,24,0,25,42,35,71,50,100,55,278,1,284,160,277,120,103,60,50,25,246,200
89207896,0,98401.0,10,267,7.0,15.0,74,16,19,23,0,16,42,35,69,50,100,48,278,13,308,160,302,120,96,60,47,25,246,200
89207896,1,56966.0,10,185,10.0,10.0,206,22,31,11,0,142,42,35,69,50,100,48,278,13,308,160,302,120,96,60,47,25,246,200
89213917,0,3798.0,2,60,,0.0,9,0,0,0,9,0,41,35,75,50,100,57,277,243,293,160,310,120,89,60,55,25,251,200
89213917,1,75749.0,14,290,9.0,18.0,173,8,42,15,0,108,41,35,75,50,100,57,277,243,293,160,310,120,89,60,55,25,251,200
89215931,0,52724.0,11,187,10.0,10.0,213,59,30,11,0,113,42,35,68,50,100,71,277,13,304,160,293,120,111,60,51,23,245,200
89215931,1,58556.0,8,176,0.0,18.0,113,0,22,0,0,91,42,35,68,50,100,71,277,13,304,160,293,120,111,60,51,23,245,200
89216944,0,28200.0,8,200,0.0,0.0,260,8,103,73,5,71,42,32,68,50,100,100,280,1,361,160,306,120,107,60,50,24,247,200
89216944,1,22497.0,2,39,12.0,0.0,47,0,38,0,0,9,42,32,68,50,100,100,280,1,361,160,306,120,107,60,50,24,247,200
89217428,0,29545.0,7,203,,0.0,86,27,32,3,5,19,42,35,66,50,100,35,278,19,284,160,306,120,96,60,54,25,247,200
89217428,1,92562.0,10,224,12.0,11.0,18,0,18,0,0,0,42,35,66,50,100,35,278,19,284,160,306,120,96,60,54,25,247,200
89217447,0,31521.0,11,278,0.0,16.0,266,112,27,2,14,111,41,26,67,50,100,100,281,13,344,160,312,120,89,60,43,22,246,200
89217447,1,31306.0,7,203,,13.0,86,27,32,3,5,19,41,26,67,50,100,100,281,13,344,160,312,120,89,60,43,22,246,200
89218920,0,50247.0,11,252,0.0,13.0,285,0,27,26,0,232,42,32,73,50,100,100,280,46,340,160,282,120,109,60,41,24,251,200
89218920,1,30330.0,10,238,0.0,14.0,331,8,85,48,5,185,42,32,73,50,100,100,280,46,340,160,282,120,109,60,41,24,251,200
89220972,0,48946.0,7,203,,13.0,86,27,32,3,5,19,42,35,73,50,100,100,281,219,336,160,302,120,90,60,47,25,250,200
89220972,1,11299.0,0,0,,0.0,33,12,0,21,0,0,42,35,73,50,100,100,281,219,336,160,302,120,90,60,47,25,250,200
89221449,0,114388.0,13,276,6.0,13.0,137,60,27,0,0,50,42,35,68,50,100,43,277,13,270,160,310,120,103,60,56,25,227,121
89221449,1,22018.0,7,203,,0.0,86,27,32,3,5,19,42,35,68,50,100,43,277,13,270,160,310,120,103,60,56,25,227,121
89222465,0,122527.0,14,294,0.0,17.0,230,46,33,0,0,151,42,35,70,50,100,28,278,13,256,160,303,120,109,60,54,22,248,200
89222465,1,18253.0,7,203,,0.0,86,27,32,3,5,19,42,35,70,50,100,28,278,13,256,160,303,120,109,60,54,22,248,200
89222962,0,32585.0,10,244,0.0,14.0,327,8,82,47,5,185,42,32,65,50,100,100,280,1,340,160,299,120,100,60,27,21,253,200
89222962,1,29057.0,8,231,0.0,0.0,284,0,36,0,0,248,42,32,65,50,100,100,280,1,340,160,299,120,100,60,27,21,253,200
89225992,0,52912.0,7,203,0.0,11.0,166,33,26,3,7,97,41,29,61,50,100,91,278,13,361,160,309,120,95,60,42,22,252,200
89225992,1,19868.0,7,203,,0.0,86,27,32,3,5,19,41,29,61,50,100,91,278,13,361,160,309,120,95,60,42,22,252,200
89228528,0,33265.0,8,232,0.0,10.0,326,0,28,0,0,298,42,35,68,50,100,100,281,1,324,160,323,120,101,60,30,20,252,200
89228528,1,33315.0,7,203,,13.0,86,27,32,3,5,19,42,35,68,50,100,100,281,1,324,160,323,120,101,60,30,20,252,200
89230587,0,34382.0,11,183,10.0,10.0,228,11,30,5,0,182,42,32,70,50,100,44,277,1,270,160,264,120,111,60,47,25,248,200
89230587,1,124026.0,12,300,10.0,10.0,68,6,16,18,0,28,42,32,70,50,100,44,277,1,270,160,264,120,111,60,47,25,248,200
89231087,0,78584.0,10,205,9.0,18.0,17,14,0,3,0,0,41,31,71,50,100,100,281,219,287,160,316,120,101,60,58,25,234,199
89231087,1,49327.0,7,203,,13.0,86,27,32,3,5,19,41,31,71,50,100,100,281,219,287,160,316,120,101,60,58,25,234,199
89231595,0,21297.0,7,203,,0.0,86,27,32,3,5,19,42,35,68,50,100,75,280,1,331,160,332,120,103,60,41,22,243,200
89231595,1,72051.0,8,232,0.0,12.0,200,0,28,0,0,172,42,35,68,50,100,75,280,1,331,160,332,120,103,60,41,22,243,200
89232622,0,128590.0,12,320,7.0,11.0,103,14,17,39,0,33,41,32,74,50,100,45,278,34,305,160,279,120,88,60,52,25,249,200
89232622,1,31813.0,7,203,,13.0,91,26,35,4,6,20,41,32,74,50,100,45,278,34,305,160,279,120,88,60,52,25,249,200
89234170,0,53451.0,14,344,0.0,16.0,173,11,11,35,0,116,41,35,74,50,100,65,278,34,259,135,273,120,94,60,45,23,251,200
89234170,1,49362.0,12,189,10.0,10.0,257,161,33,1,0,62,41,35,74,50,100,65,278,34,259,135,273,120,94,60,45,23,251,200
89234171,0,39547.0,11,189,10.0,10.0,259,44,31,0,0,184,41,28,73,50,100,45,277,1,307,160,287,120,92,60,43,25,250,200
89234171,1,114441.0,12,316,7.0,11.0,101,12,18,38,0,33,41,28,73,50,100,45,277,1,307,160,287,120,92,60,43,25,250,200
89238265,0,30021.0,7,203,,13.0,86,27,32,3,5,19,42,30,71,50,100,100,278,13,320,160,317,120,92,60,52,25,245,200
89238265,1,26559.0,14,297,11.0,0.0,46,12,20,14,0,0,42,30,71,50,100,100,278,13,320,160,317,120,92,60,52,25,245,200
89239266,0,2740.0,2,60,,0.0,0,0,0,0,0,0,42,35,68,50,100,100,293,250,340,160,297,120,96,60,48,25,253,200
89239266,1,6259.0,0,0,,0.0,2,0,2,0,0,0,42,35,68,50,100,100,293,250,340,160,297,120,96,60,48,25,253,200
89239774,0,29061.0,4,81,11.0,0.0,84,0,23,61,0,0,42,32,70,50,100,100,278,86,347,160,295,120,113,60,53,24,248,200
89239774,1,30336.0,8,216,0.0,14.0,289,8,62,29,5,185,42,32,70,50,100,100,278,86,347,160,295,120,113,60,53,24,248,200
89239793,0,28971.0,8,240,,0.0,211,75,39,2,6,89,42,31,69,50,101,100,278,4,354,160,285,120,99,60,46,23,250,200
89239793,1,21576.0,8,208,0.0,0.0,547,8,141,32,181,185,42,31,69,50,101,100,278,4,354,160,285,120,99,60,46,23,250,200
89240812,0,40012.0,5,125,,10.0,68,0,35,0,0,33,42,32,68,50,100,95,278,13,334,160,312,120,96,60,49,22,246,200
89240812,1,26578.0,8,216,0.0,0.0,300,8,63,39,5,185,42,32,68,50,100,95,278,13,334,160,312,120,96,60,49,22,246,200
89244922,0,53111.0,12,315,11.0,11.0,50,8,16,26,0,0,42,35,73,50,100,67,278,7,336,160,303,120,96,60,53,25,244,200
89244922,1,60087.0,14,179,10.0,10.0,149,4,33,27,0,85,42,35,73,50,100,67,278,7,336,160,303,120,96,60,53,25,244,200
89252071,0,42806.0,16,330,9.0,10.0,267,0,15,24,0,228,42,35,75,50,100,84,277,104,322,160,307,120,88,60,42,23,247,200
89252071,1,39885.0,7,203,,13.0,86,27,32,3,5,19,42,35,75,50,100,84,277,104,322,160,307,120,88,60,42,23,247,200
89254630,0,36132.0,7,203,,13.0,86,27,32,3,5,19,42,35,66,50,100,100,278,51,351,160,312,120,110,60,51,25,246,200
89254630,1,21330.0,4,120,,0.0,101,0,86,3,7,5,42,35,66,50,100,100,278,51,351,160,312,120,110,60,51,25,246,200
89254631,0,36490.0,16,323,9.0,11.0,265,0,18,24,0,223,42,32,68,50,100,88,277,1,328,160,276,120,87,60,37,21,252,200
89254631,1,37064.0,10,244,0.0,14.0,346,8,95,54,5,184,42,32,68,50,100,88,277,1,328,160,276,120,87,60,37,21,252,200
89256662,0,42395.0,7,203,,13.0,86,27,32,3,5,19,42,35,67,50,100,49,281,43,299,160,312,120,92,60,53,25,246,200
89256662,1,88204.0,12,298,7.0,13.0,87,18,22,26,0,21,42,35,67,50,100,49,281,43,299,160,312,120,92,60,53,25,246,200
89260777,0,58818.0,10,249,8.0,11.0,111,25,20,12,26,28,42,35,67,50,100,67,278,1,329,160,297,120,100,60,50,25,244,200
89260777,1,46556.0,11,182,10.0,10.0,215,7,32,8,0,168,42,35,67,50,100,67,278,1,329,160,297,120,100,60,50,25,244,200
89260802,0,71139.0,12,328,9.0,11.0,80,1,17,40,0,22,42,35,69,50,100,78,278,1,288,135,268,120,109,60,48,25,247,200
89260802,1,46255.0,10,183,10.0,10.0,223,32,37,6,0,148,42,35,69,50,100,78,278,1,288,135,268,120,109,60,48,25,247,200
89268506,0,72679.0,10,280,10.0,16.0,241,11,205,12,2,11,42,35,57,47,100,54,278,1,335,160,298,120,102,60,46,25,250,200
89268506,1,45383.0,12,184,10.0,10.0,224,11,33,5,0,175,42,35,57,47,100,54,278,1,335,160,298,120,102,60,46,25,250,200
89271072,0,2300.0,0,0,,0.0,30,30,0,0,0,0,42,35,68,50,100,100,293,250,344,160,330,120,107,60,50,25,251,200
89271072,1,80.0,0,0,0.0,0.0,30,6,22,0,0,2,42,35,68,50,100,100,293,250,344,160,330,120,107,60,50,25,251,200
89272078,0,14592.0,10,230,0.0,0.0,314,8,81,35,5,185,42,30,70,50,100,61,277,13,296,160,295,120,91,60,52,24,251,200
89272078,1,96025.0,5,134,0.0,11.0,59,11,29,2,0,17,42,30,70,50,100,61,277,13,296,160,295,120,91,60,52,24,251,200
89272096,0,14954.0,7,210,0.0,0.0,524,161,0,0,0,363,42,32,68,50,100,100,293,250,328,160,327,120,101,60,30,21,250,200
89272096,1,6259.0,0,0,,0.0,2,0,2,0,0,0,42,32,68,50,100,100,293,250,328,160,327,120,101,60,30,21,250,200
89273103,0,45703.0,7,203,,13.0,86,27,32,3,5,19,42,35,75,50,100,100,278,186,328,160,292,120,88,60,49,25,250,200
89273103,1,7737.0,1,30,0.0,0.0,22,0,8,14,0,0,42,35,75,50,100,100,278,186,328,160,292,120,88,60,49,25,250,200
89274138,0,36741.0,8,216,0.0,14.0,284,8,61,31,5,179,42,32,71,50,100,100,280,13,347,160,288,120,100,60,49,24,246,200
89274138,1,28268.0,9,167,13.0,0.0,254,47,83,27,0,97,42,32,71,50,100,100,280,13,347,160,288,120,100,60,49,24,246,200
89274144,0,65934.0,8,200,0.0,11.0,500,153,25,42,9,271,42,31,70,50,100,85,278,81,322,160,276,120,85,60,48,25,251,200
89274144,1,37503.0,7,203,,13.0,86,27,32,3,5,19,42,31,70,50,100,85,278,81,322,160,276,120,85,60,48,25,251,200
89275183,0,126082.0,12,321,7.0,11.0,102,10,19,38,0,35,42,32,74,50,100,45,278,48,270,160,260,120,91,60,51,25,246,200
89275183,1,27545.0,8,197,0.0,0.0,291,8,64,29,5,185,42,32,74,50,100,45,278,48,270,160,260,120,91,60,51,25,246,200
89275731,0,52331.0,11,183,10.0,10.0,246,55,32,3,0,156,41,35,70,50,100,67,278,13,305,160,270,120,88,60,45,25,249,200
89275731,1,107903.0,10,255,7.0,16.0,67,11,16,28,0,12,41,35,70,50,100,67,278,13,305,160,270,120,88,60,45,25,249,200
89279409,0,59177.0,11,180,10.0,10.0,188,20,37,11,0,120,42,33,67,50,100,52,278,13,268,160,291,120,104,60,48,25,253,200
89279409,1,70898.0,11,274,9.0,13.0,102,28,6,3,16,49,42,33,67,50,100,52,278,13,268,160,291,120,104,60,48,25,253,200
89280451,0,90331.0,10,271,10.0,17.0,63,0,26,37,0,0,42,35,76,50,100,75,278,7,313,160,292,120,94,60,49,25,241,194
89280451,1,59033.0,11,186,10.0,10.0,216,8,25,12,0,171,42,35,76,50,100,75,278,7,313,160,292,120,94,60,49,25,241,194
89283101,0,69272.0,12,306,0.0,10.0,169,36,28,54,0,51,42,35,70,50,100,92,277,13,331,160,285,120,92,60,50,22,245,200
89283101,1,24955.0,7,203,,0.0,88,27,32,3,5,21,42,35,70,50,100,92,277,13,331,160,285,120,92,60,50,22,245,200
89285228,0,45572.0,6,126,0.0,13.0,52,0,21,31,0,0,42,35,67,50,100,100,281,86,328,160,288,120,107,60,49,25,253,200
89285228,1,36612.0,7,203,,13.0,86,27,32,3,5,19,42,35,67,50,100,100,281,86,328,160,288,120,107,60,49,25,253,200
89286305,0,125899.0,12,320,7.0,11.0,104,11,19,37,0,37,42,32,73,50,100,43,278,13,275,160,285,120,102,60,54,25,243,200
89286305,1,30143.0,8,197,0.0,14.0,296,8,66,32,5,185,42,32,73,50,100,43,278,13,275,160,285,120,102,60,54,25,243,200
89289003,0,34532.0,8,197,0.0,14.0,298,8,64,36,5,185,42,32,62,50,100,70,279,43,332,160,284,120,98,60,50,25,250,200
89289003,1,69535.0,12,337,8.0,12.0,77,0,27,10,0,40,42,32,62,50,100,70,279,43,332,160,284,120,98,60,50,25,250,200
89289517,0,5429.0,2,22,,0.0,45,25,11,9,0,0,42,33,71,50,100,100,281,154,336,160,328,120,105,60,50,25,250,200
89289517,1,44343.0,7,203,,13.0,86,27,32,3,5,19,42,33,71,50,100,100,281,154,336,160,328,120,105,60,50,25,250,200
89290046,0,48177.0,7,203,,13.0,87,26,31,4,5,21,42,35,55,50,100,100,281,219,347,160,322,120,94,60,53,25,246,200
89290046,1,8321.0,8,232,0.0,0.0,64,49,0,0,0,15,42,35,55,50,100,100,281,219,347,160,322,120,94,60,53,25,246,200
89294290,0,30365.0,7,203,,13.0,86,27,32,3,5,19,42,35,70,50,100,35,277,13,270,160,283,120,90,60,53,25,248,200
89294290,1,130087.0,12,322,7.0,11.0,88,10,18,35,0,25,42,35,70,50,100,35,277,13,270,160,283,120,90,60,53,25,248,200
89294295,0,127305.0,12,322,7.0,11.0,92,10,20,35,0,27,42,32,70,50,100,38,278,1,276,156,289,120,102,60,53,25,246,200
89294295,1,26107.0,10,223,0.0,0.0,351,8,89,64,5,185,42,32,70,50,100,38,278,1,276,156,289,120,102,60,53,25,246,200
89297503,0,30528.0,8,197,0.0,14.0,290,8,60,32,5,185,42,32,74,50,100,34,277,57,287,160,280,120,89,60,54,25,247,200
89297503,1,134978.0,12,321,7.0,11.0,92,8,20,34,0,30,42,32,74,50,100,34,277,57,287,160,280,120,89,60,54,25,247,200
89298045,0,5924.0,0,0,,0.0,137,0,0,0,0,137,42,32,75,50,100,100,285,243,332,160,294,120,98,60,47,23,248,200
89298045,1,46318.0,8,192,0.0,15.0,453,8,221,34,5,185,42,32,75,50,100,100,285,243,332,160,294,120,98,60,47,23,248,200
89298050,0,40730.0,10,204,0.0,14.0,322,8,87,37,5,185,42,32,73,50,101,100,283,189,332,160,306,120,96,60,48,25,253,200
89298050,1,692.0,6,116,,0.0,67,7,15,23,0,22,42,32,73,50,101,100,283,189,332,160,306,120,96,60,48,25,253,200
89299111,0,3578.0,6,180,0.0,0.0,688,44,0,0,0,644,42,32,70,50,100,100,281,219,332,160,319,120,94,60,30,21,252,200
89299111,1,48314.0,7,203,,13.0,86,27,32,3,5,19,42,32,70,50,100,100,281,219,332,160,319,120,94,60,30,21,252,200
89299646,0,17557.0,6,112,0.0,0.0,78,1,18,36,20,3,42,35,69,50,100,100,280,165,340,160,298,120,85,60,47,25,250,200
89299646,1,45339.0,7,203,,13.0,86,27,32,3,5,19,42,35,69,50,100,100,280,165,340,160,298,120,85,60,47,25,250,200
89302839,0,39632.0,7,203,,13.0,87,28,31,4,5,19,41,30,77,50,100,100,281,115,344,160,309,120,83,60,48,25,247,200
89302839,1,24850.0,8,217,2.0,0.0,85,17,13,6,20,29,41,30,77,50,100,100,281,115,344,160,309,120,83,60,48,25,247,200
89303383,0,64275.0,12,317,10.0,10.0,189,0,26,77,0,86,42,35,71,50,100,80,277,1,315,160,256,120,105,60,44,25,247,200
89303383,1,38273.0,12,187,10.0,10.0,257,76,34,0,0,147,42,35,71,50,100,80,277,1,315,160,256,120,105,60,44,25,247,200
89306604,0,13193.0,3,78,0.0,0.0,39,19,14,0,6,0,42,35,68,50,100,100,290,250,351,160,324,120,91,60,49,25,250,200
89306604,1,6254.0,0,0,,0.0,2,0,2,0,0,0,42,35,68,50,100,100,290,250,351,160,324,120,91,60,49,25,250,200
89306609,0,25207.0,2,60,,0.0,50,0,49,1,0,0,42,35,75,50,100,100,278,13,324,160,325,120,99,60,51,25,250,200
89306609,1,22080.0,7,203,,0.0,86,27,32,3,5,19,42,35,75,50,100,100,278,13,324,160,325,120,99,60,51,25,250,200
89306610,0,3000.0,0,0,,0.0,0,0,0,0,0,0,42,35,68,50,100,100,293,250,351,160,318,120,105,60,51,25,252,200
89306610,1,3000.0,0,0,,0.0,0,0,0,0,0,0,42,35,68,50,100,100,293,250,351,160,318,120,105,60,51,25,252,200
89308184,0,37981.0,7,203,,13.0,92,29,35,4,5,19,42,35,71,50,100,100,281,120,316,160,291,120,101,60,52,25,246,200
89308184,1,56006.0,6,104,13.0,13.0,60,0,13,45,0,2,42,35,71,50,100,100,281,120,316,160,291,120,101,60,52,25,246,200
89308211,0,4535.0,0,0,,0.0,91,0,0,0,0,91,42,35,70,50,100,100,293,250,358,160,311,120,92,60,48,24,250,200
89308211,1,3000.0,0,0,,0.0,0,0,0,0,0,0,42,35,70,50,100,100,293,250,358,160,311,120,92,60,48,24,250,200
89310868,0,45000.0,7,203,,13.0,86,27,32,3,5,19,41,33,74,50,100,73,279,158,334,160,312,120,96,60,52,25,245,200
89310868,1,44630.0,13,188,7.0,22.0,76,11,18,22,0,25,41,33,74,50,100,73,279,158,334,160,312,120,96,60,52,25,245,200
89312975,0,121773.0,13,336,4.0,16.0,135,50,26,15,8,36,41,29,73,50,100,41,278,1,301,160,284,120,86,60,50,25,245,200
89312975,1,48189.0,11,178,10.0,10.0,195,2,39,11,0,143,41,29,73,50,100,41,278,1,301,160,284,120,86,60,50,25,245,200
89313513,0,42065.0,11,291,,9.0,34,0,34,0,0,0,42,35,76,50,100,79,278,1,262,158,305,120,101,60,55,25,249,200
89313513,1,57541.0,14,179,10.0,10.0,152,2,37,23,0,90,42,35,76,50,100,79,278,1,262,158,305,120,101,60,55,25,249,200
89313523,0,37352.0,6,152,12.0,10.0,83,0,20,0,15,48,41,35,57,47,100,78,281,13,347,160,299,120,91,60,49,25,253,200
89313523,1,35066.0,7,203,,13.0,86,27,32,3,5,19,41,35,57,47,100,78,281,13,347,160,299,120,91,60,49,25,253,200
89315632,0,58110.0,11,186,0.0,12.0,195,0,37,0,0,158,42,35,67,50,100,100,278,25,310,160,310,120,88,60,58,23,247,200
89315632,1,29126.0,7,203,,0.0,86,27,32,3,5,19,42,35,67,50,100,100,278,25,310,160,310,120,88,60,58,23,247,200
89315667,0,35417.0,7,203,,13.0,86,27,32,3,5,19,42,35,58,47,100,78,281,13,336,160,323,120,95,60,50,25,246,200
89315667,1,37762.0,6,152,12.0,10.0,84,0,20,0,15,49,42,35,58,47,100,78,281,13,336,160,323,120,95,60,50,25,246,200
89317234,0,3846.0,2,60,,0.0,9,0,0,0,9,0,42,35,75,50,100,100,293,250,344,160,321,120,93,60,52,25,246,200
89317234,1,3000.0,0,0,,0.0,0,0,0,0,0,0,42,35,75,50,100,100,293,250,344,160,321,120,93,60,52,25,246,200
89318265,0,1681.0,12,232,13.0,0.0,767,382,381,0,0,4,42,35,69,50,100,100,281,1,324,160,299,120,96,60,48,25,250,200
89318265,1,30795.0,7,203,,13.0,86,27,32,3,5,19,42,35,69,50,100,100,281,1,324,160,299,120,96,60,48,25,250,200
89318812,0,40942.0,6,180,,11.0,67,0,21,14,12,20,42,35,69,50,103,100,278,22,328,160,293,120,106,60,49,25,251,200
89318812,1,31926.0,7,203,,13.0,86,27,32,3,5,19,42,35,69,50,103,100,278,22,328,160,293,120,106,60,49,25,251,200
89321400,0,39736.0,7,203,,13.0,86,27,32,3,5,19,42,35,68,50,100,89,281,13,320,160,299,120,86,60,48,25,251,200
89321400,1,11244.0,10,210,5.0,0.0,256,47,130,0,0,79,42,35,68,50,100,89,281,13,320,160,299,120,86,60,48,25,251,200
89322449,0,37240.0,11,186,10.0,10.0,224,6,29,8,0,181,41,32,76,50,100,49,277,1,274,160,263,120,92,60,48,25,249,200
89322449,1,135328.0,12,300,8.0,10.0,79,10,16,42,0,11,41,32,76,50,100,49,277,1,274,160,263,120,92,60,48,25,249,200
89323501,0,103017.0,11,295,10.0,16.0,225,131,14,30,0,50,41,28,75,50,100,45,277,54,266,160,301,120,86,60,53,25,249,200
89323501,1,36878.0,7,203,,13.0,86,27,32,3,5,19,41,28,75,50,100,45,277,54,266,160,301,120,86,60,53,25,249,200
89323532,0,11268.0,10,206,5.0,0.0,264,49,133,0,0,82,42,35,64,47,100,89,281,13,324,160,316,120,96,60,49,25,248,200
89323532,1,38607.0,7,203,,13.0,86,27,32,3,5,19,42,35,64,47,100,89,281,13,324,160,316,120,96,60,49,25,248,200
89324556,0,45799.0,7,203,,13.0,86,27,32,3,5,19,42,31,69,50,100,100,281,186,358,160,326,120,105,60,51,24,246,200
89324556,1,9816.0,4,112,,0.0,22,8,4,0,0,10,42,31,69,50,100,100,281,186,358,160,326,120,105,60,51,24,246,200
89325645,0,3000.0,0,0,,0.0,0,0,0,0,0,0,42,35,66,50,100,100,293,250,351,160,301,120,109,60,49,25,252,200
89325645,1,2300.0,0,0,,0.0,30,30,0,0,0,0,42,35,66,50,100,100,293,250,351,160,301,120,109,60,49,25,252,200
89326146,0,28079.0,12,257,9.0,0.0,0,0,0,0,0,0,42,35,68,50,100,75,293,250,339,160,327,120,98,60,52,25,250,200
89326146,1,6259.0,0,0,,0.0,2,0,2,0,0,0,42,35,68,50,100,75,293,250,339,160,327,120,98,60,52,25,250,200
89326162,0,3809.0,2,60,,0.0,9,0,0,0,9,0,42,35,70,50,100,100,290,249,344,160,330,120,89,60,50,25,247,200
89326162,1,15414.0,5,140,,0.0,24,6,10,0,0,8,42,35,70,50,100,100,290,249,344,160,330,120,89,60,50,25,247,200
89326672,0,180499.0,11,278,8.0,15.0,72,0,19,53,0,0,42,35,66,50,100,58,278,13,325,160,280,120,103,60,55,25,240,200
89326672,1,29958.0,7,203,,0.0,86,27,32,3,5,19,42,35,66,50,100,58,278,13,325,160,280,120,103,60,55,25,240,200
89326674,0,95434.0,11,242,11.0,13.0,215,0,17,21,0,177,42,35,70,50,100,83,281,54,308,160,300,120,94,60,42,25,249,200
89326674,1,36968.0,7,203,,13.0,86,27,32,3,5,19,42,35,70,50,100,83,281,54,308,160,300,120,94,60,42,25,249,200
89326704,0,63079.0,13,188,10.0,10.0,150,39,23,35,0,53,41,28,65,50,100,90,278,1,344,160,292,120,94,60,46,23,252,200
89326704,1,24580.0,7,162,0.0,0.0,126,51,50,0,0,25,41,28,65,50,100,90,278,1,344,160,292,120,94,60,46,23,252,200
89327741,0,36832.0,10,265,4.0,12.0,196,42,29,16,0,109,42,35,69,50,100,100,280,13,340,160,316,120,99,60,44,23,250,200
89327741,1,29674.0,7,203,,0.0,86,27,32,3,5,19,42,35,69,50,100,100,280,13,340,160,316,120,99,60,44,23,250,200
89328795,0,68883.0,14,310,13.0,21.0,85,13,7,26,0,39,42,35,68,50,100,83,278,176,292,160,299,120,105,60,55,25,246,200
89328795,1,45592.0,7,203,,13.0,86,27,32,3,5,19,42,35,68,50,100,83,278,176,292,160,299,120,105,60,55,25,246,200
89330383,0,80301.0,11,287,,11.0,28,22,6,0,0,0,42,35,73,50,100,47,278,7,268,160,308,120,111,60,56,25,243,196
89330383,1,61840.0,12,176,10.0,10.0,147,2,39,26,0,80,42,35,73,50,100,47,278,7,268,160,308,120,111,60,56,25,243,196
89330908,0,140.0,5,150,7.0,0.0,46,0,0,0,25,21,42,35,68,50,100,100,293,250,336,160,304,120,108,60,50,25,252,200
89330908,1,4104.0,2,60,,0.0,9,0,0,0,9,0,42,35,68,50,100,100,293,250,336,160,304,120,108,60,50,25,252,200
89331413,0,29534.0,7,203,,0.0,86,27,32,3,5,19,42,35,75,50,100,58,278,13,277,160,225,120,101,60,55,25,244,200
89331413,1,156748.0,11,278,8.0,15.0,72,0,19,53,0,0,42,35,75,50,100,58,278,13,277,160,225,120,101,60,55,25,244,200
89331953,0,60177.0,12,187,10.0,10.0,181,31,27,22,0,101,41,35,70,50,100,78,278,37,295,160,286,120,105,60,48,25,251,200
89331953,1,91388.0,10,223,11.0,21.0,203,0,19,22,0,162,41,35,70,50,100,78,278,37,295,160,286,120,105,60,48,25,251,200
89333009,0,10084.0,9,209,13.0,0.0,223,61,97,0,0,65,41,33,75,50,100,100,281,1,336,160,299,120,92,60,47,25,253,200
89333009,1,36658.0,7,203,,13.0,86,27,32,3,5,19,41,33,75,50,100,100,281,1,336,160,299,120,92,60,47,25,253,200
89334065,0,3835.0,2,60,,0.0,9,0,0,0,9,0,42,35,73,50,100,86,288,250,345,160,300,120,91,60,51,25,247,200
89334065,1,29227.0,6,139,13.0,0.0,106,30,22,22,0,32,42,35,73,50,100,86,288,250,345,160,300,120,91,60,51,25,247,200
89334083,0,6751.0,1,29,15.0,0.0,138,0,0,5,12,121,42,35,67,50,100,100,293,250,332,160,323,120,88,60,48,23,253,200
89334083,1,3834.0,2,60,,0.0,9,0,0,0,9,0,42,35,67,50,100,100,293,250,332,160,323,120,88,60,48,23,253,200
89334589,0,134709.0,11,278,8.0,15.0,72,0,19,53,0,0,42,35,69,50,100,60,278,1,289,160,220,120,96,60,47,25,250,200
89334589,1,45597.0,12,183,10.0,10.0,238,39,34,0,0,165,42,35,69,50,100,60,278,1,289,160,220,120,96,60,47,25,250,200
89336184,0,72403.0,14,354,9.0,13.0,106,33,22,13,0,38,42,31,63,50,100,48,280,1,286,160,285,120,105,60,53,25,251,200
89336184,1,28396.0,7,203,,0.0,86,27,32,3,5,19,42,31,63,50,100,48,280,1,286,160,285,120,105,60,53,25,251,200
89336185,0,25565.0,7,203,,0.0,86,27,32,3,5,19,41,35,69,50,100,100,278,13,351,160,303,120,105,60,47,25,252,200
89336185,1,22204.0,7,210,12.0,0.0,322,0,255,0,0,67,41,35,69,50,100,100,278,13,351,160,303,120,105,60,47,25,252,200
89338272,0,29467.0,7,203,,0.0,88,28,31,4,5,20,42,35,73,50,100,58,278,13,288,160,261,120,88,60,54,25,240,200
89338272,1,168787.0,11,278,8.0,15.0,72,0,19,53,0,0,42,35,73,50,100,58,278,13,288,160,261,120,88,60,54,25,240,200
89342534,0,46597.0,7,203,,13.0,86,27,32,3,5,19,42,35,74,50,100,56,281,176,297,160,312,120,88,57,52,25,242,200
89342534,1,79660.0,11,295,8.0,13.0,155,77,7,1,11,59,42,35,74,50,100,56,281,176,297,160,312,120,88,57,52,25,242,200
89343046,0,44820.0,12,181,10.0,10.0,169,21,32,25,0,91,41,35,57,50,100,36,277,1,347,160,305,120,106,60,47,25,247,200
89343046,1,45721.0,12,307,8.0,10.0,175,33,30,0,3,109,41,35,57,50,100,36,277,1,347,160,305,120,106,60,47,25,247,200
89343586,0,4104.0,2,60,,0.0,9,0,0,0,9,0,42,35,68,50,100,100,293,250,340,160,314,120,108,60,49,25,246,200
89343586,1,6147.0,1,15,,0.0,49,30,0,0,0,19,42,35,68,50,100,100,293,250,340,160,314,120,108,60,49,25,246,200
89344632,0,23870.0,7,203,,0.0,86,27,32,3,5,19,42,35,64,50,100,59,278,1,315,160,308,120,103,60,52,25,247,200
89344632,1,78713.0,13,260,9.0,11.0,126,8,36,19,30,33,42,35,64,50,100,59,278,1,315,160,308,120,103,60,52,25,247,200
89345179,0,48422.0,12,305,8.0,10.0,186,26,30,0,2,128,41,35,53,47,100,34,277,1,351,160,296,120,87,60,45,25,251,200
89345179,1,45791.0,14,181,10.0,10.0,127,32,30,36,0,29,41,35,53,47,100,34,277,1,351,160,296,120,87,60,45,25,251,200
89350989,0,43271.0,7,203,,13.0,88,27,32,3,5,21,42,35,65,50,100,38,281,133,276,160,304,120,90,60,55,25,231,5
89350989,1,94715.0,13,320,6.0,15.0,196,0,12,6,0,178,42,35,65,50,100,38,281,133,276,160,304,120,90,60,55,25,231,5
89353103,0,145910.0,11,278,8.0,15.0,72,0,19,53,0,0,42,35,71,50,100,58,278,1,293,160,227,120,111,60,50,25,240,200
89353103,1,46509.0,11,183,10.0,10.0,241,9,34,0,0,198,42,35,71,50,100,58,278,1,293,160,227,120,111,60,50,25,240,200
89355753,0,33547.0,7,203,,13.0,92,26,36,5,5,20,41,35,74,50,100,61,281,13,304,160,300,120,86,60,48,22,249,200
89355753,1,100012.0,12,353,7.0,16.0,149,35,27,32,0,55,41,35,74,50,100,61,281,13,304,160,300,120,86,60,48,22,249,200
89356851,0,23299.0,10,226,0.0,0.0,27,9,6,0,0,12,42,32,51,41,100,35,280,181,358,160,310,120,105,60,52,25,250,200
89356851,1,45533.0,7,203,,13.0,86,27,32,3,5,19,42,32,51,41,100,35,280,181,358,160,310,120,105,60,52,25,250,200
89357359,0,41497.0,7,203,,13.0,86,27,32,3,5,19,42,35,68,50,100,100,281,101,332,160,314,120,98,60,48,25,251,200
89357359,1,20832.0,4,120,,0.0,101,52,16,11,13,9,42,35,68,50,100,100,281,101,332,160,314,120,98,60,48,25,251,200
89357401,0,6259.0,0,0,,0.0,2,0,2,0,0,0,42,35,71,50,100,100,293,250,328,160,318,120,109,60,51,25,250,200
89357401,1,3000.0,0,0,,0.0,0,0,0,0,0,0,42,35,71,50,100,100,293,250,328,160,318,120,109,60,51,25,250,200
89360008,0,24374.0,7,203,,0.0,86,27,32,3,5,19,41,35,71,50,100,46,280,13,292,160,310,120,103,60,53,25,247,200
89360008,1,107654.0,10,300,11.0,16.0,112,23,50,0,0,39,41,35,71,50,100,46,280,13,292,160,310,120,103,60,53,25,247,200
89360038,0,32133.0,7,203,,13.0,86,27,32,3,5,19,42,32,61,50,100,76,278,70,284,160,298,120,98,60,56,25,248,200
89360038,1,89793.0,11,271,9.0,18.0,60,16,13,2,3,26,42,32,61,50,100,76,278,70,284,160,298,120,98,60,56,25,248,200
89364781,0,29667.0,7,203,,0.0,86,27,32,3,5,19,41,33,66,50,100,59,277,13,306,160,290,120,101,60,53,25,249,200
89364781,1,155057.0,12,324,7.0,13.0,87,9,18,36,0,24,41,33,66,50,100,59,277,13,306,160,290,120,101,60,53,25,249,200
89365841,0,83100.0,11,278,8.0,11.0,72,0,19,53,0,0,42,35,71,50,100,72,278,104,317,160,269,120,101,60,55,25,240,200
89365841,1,38364.0,7,203,,13.0,86,27,32,3,5,19,42,35,71,50,100,72,278,104,317,160,269,120,101,60,55,25,240,200
89365843,0,29998.0,7,203,,0.0,86,27,32,3,5,19,42,35,73,50,100,58,278,13,265,160,254,120,99,60,54,25,243,200
89365843,1,158136.0,11,278,8.0,15.0,72,0,19,53,0,0,42,35,73,50,100,58,278,13,265,160,254,120,99,60,54,25,243,200
89367960,0,29768.0,7,203,,0.0,86,27,32,3,5,19,42,35,76,50,100,58,278,13,271,160,270,120,96,60,55,25,244,200
89367960,1,166758.0,11,278,8.0,15.0,72,0,19,53,0,0,42,35,76,50,100,58,278,13,271,160,270,120,96,60,55,25,244,200
89369036,0,25084.0,12,311,0.0,0.0,273,80,69,30,2,92,41,35,65,50,100,89,278,7,341,160,288,120,98,60,46,23,247,200
89369036,1,51463.0,12,195,10.0,10.0,228,96,23,14,0,95,41,35,65,50,100,89,278,7,341,160,288,120,98,60,46,23,247,200
89369588,0,50685.0,9,259,,13.0,38,0,8,0,0,30,41,35,67,50,100,100,280,165,333,160,313,120,107,60,51,25,250,200
89369588,1,44830.0,7,203,,13.0,86,27,32,3,5,19,41,35,67,50,100,100,280,165,333,160,313,120,107,60,51,25,250,200
89370118,0,83780.0,10,300,,13.0,0,0,0,0,0,0,42,35,69,50,100,41,278,13,303,160,291,120,98,60,49,25,245,200
89370118,1,59945.0,10,178,10.0,10.0,224,18,40,3,0,163,42,35,69,50,100,41,278,13,303,160,291,120,98,60,49,25,245,200
89371133,0,30056.0,7,203,,13.0,86,27,32,3,5,19,42,35,68,50,100,58,278,13,293,160,255,120,109,60,55,25,249,200
89371133,1,165712.0,11,278,8.0,15.0,72,0,19,53,0,0,42,35,68,50,100,58,278,13,293,160,255,120,109,60,55,25,249,200
89373275,0,60638.0,11,321,0.0,14.0,0,0,0,0,0,0,42,35,51,42,100,29,281,219,327,160,299,120,99,60,57,25,246,200
89373275,1,49357.0,7,203,,13.0,86,27,32,3,5,19,42,35,51,42,100,29,281,219,327,160,299,120,99,60,57,25,246,200
89376980,0,5814.0,0,0,,0.0,2,0,2,0,0,0,42,35,76,50,100,58,278,242,258,156,249,120,101,60,57,25,243,200
89376980,1,160916.0,11,278,8.0,15.0,72,0,19,53,0,0,42,35,76,50,100,58,278,242,258,156,249,120,101,60,57,25,243,200
89378047,0,49425.0,7,203,,13.0,86,27,32,3,5,19,42,35,73,50,100,100,281,219,336,160,313,120,92,60,57,25,238,199
89378047,1,45313.0,13,273,12.0,13.0,0,0,0,0,0,0,42,35,73,50,100,100,281,219,336,160,313,120,92,60,57,25,238,199
89379085,0,48539.0,7,203,,13.0,86,27,32,3,5,19,42,35,66,50,100,100,281,219,340,160,303,120,107,60,37,21,250,200
89379085,1,10602.0,3,87,,0.0,172,0,0,0,0,172,42,35,66,50,100,100,281,219,340,160,303,120,107,60,37,21,250,200
89379614,0,43827.0,7,203,,13.0,86,27,32,3,5,19,41,35,68,50,100,100,281,115,347,160,331,120,95,60,50,25,250,200
89379614,1,22791.0,6,180,,0.0,116,60,27,15,14,0,41,35,68,50,100,100,281,115,347,160,331,120,95,60,50,25,250,200
89382277,0,6220.0,0,0,,0.0,2,0,2,0,0,0,42,35,71,50,100,100,285,250,328,160,319,120,102,60,50,25,251,200
89382277,1,29384.0,6,180,,0.0,116,60,27,15,14,0,42,35,71,50,100,100,285,250,328,160,319,120,102,60,50,25,251,200
89382302,0,33230.0,10,287,11.0,11.0,238,152,20,0,0,66,40,27,76,50,100,96,278,13,332,160,306,120,101,60,48,25,244,200
89382302,1,37635.0,7,203,,13.0,86,27,32,3,5,19,40,27,76,50,100,96,278,13,332,160,306,120,101,60,48,25,244,200
89384369,0,119254.0,12,325,7.0,13.0,97,8,20,34,0,35,42,35,75,50,100,36,277,1,290,158,305,120,105,60,50,25,237,199
89384369,1,46221.0,11,189,10.0,10.0,214,15,28,11,0,160,42,35,75,50,100,36,277,1,290,158,305,120,105,60,50,25,237,199
89384375,0,25439.0,5,84,,0.0,56,0,29,26,1,0,42,35,66,50,100,100,281,13,351,160,321,120,109,60,49,25,250,200
89384375,1,28027.0,7,203,,0.0,86,27,32,3,5,19,42,35,66,50,100,100,281,13,351,160,321,120,109,60,49,25,250,200
89385450,0,52024.0,11,184,10.0,10.0,196,7,29,17,0,143,42,35,68,50,100,52,278,1,306,160,304,120,90,60,48,25,250,200
89385450,1,93085.0,10,269,10.0,14.0,108,10,70,12,4,12,42,35,68,50,100,52,278,1,306,160,304,120,90,60,48,25,250,200
89387018,0,54830.0,10,221,15.0,17.0,0,0,0,0,0,0,42,35,69,50,100,100,281,219,295,160,313,120,90,60,55,25,247,200
89387018,1,49303.0,7,203,,13.0,86,27,32,3,5,19,42,35,69,50,100,100,281,219,295,160,313,120,90,60,55,25,247,200
89389677,0,6220.0,0,0,,0.0,2,0,2,0,0,0,42,35,65,50,100,94,286,249,353,160,323,120,114,60,51,25,249,200
89389677,1,30471.0,4,73,13.0,13.0,62,7,16,15,0,24,42,35,65,50,100,94,286,249,353,160,323,120,114,60,51,25,249,200
89390701,0,44833.0,7,203,,13.0,86,27,32,3,5,19,42,35,76,50,100,72,279,152,306,160,280,120,94,60,51,25,246,200
89390701,1,82738.0,14,315,11.0,19.0,170,12,12,37,0,109,42,35,76,50,100,72,279,152,306,160,280,120,94,60,51,25,246,200
89392276,0,41423.0,7,203,,13.0,86,27,32,3,5,19,42,34,69,50,100,59,281,101,305,160,296,120,112,60,54,25,248,200
89392276,1,94241.0,10,256,7.0,13.0,78,14,13,25,0,26,42,34,69,50,100,59,281,101,305,160,296,120,112,60,54,25,248,200
89392277,0,18361.0,7,203,,0.0,86,26,32,3,5,20,41,35,75,50,100,100,278,13,328,160,316,120,88,60,33,21,253,200
89392277,1,26000.0,10,245,0.0,0.0,210,0,22,0,0,188,41,35,75,50,100,100,278,13,328,160,316,120,88,60,33,21,253,200
89394388,0,13437.0,12,276,0.0,0.0,298,0,20,0,0,278,42,35,75,50,100,100,278,236,328,160,324,120,92,60,41,21,248,200
89394388,1,5888.0,0,0,,0.0,2,0,2,0,0,0,42,35,75,50,100,100,278,236,328,160,324,120,92,60,41,21,248,200
89395980,0,3000.0,0,0,,0.0,0,0,0,0,0,0,42,35,74,50,100,100,293,250,340,160,308,120,88,60,49,25,248,200
89395980,1,3000.0,0,0,,0.0,0,0,0,0,0,0,42,35,74,50,100,100,293,250,340,160,308,120,88,60,49,25,248,200
89395981,0,36142.0,10,132,0.0,12.0,69,0,39,30,0,0,42,35,71,50,100,100,278,13,332,160,289,120,88,60,47,25,252,200
89395981,1,30072.0,7,203,,13.0,86,27,32,3,5,19,42,35,71,50,100,100,278,13,332,160,289,120,88,60,47,25,252,200
89401270,0,48849.0,7,203,,13.0,86,27,32,3,5,19,42,35,69,50,100,68,281,204,321,160,315,120,112,60,55,25,244,200
89401270,1,37938.0,11,255,8.0,18.0,27,0,10,17,0,0,42,35,69,50,100,68,281,204,321,160,315,120,112,60,55,25,244,200
89403347,0,82199.0,10,254,7.0,15.0,71,24,13,28,0,6,42,35,73,50,100,58,278,1,286,160,275,120,109,60,46,25,250,200
89403347,1,51502.0,12,185,10.0,10.0,245,9,31,0,0,205,42,35,73,50,100,58,278,1,286,160,275,120,109,60,46,25,250,200
89404408,0,3000.0,0,0,,0.0,0,0,0,0,0,0,42,35,76,50,100,100,293,250,328,160,318,120,92,60,49,25,250,200
89404408,1,2300.0,0,0,,0.0,30,30,0,0,0,0,42,35,76,50,100,100,293,250,328,160,318,120,92,60,49,25,250,200
89405456,0,35771.0,10,288,5.0,5.0,315,0,17,0,7,291,42,35,63,50,100,100,281,43,348,160,323,120,98,60,38,21,243,200
89405456,1,39545.0,7,203,,13.0,86,27,32,3,5,19,42,35,63,50,100,100,281,43,348,160,323,120,98,60,38,21,243,200
89407051,0,4104.0,2,60,,0.0,9,0,0,0,9,0,42,35,68,50,100,100,293,250,336,160,311,120,108,60,51,25,252,200
89407051,1,3000.0,0,0,,0.0,0,0,0,0,0,0,42,35,68,50,100,100,293,250,336,160,311,120,108,60,51,25,252,200
89408639,0,22370.0,6,138,12.0,0.0,355,0,107,108,81,59,42,35,73,50,100,100,278,70,332,160,300,120,92,60,48,25,252,200
89408639,1,34079.0,7,203,,13.0,86,27,32,3,5,19,42,35,73,50,100,100,278,70,332,160,300,120,92,60,48,25,252,200
89413382,0,43574.0,13,186,7.0,22.0,75,9,16,24,0,26,42,35,72,50,100,72,279,173,316,160,301,120,94,60,53,25,246,200
89413382,1,45872.0,7,203,,13.0,86,27,32,3,5,19,42,35,72,50,100,72,279,173,316,160,301,120,94,60,53,25,246,200
89414446,0,12074.0,4,69,,0.0,12,0,12,0,0,0,42,35,70,50,100,100,290,250,351,160,324,120,101,60,50,25,250,200
89414446,1,6232.0,0,0,,0.0,2,0,2,0,0,0,42,35,70,50,100,100,290,250,351,160,324,120,101,60,50,25,250,200
89415497,0,2340.0,3,90,,0.0,30,0,0,0,0,30,42,35,66,50,100,100,293,250,340,160,304,120,92,60,48,25,253,200
89415497,1,3000.0,0,0,,0.0,0,0,0,0,0,0,42,35,66,50,100,100,293,250,340,160,304,120,92,60,48,25,253,200
89420889,0,93465.0,10,225,12.0,17.0,151,0,20,0,2,129,42,35,73,50,100,41,278,1,305,160,311,120,98,60,50,22,240,200
89420889,1,69479.0,13,180,10.0,11.0,134,17,34,30,0,53,42,35,73,50,100,41,278,1,305,160,311,120,98,60,50,22,240,200
89422500,0,50835.0,12,286,0.0,20.0,164,127,0,23,0,14,41,35,77,50,100,68,281,219,328,160,296,120,96,60,54,25,239,200
89422500,1,49073.0,7,203,,13.0,86,27,32,3,5,19,41,35,77,50,100,68,281,219,328,160,296,120,96,60,54,25,239,200
89423554,0,29530.0,7,203,,0.0,86,27,32,3,5,19,42,35,64,50,100,58,278,13,312,160,236,120,107,60,54,25,249,200
89423554,1,167778.0,11,278,8.0,15.0,72,0,19,53,0,0,42,35,64,50,100,58,278,13,312,160,236,120,107,60,54,25,249,200
89424073,0,49333.0,7,203,,13.0,86,27,32,3,5,19,42,35,64,50,100,41,281,219,294,160,313,120,103,60,54,25,250,200
89424073,1,87284.0,10,300,,14.0,0,0,0,0,0,0,42,35,64,50,100,41,281,219,294,160,313,120,103,60,54,25,250,200
89424098,0,56959.0,11,187,10.0,10.0,191,35,32,15,0,109,42,35,74,50,100,81,278,1,304,160,291,120,109,60,48,24,247,200
89424098,1,49043.0,10,251,6.0,19.0,148,34,45,28,0,41,42,35,74,50,100,81,278,1,304,160,291,120,109,60,48,24,247,200
89427319,0,51088.0,11,257,12.0,23.0,57,8,38,0,2,9,41,35,70,50,100,58,278,1,298,160,280,120,98,60,48,25,251,200
89427319,1,54292.0,13,190,10.0,10.0,233,73,25,8,0,127,41,35,70,50,100,58,278,1,298,160,280,120,98,60,48,25,251,200
89431607,0,48677.0,11,179,10.0,10.0,225,7,35,0,0,183,42,35,73,50,100,61,277,1,312,160,292,120,111,60,50,25,248,200
89431607,1,67162.0,12,319,6.0,11.0,78,7,18,43,0,10,42,35,73,50,100,61,277,1,312,160,292,120,111,60,50,25,248,200
89434819,0,49482.0,7,203,,13.0,86,27,32,3,5,19,42,35,70,50,100,82,281,219,304,160,316,120,99,60,53,25,250,200
89434819,1,28840.0,11,260,8.0,0.0,75,0,7,68,0,0,42,35,70,50,100,82,281,219,304,160,316,120,99,60,53,25,250,200
89438551,0,20453.0,7,203,,0.0,86,27,32,3,5,19,42,35,65,50,100,100,278,13,336,160,309,120,89,60,46,25,253,200
89438551,1,28151.0,4,120,,0.0,153,3,62,2,8,78,42,35,65,50,100,100,278,13,336,160,309,120,89,60,46,25,253,200
89440698,0,71714.0,8,226,11.0,11.0,139,0,53,12,0,74,42,35,66,50,100,72,278,13,313,160,314,120,96,60,49,25,251,200
89440698,1,22249.0,7,203,,0.0,86,27,32,3,5,19,42,35,66,50,100,72,278,13,313,160,314,120,96,60,49,25,251,200
89446662,0,6992.0,2,60,,0.0,92,27,0,0,26,39,42,35,68,50,100,100,293,250,351,160,311,120,104,60,50,22,248,200
89446662,1,6259.0,0,0,,0.0,2,0,2,0,0,0,42,35,68,50,100,100,293,250,351,160,311,120,104,60,50,22,248,200
89446665,0,3879.0,2,60,,0.0,9,0,0,0,9,0,41,35,76,50,100,100,293,250,347,160,304,120,90,60,48,22,250,200
89446665,1,6719.0,2,60,,0.0,92,0,6,0,16,70,41,35,76,50,100,100,293,250,347,160,304,120,90,60,48,22,250,200
89447185,0,129934.0,13,315,6.0,15.0,176,0,15,13,1,147,42,35,65,50,100,49,281,104,251,160,305,120,102,60,55,25,236,116
89447185,1,42609.0,7,203,,13.0,86,27,32,3,5,19,42,35,65,50,100,49,281,104,251,160,305,120,102,60,55,25,236,116
89448794,0,70207.0,13,180,10.0,11.0,143,2,41,28,0,72,42,32,63,50,100,78,278,76,286,160,302,120,98,60,55,25,241,200
89448794,1,108482.0,10,237,5.0,16.0,30,25,0,5,0,0,42,32,63,50,100,78,278,76,286,160,302,120,98,60,55,25,241,200
89453119,0,19098.0,3,63,,0.0,115,50,65,0,0,0,42,35,66,50,100,100,281,13,351,160,296,120,96,60,47,25,253,200
89453119,1,35532.0,7,203,,13.0,86,27,32,3,5,19,42,35,66,50,100,100,281,13,351,160,296,120,96,60,47,25,253,200
89453129,0,92707.0,10,237,5.0,16.0,28,26,0,2,0,0,42,35,63,50,100,77,278,13,256,160,298,120,114,60,55,25,236,189
89453129,1,64413.0,11,177,10.0,10.0,184,2,41,14,0,127,42,35,63,50,100,77,278,13,256,160,298,120,114,60,55,25,236,189
89454725,0,112720.0,10,264,8.0,16.0,103,0,9,57,0,37,42,35,66,50,100,52,278,13,299,160,293,120,111,60,53,25,240,199
89454725,1,64052.0,12,181,10.0,10.0,185,2,38,16,0,129,42,35,66,50,100,52,278,13,299,160,293,120,111,60,53,25,240,199
89456876,0,32003.0,7,203,,13.0,86,27,32,3,5,19,42,35,67,50,100,56,278,25,293,160,272,120,112,60,55,25,248,200
89456876,1,141048.0,12,321,7.0,11.0,85,7,18,36,0,24,42,35,67,50,100,56,278,25,293,160,272,120,112,60,55,25,248,200
89457419,0,49078.0,7,203,,13.0,86,27,32,3,5,19,42,30,68,50,100,100,281,219,332,160,306,120,99,60,50,25,247,200
89457419,1,8454.0,12,291,9.0,0.0,125,82,0,0,0,43,42,30,68,50,100,100,281,219,332,160,306,120,99,60,50,25,247,200
89459048,0,6259.0,0,0,,0.0,2,0,2,0,0,0,42,30,67,50,100,100,293,250,347,160,321,120,103,60,53,25,246,200
89459048,1,12825.0,12,292,9.0,0.0,134,88,0,0,0,46,42,30,67,50,100,100,293,250,347,160,321,120,103,60,53,25,246,200
89460654,0,49182.0,7,203,,13.0,86,27,32,3,5,19,42,30,69,50,100,62,281,214,286,160,329,120,101,60,53,25,246,200
89460654,1,54357.0,6,142,0.0,18.0,166,79,22,0,0,65,42,30,69,50,100,62,281,214,286,160,329,120,101,60,53,25,246,200
89466572,0,48178.0,7,203,,13.0,86,27,32,3,5,19,42,35,71,50,100,100,281,219,320,160,306,120,88,60,28,20,253,200
89466572,1,6834.0,6,180,0.0,0.0,360,0,0,0,0,360,42,35,71,50,100,100,281,219,320,160,306,120,88,60,28,20,253,200
89470325,0,154915.0,12,324,7.0,14.0,82,5,18,36,0,23,42,35,75,50,100,52,277,13,283,160,278,120,96,60,54,25,244,200
89470325,1,30597.0,7,203,,13.0,86,27,32,3,5,19,42,35,75,50,100,52,277,13,283,160,278,120,96,60,54,25,244,200
89472522,0,31064.0,7,203,,13.0,86,27,32,3,5,19,42,35,68,50,100,51,278,13,274,160,242,120,99,60,53,25,243,200
89472522,1,167425.0,12,294,8.0,14.0,69,0,18,46,0,5,42,35,68,50,100,51,278,13,274,160,242,120,99,60,53,25,243,200
89472528,0,40400.0,7,203,,13.0,86,27,32,3,5,19,41,32,73,50,100,81,278,138,334,160,290,120,103,60,53,25,250,200
89472528,1,58613.0,6,180,0.0,11.0,224,28,10,118,0,68,41,32,73,50,100,81,278,138,334,160,290,120,103,60,53,25,250,200
89472530,0,84725.0,12,249,10.0,20.0,133,0,30,33,0,70,41,35,67,50,100,74,278,1,332,160,282,120,107,60,49,24,250,200
89472530,1,46268.0,10,181,10.0,10.0,200,25,36,10,0,129,41,35,67,50,100,74,278,1,332,160,282,120,107,60,49,24,250,200
89475209,0,154178.0,12,294,8.0,15.0,69,0,18,46,0,5,42,35,77,50,100,51,278,1,274,158,254,120,105,60,51,25,238,179
89475209,1,47216.0,12,181,10.0,10.0,237,4,33,0,0,200,42,35,77,50,100,51,278,1,274,158,254,120,105,60,51,25,238,179
89475223,0,29134.0,7,203,,0.0,86,27,32,3,5,19,42,25,70,50,100,100,281,13,332,160,322,120,103,60,49,25,246,200
89475223,1,5029.0,8,206,0.0,0.0,215,104,94,10,0,7,42,25,70,50,100,100,281,13,332,160,322,120,103,60,49,25,246,200
89481720,0,130268.0,13,323,8.0,16.0,113,28,17,53,0,15,42,30,65,50,100,66,278,48,282,160,246,120,103,60,54,25,246,200
89481720,1,34233.0,7,203,,13.0,87,26,32,3,5,21,42,30,65,50,100,66,278,48,282,160,246,120,103,60,54,25,246,200
89486571,0,141697.0,12,318,6.0,15.0,124,9,27,41,12,35,42,35,74,50,100,49,278,7,279,160,260,120,88,60,47,25,244,169
89486571,1,52538.0,10,192,10.0,10.0,227,38,23,9,0,157,42,35,74,50,100,49,278,7,279,160,260,120,88,60,47,25,244,169
89486581,0,164391.0,12,305,7.0,14.0,94,0,20,41,0,33,42,35,74,50,100,54,278,13,273,158,248,120,90,60,53,25,245,200
89486581,1,30233.0,7,203,,13.0,86,27,32,3,5,19,42,35,74,50,100,54,278,13,273,158,248,120,90,60,53,25,245,200
89486604,0,3846.0,2,60,,0.0,9,0,0,0,9,0,42,35,69,50,100,100,292,250,333,160,319,120,93,60,52,25,250,200
89486604,1,36411.0,10,203,12.0,12.0,68,3,9,16,0,40,42,35,69,50,100,100,292,250,333,160,319,120,93,60,52,25,250,200
89487116,0,42710.0,13,182,10.0,10.0,173,57,34,21,0,61,41,34,74,50,100,100,277,1,347,160,270,120,97,60,43,25,246,200
89487116,1,60050.0,11,296,10.0,10.0,266,44,40,38,8,136,41,34,74,50,100,100,277,1,347,160,270,120,97,60,43,25,246,200
89488222,0,30529.0,7,203,,13.0,86,27,32,3,5,19,42,35,66,50,100,60,278,13,306,160,286,120,105,60,52,25,245,200
89488222,1,172575.0,12,307,7.0,14.0,123,0,20,39,0,64,42,35,66,50,100,60,278,13,306,160,286,120,105,60,52,25,245,200
89488768,0,25905.0,4,120,,0.0,81,0,0,0,0,81,42,35,66,50,100,64,281,219,324,160,299,120,90,60,47,22,250,200
89488768,1,48934.0,7,203,,13.0,86,27,32,3,5,19,42,35,66,50,100,64,281,219,324,160,299,120,90,60,47,22,250,200
89488772,0,50641.0,8,182,0.0,17.0,149,112,0,3,20,14,40,27,68,50,100,80,281,219,337,160,291,120,93,60,52,25,250,200
89488772,1,48849.0,7,203,,13.0,86,27,32,3,5,19,40,27,68,50,100,80,281,219,337,160,291,120,93,60,52,25,250,200
89492583,0,49321.0,7,203,,13.0,86,27,32,3,5,19,42,35,70,50,100,57,281,219,286,160,319,120,103,60,51,25,250,200
89492583,1,70320.0,9,255,9.0,14.0,1153,0,0,0,0,1153,42,35,70,50,100,57,281,219,286,160,319,120,103,60,51,25,250,200
89494733,0,31148.0,7,203,,13.0,86,26,32,3,5,20,42,35,71,50,100,45,278,13,287,160,279,120,101,60,53,25,242,200
89494733,1,129379.0,12,321,7.0,11.0,103,11,17,39,0,36,42,35,71,50,100,45,278,13,287,160,279,120,101,60,53,25,242,200
89499636,0,74452.0,13,310,8.0,18.0,93,0,18,48,0,27,42,35,69,50,100,88,278,129,299,160,287,120,92,60,46,25,250,200
89499636,1,51760.0,14,190,10.0,10.0,262,75,26,0,0,161,42,35,69,50,100,88,278,129,299,160,287,120,92,60,46,25,250,200
89499670,0,47094.0,7,203,,13.0,86,27,32,3,5,19,42,35,66,50,100,100,278,204,322,160,287,120,80,50,49,25,252,200
89499670,1,41954.0,8,179,11.0,13.0,49,0,4,20,25,0,42,35,66,50,100,100,278,204,322,160,287,120,80,50,49,25,252,200
89502881,0,160906.0,12,292,8.0,16.0,69,0,18,46,0,5,42,35,70,50,100,51,278,1,282,158,269,120,107,60,50,25,233,172
89502881,1,49112.0,11,184,10.0,10.0,221,6,33,8,0,174,42,35,70,50,100,51,278,1,282,158,269,120,107,60,50,25,233,172
89504535,0,60509.0,12,306,3.0,10.0,218,80,29,0,0,109,42,33,70,50,100,100,278,1,304,160,295,120,111,60,46,25,243,200
89504535,1,46811.0,13,184,10.0,10.0,172,27,32,22,0,91,42,33,70,50,100,100,278,1,304,160,295,120,111,60,46,25,243,200
89508911,0,4694.0,0,0,,0.0,76,0,0,0,0,76,42,35,65,50,100,100,281,219,344,160,296,120,109,60,47,25,252,200
89508911,1,48993.0,7,203,,13.0,86,27,32,3,5,19,42,35,65,50,100,100,281,219,344,160,296,120,109,60,47,25,252,200
89509415,0,123249.0,12,320,7.0,15.0,76,5,20,31,0,20,42,35,69,50,100,63,277,1,292,158,288,120,98,60,48,25,249,200
89509415,1,44517.0,12,185,10.0,10.0,216,18,31,7,0,160,42,35,69,50,100,63,277,1,292,158,288,120,98,60,48,25,249,200
89509435,0,18883.0,7,203,,0.0,86,27,32,3,5,19,42,35,67,50,100,100,280,13,324,160,310,120,101,60,48,25,247,200
89509435,1,46272.0,6,146,14.0,12.0,99,24,29,0,0,46,42,35,67,50,100,100,280,13,324,160,310,120,101,60,48,25,247,200
89513276,0,20342.0,10,291,11.0,0.0,100,0,34,25,0,41,42,35,64,50,100,88,278,1,344,160,287,120,114,60,46,25,250,200
89513276,1,50340.0,12,180,10.0,10.0,180,32,39,16,0,93,42,35,64,50,100,88,278,1,344,160,287,120,114,60,46,25,250,200
89520328,0,43733.0,13,184,10.0,10.0,244,56,32,0,0,156,42,35,71,50,100,50,278,1,271,160,232,120,101,60,48,24,246,200
89520328,1,139539.0,13,333,5.0,15.0,109,0,22,35,0,52,42,35,71,50,100,50,278,1,271,160,232,120,101,60,48,24,246,200
89523066,0,59224.0,9,179,11.0,17.0,62,0,30,32,0,0,42,35,77,50,100,72,278,1,315,160,309,120,98,60,50,25,246,200
89523066,1,56637.0,11,186,10.0,10.0,208,9,31,12,0,156,42,35,77,50,100,72,278,1,315,160,309,120,98,60,50,25,246,200
89523642,0,3365.0,0,0,,0.0,15,0,0,0,0,15,42,35,68,50,100,100,293,250,332,160,327,120,98,60,49,25,253,200
89523642,1,6259.0,0,0,,0.0,2,0,2,0,0,0,42,35,68,50,100,100,293,250,332,160,327,120,98,60,49,25,253,200
89524186,0,2880.0,3,90,,0.0,0,0,0,0,0,0,42,35,74,50,100,100,293,250,344,160,311,120,105,60,53,25,247,200
89524186,1,3000.0,0,0,,0.0,0,0,0,0,0,0,42,35,74,50,100,100,293,250,344,160,311,120,105,60,53,25,247,200
89524704,0,42897.0,12,185,10.0,10.0,236,6,31,1,0,198,42,35,70,50,100,34,277,1,301,160,295,120,103,60,47,25,242,200
89524704,1,132533.0,12,322,7.0,13.0,91,6,20,34,0,31,42,35,70,50,100,34,277,1,301,160,295,120,103,60,47,25,242,200
89526377,0,2740.0,0,0,,0.0,0,0,0,0,0,0,42,35,70,50,100,100,293,250,354,160,311,120,98,60,49,25,246,200
89526377,1,3000.0,0,0,,0.0,0,0,0,0,0,0,42,35,70,50,100,100,293,250,354,160,311,120,98,60,49,25,246,200
89528534,0,95525.0,12,298,10.0,17.0,112,6,24,23,3,56,42,35,77,50,100,100,278,1,278,160,268,120,95,60,49,25,242,200
89528534,1,41663.0,12,185,10.0,10.0,205,33,33,12,0,127,42,35,77,50,100,100,278,1,278,160,268,120,95,60,49,25,242,200
89530201,0,14621.0,5,150,,0.0,104,29,4,10,10,51,42,33,64,50,100,100,281,195,344,160,289,120,99,60,44,23,253,200
89530201,1,46682.0,7,203,,13.0,86,27,32,3,5,19,42,33,64,50,100,100,281,195,344,160,289,120,99,60,44,23,253,200
89531301,0,160377.0,12,294,8.0,15.0,69,0,18,46,0,5,42,35,67,50,100,51,278,1,280,160,251,120,103,60,49,25,246,200
89531301,1,46595.0,12,182,10.0,10.0,215,12,33,9,0,161,42,35,67,50,100,51,278,1,280,160,251,120,103,60,49,25,246,200
89533527,0,47647.0,6,180,,11.0,60,0,20,16,0,24,42,35,70,50,100,100,281,115,302,160,297,120,103,60,51,25,249,200
89533527,1,42057.0,7,203,,13.0,87,28,31,4,5,19,42,35,70,50,100,100,281,115,302,160,297,120,103,60,51,25,249,200
89536859,0,4173.0,3,43,15.0,0.0,76,0,0,0,0,76,42,35,70,50,100,100,293,250,354,160,336,120,94,60,47,23,246,200
89536859,1,2300.0,0,0,,0.0,30,30,0,0,0,0,42,35,70,50,100,100,293,250,354,160,336,120,94,60,47,23,246,200
89537410,0,41284.0,11,180,10.0,11.0,165,60,49,12,4,40,42,31,64,50,100,96,278,1,305,160,290,120,95,60,49,25,252,200
89537410,1,30175.0,7,203,,13.0,86,27,32,3,5,19,42,31,64,50,100,96,278,1,305,160,290,120,95,60,49,25,252,200
89537948,0,29773.0,12,285,11.0,0.0,112,0,45,11,6,50,42,35,72,50,100,92,278,1,320,160,279,120,87,60,44,25,251,200
89537948,1,51475.0,11,179,10.0,10.0,188,29,40,13,0,106,42,35,72,50,100,92,278,1,320,160,279,120,87,60,44,25,251,200
89538487,0,157784.0,12,307,7.0,14.0,102,0,24,44,0,34,42,35,75,50,100,55,278,31,258,133,236,120,86,60,52,25,249,200
89538487,1,34555.0,7,203,,13.0,91,26,35,4,6,20,42,35,75,50,100,55,278,31,258,133,236,120,86,60,52,25,249,200
89538534,0,25627.0,0,0,,0.0,31,8,12,2,0,9,42,35,73,50,100,100,287,249,336,160,296,120,93,60,48,25,248,200
89538534,1,3846.0,2,60,,0.0,9,0,0,0,9,0,42,35,73,50,100,100,287,249,336,160,296,120,93,60,48,25,248,200
89540164,0,68381.0,12,321,9.0,17.0,176,39,15,34,2,86,41,35,64,50,100,89,281,186,332,160,286,120,91,60,49,23,251,200
89540164,1,46029.0,7,203,,13.0,88,28,31,4,5,20,41,35,64,50,100,89,281,186,332,160,286,120,91,60,49,23,251,200
89543465,0,154485.0,12,299,7.0,15.0,88,0,18,30,0,40,42,35,70,50,100,51,277,13,323,160,268,120,99,60,53,25,236,148
89543465,1,29761.0,7,203,,0.0,86,27,32,3,5,19,42,35,70,50,100,51,277,13,323,160,268,120,99,60,53,25,236,148
89543497,0,14293.0,7,203,,0.0,86,27,32,3,5,19,42,35,74,50,100,94,278,7,317,160,279,120,99,60,50,25,250,200
89543497,1,56777.0,8,224,,10.0,48,0,24,24,0,0,42,35,74,50,100,94,278,7,317,160,279,120,99,60,50,25,250,200
89547925,0,27466.0,7,203,,0.0,86,27,32,3,5,19,41,32,63,50,100,100,280,13,344,160,326,120,92,60,52,25,247,200
89547925,1,31494.0,8,192,11.0,12.0,153,128,25,0,0,0,41,32,63,50,100,100,280,13,344,160,326,120,92,60,52,25,247,200
89549543,0,30903.0,7,203,,13.0,89,25,36,5,5,18,42,35,65,50,100,51,278,31,310,160,243,120,107,60,55,25,238,179
89549543,1,170233.0,12,294,8.0,14.0,69,0,18,46,0,5,42,35,65,50,100,51,278,31,310,160,243,120,107,60,55,25,238,179
89550118,0,90205.0,10,235,5.0,17.0,34,27,0,7,0,0,42,31,65,50,100,79,278,13,230,156,303,120,96,60,56,25,248,200
89550118,1,66385.0,11,174,10.0,11.0,161,2,41,21,0,97,42,31,65,50,100,79,278,13,230,156,303,120,96,60,56,25,248,200
89550661,0,48898.0,7,203,,13.0,86,27,32,3,5,19,42,35,77,50,100,100,281,219,332,160,299,120,92,60,48,25,248,200
89550661,1,5013.0,2,33,,0.0,142,0,0,0,0,142,42,35,77,50,100,100,281,219,332,160,299,120,92,60,48,25,248,200
89552879,0,52041.0,12,188,10.0,10.0,248,50,34,0,0,164,42,35,68,50,100,51,278,13,289,160,273,120,101,60,46,25,250,200
89552879,1,84833.0,10,296,7.0,17.0,56,7,8,21,0,20,42,35,68,50,100,51,278,13,289,160,273,120,101,60,46,25,250,200
89552880,0,49265.0,7,203,,13.0,86,27,32,3,5,19,42,35,73,50,100,100,281,219,300,160,306,120,101,60,49,25,250,200
89552880,1,20382.0,10,257,0.0,0.0,109,17,0,0,0,92,42,35,73,50,100,100,281,219,300,160,306,120,101,60,49,25,250,200
89555615,0,42143.0,7,203,,13.0,89,26,32,4,6,21,42,35,76,50,100,52,280,1,289,158,274,120,92,60,54,25,246,200
89555615,1,114080.0,12,287,8.0,15.0,106,0,30,36,0,40,42,35,76,50,100,52,280,1,289,158,274,120,92,60,54,25,246,200
89557826,0,160280.0,12,304,7.0,14.0,99,0,21,44,0,34,42,35,70,50,100,54,278,13,250,158,230,120,90,60,52,25,249,200
89557826,1,31904.0,7,203,,13.0,86,27,32,3,5,19,42,35,70,50,100,54,278,13,250,158,230,120,90,60,52,25,249,200
89562770,0,72715.0,8,222,10.0,12.0,148,0,28,0,0,120,42,35,71,50,100,62,278,1,326,160,306,120,101,60,46,25,238,181
89562770,1,63087.0,12,186,10.0,10.0,179,23,26,22,0,108,42,35,71,50,100,62,278,1,326,160,306,120,101,60,46,25,238,181
89567711,0,178681.0,12,298,7.0,13.0,99,0,21,44,0,34,42,35,71,50,100,54,278,1,304,160,256,120,101,60,53,25,234,167
89567711,1,32188.0,7,203,,13.0,86,27,32,3,5,19,42,35,71,50,100,54,278,1,304,160,256,120,101,60,53,25,234,167
89570456,0,144705.0,13,333,7.0,13.0,80,6,20,32,0,22,42,35,70,50,100,46,277,1,299,160,232,120,101,60,47,25,248,200
89570456,1,41344.0,12,183,10.0,10.0,244,18,30,0,0,196,42,35,70,50,100,46,277,1,299,160,232,120,101,60,47,25,248,200
89577054,0,90506.0,13,346,8.0,11.0,154,4,37,30,0,83,42,35,74,50,100,50,278,1,252,82,278,120,94,60,49,23,251,200
89577054,1,21778.0,7,203,,0.0,86,27,32,3,5,19,42,35,74,50,100,50,278,1,252,82,278,120,94,60,49,23,251,200
89577599,0,40080.0,7,203,,13.0,86,27,32,3,5,19,42,35,67,50,100,100,280,1,340,160,296,120,101,60,49,25,251,200
89577599,1,12555.0,10,179,0.0,0.0,441,143,289,0,0,9,42,35,67,50,100,100,280,1,340,160,296,120,101,60,49,25,251,200
89577608,0,3883.0,2,60,,0.0,9,0,0,0,9,0,42,35,74,50,100,100,293,250,336,160,321,120,96,60,50,25,250,200
89577608,1,0.0,0,0,,,195,22,47,43,42,41,42,35,74,50,100,100,293,250,336,160,321,120,96,60,50,25,250,200
89579245,0,70738.0,14,179,10.0,11.0,126,10,38,30,0,48,42,35,70,50,100,53,278,60,292,160,303,120,111,60,51,25,247,200
89579245,1,64739.0,12,257,8.0,13.0,155,12,6,0,0,137,42,35,70,50,100,53,278,60,292,160,303,120,111,60,51,25,247,200
89579829,0,23510.0,13,237,11.0,0.0,231,0,82,28,24,97,41,35,73,50,100,100,278,7,336,160,313,120,89,60,47,25,253,200
89579829,1,10998.0,7,203,,0.0,86,27,32,3,5,19,41,35,73,50,100,100,278,7,336,160,313,120,89,60,47,25,253,200
89580888,0,31133.0,7,203,,13.0,86,27,32,3,5,19,41,35,77,50,100,51,278,13,296,158,256,120,90,60,56,25,241,195
89580888,1,172786.0,12,294,8.0,14.0,69,0,18,46,0,5,41,35,77,50,100,51,278,13,296,158,256,120,90,60,56,25,241,195
89585823,0,49220.0,7,203,,13.0,86,27,32,3,5,19,42,35,70,50,100,100,281,219,347,160,335,120,92,60,48,25,250,200
89585823,1,3358.0,0,0,,0.0,15,0,0,0,0,15,42,35,70,50,100,100,281,219,347,160,335,120,92,60,48,25,250,200
89586375,0,26584.0,10,296,,0.0,159,42,22,0,0,95,41,30,74,50,100,100,281,13,344,160,299,120,103,60,44,23,251,200
89586375,1,33384.0,7,203,,13.0,86,27,32,3,5,19,41,30,74,50,100,100,281,13,344,160,299,120,103,60,44,23,251,200
89586399,0,31958.0,7,203,,13.0,89,26,32,4,6,21,42,35,57,46,100,100,277,37,320,160,324,120,106,60,53,25,245,200
89586399,1,88560.0,10,280,0.0,17.0,89,24,16,8,7,34,42,35,57,46,100,100,277,37,320,160,324,120,106,60,53,25,245,200
89594082,0,29315.0,7,203,,0.0,86,27,32,3,5,19,42,35,68,50,100,100,281,13,358,160,319,120,95,60,47,25,246,200
89594082,1,27717.0,5,150,,0.0,132,33,25,0,8,66,42,35,68,50,100,100,281,13,358,160,319,120,95,60,47,25,246,200
89594600,0,0.0,0,0,,,181,26,34,42,36,43,41,35,76,50,100,100,281,219,328,160,319,120,92,60,49,25,252,200
89594600,1,49069.0,7,203,,13.0,86,27,32,3,5,19,41,35,76,50,100,100,281,219,328,160,319,120,92,60,49,25,252,200
89597370,0,6463.0,11,211,11.0,0.0,68,0,45,21,0,2,42,35,67,50,100,91,293,250,346,160,308,120,96,60,51,25,248,200
89597370,1,3926.0,2,60,,0.0,9,0,0,0,9,0,42,35,67,50,100,91,293,250,346,160,308,120,96,60,51,25,248,200
89600659,0,6242.0,0,0,,0.0,2,0,2,0,0,0,42,35,70,50,100,100,292,250,324,160,311,120,105,60,50,25,250,200
89600659,1,5493.0,0,0,,0.0,3,0,3,0,0,0,42,35,70,50,100,100,292,250,324,160,311,120,105,60,50,25,250,200
89601197,0,31826.0,7,210,,10.0,268,59,0,0,15,194,42,35,71,50,100,100,281,219,296,160,313,120,85,60,40,21,251,200
89601197,1,48399.0,7,203,,13.0,86,27,32,3,5,19,42,35,71,50,100,100,281,219,296,160,313,120,85,60,40,21,251,200
89607274,0,19344.0,7,203,,0.0,86,27,32,3,5,19,41,35,71,50,100,100,277,7,344,160,333,120,91,60,47,25,246,200
89607274,1,41297.0,13,213,12.0,10.0,316,145,26,15,38,92,41,35,71,50,100,100,277,7,344,160,333,120,91,60,47,25,246,200
89609493,0,2740.0,0,0,,0.0,0,0,0,0,0,0,42,35,66,50,100,100,293,250,340,160,304,120,114,60,50,25,251,200
89609493,1,3000.0,0,0,,0.0,0,0,0,0,0,0,42,35,66,50,100,100,293,250,340,160,304,120,114,60,50,25,251,200
89611126,0,61178.0,11,187,10.0,10.0,209,8,26,11,0,164,42,35,70,50,100,56,278,1,312,160,298,120,101,60,49,25,250,200
89611126,1,88894.0,10,271,10.0,16.0,75,0,42,33,0,0,42,35,70,50,100,56,278,1,312,160,298,120,101,60,49,25,250,200
89613368,0,44661.0,7,203,,13.0,86,27,32,3,5,19,42,35,67,50,100,72,278,171,312,160,306,120,107,60,53,25,248,200
89613368,1,43227.0,6,126,,11.0,18,0,16,0,0,2,42,35,67,50,100,72,278,171,312,160,306,120,107,60,53,25,248,200
89615647,0,62295.0,10,233,,9.0,65,16,18,7,0,24,42,35,66,50,100,77,277,1,328,160,310,120,96,60,46,25,249,200
89615647,1,56340.0,14,181,10.0,10.0,141,17,30,31,0,63,42,35,66,50,100,77,277,1,328,160,310,120,96,60,46,25,249,200
89615681,0,87076.0,10,246,10.0,20.0,31,0,10,15,0,6,42,35,66,50,100,66,278,13,307,160,315,120,101,60,51,25,243,200
89615681,1,56612.0,11,181,10.0,10.0,188,21,33,15,0,119,42,35,66,50,100,66,278,13,307,160,315,120,101,60,51,25,243,200
89616763,0,28890.0,7,203,,0.0,86,27,32,3,5,19,42,35,73,50,100,77,277,13,302,160,319,120,92,60,49,25,246,200
89616763,1,68199.0,11,235,,10.0,67,18,18,7,0,24,42,35,73,50,100,77,277,13,302,160,319,120,92,60,49,25,246,200
89618430,0,32090.0,7,203,,13.0,86,27,32,3,5,19,42,35,73,50,100,54,278,1,295,160,224,120,101,60,54,25,241,185
89618430,1,169450.0,12,298,7.0,13.0,99,0,21,44,0,34,42,35,73,50,100,54,278,1,295,160,224,120,101,60,54,25,241,185
89619560,0,38964.0,12,235,14.0,20.0,142,16,31,25,7,63,42,35,77,50,100,86,278,13,320,160,304,120,103,60,48,25,245,200
89619560,1,58946.0,11,188,10.0,10.0,192,19,28,17,0,128,42,35,77,50,100,86,278,13,320,160,304,120,103,60,48,25,245,200
89621241,0,61314.0,12,247,14.0,21.0,117,15,25,17,5,55,42,35,68,50,100,76,278,7,317,160,306,120,90,60,49,25,250,200
89621241,1,63848.0,12,182,10.0,10.0,157,24,29,28,0,76,42,35,68,50,100,76,278,7,317,160,306,120,90,60,49,25,250,200
89622339,0,60291.0,12,301,9.0,11.0,179,7,8,120,0,44,42,35,76,50,100,61,278,1,277,160,290,120,98,60,49,25,245,200
89622339,1,48363.0,11,182,10.0,10.0,237,34,39,0,0,164,42,35,76,50,100,61,278,1,277,160,290,120,98,60,49,25,245,200
89623456,0,31830.0,10,184,0.0,10.0,202,68,23,0,0,111,41,28,74,50,100,100,281,1,324,160,329,120,97,60,39,22,250,200
89623456,1,35433.0,7,203,,13.0,91,28,33,4,6,20,41,28,74,50,100,100,281,1,324,160,329,120,97,60,39,22,250,200
89623464,0,48229.0,7,203,,13.0,86,27,32,3,5,19,42,35,66,50,100,73,279,206,313,160,303,120,107,60,52,25,248,200
89623464,1,51915.0,5,150,,12.0,62,29,3,0,0,30,42,35,66,50,100,73,279,206,313,160,303,120,107,60,52,25,248,200
89627356,0,26434.0,7,203,,0.0,85,26,32,3,5,19,42,35,68,50,100,100,278,13,336,160,306,120,88,60,27,20,251,200
89627356,1,28392.0,8,240,5.0,0.0,582,0,42,0,0,540,42,35,68,50,100,100,278,13,336,160,306,120,88,60,27,20,251,200
89629562,0,31312.0,7,203,,13.0,86,27,32,3,5,19,42,35,74,50,100,50,278,10,272,160,306,120,99,60,55,25,243,200
89629562,1,119505.0,12,260,9.0,15.0,55,18,21,16,0,0,42,35,74,50,100,50,278,10,272,160,306,120,99,60,55,25,243,200
89632923,0,30110.0,7,203,,13.0,86,27,32,3,5,19,42,35,65,50,100,53,278,13,309,160,264,120,109,60,53,25,249,200
89632923,1,155069.0,12,326,7.0,11.0,94,0,19,35,0,40,42,35,65,50,100,53,278,13,309,160,264,120,109,60,53,25,249,200
89636843,0,32203.0,7,203,,13.0,86,27,32,3,5,19,42,35,77,50,100,54,278,1,258,158,251,120,94,60,54,25,239,177
89636843,1,165995.0,12,300,7.0,14.0,98,0,21,43,0,34,42,35,77,50,100,54,278,1,258,158,251,120,94,60,54,25,239,177
89637408,0,40875.0,7,203,,13.0,86,27,32,3,5,19,42,35,74,50,100,59,281,86,299,160,284,120,92,60,52,25,244,200
89637408,1,89676.0,10,253,7.0,13.0,81,13,14,25,0,29,42,35,74,50,100,59,281,86,299,160,284,120,92,60,52,25,244,200
89637409,0,32329.0,7,203,,13.0,86,27,32,3,5,19,42,35,71,50,100,55,278,1,299,160,283,120,94,60,53,25,234,167
89637409,1,181667.0,12,298,7.0,14.0,99,0,21,44,0,34,42,35,71,50,100,55,278,1,299,160,283,120,94,60,53,25,234,167
89637420,0,46647.0,7,203,,13.0,93,27,36,5,5,20,42,35,69,50,100,100,281,227,340,160,310,120,107,60,49,25,250,200
89637420,1,703.0,2,8,5.0,0.0,0,0,0,0,0,0,42,35,69,50,100,100,281,227,340,160,310,120,107,60,49,25,250,200
89640784,0,87780.0,9,182,11.0,14.0,59,0,34,25,0,0,41,35,74,50,100,62,278,13,307,160,287,120,96,60,54,25,250,200
89640784,1,26031.0,7,203,,0.0,86,27,32,3,5,19,41,35,74,50,100,62,278,13,307,160,287,120,96,60,54,25,250,200
89641348,0,172198.0,12,303,7.0,13.0,99,0,21,44,0,34,42,35,66,50,100,54,278,1,289,160,230,120,103,60,53,25,245,200
89641348,1,32046.0,7,203,,13.0,86,27,32,3,5,19,42,35,66,50,100,54,278,1,289,160,230,120,103,60,53,25,245,200
89644171,0,42509.0,7,203,,13.0,86,27,32,3,5,19,42,35,73,50,100,100,278,142,319,160,294,120,95,60,46,22,246,200
89644171,1,49647.0,7,210,,11.0,188,41,8,8,12,119,42,35,73,50,100,100,278,142,319,160,294,120,95,60,46,22,246,200
89645828,0,162585.0,12,302,8.0,14.0,101,0,18,55,0,28,42,35,76,50,100,51,278,73,255,120,268,120,101,60,56,25,240,194
89645828,1,37594.0,7,203,,13.0,86,27,32,3,5,19,42,35,76,50,100,51,278,73,255,120,268,120,101,60,56,25,240,194
89648652,0,52619.0,12,181,10.0,10.0,232,45,37,0,0,150,42,35,66,50,100,58,278,7,310,160,275,120,114,60,47,25,247,200
89648652,1,85681.0,12,279,10.0,10.0,149,20,10,52,0,67,42,35,66,50,100,58,278,7,310,160,275,120,114,60,47,25,247,200
89651444,0,46660.0,11,188,10.0,10.0,235,58,33,3,0,141,41,35,74,50,100,74,278,1,273,160,282,120,90,60,46,25,252,200
89651444,1,73578.0,11,273,10.0,20.0,67,0,13,33,0,21,41,35,74,50,100,74,278,1,273,160,282,120,90,60,46,25,252,200
89653649,0,19791.0,7,203,,0.0,86,27,32,3,5,19,41,32,73,50,100,100,277,1,320,160,299,120,90,60,47,25,252,200
89653649,1,21991.0,8,240,0.0,0.0,144,107,37,0,0,0,41,32,73,50,100,100,277,1,320,160,299,120,90,60,47,25,252,200
89658182,0,57113.0,6,108,11.0,20.0,201,16,62,0,0,123,42,35,64,50,100,82,278,247,324,160,311,120,101,60,48,25,251,200
89658182,1,5971.0,0,0,,0.0,2,0,2,0,0,0,42,35,64,50,100,82,278,247,324,160,311,120,101,60,48,25,251,200
89662693,0,60888.0,14,181,10.0,10.0,134,4,36,35,0,59,42,35,69,50,100,41,278,1,318,160,303,120,94,60,52,25,242,200
89662693,1,107439.0,13,294,11.0,19.0,144,0,24,0,0,120,42,35,69,50,100,41,278,1,318,160,303,120,94,60,52,25,242,200
89666119,0,49293.0,13,184,10.0,10.0,184,74,35,19,0,56,41,35,69,50,100,71,278,1,305,160,264,120,96,60,46,25,249,200
89666119,1,96304.0,11,262,10.0,18.0,180,0,20,28,0,132,41,35,69,50,100,71,278,1,305,160,264,120,96,60,46,25,249,200
89666657,0,28000.0,10,247,10.0,0.0,183,1,61,0,3,118,42,35,68,50,100,90,277,165,356,160,311,120,103,60,49,25,246,200
89666657,1,5300.0,0,0,,0.0,2,0,2,0,0,0,42,35,68,50,100,90,277,165,356,160,311,120,103,60,49,25,246,200
89666681,0,59816.0,11,183,10.0,10.0,197,6,30,13,0,148,42,35,74,50,100,53,278,48,289,160,293,120,103,60,51,25,248,200
89666681,1,87024.0,12,290,7.0,16.0,48,0,11,23,0,14,42,35,74,50,100,53,278,48,289,160,293,120,103,60,51,25,248,200
89666689,0,3967.0,2,60,,0.0,9,0,0,0,9,0,42,35,67,50,100,100,293,250,347,160,321,120,102,60,49,25,253,200
89666689,1,2740.0,0,0,,0.0,0,0,0,0,0,0,42,35,67,50,100,100,293,250,347,160,321,120,102,60,49,25,253,200
89669492,0,70218.0,10,272,6.0,15.0,79,0,20,30,0,29,42,35,70,50,100,64,278,1,276,160,298,120,94,60,52,25,248,200
89669492,1,56270.0,12,181,10.0,10.0,240,44,37,0,0,159,42,35,70,50,100,64,278,1,276,160,298,120,94,60,52,25,248,200
89672348,0,75970.0,10,224,9.0,12.0,142,20,28,34,0,60,42,35,65,50,100,78,278,81,324,160,298,120,92,60,50,25,252,200
89672348,1,36483.0,7,203,,13.0,87,26,32,3,5,21,42,35,65,50,100,78,278,81,324,160,298,120,92,60,50,25,252,200
89673487,0,6010.0,0,0,,0.0,2,0,2,0,0,0,41,35,68,50,101,100,281,122,361,160,308,120,101,60,50,25,252,200
89673487,1,43526.0,6,140,13.0,13.0,79,10,65,0,0,4,41,35,68,50,101,100,281,122,361,160,308,120,101,60,50,25,252,200
89676314,0,2300.0,0,0,,0.0,30,30,0,0,0,0,42,35,73,50,105,100,293,250,361,160,318,120,98,60,52,25,246,200
89676314,1,0.0,12,107,,,0,0,0,0,0,0,42,35,73,50,105,100,293,250,361,160,318,120,98,60,52,25,246,200
89676322,0,6259.0,0,0,,0.0,2,0,2,0,0,0,42,35,73,50,100,100,293,250,332,160,327,120,98,60,49,25,250,200
89676322,1,3000.0,0,0,,0.0,0,0,0,0,0,0,42,35,73,50,100,100,293,250,332,160,327,120,98,60,49,25,250,200
89677424,0,46439.0,6,180,12.0,12.0,58,0,33,8,0,17,42,35,70,50,100,94,281,13,334,160,310,120,109,60,50,25,250,200
89677424,1,24208.0,7,203,,0.0,86,27,32,3,5,19,42,35,70,50,100,94,281,13,334,160,310,120,109,60,50,25,250,200
89679698,0,27283.0,2,60,13.0,0.0,54,0,30,8,0,16,42,35,69,50,100,100,281,13,358,160,313,120,96,60,47,25,246,200
89679698,1,29586.0,7,203,,0.0,86,27,32,3,5,19,42,35,69,50,100,100,281,13,358,160,313,120,96,60,47,25,246,200
89679699,0,46592.0,7,203,,13.0,86,27,32,3,5,19,42,35,65,50,100,71,281,169,297,160,304,120,86,60,45,25,252,200
89679699,1,72458.0,8,216,8.0,11.0,125,41,7,4,17,56,42,35,65,50,100,71,281,169,297,160,304,120,86,60,45,25,252,200
89680243,0,49492.0,7,203,,13.0,86,27,32,3,5,19,42,35,68,50,100,100,281,219,358,160,335,120,107,60,50,25,247,200
89680243,1,3000.0,0,0,,0.0,0,0,0,0,0,0,42,35,68,50,100,100,281,219,358,160,335,120,107,60,50,25,247,200
89684193,0,98075.0,15,304,8.0,17.0,73,0,0,0,0,73,42,35,59,45,100,17,278,101,311,160,304,120,88,60,56,25,246,200
89684193,1,74762.0,14,176,10.0,11.0,120,2,41,33,0,44,42,35,59,45,100,17,278,101,311,160,304,120,88,60,56,25,246,200
89687609,0,98418.0,11,290,7.0,14.0,180,45,27,34,0,74,41,35,73,50,100,65,278,1,313,160,267,120,94,60,46,25,246,200
89687609,1,46904.0,10,184,10.0,10.0,226,53,32,4,0,137,41,35,73,50,100,65,278,1,313,160,267,120,94,60,46,25,246,200
89688755,0,181008.0,12,304,7.0,14.0,99,0,21,44,0,34,42,35,69,50,100,54,278,1,299,160,241,120,99,60,52,25,247,200
89688755,1,32068.0,7,203,,13.0,86,27,32,3,5,19,42,35,69,50,100,54,278,1,299,160,241,120,99,60,52,25,247,200
89689326,0,36294.0,10,228,10.0,11.0,98,0,45,40,13,0,42,35,68,50,116,100,277,1,354,160,294,120,96,60,49,25,246,200
89689326,1,22248.0,7,203,,0.0,86,27,32,3,5,19,42,35,68,50,116,100,277,1,354,160,294,120,96,60,49,25,246,200
89689910,0,88012.0,15,310,7.0,19.0,72,0,0,0,0,72,42,35,55,45,100,20,278,60,306,160,301,120,105,60,56,25,233,190
89689910,1,70448.0,13,180,10.0,11.0,138,10,41,29,0,58,42,35,55,45,100,20,278,60,306,160,301,120,105,60,56,25,233,190
89696119,0,48617.0,7,203,,13.0,86,27,32,3,5,19,42,35,75,50,100,100,281,219,328,160,303,120,73,42,49,25,253,200
89696119,1,723.0,3,87,0.0,0.0,109,0,5,0,75,29,42,35,75,50,100,100,281,219,328,160,303,120,73,42,49,25,253,200
89697248,0,48994.0,7,203,,13.0,86,27,32,3,5,19,41,29,74,50,100,100,281,219,328,160,303,120,92,60,49,25,250,200
89697248,1,4983.0,3,87,0.0,0.0,315,112,0,0,83,120,41,29,74,50,100,100,281,219,328,160,303,120,92,60,49,25,250,200
89697850,0,24604.0,7,203,,0.0,86,27,32,3,5,19,42,35,52,42,102,68,278,13,344,160,310,120,94,60,53,25,253,200
89697850,1,41381.0,13,257,11.0,10.0,99,0,24,0,12,63,42,35,52,42,102,68,278,13,344,160,310,120,94,60,53,25,253,200
89704066,0,180011.0,12,298,7.0,14.0,99,0,21,44,0,34,42,35,75,50,100,55,278,1,273,160,270,120,90,60,54,25,247,200
89704066,1,32235.0,7,203,,13.0,86,27,32,3,5,19,42,35,75,50,100,55,278,1,273,160,270,120,90,60,54,25,247,200
89705783,0,33450.0,6,180,,11.0,82,41,25,16,0,0,41,35,75,50,100,100,278,13,332,160,292,120,90,60,48,25,253,200
89705783,1,24142.0,7,203,,0.0,86,27,32,3,5,19,41,35,75,50,100,100,278,13,332,160,292,120,90,60,48,25,253,200
89705791,0,6449.0,0,0,,0.0,3,0,2,0,0,1,42,35,70,50,100,100,293,250,328,160,324,120,101,60,50,25,250,200
89705791,1,2300.0,0,0,,0.0,30,30,0,0,0,0,42,35,70,50,100,100,293,250,328,160,324,120,101,60,50,25,250,200
89706331,0,3239.0,4,120,12.0,0.0,176,0,0,0,176,0,42,35,77,50,100,100,281,219,344,160,319,120,93,60,51,25,246,200
89706331,1,49182.0,7,203,,13.0,86,27,32,3,5,19,42,35,77,50,100,100,281,219,344,160,319,120,93,60,51,25,246,200
89709183,0,49347.0,7,203,,13.0,86,27,32,3,5,19,42,35,67,50,100,100,281,219,361,160,326,120,107,60,50,25,248,200
89709183,1,1620.0,0,0,0.0,0.0,30,0,0,0,0,30,42,35,67,50,100,100,281,219,361,160,326,120,107,60,50,25,248,200
89714884,0,164788.0,12,303,7.0,14.0,131,0,21,44,0,66,42,35,68,50,100,57,278,1,279,160,242,120,111,60,47,25,248,200
89714884,1,44283.0,11,185,10.0,10.0,242,36,32,0,0,174,42,35,68,50,100,57,278,1,279,160,242,120,111,60,47,25,248,200
89724071,0,30537.0,7,203,,13.0,86,27,32,3,5,19,41,35,71,50,100,100,280,13,290,160,313,120,103,60,58,25,246,200
89724071,1,82658.0,8,231,12.0,12.0,58,0,58,0,0,0,41,35,71,50,100,100,280,13,290,160,313,120,103,60,58,25,246,200
89733244,0,3000.0,0,0,,0.0,0,0,0,0,0,0,42,35,68,50,100,100,293,250,368,160,330,120,105,60,50,25,248,200
89733244,1,3372.0,0,0,,0.0,15,0,0,0,0,15,42,35,68,50,100,100,293,250,368,160,330,120,105,60,50,25,248,200
89735515,0,45876.0,11,188,10.0,10.0,206,28,28,14,0,136,42,35,69,50,100,47,277,1,287,160,280,120,88,60,48,25,247,200
89735515,1,136555.0,12,317,7.0,15.0,83,4,20,34,0,25,42,35,69,50,100,47,277,1,287,160,280,120,88,60,48,25,247,200
89738422,0,69806.0,13,180,10.0,11.0,152,2,33,27,0,90,42,35,76,50,100,65,278,81,248,160,306,120,105,60,58,25,223,93
89738422,1,84441.0,10,230,9.0,16.0,24,12,8,1,0,3,42,35,76,50,100,65,278,81,248,160,306,120,105,60,58,25,223,93
89741276,0,49232.0,10,182,10.0,10.0,204,8,33,11,0,152,42,35,70,50,100,51,278,1,280,160,260,120,98,60,48,25,246,200
89741276,1,163154.0,12,294,8.0,15.0,69,0,18,46,0,5,42,35,70,50,100,51,278,1,280,160,260,120,98,60,48,25,246,200
89741872,0,26746.0,8,141,4.0,0.0,147,43,16,37,15,36,42,35,74,50,128,100,277,48,344,160,281,120,98,60,47,23,246,200
89741872,1,30572.0,7,203,,13.0,89,25,36,5,5,18,42,35,74,50,128,100,277,48,344,160,281,120,98,60,47,23,246,200
89744232,0,5995.0,0,0,,0.0,2,0,2,0,0,0,42,35,65,50,100,100,281,179,358,160,297,120,103,60,45,25,252,200
89744232,1,43626.0,7,208,0.0,13.0,198,39,80,1,0,78,42,35,65,50,100,100,281,179,358,160,297,120,103,60,45,25,252,200
89744237,0,78623.0,13,297,22.0,13.0,47,0,4,0,0,43,42,35,70,50,100,60,278,13,283,160,302,120,101,60,50,25,240,200
89744237,1,61666.0,12,183,10.0,10.0,184,35,37,18,0,94,42,35,70,50,100,60,278,13,283,160,302,120,101,60,50,25,240,200
89748283,0,92091.0,12,316,7.0,11.0,228,1,23,16,10,178,42,35,60,50,100,45,278,13,319,160,289,120,103,60,48,25,246,200
89748283,1,26052.0,7,203,,0.0,85,26,32,3,5,19,42,35,60,50,100,45,278,13,319,160,289,120,103,60,48,25,246,200
89748820,0,99448.0,12,256,10.0,11.0,233,0,39,20,0,174,42,35,64,50,100,53,278,1,285,160,302,120,105,60,53,25,253,200
89748820,1,18940.0,7,203,,0.0,90,28,33,3,5,21,42,35,64,50,100,53,278,1,285,160,302,120,105,60,53,25,253,200
89751704,0,114158.0,13,302,8.0,18.0,77,0,21,49,0,7,42,35,71,50,100,88,278,7,288,160,245,120,94,60,47,25,249,200
89751704,1,47541.0,10,181,10.0,10.0,232,26,34,0,0,172,42,35,71,50,100,88,278,7,288,160,245,120,94,60,47,25,249,200
89751723,0,108.0,7,159,12.0,0.0,1132,0,1128,0,0,4,42,35,70,50,114,100,289,250,347,160,311,120,98,60,51,25,247,200
89751723,1,3912.0,2,60,,0.0,9,0,0,0,9,0,42,35,70,50,114,100,289,250,347,160,311,120,98,60,51,25,247,200
89753412,0,35153.0,7,203,,13.0,86,27,32,3,5,19,42,35,67,50,100,100,281,13,344,160,319,120,92,60,46,25,253,200
89753412,1,14630.0,3,90,,0.0,110,0,67,0,0,43,42,35,67,50,100,100,281,13,344,160,319,120,92,60,46,25,253,200
89756356,0,6121.0,0,0,,0.0,4,0,0,4,0,0,42,35,69,50,100,100,293,250,358,160,315,120,94,60,49,25,246,200
89756356,1,3000.0,0,0,,0.0,0,0,0,0,0,0,42,35,69,50,100,100,293,250,358,160,315,120,94,60,49,25,246,200
89759890,0,8766.0,0,0,,0.0,90,0,0,0,0,90,41,35,75,50,100,100,293,250,354,160,311,120,98,60,48,25,248,200
89759890,1,3939.0,2,60,,0.0,9,0,0,0,9,0,41,35,75,50,100,100,293,250,354,160,311,120,98,60,48,25,248,200
89760421,0,43352.0,11,187,10.0,10.0,248,42,32,0,0,174,42,35,66,50,100,57,278,1,285,158,261,120,101,60,46,25,249,200
89760421,1,170133.0,12,303,7.0,14.0,131,0,21,44,0,66,42,35,66,50,100,57,278,1,285,158,261,120,101,60,46,25,249,200
89761024,0,32097.0,7,203,,13.0,89,28,32,4,5,20,41,35,76,50,100,58,278,1,279,160,268,120,94,60,55,25,246,200
89761024,1,180888.0,12,303,7.0,14.0,131,0,21,44,0,66,41,35,76,50,100,58,278,1,279,160,268,120,94,60,55,25,246,200
89765085,0,63882.0,11,180,10.0,10.0,173,16,41,18,0,98,42,35,68,50,100,100,278,1,231,78,285,120,103,60,51,25,249,200
89765085,1,45006.0,12,308,8.0,22.0,180,55,14,12,0,99,42,35,68,50,100,100,278,1,231,78,285,120,103,60,51,25,249,200
89765090,0,177611.0,12,303,7.0,14.0,131,0,21,44,0,66,42,35,67,50,100,58,278,1,295,160,258,120,112,60,53,25,239,177
89765090,1,32096.0,7,203,,13.0,87,26,32,4,5,20,42,35,67,50,100,58,278,1,295,160,258,120,112,60,53,25,239,177
89769197,0,48287.0,11,182,10.0,10.0,210,10,32,10,0,158,42,35,74,50,100,58,278,1,310,160,269,120,94,60,49,25,235,167
89769197,1,175119.0,12,303,7.0,14.0,131,0,21,44,0,66,42,35,74,50,100,58,278,1,310,160,269,120,94,60,49,25,235,167
89772768,0,47609.0,13,190,10.0,10.0,173,112,23,28,0,10,41,35,58,50,100,69,277,1,318,160,299,120,98,60,43,21,253,200
89772768,1,40149.0,11,274,0.0,10.0,275,0,41,0,0,234,41,35,58,50,100,69,277,1,318,160,299,120,98,60,43,21,253,200
89783954,0,3994.0,2,60,,0.0,9,0,0,0,9,0,42,35,68,50,100,100,293,250,340,160,314,120,102,60,52,25,248,200
89783954,1,5244.0,0,0,,0.0,10,10,0,0,0,0,42,35,68,50,100,100,293,250,340,160,314,120,102,60,52,25,248,200
89784512,0,78025.0,6,143,0.0,19.0,109,0,75,0,0,34,42,35,68,50,100,62,284,249,300,160,314,120,114,60,55,25,250,200
89784512,1,3000.0,0,0,,0.0,0,0,0,0,0,0,42,35,68,50,100,62,284,249,300,160,314,120,114,60,55,25,250,200
89786898,0,3939.0,2,60,,0.0,9,0,0,0,9,0,42,35,69,50,100,100,293,250,336,160,286,120,98,60,44,23,251,200
89786898,1,8503.0,0,0,,0.0,71,0,0,0,0,71,42,35,69,50,100,100,293,250,336,160,286,120,98,60,44,23,251,200
89786923,0,19209.0,6,167,,0.0,170,66,10,0,18,76,42,32,66,50,100,100,291,250,365,160,318,120,98,60,48,24,247,200
89786923,1,3000.0,0,0,,0.0,0,0,0,0,0,0,42,32,66,50,100,100,291,250,365,160,318,120,98,60,48,24,247,200
89789938,0,3809.0,2,60,,0.0,9,0,0,0,9,0,42,35,68,50,100,100,293,250,351,160,333,120,89,60,49,25,251,200
89789938,1,2330.0,4,40,,0.0,60,0,0,0,0,60,42,35,68,50,100,100,293,250,351,160,333,120,89,60,49,25,251,200
89796669,0,6259.0,0,0,,0.0,2,0,2,0,0,0,41,32,74,50,100,100,293,250,293,160,329,120,96,60,59,25,244,200
89796669,1,50380.0,6,128,13.0,19.0,40,31,0,9,0,0,41,32,74,50,100,100,293,250,293,160,329,120,96,60,59,25,244,200
89811161,0,61100.0,12,181,10.0,10.0,147,12,36,26,0,73,42,35,65,50,100,63,278,1,314,160,303,120,97,60,52,25,242,200
89811161,1,81762.0,8,218,7.0,14.0,73,12,13,5,9,34,42,35,65,50,100,63,278,1,314,160,303,120,97,60,52,25,242,200
89811221,0,27.0,7,7,0.0,0.0,20,0,2,0,0,18,42,35,68,50,100,100,293,250,340,160,318,120,100,60,50,25,253,200
89811221,1,3968.0,2,60,,0.0,9,0,0,0,9,0,42,35,68,50,100,100,293,250,340,160,318,120,100,60,50,25,253,200
89817962,0,306.0,5,122,0.0,0.0,403,26,188,0,154,35,42,35,73,50,100,100,293,250,347,160,324,120,86,47,50,25,246,200
89817962,1,2300.0,0,0,,0.0,30,30,0,0,0,0,42,35,73,50,100,100,293,250,347,160,324,120,86,47,50,25,246,200
89819678,0,50613.0,12,184,10.0,10.0,216,18,36,7,0,155,42,35,73,50,100,63,278,1,325,160,295,120,107,60,48,25,242,200
89819678,1,81745.0,12,280,7.0,19.0,98,0,18,53,0,27,42,35,73,50,100,63,278,1,325,160,295,120,107,60,48,25,242,200
89821467,0,154493.0,12,306,7.0,14.0,131,0,21,44,0,66,42,35,70,50,100,57,278,1,268,158,231,120,96,60,47,25,248,200
89821467,1,43420.0,13,184,10.0,10.0,247,64,32,0,0,151,42,35,70,50,100,57,278,1,268,158,231,120,96,60,47,25,248,200
89821479,0,80472.0,8,194,13.0,13.0,184,41,115,0,0,28,42,35,60,50,100,51,279,142,320,160,313,120,99,60,56,25,245,200
89821479,1,42985.0,7,203,,13.0,89,28,32,4,5,20,42,35,60,50,100,51,279,142,320,160,313,120,99,60,56,25,245,200
89822074,0,43413.0,12,191,10.0,10.0,195,24,24,19,0,128,42,35,75,50,100,93,277,1,332,160,273,120,94,60,45,25,247,200
89822074,1,78754.0,6,158,12.0,10.0,88,0,25,63,0,0,42,35,75,50,100,93,277,1,332,160,273,120,94,60,45,25,247,200
89823241,0,51855.0,2,59,,8.0,0,0,0,0,0,0,42,35,77,50,100,55,281,221,274,114,313,120,86,60,53,25,251,200
89823241,1,48968.0,7,203,,13.0,89,28,32,4,5,20,42,35,77,50,100,55,281,221,274,114,313,120,86,60,53,25,251,200
89825600,0,39182.0,2,60,,11.0,23,0,23,0,0,0,42,35,68,50,100,100,278,43,321,160,310,120,94,60,49,25,249,200
89825600,1,30006.0,7,203,,13.0,89,28,32,4,5,20,42,35,68,50,100,100,278,43,321,160,310,120,94,60,49,25,249,200
89825621,0,60281.0,8,215,10.0,12.0,186,0,8,16,0,162,42,35,74,50,100,100,278,183,295,160,303,120,96,60,48,23,246,200
89825621,1,44066.0,7,203,,13.0,90,27,34,3,4,22,42,35,74,50,100,100,278,183,295,160,303,120,96,60,48,23,246,200
89826164,0,178097.0,12,303,7.0,14.0,131,0,21,44,0,66,42,35,66,50,100,57,278,1,295,160,245,120,112,60,54,25,246,200
89826164,1,32073.0,7,203,,13.0,89,28,32,4,5,20,42,35,66,50,100,57,278,1,295,160,245,120,112,60,54,25,246,200
89826175,0,26458.0,7,203,,0.0,89,28,32,4,5,20,41,35,68,50,100,100,278,1,294,160,326,120,94,60,58,25,250,200
89826175,1,90786.0,8,232,11.0,11.0,59,0,59,0,0,0,41,35,68,50,100,100,278,1,294,160,326,120,94,60,58,25,250,200
89827950,0,83779.0,8,232,11.0,11.0,59,0,59,0,0,0,42,35,67,50,100,100,278,1,258,160,326,120,96,60,56,25,246,200
89827950,1,26706.0,7,203,,0.0,89,28,32,4,5,20,42,35,67,50,100,100,278,1,258,160,326,120,96,60,56,25,246,200
89829096,0,93722.0,12,322,10.0,15.0,108,0,4,37,0,67,42,35,75,50,100,57,278,13,297,160,292,120,101,60,52,25,240,200
89829096,1,63711.0,12,180,10.0,10.0,183,2,36,15,0,130,42,35,75,50,100,57,278,13,297,160,292,120,101,60,52,25,240,200
89829713,0,44566.0,12,283,11.0,10.0,130,0,43,38,0,49,42,35,71,50,101,91,278,13,332,160,291,120,86,60,49,23,249,200
89829713,1,20985.0,7,203,,0.0,89,28,32,4,5,20,42,35,71,50,101,91,278,13,332,160,291,120,86,60,49,23,249,200
89830265,0,90866.0,8,225,8.0,12.0,117,45,27,3,0,42,41,32,75,50,100,49,281,13,302,160,305,120,94,60,53,25,250,200
89830265,1,30735.0,7,203,,13.0,89,28,32,4,5,20,41,32,75,50,100,49,281,13,302,160,305,120,94,60,53,25,250,200
89832674,0,11505.0,3,90,0.0,0.0,263,263,0,0,0,0,38,23,64,50,100,100,293,250,336,160,308,120,101,60,48,25,253,200
89832674,1,2300.0,0,0,,0.0,30,30,0,0,0,0,38,23,64,50,100,100,293,250,336,160,308,120,101,60,48,25,253,200
89836149,0,145586.0,12,316,7.0,11.0,85,7,17,38,0,23,41,33,74,50,100,68,277,13,297,160,274,120,96,60,53,25,248,200
89836149,1,30588.0,7,203,,13.0,89,28,32,4,5,20,41,33,74,50,100,68,277,13,297,160,274,120,96,60,53,25,248,200
89836743,0,14685.0,6,169,,0.0,181,16,53,2,8,102,41,35,72,50,100,100,278,1,355,160,299,120,94,60,47,25,248,200
89836743,1,58805.0,14,185,10.0,10.0,137,12,30,30,0,65,41,35,72,50,100,100,278,1,355,160,299,120,94,60,47,25,248,200
89837949,0,76848.0,12,316,12.0,15.0,55,0,6,31,0,18,42,35,74,50,100,51,278,13,264,87,283,120,94,60,51,25,249,200
89837949,1,60630.0,12,182,10.0,10.0,182,7,34,16,0,125,42,35,74,50,100,51,278,13,264,87,283,120,94,60,51,25,249,200
89843886,0,79306.0,12,270,8.0,13.0,78,0,20,30,0,28,42,35,67,50,100,53,281,133,279,160,307,120,103,60,55,25,249,200
89843886,1,42634.0,7,203,,13.0,89,28,32,4,5,20,42,35,67,50,100,53,281,133,279,160,307,120,103,60,55,25,249,200
89845719,0,34518.0,11,191,10.0,10.0,228,60,27,8,0,133,41,35,70,50,100,83,277,1,315,160,280,120,96,60,45,25,253,200
89845719,1,50339.0,8,171,13.0,10.0,56,0,46,0,10,0,41,35,70,50,100,83,277,1,315,160,280,120,96,60,45,25,253,200
89845769,0,3000.0,0,0,,0.0,0,0,0,0,0,0,42,35,65,50,100,100,293,250,332,160,311,120,106,60,49,25,251,200
89845769,1,4068.0,2,60,,0.0,9,0,0,0,9,0,42,35,65,50,100,100,293,250,332,160,311,120,106,60,49,25,251,200
89849910,0,48950.0,7,203,,13.0,89,28,32,4,5,20,42,35,70,50,100,80,281,221,339,160,319,120,92,60,50,22,246,200
89849910,1,29044.0,7,117,0.0,0.0,160,0,2,1,0,157,42,35,70,50,100,80,281,221,339,160,319,120,92,60,50,22,246,200
89855274,0,12972.0,4,77,14.0,0.0,243,19,106,0,0,118,42,35,68,50,117,100,278,10,324,160,310,120,92,60,48,25,253,200
89855274,1,30138.0,7,203,,13.0,87,26,32,4,5,20,42,35,68,50,117,100,278,10,324,160,310,120,92,60,48,25,253,200
89855877,0,15235.0,7,203,,0.0,89,28,32,4,5,20,42,35,71,50,100,86,277,1,327,160,329,120,103,60,53,25,250,200
89855877,1,53319.0,6,155,11.0,10.0,48,0,37,0,11,0,42,35,71,50,100,86,277,1,327,160,329,120,103,60,53,25,250,200
89856444,0,31091.0,7,203,,13.0,93,29,34,4,5,21,42,35,74,50,100,57,278,7,280,160,208,120,96,60,53,25,248,200
89856444,1,163632.0,12,306,7.0,14.0,131,0,21,44,0,66,42,35,74,50,100,57,278,7,280,160,208,120,96,60,53,25,248,200
89858286,0,56675.0,12,180,10.0,10.0,162,11,36,24,0,91,42,35,66,50,100,38,278,1,271,158,297,120,107,60,51,25,250,200
89858286,1,70813.0,12,327,9.0,11.0,76,0,36,0,0,40,42,35,66,50,100,38,278,1,271,158,297,120,107,60,51,25,250,200
89859412,0,57915.0,11,176,10.0,10.0,205,30,41,4,0,130,41,34,68,50,100,80,278,13,346,160,275,120,103,60,45,25,249,200
89859412,1,87989.0,12,280,9.0,19.0,114,0,12,30,0,72,41,34,68,50,100,80,278,13,346,160,275,120,103,60,45,25,249,200
89868912,0,25975.0,7,203,,0.0,89,28,32,4,5,20,41,35,76,50,100,100,277,13,336,160,306,120,92,60,45,23,252,200
89868912,1,30483.0,6,168,,10.0,137,0,26,0,0,111,41,35,76,50,100,100,277,13,336,160,306,120,92,60,45,23,252,200
89871928,0,55878.0,10,290,10.0,11.0,162,128,34,0,0,0,41,26,51,42,100,37,278,13,320,160,310,120,109,60,56,25,251,200
89871928,1,31130.0,7,203,,13.0,89,28,32,4,5,20,41,26,51,42,100,37,278,13,320,160,310,120,109,60,56,25,251,200
89872488,0,49997.0,11,182,10.0,10.0,206,22,32,9,0,143,42,35,65,50,100,100,278,1,320,160,302,120,103,60,50,25,247,200
89872488,1,58694.0,8,240,11.0,11.0,58,0,58,0,0,0,42,35,65,50,100,100,278,1,320,160,302,120,103,60,50,25,247,200
89873677,0,39761.0,7,203,,13.0,87,26,32,4,5,20,42,35,67,50,100,100,280,133,329,160,303,120,96,60,46,23,249,200
89873677,1,49449.0,8,199,9.0,11.0,119,0,9,0,0,110,42,35,67,50,100,100,280,133,329,160,303,120,96,60,46,23,249,200
89874917,0,61020.0,13,189,10.0,10.0,176,18,27,25,0,106,42,35,73,50,100,57,278,1,301,160,302,120,105,60,50,25,247,200
89874917,1,72197.0,12,319,8.0,17.0,77,6,29,14,0,28,42,35,73,50,100,57,278,1,301,160,302,120,105,60,50,25,247,200
89877845,0,47513.0,7,203,,13.0,89,28,32,4,5,20,42,35,69,50,101,100,278,201,344,160,335,120,96,60,48,25,248,200
89877845,1,4079.0,1,30,,0.0,6,0,6,0,0,0,42,35,69,50,101,100,278,201,344,160,335,120,96,60,48,25,248,200
89879672,0,3912.0,2,60,,0.0,9,0,0,0,9,0,42,35,71,50,100,100,293,250,324,160,321,120,98,60,49,25,252,200
89879672,1,3368.0,0,0,,0.0,15,0,0,0,0,15,42,35,71,50,100,100,293,250,324,160,321,120,98,60,49,25,252,200
89882034,0,46592.0,12,188,10.0,10.0,249,52,33,1,0,163,42,35,73,50,100,47,278,1,289,160,294,120,94,60,47,25,238,198
89882034,1,117137.0,13,307,8.0,14.0,116,6,13,40,0,57,42,35,73,50,100,47,278,1,289,160,294,120,94,60,47,25,238,198
89883841,0,78408.0,7,209,6.0,11.0,111,0,15,0,0,96,42,35,65,50,100,48,278,7,330,160,289,120,101,60,47,25,248,200
89883841,1,58065.0,11,180,10.0,10.0,164,39,37,21,0,67,42,35,65,50,100,48,278,7,330,160,289,120,101,60,47,25,248,200
89884476,0,3000.0,0,0,,0.0,0,0,0,0,0,0,42,35,68,50,100,100,293,250,354,160,324,120,96,60,50,25,246,200
89884476,1,3000.0,0,0,,0.0,0,0,0,0,0,0,42,35,68,50,100,100,293,250,354,160,324,120,96,60,50,25,246,200
89886897,0,2946.0,7,163,0.0,0.0,37,0,0,10,12,15,42,35,64,50,100,100,293,250,351,160,307,120,107,60,50,25,248,200
89886897,1,4103.0,2,60,,0.0,9,0,0,0,9,0,42,35,64,50,100,100,293,250,351,160,307,120,107,60,50,25,248,200
89887452,0,45457.0,5,140,11.0,11.0,35,0,5,30,0,0,42,35,68,50,100,80,278,189,340,160,272,120,99,60,52,25,251,200
89887452,1,46143.0,7,203,,13.0,89,28,32,4,5,20,42,35,68,50,100,80,278,189,340,160,272,120,99,60,52,25,251,200
89888100,0,25364.0,7,203,,0.0,89,28,32,4,5,20,42,35,51,43,100,59,278,10,328,160,292,120,103,60,51,25,252,200
89888100,1,36754.0,5,140,8.0,11.0,38,0,38,0,0,0,42,35,51,43,100,59,278,10,328,160,292,120,103,60,51,25,252,200
89888717,0,23583.0,7,203,,0.0,89,28,32,4,5,20,42,35,70,50,100,91,278,1,328,160,324,120,99,60,48,24,250,200
89888717,1,36020.0,8,156,0.0,12.0,91,0,34,7,0,50,42,35,70,50,100,91,278,1,328,160,324,120,99,60,48,24,250,200
89891691,0,63172.0,13,180,10.0,10.0,167,105,41,21,0,0,42,35,66,50,100,100,278,7,328,160,296,120,107,60,31,21,252,200
89891691,1,11535.0,7,210,,0.0,326,0,0,0,0,326,42,35,66,50,100,100,278,7,328,160,296,120,107,60,31,21,252,200
89891736,0,6259.0,0,0,,0.0,2,0,2,0,0,0,42,35,75,50,100,100,293,250,336,160,330,120,98,60,52,25,247,200
89891736,1,5677.0,1,30,,0.0,43,0,0,0,43,0,42,35,75,50,100,100,293,250,336,160,330,120,98,60,52,25,247,200
89895358,0,23236.0,7,203,,0.0,89,28,32,4,5,20,42,26,64,50,100,100,278,1,358,160,305,120,99,60,43,24,247,200
89895358,1,46892.0,12,320,0.0,10.0,359,123,41,18,0,177,42,26,64,50,100,100,278,1,358,160,305,120,99,60,43,24,247,200
89897157,0,53677.0,12,193,10.0,10.0,257,32,26,5,0,194,42,35,56,50,100,31,278,7,312,160,298,120,103,60,48,25,249,200
89897157,1,87615.0,9,223,6.0,12.0,28,0,28,0,0,0,42,35,56,50,100,31,278,7,312,160,298,120,103,60,48,25,249,200
89897193,0,6247.0,0,0,,0.0,2,0,2,0,0,0,42,35,70,50,100,100,292,250,344,160,290,120,98,60,49,25,250,200
89897193,1,6087.0,0,0,,0.0,3,0,3,0,0,0,42,35,70,50,100,100,292,250,344,160,290,120,98,60,49,25,250,200
89897202,0,6259.0,0,0,,0.0,2,0,2,0,0,0,42,35,73,50,101,100,293,250,336,160,301,120,90,60,49,25,246,200
89897202,1,9892.0,4,120,9.0,0.0,223,0,0,0,67,156,42,35,73,50,101,100,293,250,336,160,301,120,90,60,49,25,246,200
89897203,0,3000.0,0,0,,0.0,0,0,0,0,0,0,41,35,70,50,100,100,290,250,347,160,308,120,101,60,50,25,252,200
89897203,1,19348.0,3,64,,0.0,91,23,10,0,0,58,41,35,70,50,100,100,290,250,347,160,308,120,101,60,50,25,252,200
89898388,0,35232.0,7,203,,13.0,89,28,35,2,4,20,42,30,68,50,100,100,281,46,344,160,305,120,90,60,43,22,252,200
89898388,1,27284.0,4,115,,0.0,128,46,22,2,0,58,42,30,68,50,100,100,281,46,344,160,305,120,90,60,43,22,252,200
89898417,0,23590.0,10,270,10.0,0.0,257,72,52,19,50,64,42,33,66,50,100,96,277,13,354,160,315,120,74,60,47,24,250,200
89898417,1,26218.0,7,203,,0.0,89,28,32,4,5,20,42,33,66,50,100,96,277,13,354,160,315,120,74,60,47,24,250,200
89902119,0,26559.0,7,203,,0.0,89,28,32,4,5,20,42,35,68,50,100,100,278,13,336,160,332,120,94,60,36,21,250,200
89902119,1,32604.0,8,240,0.0,10.0,215,0,29,0,0,186,42,35,68,50,100,100,278,13,336,160,332,120,94,60,36,21,250,200
89902736,0,4018.0,2,60,,0.0,9,0,0,0,9,0,42,35,66,50,100,100,293,250,328,160,297,120,104,60,49,25,251,200
89902736,1,7071.0,0,0,,0.0,70,70,0,0,0,0,42,35,66,50,100,100,293,250,328,160,297,120,104,60,49,25,251,200
89902738,0,3784.0,2,60,,0.0,9,0,0,0,9,0,40,25,67,50,100,100,293,250,351,160,327,120,87,60,49,25,250,200
89902738,1,10392.0,3,90,,0.0,187,187,0,0,0,0,40,25,67,50,100,100,293,250,351,160,327,120,87,60,49,25,250,200
89903302,0,9513.0,8,240,10.0,0.0,281,62,0,38,52,129,42,35,71,50,100,100,281,214,320,160,291,120,79,52,47,23,251,200
89903302,1,48355.0,7,203,,13.0,85,26,32,4,4,19,42,35,71,50,100,100,281,214,320,160,291,120,79,52,47,23,251,200
89903947,0,75747.0,14,178,10.0,11.0,120,5,41,39,0,35,42,35,68,50,100,100,278,120,354,160,316,120,92,60,47,25,248,200
89903947,1,4462.0,3,59,6.0,0.0,186,0,0,0,63,123,42,35,68,50,100,100,278,120,354,160,316,120,92,60,47,25,248,200
89905165,0,29216.0,7,203,,0.0,89,28,32,4,5,20,42,35,73,50,100,70,278,13,301,160,293,120,90,60,52,23,250,200
89905165,1,106577.0,12,250,10.0,18.0,121,0,28,32,0,61,42,35,73,50,100,70,278,13,301,160,293,120,90,60,52,23,250,200
89907036,0,50228.0,14,320,6.0,10.0,108,11,25,7,1,64,42,35,61,47,100,39,278,1,298,160,297,120,102,60,49,25,245,200
89907036,1,51958.0,11,181,10.0,10.0,195,48,34,14,0,99,42,35,61,47,100,39,278,1,298,160,297,120,102,60,49,25,245,200
89910096,0,60500.0,10,280,0.0,15.0,122,0,10,19,0,93,42,35,77,50,100,88,278,48,306,152,308,120,98,60,49,25,243,200
89910096,1,66234.0,11,178,10.0,11.0,171,10,37,22,0,102,42,35,77,50,100,88,278,48,306,152,308,120,98,60,49,25,243,200
89913827,0,58466.0,6,142,8.0,11.0,118,34,47,10,6,21,41,34,73,50,100,79,278,13,334,160,308,120,91,60,52,25,251,200
89913827,1,28453.0,7,203,,0.0,89,28,32,4,5,20,41,34,73,50,100,79,278,13,334,160,308,120,91,60,52,25,251,200
89915074,0,3784.0,2,60,,0.0,9,0,0,0,9,0,42,35,76,50,100,100,284,247,336,160,314,120,87,60,49,25,247,200
89915074,1,26006.0,0,0,,0.0,56,3,24,0,0,29,42,35,76,50,100,100,284,247,336,160,314,120,87,60,49,25,247,200
89917547,0,11853.0,4,108,,0.0,284,0,0,0,0,284,42,35,73,50,100,100,293,250,311,160,304,120,98,60,37,21,251,200
89917547,1,6259.0,0,0,,0.0,2,0,2,0,0,0,42,35,73,50,100,100,293,250,311,160,304,120,98,60,37,21,251,200
89921860,0,47431.0,7,203,,13.0,89,28,32,4,5,20,42,35,64,50,100,67,281,198,325,160,309,120,94,60,50,25,250,200
89921860,1,41528.0,12,280,10.0,17.0,55,0,7,2,0,46,42,35,64,50,100,67,281,198,325,160,309,120,94,60,50,25,250,200
89925021,0,2300.0,0,0,,0.0,30,30,0,0,0,0,42,35,70,50,100,100,293,250,344,160,324,120,98,60,49,25,251,200
89925021,1,905.0,2,38,,0.0,45,0,0,0,45,0,42,35,70,50,100,100,293,250,344,160,324,120,98,60,49,25,251,200
89926247,0,23877.0,8,232,7.0,0.0,199,138,11,10,0,40,41,29,73,50,100,100,288,250,336,160,329,120,96,60,49,25,247,200
89926247,1,6220.0,0,0,,0.0,2,0,2,0,0,0,41,29,73,50,100,100,288,250,336,160,329,120,96,60,49,25,247,200
89927531,0,41766.0,7,203,,13.0,89,28,32,4,5,20,42,35,69,50,100,82,278,136,335,160,294,120,101,60,52,25,245,200
89927531,1,60938.0,12,306,7.0,11.0,150,0,21,60,0,69,42,35,69,50,100,82,278,136,335,160,294,120,101,60,52,25,245,200
89929340,0,4697.0,0,0,,0.0,6,4,2,0,0,0,42,35,74,50,100,100,281,209,332,160,322,120,90,60,48,25,248,200
89929340,1,48296.0,7,203,,13.0,89,28,32,4,5,20,42,35,74,50,100,100,281,209,332,160,322,120,90,60,48,25,248,200
89931883,0,48150.0,7,203,,13.0,89,28,32,4,5,20,42,35,71,50,100,100,281,206,328,160,326,120,101,60,51,25,250,200
89931883,1,5879.0,0,0,,0.0,3,0,3,0,0,0,42,35,71,50,100,100,281,206,328,160,326,120,101,60,51,25,250,200
89933734,0,44412.0,10,186,10.0,10.0,238,27,32,0,0,179,42,35,75,50,100,57,278,1,274,158,265,120,103,60,47,25,237,177
89933734,1,162138.0,12,306,7.0,14.0,131,0,21,44,0,66,42,35,75,50,100,57,278,1,274,158,265,120,103,60,47,25,237,177
89933763,0,48190.0,7,203,,13.0,89,28,32,4,5,20,42,32,71,50,100,100,281,195,351,160,325,120,101,60,50,25,246,200
89933763,1,14153.0,3,86,17.0,0.0,126,63,6,8,5,44,42,32,71,50,100,100,281,195,351,160,325,120,101,60,50,25,246,200
89939986,0,48555.0,7,203,,13.0,89,28,32,4,5,20,41,32,71,50,100,100,281,209,332,160,296,120,101,60,49,25,247,200
89939986,1,13715.0,5,137,8.0,0.0,451,430,10,0,11,0,41,32,71,50,100,100,281,209,332,160,296,120,101,60,49,25,247,200
89940609,0,3000.0,0,0,,0.0,0,0,0,0,0,0,42,35,76,50,100,100,281,221,328,160,292,120,101,60,50,25,250,200
89940609,1,48864.0,7,203,,13.0,89,28,32,4,5,20,42,35,76,50,100,100,281,221,328,160,292,120,101,60,50,25,250,200
89943121,0,96160.0,12,269,7.0,11.0,78,0,17,0,0,61,41,35,70,50,100,51,278,48,329,160,316,120,96,60,49,25,246,200
89943121,1,38949.0,7,203,,13.0,89,28,32,4,5,20,41,35,70,50,100,51,278,48,329,160,316,120,96,60,49,25,246,200
89944403,0,56646.0,11,188,10.0,10.0,247,42,32,1,0,172,41,35,67,50,100,88,278,133,334,160,287,120,103,60,47,25,250,200
89944403,1,59834.0,12,329,6.0,18.0,88,0,17,40,0,31,41,35,67,50,100,88,278,133,334,160,287,120,103,60,47,25,250,200
89944472,0,62735.0,12,184,10.0,10.0,185,23,27,21,0,114,41,35,68,50,100,90,278,1,351,160,284,120,98,60,47,25,243,200
89944472,1,77264.0,11,259,0.0,18.0,190,102,30,20,0,38,41,35,68,50,100,90,278,1,351,160,284,120,98,60,47,25,243,200
89946930,0,27241.0,7,203,,0.0,89,28,32,4,5,20,42,35,73,50,100,100,281,13,320,160,306,120,99,60,47,25,251,200
89946930,1,29716.0,12,252,10.0,0.0,172,33,46,14,19,60,42,35,73,50,100,100,281,13,320,160,306,120,99,60,47,25,251,200
89946939,0,4945.0,10,164,0.0,0.0,10,0,10,0,0,0,42,35,68,50,100,100,278,129,351,160,316,120,101,60,50,25,246,200
89946939,1,42923.0,7,203,,13.0,90,28,34,4,5,19,42,35,68,50,100,100,278,129,351,160,316,120,101,60,50,25,246,200
89949477,0,5879.0,0,0,,0.0,3,0,3,0,0,0,42,35,68,50,100,100,281,206,354,160,316,120,107,60,49,25,250,200
89949477,1,47878.0,7,203,,13.0,92,30,33,3,4,22,42,35,68,50,100,100,281,206,354,160,316,120,107,60,49,25,250,200
89950176,0,34065.0,4,111,,10.0,71,0,36,0,0,35,42,35,66,50,100,92,278,78,349,160,306,120,94,60,48,23,250,200
89950176,1,37179.0,7,203,,13.0,89,28,32,4,5,20,42,35,66,50,100,92,278,78,349,160,306,120,94,60,48,23,250,200
89958509,0,31667.0,7,203,,13.0,89,28,32,4,5,20,42,35,75,50,100,57,278,1,238,91,228,120,92,60,52,25,247,200
89958509,1,152903.0,12,306,7.0,14.0,130,0,21,43,0,66,42,35,75,50,100,57,278,1,238,91,228,120,92,60,52,25,247,200
89960515,0,46702.0,10,180,10.0,10.0,219,11,32,5,0,171,42,35,69,50,100,57,278,1,300,160,270,120,105,60,48,25,244,199
89960515,1,174516.0,12,306,7.0,14.0,130,0,21,44,0,65,42,35,69,50,100,57,278,1,300,160,270,120,105,60,48,25,244,199
89961187,0,32060.0,7,203,,13.0,89,28,32,4,5,20,42,35,77,50,100,57,278,1,280,158,271,120,88,60,54,25,240,195
89961187,1,180508.0,12,306,7.0,14.0,131,0,21,44,0,66,42,35,77,50,100,57,278,1,280,158,271,120,88,60,54,25,240,195
89961885,0,19773.0,7,203,,0.0,87,26,32,4,5,20,42,35,70,50,100,77,278,13,299,160,294,120,88,60,47,25,253,200
89961885,1,65321.0,11,193,11.0,11.0,210,10,53,27,0,120,42,35,70,50,100,77,278,13,299,160,294,120,88,60,47,25,253,200
89965705,0,53405.0,11,188,10.0,10.0,230,106,34,7,0,83,41,35,74,50,100,100,278,1,304,160,293,120,88,60,44,25,252,200
89965705,1,26816.0,8,216,12.0,0.0,191,0,47,14,0,130,41,35,74,50,100,100,278,1,304,160,293,120,88,60,44,25,252,200
89968946,0,3955.0,2,60,,0.0,9,0,0,0,9,0,42,32,70,50,100,100,293,250,336,160,290,120,91,60,50,25,251,200
89968946,1,6727.0,4,57,16.0,0.0,82,30,0,0,52,0,42,32,70,50,100,100,293,250,336,160,290,120,91,60,50,25,251,200
89972142,0,44377.0,7,203,,13.0,89,28,32,4,5,20,41,27,76,50,100,100,281,136,344,160,329,120,90,60,49,25,250,200
89972142,1,10206.0,3,38,9.0,0.0,157,75,18,0,0,64,41,27,76,50,100,100,281,136,344,160,329,120,90,60,49,25,250,200
89972804,0,56352.0,6,126,8.0,12.0,32,0,32,0,0,0,42,35,66,50,100,83,281,25,337,160,316,120,107,60,53,25,246,200
89972804,1,36557.0,7,203,,13.0,89,28,32,4,5,20,42,35,66,50,100,83,281,25,337,160,316,120,107,60,53,25,246,200
89974117,0,35097.0,10,264,11.0,11.0,236,18,43,25,0,150,41,35,76,50,100,88,278,1,306,160,280,120,96,60,44,25,250,200
89974117,1,39329.0,11,189,10.0,10.0,255,170,40,0,0,45,41,35,76,50,100,88,278,1,306,160,280,120,96,60,44,25,250,200
89978586,0,6259.0,0,0,,0.0,2,0,2,0,0,0,41,30,66,50,100,100,293,250,358,160,311,120,101,60,43,21,247,200
89978586,1,7264.0,9,203,5.0,0.0,370,161,0,0,0,209,41,30,66,50,100,100,293,250,358,160,311,120,101,60,43,21,247,200
89978591,0,36139.0,9,268,11.0,10.0,112,3,58,19,14,18,42,35,66,50,100,100,278,13,340,160,296,120,97,60,46,25,251,200
89978591,1,15094.0,7,203,,0.0,89,28,32,4,5,20,42,35,66,50,100,100,278,13,340,160,296,120,97,60,46,25,251,200
89981098,0,44064.0,7,182,13.0,12.0,135,65,21,5,5,39,42,32,65,50,100,100,281,13,336,160,304,120,96,60,46,22,250,200
89981098,1,28222.0,7,203,,0.0,89,28,32,4,5,20,42,32,65,50,100,100,281,13,336,160,304,120,96,60,46,22,250,200
89982490,0,6099.0,0,0,,0.0,3,0,3,0,0,0,41,35,73,50,100,100,293,250,361,160,318,120,94,60,51,25,248,200
89982490,1,2300.0,0,0,,0.0,30,30,0,0,0,0,41,35,73,50,100,100,293,250,361,160,318,120,94,60,51,25,248,200
89983664,0,145755.0,12,303,7.0,14.0,132,0,21,44,0,67,42,35,67,50,100,63,278,13,329,160,272,120,101,60,47,25,240,199
89983664,1,49119.0,11,185,10.0,10.0,217,13,32,8,0,164,42,35,67,50,100,63,278,13,329,160,272,120,101,60,47,25,240,199
89983707,0,3101.0,0,0,,0.0,25,0,0,0,25,0,41,35,73,50,100,100,281,221,351,160,310,120,104,60,52,25,248,200
89983707,1,49010.0,7,203,,13.0,89,28,32,4,5,20,41,35,73,50,100,100,281,221,351,160,310,120,104,60,52,25,248,200
89984308,0,79023.0,12,341,9.0,13.0,289,55,31,61,0,142,41,35,75,50,100,75,278,13,294,160,290,120,94,60,43,24,246,200
89984308,1,49204.0,12,191,10.0,10.0,264,123,23,1,0,117,41,35,75,50,100,75,278,13,294,160,290,120,94,60,43,24,246,200
89985006,0,6259.0,0,0,,0.0,2,0,2,0,0,0,42,35,69,50,100,100,293,250,347,160,330,120,105,60,50,25,250,200
89985006,1,3000.0,0,0,,0.0,0,0,0,0,0,0,42,35,69,50,100,100,293,250,347,160,330,120,105,60,50,25,250,200
89990787,0,48959.0,7,203,,13.0,89,28,32,4,5,20,41,35,67,50,100,100,281,221,354,160,329,120,96,60,48,25,252,200
89990787,1,3000.0,0,0,,0.0,0,0,0,0,0,0,41,35,67,50,100,100,281,221,354,160,329,120,96,60,48,25,252,200
89990809,0,44772.0,7,203,,13.0,89,28,32,4,5,20,42,35,68,50,100,100,281,13,354,160,322,120,96,60,49,25,247,200
89990809,1,14632.0,9,122,0.0,0.0,136,91,23,0,0,22,42,35,68,50,100,100,281,13,354,160,322,120,96,60,49,25,247,200
89993347,0,47844.0,7,203,,13.0,88,27,32,4,5,20,42,35,68,50,101,100,281,209,336,160,292,120,94,60,46,25,253,200
89993347,1,4596.0,0,0,,0.0,6,4,2,0,0,0,42,35,68,50,101,100,281,209,336,160,292,120,94,60,46,25,253,200
89994025,0,80115.0,10,298,8.0,14.0,136,0,1,10,0,125,42,35,71,50,100,100,281,221,290,160,286,120,96,60,50,24,243,200
89994025,1,48641.0,7,203,,13.0,89,28,32,4,5,20,42,35,71,50,100,100,281,221,290,160,286,120,96,60,50,24,243,200
89994702,0,2300.0,0,0,,0.0,30,30,0,0,0,0,42,35,73,50,100,100,293,250,328,160,297,120,94,60,49,25,250,200
89994702,1,933.0,2,6,12.0,0.0,55,0,0,0,55,0,42,35,73,50,100,100,293,250,328,160,297,120,94,60,49,25,250,200
90001785,0,28383.0,7,203,,0.0,88,26,33,4,5,20,41,27,68,50,100,100,281,1,344,160,299,120,99,60,49,25,253,200
90001785,1,4959.0,8,200,15.0,0.0,151,60,91,0,0,0,41,27,68,50,100,100,281,1,344,160,299,120,99,60,49,25,253,200
90003748,0,38904.0,7,203,,13.0,89,28,32,4,5,20,40,27,76,50,100,100,278,68,336,160,322,120,94,60,41,23,248,200
90003748,1,34319.0,8,188,10.0,10.0,387,88,35,9,48,207,40,27,76,50,100,100,278,68,336,160,322,120,94,60,41,23,248,200
90005008,0,21742.0,8,174,0.0,0.0,489,338,18,0,0,133,38,24,77,50,100,100,281,78,328,160,319,120,101,60,45,25,248,200
90005008,1,43840.0,7,203,,13.0,89,28,32,4,5,20,38,24,77,50,100,100,281,78,328,160,319,120,101,60,45,25,248,200
90006260,0,48686.0,4,88,,11.0,140,9,50,9,0,72,42,35,71,50,100,90,278,1,325,160,305,120,98,60,49,25,250,200
90006260,1,63226.0,14,184,10.0,10.0,137,21,27,32,0,57,42,35,71,50,100,90,278,1,325,160,305,120,98,60,49,25,250,200
90008232,0,4991.0,0,0,,0.0,2,0,2,0,0,0,42,35,74,50,100,100,278,129,324,160,277,120,100,60,49,25,252,200
90008232,1,52400.0,3,88,,11.0,82,1,37,17,7,20,42,35,74,50,100,100,278,129,324,160,277,120,100,60,49,25,252,200
90008304,0,6212.0,0,0,,0.0,2,0,2,0,0,0,42,35,73,50,100,100,287,250,324,160,327,120,103,60,46,25,250,200
90008304,1,6049.0,12,256,0.0,0.0,170,39,32,0,0,99,42,35,73,50,100,100,287,250,324,160,327,120,103,60,46,25,250,200
90010141,0,40516.0,7,203,,13.0,89,28,32,4,5,20,42,35,69,50,100,52,278,127,289,160,313,120,96,60,53,25,246,200
90010141,1,83600.0,12,256,8.0,13.0,142,6,16,0,0,120,42,35,69,50,100,52,278,127,289,160,313,120,96,60,53,25,246,200
90011497,0,22538.0,7,203,,0.0,88,26,32,4,5,21,42,35,65,50,100,89,278,10,317,160,287,120,103,60,49,25,253,200
90011497,1,53687.0,4,88,,11.0,168,7,58,4,0,99,42,35,65,50,100,89,278,10,317,160,287,120,103,60,49,25,253,200
90016034,0,20804.0,8,172,11.0,0.0,164,77,87,0,0,0,42,35,73,50,100,100,278,7,311,160,302,120,101,60,49,25,253,200
90016034,1,23403.0,7,203,,0.0,88,28,32,4,4,20,42,35,73,50,100,100,278,7,311,160,302,120,101,60,49,25,253,200
90021218,0,49622.0,12,191,10.0,10.0,209,13,23,16,0,157,42,35,75,50,100,68,277,7,334,160,294,120,101,60,47,25,246,200
90021218,1,48702.0,10,241,10.0,10.0,90,0,25,39,0,26,42,35,75,50,100,68,277,7,334,160,294,120,101,60,47,25,246,200
90021257,0,3000.0,0,0,,0.0,0,0,0,0,0,0,42,35,74,50,100,100,293,250,340,160,318,120,88,60,49,25,250,200
90021257,1,3000.0,0,0,,0.0,0,0,0,0,0,0,42,35,74,50,100,100,293,250,340,160,318,120,88,60,49,25,250,200
90025104,0,13311.0,4,112,7.0,0.0,76,62,9,3,1,1,42,32,65,50,100,100,278,133,361,160,320,120,111,60,50,25,247,200
90025104,1,40689.0,7,203,,13.0,89,28,32,4,5,20,42,32,65,50,100,100,278,133,361,160,320,120,111,60,50,25,247,200
90031349,0,6259.0,0,0,,0.0,2,0,2,0,0,0,42,35,76,50,100,100,293,250,320,160,318,120,105,60,51,25,247,200
90031349,1,3938.0,0,0,,0.0,15,0,0,0,0,15,42,35,76,50,100,100,293,250,320,160,318,120,105,60,51,25,247,200
90031991,0,17324.0,7,203,,0.0,87,25,32,4,5,21,41,29,75,50,100,100,278,1,340,160,322,120,99,60,52,25,248,200
90031991,1,28040.0,5,126,12.0,0.0,163,112,51,0,0,0,41,29,75,50,100,100,278,1,340,160,322,120,99,60,52,25,248,200
90032032,0,6259.0,0,0,,0.0,2,0,2,0,0,0,42,30,69,50,101,100,293,250,332,160,307,120,93,60,49,22,252,200
90032032,1,722.0,3,90,0.0,0.0,749,74,96,304,205,70,42,30,69,50,101,100,293,250,332,160,307,120,93,60,49,22,252,200
90032724,0,6259.0,0,0,,0.0,2,0,2,0,0,0,42,35,76,50,100,100,293,250,340,160,311,120,98,60,49,25,250,200
90032724,1,4724.0,0,0,,0.0,30,0,0,0,0,30,42,35,76,50,100,100,293,250,340,160,311,120,98,60,49,25,250,200
90035382,0,46688.0,7,203,,13.0,89,28,32,4,5,20,42,35,69,50,100,88,278,184,345,160,330,120,107,60,51,25,245,200
90035382,1,18775.0,12,293,7.0,0.0,131,0,21,44,0,66,42,35,69,50,100,88,278,184,345,160,330,120,107,60,51,25,245,200
90044875,0,93527.0,11,238,11.0,19.0,52,10,13,7,3,19,41,35,66,50,100,56,278,91,316,160,310,120,99,60,53,25,251,200
90044875,1,38909.0,7,203,,13.0,91,27,34,4,4,22,41,35,66,50,100,56,278,91,316,160,310,120,99,60,53,25,251,200
90049834,0,14062.0,6,158,0.0,0.0,216,21,43,0,0,152,42,35,65,50,100,100,278,81,368,160,316,120,107,60,48,25,250,200
90049834,1,32595.0,7,203,,13.0,90,27,34,3,4,22,42,35,65,50,100,100,278,81,368,160,316,120,107,60,48,25,250,200
90054014,0,48158.0,8,240,0.0,10.0,117,0,55,41,21,0,41,35,73,50,100,100,277,1,344,160,268,120,90,60,44,25,246,200
90054014,1,33998.0,14,193,10.0,10.0,275,109,23,1,0,142,41,35,73,50,100,100,277,1,344,160,268,120,90,60,44,25,246,200
90059416,0,44766.0,12,180,10.0,10.0,232,40,37,0,0,155,42,35,68,50,100,46,278,1,280,160,269,120,96,60,48,25,251,200
90059416,1,96787.0,12,298,7.0,11.0,77,14,20,27,0,16,42,35,68,50,100,46,278,1,280,160,269,120,96,60,48,25,251,200
90060102,0,43608.0,13,186,10.0,10.0,251,72,32,0,0,147,42,35,65,50,100,57,278,1,274,158,252,120,109,60,47,25,247,200
90060102,1,159927.0,12,306,7.0,14.0,131,0,21,44,0,66,42,35,65,50,100,57,278,1,274,158,252,120,109,60,47,25,247,200
90066892,0,24274.0,10,230,,0.0,17,0,17,0,0,0,42,35,77,50,100,100,281,247,315,160,318,120,96,60,51,25,250,200
90066892,1,5881.0,0,0,,0.0,2,0,2,0,0,0,42,35,77,50,100,100,281,247,315,160,318,120,96,60,51,25,250,200
90070227,0,88273.0,12,297,7.0,13.0,99,0,19,21,0,59,42,35,70,50,100,50,281,43,287,160,284,120,96,60,53,25,246,200
90070227,1,35937.0,7,203,,13.0,89,28,32,4,5,20,42,35,70,50,100,50,281,43,287,160,284,120,96,60,53,25,246,200
90070882,0,66370.0,11,176,10.0,11.0,156,17,41,21,0,77,42,34,66,50,100,64,278,13,298,160,303,120,101,60,52,25,246,200
90070882,1,61040.0,6,116,0.0,18.0,163,88,0,39,0,36,42,34,66,50,100,64,278,13,298,160,303,120,101,60,52,25,246,200
90072899,0,46215.0,12,186,10.0,10.0,208,13,29,13,0,153,42,35,65,50,100,47,278,1,286,160,279,120,101,60,48,25,248,200
90072899,1,156756.0,13,335,7.0,15.0,88,6,20,34,0,28,42,35,65,50,100,47,278,1,286,160,279,120,101,60,48,25,248,200
90078310,0,114242.0,13,354,9.0,11.0,342,15,18,36,0,273,42,32,67,50,100,44,278,76,335,160,303,120,103,60,50,23,240,200
90078310,1,36269.0,7,203,,13.0,89,28,32,4,5,20,42,32,67,50,100,44,278,76,335,160,303,120,103,60,50,23,240,200
90078992,0,31700.0,7,203,,13.0,90,29,32,4,5,20,41,35,70,50,100,57,278,1,290,160,248,120,103,60,53,24,249,200
90078992,1,178437.0,12,306,7.0,14.0,131,0,21,44,0,66,41,35,70,50,100,57,278,1,290,160,248,120,103,60,53,24,249,200
90079671,0,48877.0,7,203,,13.0,89,28,32,4,5,20,42,35,70,50,100,100,281,221,347,160,316,120,88,60,48,25,250,200
90079671,1,3000.0,0,0,,0.0,0,0,0,0,0,0,42,35,70,50,100,100,281,221,347,160,316,120,88,60,48,25,250,200
90079774,0,37568.0,13,212,0.0,17.0,119,0,11,18,0,90,41,35,70,50,100,86,278,1,322,160,277,120,98,60,45,23,251,200
90079774,1,43937.0,12,188,10.0,10.0,259,148,36,0,0,75,41,35,70,50,100,86,278,1,322,160,277,120,98,60,45,23,251,200
90086459,0,87765.0,9,259,11.0,16.0,95,0,37,29,0,29,42,35,63,50,100,76,278,1,349,160,280,120,105,60,47,25,246,200
90086459,1,49199.0,12,187,10.0,10.0,206,7,30,12,0,157,42,35,63,50,100,76,278,1,349,160,280,120,105,60,47,25,246,200
90088549,0,3757.0,2,60,,0.0,9,0,0,0,9,0,42,35,75,50,100,100,293,250,324,160,311,120,85,60,49,25,253,200
90088549,1,1920.0,1,30,,0.0,0,0,0,0,0,0,42,35,75,50,100,100,293,250,324,160,311,120,85,60,49,25,253,200
90089262,0,18507.0,1,18,0.0,0.0,131,84,35,12,0,0,42,27,70,50,100,100,288,250,351,160,316,120,101,60,51,25,250,200
90089262,1,6237.0,0,0,,0.0,2,0,2,0,0,0,42,27,70,50,100,100,288,250,351,160,316,120,101,60,51,25,250,200
90093320,0,103362.0,10,245,8.0,17.0,73,0,25,38,0,10,42,35,69,50,100,47,278,22,261,160,293,120,99,60,57,25,245,200
90093320,1,32304.0,7,203,,13.0,89,28,32,4,5,20,42,35,69,50,100,47,278,22,261,160,293,120,99,60,57,25,245,200
90098054,0,42638.0,7,164,6.0,15.0,174,6,115,0,0,53,42,35,64,50,100,100,283,1,347,160,311,120,114,60,47,22,250,200
90098054,1,3000.0,0,0,,0.0,0,0,0,0,0,0,42,35,64,50,100,100,283,1,347,160,311,120,114,60,47,22,250,200
90098711,0,48882.0,7,203,,13.0,89,28,32,4,5,20,42,35,71,50,100,100,281,221,340,160,297,120,105,60,50,25,246,200
90098711,1,5439.0,3,8,0.0,0.0,14,0,0,3,4,7,42,35,71,50,100,100,281,221,340,160,297,120,105,60,50,25,246,200
90100077,0,44193.0,7,203,,13.0,87,26,32,4,5,20,42,33,70,50,100,100,281,129,328,160,321,120,97,60,49,25,252,200
90100077,1,17136.0,3,56,,0.0,62,26,12,5,4,15,42,33,70,50,100,100,281,129,328,160,321,120,97,60,49,25,252,200
90102163,0,14884.0,3,46,11.0,0.0,166,41,30,0,0,95,42,35,70,50,100,100,287,250,332,160,290,120,93,60,47,25,252,200
90102163,1,3873.0,2,60,,0.0,9,0,0,0,9,0,42,35,70,50,100,100,287,250,332,160,290,120,93,60,47,25,252,200
90102781,0,32302.0,7,203,,13.0,84,24,31,3,4,22,42,35,73,50,100,58,278,1,241,93,244,120,103,60,53,25,249,200
90102781,1,157812.0,12,306,7.0,14.0,131,0,21,44,0,66,42,35,73,50,100,58,278,1,241,93,244,120,103,60,53,25,249,200
90104875,0,6259.0,0,0,,0.0,2,0,2,0,0,0,42,35,69,50,100,100,293,250,340,160,308,120,98,60,49,25,250,200
90104875,1,3000.0,0,0,,0.0,0,0,0,0,0,0,42,35,69,50,100,100,293,250,340,160,308,120,98,60,49,25,250,200
90107663,0,1800.0,1,30,,0.0,60,44,0,0,0,16,42,35,67,50,100,100,293,250,336,160,321,120,94,60,49,25,252,200
90107663,1,2300.0,0,0,,0.0,30,30,0,0,0,0,42,35,67,50,100,100,293,250,336,160,321,120,94,60,49,25,252,200
90113035,0,41056.0,9,189,12.0,11.0,78,24,16,0,2,36,42,35,65,50,100,85,278,76,331,160,296,120,98,60,51,25,248,200
90113035,1,38045.0,7,203,,13.0,89,28,32,4,5,20,42,35,65,50,100,85,278,76,331,160,296,120,98,60,51,25,248,200
90115823,0,22996.0,6,180,12.0,0.0,310,74,15,4,16,201,42,32,70,50,103,100,279,86,347,160,310,120,94,60,46,25,250,200
90115823,1,38653.0,7,203,,13.0,89,28,32,4,5,20,42,32,70,50,103,100,279,86,347,160,310,120,94,60,46,25,250,200
90117843,0,6223.0,0,0,,0.0,2,0,2,0,0,0,42,35,71,50,100,73,284,246,330,160,302,120,108,60,50,22,247,200
90117843,1,44849.0,16,334,14.0,25.0,143,10,35,13,5,80,42,35,71,50,100,73,284,246,330,160,302,120,108,60,50,22,247,200
90118552,0,86396.0,11,257,0.0,19.0,287,241,29,10,1,6,42,35,66,50,100,76,278,13,326,160,306,120,111,60,53,25,246,200
90118552,1,27602.0,7,203,,0.0,89,28,32,4,5,20,42,35,66,50,100,76,278,13,326,160,306,120,111,60,53,25,246,200
90122501,0,44887.0,11,179,10.0,10.0,228,12,35,3,0,178,42,35,66,50,100,52,277,1,315,160,264,120,114,60,49,25,245,200
90122501,1,152587.0,14,355,0.0,16.0,83,0,16,40,0,27,42,35,66,50,100,52,277,1,315,160,264,120,114,60,49,25,245,200
90122505,0,100634.0,10,270,10.0,11.0,180,0,33,34,0,113,42,35,68,50,100,97,278,13,296,160,264,120,107,60,51,25,248,200
90122505,1,23668.0,7,203,,0.0,89,28,32,4,5,20,42,35,68,50,100,97,278,13,296,160,264,120,107,60,51,25,248,200
90124583,0,46221.0,12,276,0.0,20.0,77,0,24,16,0,37,41,35,68,50,100,82,278,13,312,160,286,120,101,60,49,25,250,200
90124583,1,52144.0,13,187,10.0,10.0,246,75,32,0,0,139,41,35,68,50,100,82,278,13,312,160,286,120,101,60,49,25,250,200
90127986,0,36147.0,8,216,0.0,6.0,125,48,0,0,0,77,42,32,54,45,100,66,293,250,332,160,308,120,92,60,47,25,251,200
90127986,1,6259.0,0,0,,0.0,2,0,2,0,0,0,42,32,54,45,100,66,293,250,332,160,308,120,92,60,47,25,251,200
90128056,0,3000.0,0,0,,0.0,0,0,0,0,0,0,41,35,71,50,100,100,293,250,365,160,311,120,101,60,51,25,248,200
90128056,1,3000.0,0,0,,0.0,0,0,0,0,0,0,41,35,71,50,100,100,293,250,365,160,311,120,101,60,51,25,248,200
90130012,0,64300.0,13,177,10.0,10.0,141,8,35,28,0,70,42,35,67,50,100,60,278,13,315,160,312,120,96,60,52,25,245,200
90130012,1,74538.0,12,288,11.0,21.0,40,0,12,14,0,14,42,35,67,50,100,60,278,13,315,160,312,120,96,60,52,25,245,200
90130084,0,50266.0,13,188,10.0,10.0,196,2,25,15,0,154,42,29,68,50,100,61,278,1,334,160,291,120,103,60,49,25,247,200
90130084,1,68253.0,8,194,10.0,18.0,74,23,27,24,0,0,42,29,68,50,100,61,278,1,334,160,291,120,103,60,49,25,247,200
90130119,0,3000.0,0,0,,0.0,0,0,0,0,0,0,41,35,73,50,100,100,293,250,347,160,324,120,94,60,50,25,252,200
90130119,1,3000.0,0,0,,0.0,0,0,0,0,0,0,41,35,73,50,100,100,293,250,347,160,324,120,94,60,50,25,252,200
90134113,0,11288.0,11,201,14.0,0.0,231,132,53,0,0,46,42,35,66,50,100,100,281,1,351,160,319,120,94,60,48,25,248,200
90134113,1,28238.0,7,203,,0.0,90,29,34,4,4,19,42,35,66,50,100,100,281,1,351,160,319,120,94,60,48,25,248,200
90136269,0,41717.0,7,203,,13.0,89,28,32,4,5,20,42,35,71,50,100,100,278,136,328,160,289,120,85,60,45,25,250,200
90136269,1,29432.0,11,267,11.0,0.0,138,30,14,33,18,43,42,35,71,50,100,100,278,136,328,160,289,120,85,60,45,25,250,200
90138967,0,2554.0,0,0,,0.0,24,0,0,0,14,10,42,35,75,50,100,100,293,250,351,160,324,120,100,60,53,25,246,200
90138967,1,6259.0,0,0,,0.0,2,0,2,0,0,0,42,35,75,50,100,100,293,250,351,160,324,120,100,60,53,25,246,200
90142379,0,48463.0,7,203,,13.0,93,29,34,4,5,21,42,35,70,50,100,100,281,223,328,160,319,120,96,60,49,25,247,200
90142379,1,3000.0,0,0,,0.0,0,0,0,0,0,0,42,35,70,50,100,100,281,223,328,160,319,120,96,60,49,25,247,200
90143782,0,48359.0,7,203,,13.0,89,28,32,4,5,20,42,35,70,50,100,97,279,215,354,160,322,120,90,60,49,25,246,200
90143782,1,3963.0,4,60,,0.0,5,0,5,0,0,0,42,35,70,50,100,97,279,215,354,160,322,120,90,60,49,25,246,200
90144452,0,70358.0,12,176,10.0,11.0,136,7,41,27,0,61,42,35,69,50,100,100,278,31,365,160,309,120,103,60,48,25,246,200
90144452,1,648.0,2,58,0.0,0.0,82,41,0,1,0,40,42,35,69,50,100,100,278,31,365,160,309,120,103,60,48,25,246,200
90144576,0,7806.0,0,0,,0.0,10,0,0,10,0,0,42,35,64,50,100,100,293,250,351,160,316,120,107,60,49,25,251,200
90144576,1,6259.0,0,0,,0.0,2,0,2,0,0,0,42,35,64,50,100,100,293,250,351,160,316,120,107,60,49,25,251,200
90148623,0,6255.0,0,0,,0.0,2,0,2,0,0,0,42,35,69,50,100,100,292,250,347,160,324,120,108,60,52,25,250,200
90148623,1,6720.0,3,70,,0.0,554,50,6,349,61,88,42,35,69,50,100,100,292,250,347,160,324,120,108,60,52,25,250,200
90149264,0,168807.0,12,306,7.0,14.0,131,0,21,44,0,66,42,35,70,50,100,57,278,1,261,143,253,120,99,60,52,25,248,200
90149264,1,31847.0,7,203,,13.0,89,28,32,4,5,20,42,35,70,50,100,57,278,1,261,143,253,120,99,60,52,25,248,200
90149328,0,67319.0,14,184,10.0,11.0,136,10,29,33,0,64,41,35,71,50,100,76,278,1,320,160,311,120,94,60,52,25,250,200
90149328,1,53849.0,9,203,0.0,19.0,299,0,159,0,0,140,41,35,71,50,100,76,278,1,320,160,311,120,94,60,52,25,250,200
90150648,0,159648.0,15,284,7.0,14.0,135,0,26,41,0,68,41,35,69,50,100,56,278,1,280,160,248,120,88,60,46,25,249,200
90150648,1,44675.0,11,187,10.0,10.0,256,70,32,0,0,154,41,35,69,50,100,56,278,1,280,160,248,120,88,60,46,25,249,200
90150789,0,6099.0,0,0,,0.0,3,0,3,0,0,0,42,35,74,50,100,100,293,250,340,160,321,120,100,60,50,25,247,200
90150789,1,3941.0,2,60,,0.0,9,0,0,0,9,0,42,35,74,50,100,100,293,250,340,160,321,120,100,60,50,25,247,200
90154080,0,31293.0,7,203,,13.0,89,27,33,4,4,21,42,32,66,50,100,99,278,13,358,160,332,120,89,53,48,23,246,200
90154080,1,22388.0,9,171,12.0,0.0,114,11,44,0,19,40,42,32,66,50,100,99,278,13,358,160,332,120,89,53,48,23,246,200
90154729,0,67534.0,12,235,10.0,18.0,130,0,46,32,0,52,42,35,75,50,100,84,278,1,297,160,272,120,105,60,53,25,242,200
90154729,1,52488.0,13,180,10.0,10.0,161,13,33,23,0,92,42,35,75,50,100,84,278,1,297,160,272,120,105,60,53,25,242,200
90156929,0,65506.0,10,249,11.0,14.0,93,0,40,13,0,40,42,35,65,50,100,74,278,34,284,160,287,120,109,60,48,25,253,200
90156929,1,57403.0,11,185,10.0,10.0,198,14,28,13,0,143,42,35,65,50,100,74,278,34,284,160,287,120,109,60,48,25,253,200
90157499,0,47854.0,7,203,,13.0,87,26,32,4,5,20,42,35,71,50,100,82,281,179,331,160,300,120,99,60,53,25,245,200
90157499,1,52080.0,10,232,9.0,22.0,817,0,63,704,0,50,42,35,71,50,100,82,281,179,331,160,300,120,99,60,53,25,245,200
90158277,0,55856.0,11,180,10.0,10.0,198,16,35,16,0,131,42,35,73,50,100,55,278,1,292,160,305,120,101,60,52,25,239,200
90158277,1,87449.0,12,290,11.0,19.0,39,0,12,14,0,13,42,35,73,50,100,55,278,1,292,160,305,120,101,60,52,25,239,200
90161757,0,2042.0,3,5,0.0,0.0,8,0,0,0,5,3,41,35,73,50,101,100,293,250,361,160,314,120,97,60,51,25,248,200
90161757,1,3994.0,2,60,,0.0,9,0,0,0,9,0,41,35,73,50,101,100,293,250,361,160,314,120,97,60,51,25,248,200
90164454,0,35987.0,7,203,,13.0,89,28,32,4,5,20,42,35,51,42,100,46,278,84,331,160,327,120,88,60,54,25,248,200
90164454,1,31583.0,9,232,5.0,11.0,79,25,15,3,8,28,42,35,51,42,100,46,278,84,331,160,327,120,88,60,54,25,248,200
90165803,0,36642.0,7,203,,13.0,89,28,32,4,5,20,42,35,65,50,100,91,279,13,361,160,322,120,99,60,47,24,251,200
90165803,1,8012.0,6,174,13.0,0.0,58,0,23,0,0,35,42,35,65,50,100,91,279,13,361,160,322,120,99,60,47,24,251,200
90167880,0,62945.0,12,303,7.0,13.0,194,0,25,64,0,105,42,35,68,50,100,52,281,186,311,160,287,120,96,60,59,25,250,200
90167880,1,47537.0,7,203,,13.0,89,28,32,4,5,20,42,35,68,50,100,52,281,186,311,160,287,120,96,60,59,25,250,200
90168592,0,5695.0,0,0,,0.0,2,0,2,0,0,0,42,35,76,50,100,100,278,227,340,160,325,120,92,60,51,25,247,200
90168592,1,28991.0,4,64,,0.0,65,0,30,34,0,1,42,35,76,50,100,100,278,227,340,160,325,120,92,60,51,25,247,200
90170094,0,8563.0,5,132,16.0,0.0,87,59,0,0,14,14,41,31,73,50,100,100,293,250,354,160,314,120,93,60,52,25,246,200
90170094,1,3922.0,2,60,,0.0,9,0,0,0,9,0,41,31,73,50,100,100,293,250,354,160,314,120,93,60,52,25,246,200
90171435,0,42497.0,13,187,10.0,10.0,249,69,32,0,0,148,42,35,66,50,100,68,278,1,303,160,242,120,98,60,46,25,250,200
90171435,1,127242.0,12,305,7.0,15.0,131,0,21,44,0,66,42,35,66,50,100,68,278,1,303,160,242,120,98,60,46,25,250,200
90172190,0,3000.0,0,0,,0.0,0,0,0,0,0,0,42,35,70,50,100,100,293,250,336,160,318,120,109,60,51,25,250,200
90172190,1,5.0,1,5,0.0,0.0,0,0,0,0,0,0,42,35,70,50,100,100,293,250,336,160,318,120,109,60,51,25,250,200
90177095,0,39712.0,7,203,,13.0,90,29,35,2,4,20,42,35,71,50,100,61,281,115,339,160,299,120,105,60,53,25,240,200
90177095,1,73983.0,13,279,0.0,19.0,59,0,13,19,0,27,42,35,71,50,100,61,281,115,339,160,299,120,105,60,53,25,240,200
90178505,0,15054.0,7,203,,0.0,89,28,32,4,5,20,42,35,52,44,100,63,278,1,328,160,303,120,99,60,44,25,253,200
90178505,1,54705.0,7,197,8.0,10.0,259,8,44,0,0,207,42,35,52,44,100,63,278,1,328,160,303,120,99,60,44,25,253,200
90184086,0,3784.0,2,60,,0.0,9,0,0,0,9,0,42,35,73,50,100,100,293,250,351,160,333,120,87,60,50,25,250,200
90184086,1,2190.0,5,150,,0.0,1,0,1,0,0,0,42,35,73,50,100,100,293,250,351,160,333,120,87,60,50,25,250,200
90184759,0,3000.0,0,0,,0.0,0,0,0,0,0,0,42,35,73,50,100,100,293,250,315,160,297,120,92,60,49,25,253,200
90184759,1,3000.0,0,0,,0.0,0,0,0,0,0,0,42,35,73,50,100,100,293,250,315,160,297,120,92,60,49,25,253,200
90185426,0,3873.0,2,60,,0.0,9,0,0,0,9,0,42,35,71,50,100,100,293,250,340,160,286,120,93,60,50,25,252,200
90185426,1,3000.0,0,0,,0.0,0,0,0,0,0,0,42,35,71,50,100,100,293,250,340,160,286,120,93,60,50,25,252,200
90187509,0,48993.0,7,203,,13.0,89,28,32,4,5,20,42,35,73,50,100,100,281,221,354,160,322,120,86,60,49,25,248,200
90187509,1,3364.0,0,0,,0.0,15,0,0,0,0,15,42,35,73,50,100,100,281,221,354,160,322,120,86,60,49,25,248,200
90189683,0,56441.0,14,184,10.0,10.0,164,18,29,23,0,94,41,35,69,50,100,92,278,7,331,160,280,120,96,60,49,25,249,200
90189683,1,57395.0,12,267,11.0,11.0,113,0,33,47,0,33,41,35,69,50,100,92,278,7,331,160,280,120,96,60,49,25,249,200
90193145,0,93265.0,10,279,6.0,15.0,84,0,18,38,0,28,41,29,69,50,100,82,278,31,316,160,285,120,104,60,45,24,249,200
90193145,1,52916.0,12,187,10.0,10.0,231,39,30,6,1,155,41,29,69,50,100,82,278,31,316,160,285,120,104,60,45,24,249,200
90194594,0,181359.0,15,284,7.0,13.0,135,0,26,41,0,68,42,35,68,50,100,56,278,1,280,160,273,120,94,60,53,25,244,199
90194594,1,28044.0,7,203,,0.0,88,27,32,4,5,20,42,35,68,50,100,56,278,1,280,160,273,120,94,60,53,25,244,199
90196148,0,3000.0,0,0,,0.0,0,0,0,0,0,0,42,35,68,50,100,100,293,250,332,160,290,120,96,60,48,25,252,200
90196148,1,3000.0,0,0,,0.0,0,0,0,0,0,0,42,35,68,50,100,100,293,250,332,160,290,120,96,60,48,25,252,200
90198960,0,39992.0,6,180,17.0,11.0,49,0,22,0,0,27,42,35,67,50,100,89,278,245,339,160,290,120,98,60,50,25,252,200
90198960,1,5947.0,0,0,,0.0,2,0,2,0,0,0,42,35,67,50,100,89,278,245,339,160,290,120,98,60,50,25,252,200
90205991,0,37739.0,7,203,,13.0,87,26,32,4,5,20,42,30,60,47,100,81,279,120,364,160,319,120,105,60,51,25,245,200
90205991,1,38384.0,6,176,,7.0,21,7,10,0,0,4,42,30,60,47,100,81,279,120,364,160,319,120,105,60,51,25,245,200
90207408,0,49333.0,7,203,,13.0,89,28,32,4,5,20,42,35,66,50,100,100,281,221,347,160,322,120,109,60,51,25,248,200
90207408,1,9.0,6,31,0.0,0.0,400,0,0,3,386,11,42,35,66,50,100,100,281,221,347,160,322,120,109,60,51,25,248,200
90211943,0,25150.0,8,218,1.0,0.0,163,47,30,0,0,86,42,35,65,50,100,100,278,13,340,160,322,120,99,60,43,22,250,200
90211943,1,25174.0,7,203,,0.0,89,28,32,4,5,20,42,35,65,50,100,100,278,13,340,160,322,120,99,60,43,22,250,200
90214061,0,5770.0,0,0,,0.0,2,0,2,0,0,0,42,35,65,49,100,82,278,240,320,160,324,120,101,60,52,25,247,200
90214061,1,41724.0,10,243,11.0,11.0,58,0,22,0,0,36,42,35,65,49,100,82,278,240,320,160,324,120,101,60,52,25,247,200
90231198,0,71482.0,11,278,9.0,15.0,103,0,52,16,0,35,42,35,69,50,100,47,278,111,303,160,307,120,86,60,50,25,251,200
90231198,1,40893.0,7,203,,13.0,89,28,32,4,5,20,42,35,69,50,100,47,278,111,303,160,307,120,86,60,50,25,251,200
90231896,0,31365.0,15,321,0.0,21.0,274,80,21,30,9,134,41,30,70,50,100,100,281,13,354,160,292,120,91,60,42,23,247,200
90231896,1,38330.0,7,203,,13.0,90,29,35,2,4,20,41,30,70,50,100,100,281,13,354,160,292,120,91,60,42,23,247,200
90232696,0,31471.0,5,119,,10.0,74,3,48,0,2,21,42,35,67,50,100,97,278,7,332,160,316,120,102,60,50,25,253,200
90232696,1,13410.0,7,203,,0.0,89,28,32,4,5,20,42,35,67,50,100,97,278,7,332,160,316,120,102,60,50,25,253,200
90234024,0,16374.0,7,203,,0.0,89,28,32,4,5,20,42,35,54,43,100,53,277,1,340,160,326,120,99,60,54,25,251,200
90234024,1,26301.0,10,282,12.0,0.0,46,0,31,0,0,15,42,35,54,43,100,53,277,1,340,160,326,120,99,60,54,25,251,200
90234812,0,86971.0,9,224,7.0,14.0,138,0,21,11,0,106,41,35,67,50,100,70,278,7,324,160,288,120,101,60,45,25,251,200
90234812,1,49614.0,12,183,10.0,10.0,209,78,35,14,0,82,41,35,67,50,100,70,278,7,324,160,288,120,101,60,45,25,251,200
90236287,0,73716.0,12,304,9.0,13.0,269,52,35,148,9,25,42,35,67,50,100,44,281,189,245,158,292,120,110,60,55,25,247,200
90236287,1,48384.0,7,203,,13.0,89,27,33,4,6,19,42,35,67,50,100,44,281,189,245,158,292,120,110,60,55,25,247,200
90241872,0,47526.0,7,203,,13.0,87,25,32,4,5,21,42,35,71,50,100,100,281,221,332,160,303,120,105,60,50,25,253,200
90241872,1,0.0,0,0,0.0,,0,0,0,0,0,0,42,35,71,50,100,100,281,221,332,160,303,120,105,60,50,25,253,200
90243231,0,37322.0,7,203,,13.0,89,28,32,4,5,20,42,33,69,50,100,95,278,65,292,160,298,120,92,60,52,25,250,200
90243231,1,73963.0,11,249,9.0,12.0,274,52,130,35,0,57,42,33,69,50,100,95,278,65,292,160,298,120,92,60,52,25,250,200
90244785,0,3000.0,0,0,,0.0,0,0,0,0,0,0,42,35,68,50,100,100,293,250,361,160,327,120,111,60,51,25,246,200
90244785,1,2300.0,0,0,,0.0,30,30,0,0,0,0,42,35,68,50,100,100,293,250,361,160,327,120,111,60,51,25,246,200
90245359,0,26620.0,7,203,,0.0,89,28,32,4,5,20,40,27,71,50,100,100,278,13,354,160,319,120,94,60,44,22,250,200
90245359,1,25910.0,9,251,0.0,0.0,216,100,26,0,0,90,40,27,71,50,100,100,278,13,354,160,319,120,94,60,44,22,250,200
90245496,0,31414.0,12,90,,13.0,53,0,27,26,0,0,42,35,71,50,100,100,281,7,336,160,295,120,86,60,48,25,250,200
90245496,1,27578.0,7,203,,0.0,88,25,33,4,5,21,42,35,71,50,100,100,281,7,336,160,295,120,86,60,48,25,250,200
90251775,0,55138.0,5,145,11.0,11.0,51,0,51,0,0,0,42,35,70,50,100,85,278,13,325,160,321,120,92,60,50,25,252,200
90251775,1,4179.0,0,0,,0.0,2,0,2,0,0,0,42,35,70,50,100,85,278,13,325,160,321,120,92,60,50,25,252,200
90253876,0,49113.0,7,203,,13.0,89,28,32,4,5,20,42,35,68,50,101,100,281,221,354,160,319,120,107,60,49,25,246,200
90253876,1,83.0,2,4,0.0,0.0,23,6,0,0,17,0,42,35,68,50,101,100,281,221,354,160,319,120,107,60,49,25,246,200
90266813,0,79220.0,8,240,,17.0,106,35,21,8,5,37,42,35,68,50,100,54,278,1,321,160,294,120,87,60,50,25,250,200
90266813,1,55849.0,12,180,10.0,10.0,161,6,38,24,0,93,42,35,68,50,100,54,278,1,321,160,294,120,87,60,50,25,250,200
90267546,0,2966.0,0,0,,0.0,15,0,0,0,0,15,42,35,68,50,100,100,293,250,332,160,324,120,93,60,48,25,250,200
90267546,1,3873.0,2,60,,0.0,9,0,0,0,9,0,42,35,68,50,100,100,293,250,332,160,324,120,93,60,48,25,250,200
90274652,0,16658.0,3,69,13.0,0.0,76,0,43,32,0,1,42,35,68,50,100,100,281,7,358,160,326,120,90,60,48,25,250,200
90274652,1,29173.0,7,203,,0.0,89,28,32,4,5,20,42,35,68,50,100,100,281,7,358,160,326,120,90,60,48,25,250,200
90279706,0,32777.0,7,203,,13.0,89,28,32,4,5,20,42,35,71,50,100,100,281,13,336,160,316,120,105,60,51,25,250,200
90279706,1,14373.0,1,30,,0.0,45,0,45,0,0,0,42,35,71,50,100,100,281,13,336,160,316,120,105,60,51,25,250,200
90286830,0,3000.0,0,0,,0.0,0,0,0,0,0,0,42,35,73,50,100,100,293,250,332,160,294,120,109,60,51,25,251,200
90286830,1,6259.0,0,0,,0.0,2,0,2,0,0,0,42,35,73,50,100,100,293,250,332,160,294,120,109,60,51,25,251,200
90288982,0,53452.0,8,240,12.0,11.0,85,0,0,0,0,85,42,35,69,50,100,100,281,221,321,160,319,120,109,60,52,23,245,200
90288982,1,49154.0,7,203,,13.0,89,28,32,4,5,20,42,35,69,50,100,100,281,221,321,160,319,120,109,60,52,23,245,200
90289622,0,40390.0,8,190,11.0,11.0,197,12,44,13,0,128,41,35,67,50,100,100,278,1,365,160,296,120,99,60,39,25,251,200
90289622,1,15952.0,7,203,,0.0,89,28,32,4,5,20,41,35,67,50,100,100,278,1,365,160,296,120,99,60,39,25,251,200
90293395,0,32382.0,3,71,,11.0,25,0,7,2,0,16,42,35,75,50,100,89,281,209,313,160,294,120,94,60,52,25,247,200
90293395,1,48229.0,7,203,,13.0,89,28,32,4,5,20,42,35,75,50,100,89,281,209,313,160,294,120,94,60,52,25,247,200
90293963,0,30243.0,7,203,,13.0,89,28,32,4,5,20,42,35,65,50,100,62,278,13,330,160,311,120,103,60,53,25,244,200
90293963,1,94671.0,9,209,0.0,11.0,94,1,47,40,6,0,42,35,65,50,100,62,278,13,330,160,311,120,103,60,53,25,244,200
90294826,0,3000.0,0,0,,0.0,0,0,0,0,0,0,42,35,70,50,100,100,293,250,351,160,304,120,105,60,51,25,246,200
90294826,1,3000.0,0,0,,0.0,0,0,0,0,0,0,42,35,70,50,100,100,293,250,351,160,304,120,105,60,51,25,246,200
90294890,0,3846.0,2,60,,0.0,9,0,0,0,9,0,42,35,69,50,102,100,284,248,354,160,324,120,93,60,50,25,248,200
90294890,1,16804.0,3,67,11.0,0.0,42,0,42,0,0,0,42,35,69,50,102,100,284,248,354,160,324,120,93,60,50,25,248,200
90296405,0,25067.0,7,203,,0.0,89,28,32,4,5,20,42,35,66,50,100,100,279,13,328,160,303,120,107,60,48,25,252,200
90296405,1,22496.0,10,246,,0.0,100,0,50,0,0,50,42,35,66,50,100,100,279,13,328,160,303,120,107,60,48,25,252,200
90298422,0,76987.0,9,234,9.0,13.0,108,0,0,17,0,91,42,35,70,50,100,74,281,221,294,156,277,120,103,60,49,24,247,200
90298422,1,48855.0,7,203,,13.0,89,28,32,4,5,20,42,35,70,50,100,74,281,221,294,156,277,120,103,60,49,24,247,200
90302861,0,56634.0,12,178,10.0,10.0,225,53,41,0,0,131,42,35,71,50,100,73,278,13,298,160,275,120,111,60,47,25,247,200
90302861,1,83062.0,9,234,9.0,13.0,100,0,0,17,0,83,42,35,71,50,100,73,278,13,298,160,275,120,111,60,47,25,247,200
90304988,0,49334.0,7,203,,13.0,89,28,32,4,5,20,42,35,67,50,100,48,281,221,306,160,305,120,107,60,53,25,245,200
90304988,1,85397.0,10,237,0.0,18.0,136,0,0,38,0,98,42,35,67,50,100,48,281,221,306,160,305,120,107,60,53,25,245,200
90305046,0,35678.0,10,218,0.0,10.0,286,13,59,0,0,214,41,35,74,50,100,100,278,1,332,160,316,120,94,60,35,22,253,200
90305046,1,10802.0,7,203,,0.0,89,28,32,4,5,20,41,35,74,50,100,100,278,1,332,160,316,120,94,60,35,22,253,200
90309502,0,15762.0,7,203,,0.0,89,28,32,4,5,20,42,35,74,50,100,100,278,13,324,160,292,120,94,60,48,25,252,200
90309502,1,21814.0,7,210,11.0,0.0,145,56,71,17,1,0,42,35,74,50,100,100,278,13,324,160,292,120,94,60,48,25,252,200
90317472,0,25348.0,8,240,9.0,0.0,147,27,27,0,0,93,42,31,70,50,100,90,281,13,315,160,319,120,94,60,47,25,252,200
90317472,1,28478.0,7,203,,0.0,89,28,32,4,5,20,42,31,70,50,100,90,281,13,315,160,319,120,94,60,47,25,252,200
90318911,0,63346.0,13,182,10.0,10.0,177,97,37,20,0,23,42,35,60,47,100,82,278,60,319,160,286,120,109,60,45,25,251,200
90318911,1,27975.0,8,193,6.0,0.0,180,36,6,0,0,138,42,35,60,47,100,82,278,60,319,160,286,120,109,60,45,25,251,200
90319590,0,15670.0,7,203,,0.0,89,28,32,4,5,20,42,35,68,50,100,94,278,1,313,160,313,120,96,60,47,25,251,200
90319590,1,19303.0,8,180,0.0,0.0,195,72,65,0,0,58,42,35,68,50,100,94,278,1,313,160,313,120,96,60,47,25,251,200
90321779,0,6223.0,0,0,,0.0,2,0,2,0,0,0,41,35,68,50,100,74,284,242,350,160,308,120,101,60,50,22,249,200
90321779,1,47184.0,16,336,14.0,25.0,150,12,34,12,3,89,41,35,68,50,100,74,284,242,350,160,308,120,101,60,50,22,249,200
90324109,0,4044.0,2,60,,0.0,9,0,0,0,9,0,42,35,70,50,100,100,292,250,347,160,314,120,104,60,50,25,248,200
90324109,1,19692.0,4,120,,0.0,30,7,10,0,0,13,42,35,70,50,100,100,292,250,347,160,314,120,104,60,50,25,248,200
90324686,0,43282.0,15,349,12.0,17.0,214,101,12,20,3,78,42,35,76,50,100,49,281,164,271,145,315,120,95,60,54,25,247,200
90324686,1,47012.0,7,203,,13.0,89,28,32,4,5,20,42,35,76,50,100,49,281,164,271,145,315,120,95,60,54,25,247,200
90325423,0,65327.0,12,297,9.0,13.0,64,0,35,0,0,29,41,35,73,50,100,50,281,13,335,160,329,120,92,60,53,25,247,200
90325423,1,40012.0,7,203,,13.0,89,28,32,4,5,20,41,35,73,50,100,50,281,13,335,160,329,120,92,60,53,25,247,200
90329185,0,42780.0,2,58,,10.0,6,0,0,0,0,6,42,35,71,50,100,78,293,250,318,160,304,120,106,60,54,25,244,200
90329185,1,4055.0,2,60,,0.0,9,0,0,0,9,0,42,35,71,50,100,78,293,250,318,160,304,120,106,60,54,25,244,200
90334258,0,20809.0,1,27,0.0,0.0,76,0,26,0,0,50,41,35,69,50,100,100,278,13,358,160,323,120,94,60,48,25,250,200
90334258,1,22594.0,7,203,,0.0,93,29,34,4,5,21,41,35,69,50,100,100,278,13,358,160,323,120,94,60,48,25,250,200
90343005,0,340.0,9,123,8.0,0.0,9,3,0,0,1,5,42,34,75,50,100,100,281,221,330,160,319,120,90,60,51,25,250,200
90343005,1,49003.0,7,203,,13.0,89,28,32,4,5,20,42,34,75,50,100,100,281,221,330,160,319,120,90,60,51,25,250,200
90343717,0,91639.0,14,324,8.0,19.0,93,0,17,46,0,30,42,35,69,50,100,86,278,118,310,160,269,120,101,60,46,25,248,200
90343717,1,51967.0,12,192,10.0,10.0,256,57,28,2,0,169,42,35,69,50,100,86,278,118,310,160,269,120,101,60,46,25,248,200
90345915,0,98458.0,12,285,0.0,17.0,168,51,11,23,5,78,42,30,66,50,100,59,281,146,319,160,274,120,95,60,48,24,249,200
90345915,1,45737.0,7,203,,13.0,87,26,35,3,4,19,42,30,66,50,100,59,281,146,319,160,274,120,95,60,48,24,249,200
90346642,0,42409.0,11,180,10.0,10.0,234,31,36,0,0,167,42,35,71,50,100,65,278,1,276,160,252,120,109,60,47,25,245,200
90346642,1,174304.0,14,277,7.0,14.0,158,0,24,42,0,92,42,35,71,50,100,65,278,1,276,160,252,120,109,60,47,25,245,200
90346732,0,5962.0,0,0,,0.0,2,0,2,0,0,0,41,30,70,50,107,100,282,244,358,160,305,120,96,60,51,25,250,200
90346732,1,24603.0,9,247,11.0,0.0,341,228,47,43,23,0,41,30,70,50,107,100,282,244,358,160,305,120,96,60,51,25,250,200
90348920,0,58157.0,10,280,11.0,11.0,91,0,18,9,0,64,42,35,68,50,100,94,278,13,332,160,299,120,112,60,50,25,250,200
90348920,1,28891.0,7,203,,0.0,92,29,35,3,4,21,42,35,68,50,100,94,278,13,332,160,299,120,112,60,50,25,250,200
90357808,0,2300.0,0,0,,0.0,30,30,0,0,0,0,42,35,68,50,100,100,293,250,347,160,304,120,90,60,47,25,251,200
90357808,1,6019.0,0,0,,0.0,4,0,4,0,0,0,42,35,68,50,100,100,293,250,347,160,304,120,90,60,47,25,251,200
90360061,0,60251.0,12,176,10.0,10.0,190,41,41,13,0,95,42,35,70,50,100,44,278,1,262,160,293,120,90,60,51,25,252,200
90360061,1,66665.0,10,265,,15.0,0,0,0,0,0,0,42,35,70,50,100,44,278,1,262,160,293,120,90,60,51,25,252,200
90364490,0,37668.0,7,203,,13.0,89,28,32,4,5,20,42,35,69,50,100,70,278,31,297,160,316,120,101,60,53,25,245,200
90364490,1,70625.0,12,262,2.0,11.0,52,5,17,13,0,17,42,35,69,50,100,70,278,31,297,160,316,120,101,60,53,25,245,200
90364530,0,28580.0,7,210,12.0,0.0,341,83,16,5,15,222,41,32,70,50,101,100,279,84,344,160,293,120,88,60,46,23,252,200
90364530,1,39070.0,7,203,,13.0,84,27,32,3,4,18,41,32,70,50,101,100,279,84,344,160,293,120,88,60,46,23,252,200
90368197,0,3757.0,2,60,,0.0,9,0,0,0,9,0,42,35,74,50,100,100,293,250,344,160,318,120,85,60,50,25,250,200
90368197,1,6579.0,0,0,,0.0,4,0,2,0,0,2,42,35,74,50,100,100,293,250,344,160,318,120,85,60,50,25,250,200
90368875,0,70986.0,14,174,10.0,11.0,124,8,41,30,0,45,42,35,68,50,100,100,278,54,347,160,300,120,109,60,48,25,250,200
90368875,1,2670.0,0,0,,0.0,30,0,0,0,0,30,42,35,68,50,100,100,278,54,347,160,300,120,109,60,48,25,250,200
90369775,0,64398.0,12,181,10.0,10.0,167,10,39,22,0,96,42,35,70,50,100,100,278,13,340,160,307,120,114,60,48,25,246,200
90369775,1,470.0,8,38,,0.0,86,0,28,58,0,0,42,35,70,50,100,100,278,13,340,160,307,120,114,60,48,25,246,200
90371160,0,61926.0,13,181,10.0,10.0,142,14,35,29,0,64,42,35,73,50,100,100,278,13,324,160,303,120,100,60,48,25,248,200
90371160,1,21282.0,4,116,,0.0,190,75,15,10,15,75,42,35,73,50,100,100,278,13,324,160,303,120,100,60,48,25,248,200
90371222,0,71345.0,12,318,10.0,17.0,106,0,31,14,0,61,42,35,70,50,100,53,278,1,290,160,296,120,96,60,50,25,249,200
90371222,1,52623.0,11,189,10.0,10.0,186,24,29,18,0,115,42,35,70,50,100,53,278,1,290,160,296,120,96,60,50,25,249,200
90371292,0,45943.0,11,183,10.0,10.0,220,61,33,6,0,120,41,35,68,50,100,92,277,1,351,160,299,120,105,60,46,25,246,200
90371292,1,45813.0,12,288,0.0,20.0,180,20,18,52,0,90,41,35,68,50,100,92,277,1,351,160,299,120,105,60,46,25,246,200
90380777,0,121860.0,12,321,7.0,13.0,102,12,18,38,0,34,41,33,73,50,100,47,278,1,304,160,281,120,105,60,46,25,243,200
90380777,1,42993.0,11,180,10.0,10.0,228,34,33,0,0,161,41,33,73,50,100,47,278,1,304,160,281,120,105,60,46,25,243,200
90382268,0,179466.0,14,277,7.0,15.0,158,0,24,42,0,92,42,35,73,50,100,66,278,1,299,160,269,120,109,60,47,25,233,177
90382268,1,42247.0,11,181,10.0,10.0,235,24,36,0,0,175,42,35,73,50,100,66,278,1,299,160,269,120,109,60,47,25,233,177
90385286,0,64985.0,11,175,10.0,10.0,176,2,40,14,0,120,42,35,64,50,100,35,278,13,304,160,302,120,101,60,51,25,247,200
90385286,1,86231.0,14,317,6.0,12.0,0,0,0,0,0,0,42,35,64,50,100,35,278,13,304,160,302,120,101,60,51,25,247,200
90385948,0,42126.0,10,182,10.0,10.0,242,50,36,0,0,156,42,35,70,50,100,66,278,1,289,160,237,120,101,60,46,25,238,177
90385948,1,166939.0,14,277,7.0,14.0,158,0,24,42,0,92,42,35,70,50,100,66,278,1,289,160,237,120,101,60,46,25,238,177
90385981,0,42242.0,12,186,10.0,10.0,242,23,36,0,0,183,41,35,75,50,100,66,278,1,278,160,235,120,109,60,47,25,243,200
90385981,1,166743.0,14,277,7.0,14.0,158,0,24,42,0,92,41,35,75,50,100,66,278,1,278,160,235,120,109,60,47,25,243,200
90386704,0,108197.0,11,229,9.0,11.0,157,28,31,12,6,80,42,35,75,50,100,65,278,13,292,160,307,120,94,60,51,25,244,200
90386704,1,26679.0,7,203,,0.0,89,28,32,4,5,20,42,35,75,50,100,65,278,13,292,160,307,120,94,60,51,25,244,200
90389693,0,601.0,12,12,0.0,0.0,409,0,0,0,0,409,42,35,69,50,100,100,278,96,351,160,317,120,103,60,49,25,250,200
90389693,1,75844.0,14,177,10.0,11.0,118,5,40,35,0,38,42,35,69,50,100,100,278,96,351,160,317,120,103,60,49,25,250,200
90390592,0,2300.0,0,0,,0.0,30,30,0,0,0,0,42,35,73,50,100,100,293,250,344,160,301,120,105,60,52,25,251,200
90390592,1,3000.0,0,0,,0.0,0,0,0,0,0,0,42,35,73,50,100,100,293,250,344,160,301,120,105,60,52,25,251,200
90391209,0,3926.0,2,60,,0.0,9,0,0,0,9,0,42,35,71,50,100,100,293,250,324,160,311,120,96,60,50,25,250,200
90391209,1,601.0,12,12,0.0,0.0,409,0,0,0,0,409,42,35,71,50,100,100,293,250,324,160,311,120,96,60,50,25,250,200
90392088,0,20661.0,7,203,,0.0,89,28,32,4,5,20,42,35,73,50,107,100,278,13,336,160,305,120,90,60,47,25,250,200
90392088,1,32589.0,2,56,,11.0,57,0,29,28,0,0,42,35,73,50,107,100,278,13,336,160,305,120,90,60,47,25,250,200
90396530,0,3170.0,1,29,,0.0,689,0,0,0,0,689,41,35,73,50,100,100,278,7,354,160,306,120,107,60,46,25,247,200
90396530,1,63604.0,11,177,10.0,10.0,182,13,41,12,0,116,41,35,73,50,100,100,278,7,354,160,306,120,107,60,46,25,247,200
90397272,0,62648.0,13,288,8.0,13.0,83,0,83,0,0,0,42,35,69,50,100,57,281,7,336,160,325,120,107,60,55,25,238,189
90397272,1,27951.0,7,203,,0.0,90,29,34,4,4,19,42,35,69,50,100,57,281,7,336,160,325,120,107,60,55,25,238,189
90400239,0,106518.0,12,308,10.0,18.0,227,0,21,26,0,180,41,35,70,50,100,81,278,1,300,160,276,120,94,60,48,25,250,200
90400239,1,53234.0,11,183,10.0,10.0,193,25,34,15,0,119,41,35,70,50,100,81,278,1,300,160,276,120,94,60,48,25,250,200
90400364,0,70466.0,13,181,10.0,11.0,132,2,37,29,0,64,42,34,70,50,100,52,278,1,279,160,310,120,100,60,53,25,248,200
90400364,1,62887.0,8,210,10.0,16.0,67,19,31,4,9,4,42,34,70,50,100,52,278,1,279,160,310,120,100,60,53,25,248,200
90403940,0,35625.0,7,203,,13.0,89,28,32,4,5,20,42,35,75,50,100,48,279,84,284,160,299,120,94,60,50,25,246,200
90403940,1,86269.0,14,350,9.0,11.0,108,0,15,29,0,64,42,35,75,50,100,48,279,84,284,160,299,120,94,60,50,25,246,200
90404050,0,83540.0,14,270,7.0,10.0,38,0,12,24,0,2,41,35,73,50,100,67,278,120,305,160,297,120,90,60,53,25,251,200
90404050,1,38040.0,7,203,,13.0,89,28,32,4,5,20,41,35,73,50,100,67,278,120,305,160,297,120,90,60,53,25,251,200
90407772,0,25183.0,19,306,10.0,0.0,103,1,40,22,0,40,42,35,68,50,100,69,278,13,339,160,294,120,94,60,49,25,248,200
90407772,1,32540.0,7,203,,13.0,84,24,31,3,4,22,42,35,68,50,100,69,278,13,339,160,294,120,94,60,49,25,248,200
90409200,0,169754.0,14,271,7.0,14.0,158,0,24,42,0,92,42,35,66,50,100,63,278,1,289,160,232,120,114,60,47,25,244,200
90409200,1,41679.0,12,184,10.0,10.0,240,60,36,0,0,144,42,35,66,50,100,63,278,1,289,160,232,120,114,60,47,25,244,200
90410020,0,36019.0,7,203,,13.0,89,28,32,4,5,20,41,35,73,50,100,100,281,1,354,160,308,120,101,60,50,25,246,200
90410020,1,29005.0,10,145,0.0,0.0,158,39,27,15,20,57,41,35,73,50,100,100,281,1,354,160,308,120,101,60,50,25,246,200
90410845,0,2300.0,0,0,,0.0,30,30,0,0,0,0,42,35,73,50,100,100,293,250,354,160,314,120,107,60,52,25,246,200
90410845,1,396.0,6,23,0.0,0.0,501,0,22,0,479,0,42,35,73,50,100,100,293,250,354,160,314,120,107,60,52,25,246,200
90415204,0,31521.0,7,203,,13.0,89,28,32,4,5,20,42,35,53,40,100,98,277,76,311,160,310,120,99,60,39,21,251,200
90415204,1,37087.0,11,293,0.0,10.0,171,0,13,0,0,158,42,35,53,40,100,98,277,76,311,160,310,120,99,60,39,21,251,200
90417469,0,22529.0,7,203,,0.0,88,27,33,3,5,20,42,35,68,50,100,100,278,13,328,160,298,120,94,60,46,25,253,200
90417469,1,31682.0,6,162,11.0,11.0,103,0,65,38,0,0,42,35,68,50,100,100,278,13,328,160,298,120,94,60,46,25,253,200
90421289,0,47613.0,7,203,,13.0,90,27,34,3,4,22,42,31,51,41,100,23,281,220,330,160,313,120,105,60,61,24,249,200
90421289,1,27384.0,9,231,5.0,0.0,76,8,11,0,0,57,42,31,51,41,100,23,281,220,330,160,313,120,105,60,61,24,249,200
90421369,0,27595.0,7,203,,0.0,89,28,32,4,5,20,41,29,68,50,100,100,281,13,336,160,284,120,99,60,45,25,253,200
90421369,1,63152.0,8,233,11.0,13.0,167,12,25,35,0,95,41,29,68,50,100,100,281,13,336,160,284,120,99,60,45,25,253,200
90423663,0,4020.0,2,60,,0.0,9,0,0,0,9,0,42,35,74,50,100,100,293,250,332,160,324,120,102,60,51,25,250,200
90423663,1,3386.0,0,0,,0.0,15,0,0,0,0,15,42,35,74,50,100,100,293,250,332,160,324,120,102,60,51,25,250,200
90424994,0,57323.0,12,186,10.0,10.0,183,30,27,23,0,103,42,35,66,50,100,34,278,1,307,160,308,120,98,60,48,25,239,189
90424994,1,110245.0,10,258,6.0,15.0,365,26,271,0,0,68,42,35,66,50,100,34,278,1,307,160,308,120,98,60,48,25,239,189
90428854,0,46709.0,7,203,,13.0,89,28,32,4,5,20,42,35,64,50,100,83,281,179,331,160,313,120,103,60,51,23,252,200
90428854,1,25736.0,5,102,4.0,0.0,42,0,15,14,0,13,42,35,64,50,100,83,281,179,331,160,313,120,103,60,51,23,252,200
90429617,0,42807.0,7,203,,13.0,89,28,32,4,5,20,42,35,75,50,100,57,281,120,227,45,280,120,90,60,53,25,253,200
90429617,1,67006.0,8,231,9.0,13.0,44,0,12,32,0,0,42,35,75,50,100,57,281,120,227,45,280,120,90,60,53,25,253,200
90430391,0,13432.0,6,88,4.0,0.0,32,0,14,5,0,13,42,35,76,50,100,83,281,133,295,160,303,120,94,60,52,25,249,200
90430391,1,43954.0,7,203,,13.0,91,28,34,3,6,20,42,35,76,50,100,83,281,133,295,160,303,120,94,60,52,25,249,200
90431224,0,12067.0,6,144,12.0,0.0,41,0,41,0,0,0,42,35,65,50,100,100,278,70,336,160,292,120,88,60,50,25,251,200
90431224,1,32942.0,7,203,,13.0,86,26,33,4,4,19,42,35,65,50,100,100,278,70,336,160,292,120,88,60,50,25,251,200
90434249,0,3000.0,0,0,,0.0,0,0,0,0,0,0,42,35,68,50,100,100,293,250,340,160,297,120,94,60,47,25,252,200
90434249,1,3000.0,0,0,,0.0,0,0,0,0,0,0,42,35,68,50,100,100,293,250,340,160,297,120,94,60,47,25,252,200
90436425,0,7068.0,10,255,6.0,0.0,121,120,1,0,0,0,41,25,70,50,100,100,293,250,336,160,311,120,101,60,51,25,250,200
90436425,1,3000.0,0,0,,0.0,0,0,0,0,0,0,41,25,70,50,100,100,293,250,336,160,311,120,101,60,51,25,250,200
90437263,0,29428.0,7,203,,0.0,89,28,32,4,5,20,42,35,51,41,100,52,280,1,337,160,313,120,109,60,53,25,248,200
90437263,1,55157.0,10,280,6.0,12.0,87,0,49,0,0,38,42,35,51,41,100,52,280,1,337,160,313,120,109,60,53,25,248,200
90438795,0,2300.0,0,0,,0.0,30,30,0,0,0,0,42,35,69,50,100,100,293,250,358,160,327,120,109,60,51,25,247,200
90438795,1,1540.0,0,0,,0.0,26,12,14,0,0,0,42,35,69,50,100,100,293,250,358,160,327,120,109,60,51,25,247,200
90442509,0,8867.0,0,0,,0.0,49,0,0,0,0,49,42,35,71,50,100,100,293,250,344,160,304,120,111,60,49,25,250,200
90442509,1,6259.0,0,0,,0.0,2,0,2,0,0,0,42,35,71,50,100,100,293,250,344,160,304,120,111,60,49,25,250,200
90447101,0,6259.0,0,0,,0.0,2,0,2,0,0,0,42,35,73,50,100,100,293,250,340,160,324,120,101,60,51,25,250,200
90447101,1,253.0,5,50,4.0,0.0,28,0,4,0,0,24,42,35,73,50,100,100,293,250,340,160,324,120,101,60,51,25,250,200
90448576,0,46666.0,7,203,,13.0,89,28,32,4,5,20,42,34,70,50,106,100,281,183,354,160,306,120,84,60,43,21,246,200
90448576,1,13453.0,13,300,1.0,0.0,195,40,13,6,28,108,42,34,70,50,106,100,281,183,354,160,306,120,84,60,43,21,246,200
90450846,0,4871.0,0,0,,0.0,13,0,0,0,0,13,42,35,69,50,100,100,281,227,336,160,313,120,112,60,51,25,250,200
90450846,1,49382.0,7,203,,13.0,89,27,33,4,4,21,42,35,69,50,100,100,281,227,336,160,313,120,112,60,51,25,250,200
90463308,0,3000.0,0,0,,0.0,0,0,0,0,0,0,42,35,68,50,100,100,293,250,351,160,311,120,101,60,50,25,248,200
90463308,1,3000.0,0,0,,0.0,0,0,0,0,0,0,42,35,68,50,100,100,293,250,351,160,311,120,101,60,50,25,248,200
90468501,0,67784.0,12,301,7.0,15.0,52,9,14,2,9,18,42,35,67,50,100,65,280,94,284,160,284,120,97,60,54,25,250,200
90468501,1,39703.0,7,203,,13.0,89,28,32,4,5,20,42,35,67,50,100,65,280,94,284,160,284,120,97,60,54,25,250,200
90480654,0,28287.0,8,231,0.0,0.0,232,148,45,0,0,39,40,25,69,50,100,100,277,1,336,160,326,120,101,60,48,22,250,200
90480654,1,17719.0,7,203,,0.0,89,28,32,4,5,20,40,25,69,50,100,100,277,1,336,160,326,120,101,60,48,22,250,200
90485196,0,7928.0,1,19,0.0,0.0,155,120,35,0,0,0,42,35,70,50,100,100,278,46,351,160,319,120,112,60,51,25,247,200
90485196,1,35017.0,7,203,,13.0,89,28,32,4,5,20,42,35,70,50,100,100,278,46,351,160,319,120,112,60,51,25,247,200
90486646,0,68929.0,13,269,0.0,17.0,146,0,22,17,0,107,41,35,68,50,100,76,278,1,318,160,287,120,98,60,40,22,251,200
90486646,1,54587.0,12,190,10.0,10.0,203,151,29,20,0,3,41,35,68,50,100,76,278,1,318,160,287,120,98,60,40,22,251,200
90487606,0,2554.0,11,94,,0.0,155,6,92,2,2,53,42,35,73,50,100,100,293,250,332,160,300,120,101,60,50,25,247,200
90487606,1,3988.0,2,60,,0.0,9,0,0,0,9,0,42,35,73,50,100,100,293,250,332,160,300,120,101,60,50,25,247,200
90490669,0,3000.0,0,0,,0.0,0,0,0,0,0,0,42,35,77,50,100,100,293,250,324,160,314,120,89,60,51,25,250,200
90490669,1,3798.0,2,60,,0.0,9,0,0,0,9,0,42,35,77,50,100,100,293,250,324,160,314,120,89,60,51,25,250,200
90494492,0,6259.0,0,0,,0.0,2,0,2,0,0,0,41,35,71,50,100,100,293,250,358,160,314,120,103,60,52,25,250,200
90494492,1,3000.0,0,0,,0.0,4,0,4,0,0,0,41,35,71,50,100,100,293,250,358,160,314,120,103,60,52,25,250,200
90506612,0,3000.0,0,0,,0.0,0,0,0,0,0,0,42,35,68,50,100,100,293,250,328,160,297,120,109,60,50,25,250,200
90506612,1,6259.0,0,0,,0.0,2,0,2,0,0,0,42,35,68,50,100,100,293,250,328,160,297,120,109,60,50,25,250,200
90511286,0,33839.0,7,203,,13.0,89,28,32,4,5,20,41,35,77,50,100,91,278,40,314,160,269,120,99,60,50,22,250,200
90511286,1,88340.0,12,295,0.0,11.0,128,0,17,34,0,77,41,35,77,50,100,91,278,40,314,160,269,120,99,60,50,22,250,200
90513462,0,48923.0,7,203,,13.0,89,28,32,4,5,20,42,35,77,50,100,100,281,221,315,160,316,120,92,60,49,25,248,200
90513462,1,4800.0,0,0,,0.0,92,0,0,0,0,92,42,35,77,50,100,100,281,221,315,160,316,120,92,60,49,25,248,200
90514222,0,180482.0,14,277,7.0,15.0,158,0,24,42,0,92,42,35,68,50,100,66,278,1,289,160,266,120,105,60,48,25,241,200
90514222,1,45045.0,10,179,10.0,10.0,217,23,36,7,0,151,42,35,68,50,100,66,278,1,289,160,266,120,105,60,48,25,241,200
90514333,0,35854.0,7,203,,13.0,89,28,32,4,5,20,42,35,69,50,100,100,281,13,347,160,316,120,86,60,47,25,253,200
90514333,1,18305.0,1,30,,0.0,47,0,47,0,0,0,42,35,69,50,100,100,281,13,347,160,316,120,86,60,47,25,253,200
90515178,0,518.0,2,60,16.0,0.0,27,0,0,0,22,5,42,35,67,50,100,100,293,250,340,160,290,120,97,60,48,25,253,200
90515178,1,2300.0,0,0,,0.0,30,30,0,0,0,0,42,35,67,50,100,100,293,250,340,160,290,120,97,60,48,25,253,200
90519037,0,3000.0,0,0,,0.0,0,0,0,0,0,0,42,35,69,50,100,100,293,250,344,160,321,120,92,60,49,25,250,200
90519037,1,2300.0,0,0,,0.0,30,30,0,0,0,0,42,35,69,50,100,100,293,250,344,160,321,120,92,60,49,25,250,200
90520563,0,38905.0,7,203,,13.0,89,28,32,4,5,20,41,34,70,50,100,100,278,91,347,160,260,120,103,60,45,25,247,200
90520563,1,54551.0,12,285,0.0,11.0,205,78,12,55,0,60,41,34,70,50,100,100,278,91,347,160,260,120,103,60,45,25,247,200
90521916,0,31205.0,7,203,,13.0,89,28,32,4,5,20,42,35,77,50,100,58,279,13,279,160,306,120,88,60,52,25,244,200
90521916,1,109432.0,13,302,9.0,13.0,159,10,20,58,0,71,42,35,77,50,100,58,279,13,279,160,306,120,88,60,52,25,244,200
90524340,0,47452.0,4,120,,10.0,53,0,16,13,0,24,42,35,69,50,100,81,278,142,326,160,297,120,112,60,52,25,248,200
90524340,1,42793.0,7,203,,13.0,89,28,32,4,5,20,42,35,69,50,100,81,278,142,326,160,297,120,112,60,52,25,248,200
90530448,0,6259.0,0,0,,0.0,2,0,2,0,0,0,42,35,68,50,100,100,293,250,347,160,327,120,98,60,41,21,246,200
90530448,1,10770.0,4,120,,0.0,121,0,0,0,0,121,42,35,68,50,100,100,293,250,347,160,327,120,98,60,41,21,246,200
90534273,0,31060.0,12,316,0.0,21.0,115,8,12,8,6,81,41,35,67,50,100,77,278,1,357,160,297,120,97,60,49,24,250,200
90534273,1,59871.0,14,181,10.0,10.0,146,23,37,30,0,56,41,35,67,50,100,77,278,1,357,160,297,120,97,60,49,24,250,200
90535017,0,23816.0,7,159,11.0,0.0,63,0,63,0,0,0,42,35,68,50,100,100,278,7,332,160,292,120,107,60,49,25,251,200
90535017,1,8376.0,7,203,,0.0,89,28,32,4,5,20,42,35,68,50,100,100,278,7,332,160,292,120,107,60,49,25,251,200
90535752,0,24265.0,6,180,11.0,0.0,267,102,8,0,0,157,42,32,76,50,100,100,278,162,324,160,316,120,96,60,41,22,246,200
90535752,1,42255.0,7,203,,13.0,89,28,32,4,5,20,42,32,76,50,100,100,278,162,324,160,316,120,96,60,41,22,246,200
90535805,0,3000.0,0,0,,0.0,0,0,0,0,0,0,42,35,70,50,100,100,293,250,340,160,324,120,101,60,50,25,253,200
90535805,1,2300.0,0,0,,0.0,30,30,0,0,0,0,42,35,70,50,100,100,293,250,340,160,324,120,101,60,50,25,253,200
90537427,0,3000.0,0,0,,0.0,0,0,0,0,0,0,42,35,76,50,100,100,293,250,347,160,333,120,96,60,52,25,247,200
90537427,1,6099.0,0,0,,0.0,3,0,3,0,0,0,42,35,76,50,100,100,293,250,347,160,333,120,96,60,52,25,247,200
90538861,0,6259.0,0,0,,0.0,2,0,2,0,0,0,42,35,65,50,100,100,293,250,347,160,304,120,96,60,47,25,253,200
90538861,1,3000.0,0,0,,0.0,0,0,0,0,0,0,42,35,65,50,100,100,293,250,347,160,304,120,96,60,47,25,253,200
90551271,0,58073.0,13,189,10.0,10.0,194,37,23,21,0,113,42,35,73,50,100,100,278,1,340,160,289,120,90,60,45,25,250,200
90551271,1,2939.0,8,143,13.0,0.0,40,0,40,0,0,0,42,35,73,50,100,100,278,1,340,160,289,120,90,60,45,25,250,200
90555030,0,9060.0,6,180,9.0,0.0,259,60,20,4,0,175,41,31,69,50,100,100,278,152,336,160,304,120,107,60,47,22,253,200
90555030,1,43685.0,7,203,,13.0,89,28,32,4,5,20,41,31,69,50,100,100,278,152,336,160,304,120,107,60,47,22,253,200
90561257,0,44374.0,10,179,10.0,10.0,211,21,36,7,0,147,42,35,68,50,100,54,278,1,309,160,278,120,105,60,48,25,241,200
90561257,1,193771.0,14,277,7.0,14.0,158,0,24,42,0,92,42,35,68,50,100,54,278,1,309,160,278,120,105,60,48,25,241,200
90561343,0,60860.0,11,279,13.0,13.0,124,0,28,70,0,26,41,35,71,50,100,100,281,1,358,160,273,120,99,60,48,25,250,200
90561343,1,25893.0,7,203,,0.0,89,28,32,4,5,20,41,35,71,50,100,100,281,1,358,160,273,120,99,60,48,25,250,200
90562165,0,88976.0,12,327,0.0,18.0,124,0,17,0,0,107,41,35,67,50,100,50,278,13,342,160,310,120,96,60,52,23,246,200
90562165,1,32043.0,7,203,,13.0,89,28,32,4,5,20,41,35,67,50,100,50,278,13,342,160,310,120,96,60,52,23,246,200
90563010,0,62397.0,14,188,10.0,10.0,173,38,23,27,0,85,42,35,67,50,100,100,278,1,340,160,310,120,103,60,46,25,253,200
90563010,1,2850.0,10,145,13.0,0.0,40,0,40,0,0,0,42,35,67,50,100,100,278,1,340,160,310,120,103,60,46,25,253,200
90578767,0,35999.0,7,203,,13.0,89,28,32,4,5,20,42,35,70,50,100,83,279,65,333,160,280,120,88,60,50,25,250,200
90578767,1,78783.0,14,275,7.0,13.0,158,0,24,42,0,92,42,35,70,50,100,83,279,65,333,160,280,120,88,60,50,25,250,200
90586547,0,3883.0,2,60,,0.0,9,0,0,0,9,0,42,35,73,50,100,100,293,250,311,160,301,120,96,60,50,25,253,200
90586547,1,13.0,2,27,,0.0,30,0,30,0,0,0,42,35,73,50,100,100,293,250,311,160,301,120,96,60,50,25,253,200
90590298,0,157319.0,12,306,7.0,14.0,176,0,21,44,0,111,42,35,66,50,100,60,278,1,321,160,273,120,101,60,47,25,236,183
90590298,1,46072.0,12,183,10.0,10.0,237,55,33,2,0,147,42,35,66,50,100,60,278,1,321,160,273,120,101,60,47,25,236,183
90598913,0,42380.0,10,181,10.0,10.0,232,33,36,0,0,163,41,35,69,50,100,66,278,1,299,160,229,120,107,60,46,25,248,200
90598913,1,172272.0,14,277,7.0,14.0,158,0,24,42,0,92,41,35,69,50,100,66,278,1,299,160,229,120,107,60,46,25,248,200
90599051,0,15709.0,5,7,11.0,0.0,85,0,56,29,0,0,42,35,71,50,105,100,278,13,328,160,303,120,112,60,51,25,250,200
90599051,1,33052.0,7,203,,13.0,89,28,32,4,5,20,42,35,71,50,105,100,278,13,328,160,303,120,112,60,51,25,250,200
90602870,0,40579.0,7,203,,13.0,89,28,32,4,5,20,41,35,61,50,100,51,279,118,320,160,310,120,101,60,44,21,250,200
90602870,1,82950.0,9,252,0.0,11.0,229,0,13,0,0,216,41,35,61,50,100,51,279,118,320,160,310,120,101,60,44,21,250,200
90607670,0,28387.0,7,203,,0.0,89,28,32,4,5,20,42,35,75,50,100,100,281,13,336,160,289,120,88,60,48,25,251,200
90607670,1,33574.0,5,140,,13.0,59,0,30,28,0,1,42,35,75,50,100,100,281,13,336,160,289,120,88,60,48,25,251,200
90617798,0,38256.0,7,203,,13.0,89,28,32,4,5,20,42,35,65,50,100,68,278,101,303,160,313,120,105,60,49,25,251,200
90617798,1,50962.0,12,197,0.0,18.0,139,0,22,0,0,117,42,35,65,50,100,68,278,101,303,160,313,120,105,60,49,25,251,200
90621023,0,54024.0,10,224,9.0,11.0,191,70,38,0,0,83,41,32,53,44,100,71,279,13,332,160,299,120,94,60,44,25,253,200
90621023,1,22654.0,7,203,,0.0,89,28,32,4,5,20,41,32,53,44,100,71,279,13,332,160,299,120,94,60,44,25,253,200
90625755,0,3000.0,0,0,,0.0,0,0,0,0,0,0,42,35,67,50,100,100,293,250,358,160,308,120,98,60,49,25,248,200
90625755,1,3000.0,0,0,,0.0,0,0,0,0,0,0,42,35,67,50,100,100,293,250,358,160,308,120,98,60,49,25,248,200
90630504,0,3382.0,0,0,,0.0,15,0,0,0,0,15,42,35,67,50,100,100,293,250,340,160,333,120,103,60,50,25,248,200
90630504,1,3000.0,0,0,,0.0,0,0,0,0,0,0,42,35,67,50,100,100,293,250,340,160,333,120,103,60,50,25,248,200
90634219,0,42581.0,7,203,,13.0,89,28,32,4,5,20,42,35,65,50,100,100,281,1,347,160,316,120,94,60,50,25,246,200
90634219,1,27483.0,9,136,,0.0,37,0,37,0,0,0,42,35,65,50,100,100,281,1,347,160,316,120,94,60,50,25,246,200
90635836,0,66815.0,12,290,8.0,10.0,57,0,33,5,0,19,41,35,60,50,100,66,278,1,338,160,312,120,96,60,54,25,249,200
90635836,1,27136.0,7,203,,0.0,89,28,32,4,5,20,41,35,60,50,100,66,278,1,338,160,312,120,96,60,54,25,249,200
90636660,0,3000.0,0,0,,0.0,0,0,0,0,0,0,42,35,70,50,100,100,281,221,351,160,316,120,112,60,52,25,248,200
90636660,1,49260.0,7,203,,13.0,89,28,32,4,5,20,42,35,70,50,100,100,281,221,351,160,316,120,112,60,52,25,248,200
90636688,0,35382.0,12,335,9.0,11.0,178,37,49,0,5,87,42,35,51,42,100,58,278,1,336,160,284,120,97,60,49,25,253,200
90636688,1,25856.0,7,203,,0.0,89,28,32,4,5,20,42,35,51,42,100,58,278,1,336,160,284,120,97,60,49,25,253,200
90639834,0,24332.0,7,203,,0.0,89,28,32,4,5,20,42,35,51,43,100,58,277,13,347,160,310,120,112,60,55,25,250,200
90639834,1,39346.0,8,236,9.0,10.0,106,0,55,0,0,51,42,35,51,43,100,58,277,13,347,160,310,120,112,60,55,25,250,200
90643757,0,41600.0,7,203,,13.0,87,26,32,4,5,20,42,35,60,50,100,47,279,131,327,160,313,120,94,60,44,21,248,200
90643757,1,100864.0,9,252,0.0,16.0,237,0,13,0,0,224,42,35,60,50,100,47,279,131,327,160,313,120,94,60,44,21,248,200
90644656,0,49177.0,7,203,,13.0,89,28,32,4,5,20,42,35,65,50,100,100,281,221,351,160,313,120,112,60,49,25,250,200
90644656,1,4062.0,1,15,,0.0,23,0,0,0,0,23,42,35,65,50,100,100,281,221,351,160,313,120,112,60,49,25,250,200
90650891,0,23705.0,7,203,,0.0,89,28,32,4,5,20,41,35,70,50,100,54,278,13,309,160,229,120,99,60,50,25,247,200
90650891,1,191624.0,14,277,7.0,12.0,158,0,24,42,0,92,41,35,70,50,100,54,278,13,309,160,229,120,99,60,50,25,247,200
90655827,0,7358.0,0,0,,0.0,47,47,0,0,0,0,42,32,67,50,100,100,293,250,332,160,324,120,101,60,49,25,253,200
90655827,1,6259.0,0,0,,0.0,2,0,2,0,0,0,42,32,67,50,100,100,293,250,332,160,324,120,101,60,49,25,253,200
90664516,0,30056.0,2,60,,3.0,137,0,50,0,0,87,42,35,67,50,100,100,287,245,347,160,314,120,102,60,48,22,253,200
90664516,1,3967.0,2,60,,0.0,9,0,0,0,9,0,42,35,67,50,100,100,287,245,347,160,314,120,102,60,48,22,253,200
90665304,0,2142.0,1,28,,0.0,56,18,0,0,0,38,41,35,73,50,100,100,293,250,361,160,330,120,96,60,50,25,246,200
90665304,1,2300.0,0,0,,0.0,30,30,0,0,0,0,41,35,73,50,100,100,293,250,361,160,330,120,96,60,50,25,246,200
90668432,0,5558.0,1,30,17.0,0.0,31,2,0,0,18,11,42,35,74,50,100,100,293,250,344,160,324,120,96,60,52,25,247,200
90668432,1,3950.0,2,60,,0.0,9,0,0,0,9,0,42,35,74,50,100,100,293,250,344,160,324,120,96,60,52,25,247,200
90669361,0,68473.0,13,178,10.0,11.0,143,8,38,28,0,69,42,35,70,50,100,52,278,13,319,160,310,120,103,60,53,25,240,193
90669361,1,84624.0,12,328,9.0,13.0,53,0,10,14,0,29,42,35,70,50,100,52,278,13,319,160,310,120,103,60,53,25,240,193
90672319,0,63458.0,14,185,10.0,10.0,147,53,27,33,0,34,42,33,66,50,100,100,278,57,340,160,290,120,103,60,46,23,251,200
90672319,1,13450.0,4,83,3.0,0.0,269,40,103,97,0,29,42,33,66,50,100,100,278,57,340,160,290,120,103,60,46,23,251,200
90673910,0,31012.0,7,203,,13.0,89,28,32,4,5,20,42,35,76,50,100,100,280,13,320,160,317,120,99,60,51,25,248,200
90673910,1,29566.0,8,144,13.0,0.0,60,0,35,25,0,0,42,35,76,50,100,100,280,13,320,160,317,120,99,60,51,25,248,200
90677094,0,42685.0,7,203,,13.0,89,28,32,4,5,20,41,35,69,50,100,100,281,37,344,160,288,120,96,60,48,25,253,200
90677094,1,17215.0,10,171,0.0,0.0,139,29,29,22,32,27,41,35,69,50,100,100,281,37,344,160,288,120,96,60,48,25,253,200
90682826,0,32770.0,7,203,,13.0,89,28,32,4,5,20,42,35,67,50,100,50,278,81,314,160,303,120,109,60,57,25,247,200
90682826,1,83820.0,11,267,0.0,11.0,20,0,20,0,0,0,42,35,67,50,100,50,278,81,314,160,303,120,109,60,57,25,247,200
90692326,0,32695.0,10,219,0.0,21.0,129,0,14,25,0,90,41,35,75,50,106,100,277,13,324,160,275,120,98,60,45,25,251,200
90692326,1,47350.0,12,183,10.0,10.0,204,37,35,6,0,126,41,35,75,50,106,100,277,13,324,160,275,120,98,60,45,25,251,200
90696391,0,2300.0,0,0,,0.0,30,30,0,0,0,0,42,35,69,50,100,100,293,250,351,160,324,120,111,60,52,25,250,200
90696391,1,3000.0,0,0,,0.0,0,0,0,0,0,0,42,35,69,50,100,100,293,250,351,160,324,120,111,60,52,25,250,200
90698788,0,2300.0,0,0,,0.0,30,30,0,0,0,0,42,35,68,50,100,100,293,250,347,160,336,120,98,60,50,25,250,200
90698788,1,1650.0,0,0,0.0,0.0,1,0,0,0,0,1,42,35,68,50,100,100,293,250,347,160,336,120,98,60,50,25,250,200
90705908,0,0.0,8,70,10.0,,101,0,14,40,0,47,42,35,66,50,100,100,293,250,365,160,336,120,102,60,51,25,248,200
90705908,1,3967.0,2,60,,0.0,9,0,0,0,9,0,42,35,66,50,100,100,293,250,365,160,336,120,102,60,51,25,248,200
90712197,0,29963.0,8,230,9.0,0.0,53,13,7,9,4,20,41,35,53,44,100,70,278,54,365,160,314,120,99,60,51,25,248,200
90712197,1,70277.0,13,177,10.0,11.0,140,6,35,27,0,72,41,35,53,44,100,70,278,54,365,160,314,120,99,60,51,25,248,200
90714764,0,65615.0,12,308,10.0,17.0,40,0,20,20,0,0,42,35,73,50,100,68,278,1,306,160,281,120,105,60,48,25,246,200
90714764,1,53463.0,11,190,10.0,10.0,242,29,24,6,0,183,42,35,73,50,100,68,278,1,306,160,281,120,105,60,48,25,246,200
90718004,0,38133.0,12,184,10.0,10.0,216,28,30,10,0,148,42,35,71,50,100,67,277,1,286,160,281,120,90,60,47,25,252,200
90718004,1,82105.0,12,310,10.0,10.0,40,0,20,20,0,0,42,35,71,50,100,67,277,1,286,160,281,120,90,60,47,25,252,200
90718648,0,29729.0,5,150,,0.0,80,60,20,0,0,0,41,29,71,50,100,100,278,13,315,160,306,120,101,60,49,25,253,200
90718648,1,27234.0,7,203,,0.0,89,28,32,4,5,20,41,29,71,50,100,100,278,13,315,160,306,120,101,60,49,25,253,200
90725055,0,51131.0,14,240,7.0,11.0,129,0,28,45,0,56,42,35,68,50,100,90,279,65,333,160,293,120,107,60,51,25,252,200
90725055,1,37551.0,7,203,,13.0,89,28,32,4,5,20,42,35,68,50,100,90,279,65,333,160,293,120,107,60,51,25,252,200
90728271,0,62626.0,8,165,4.0,21.0,135,114,0,0,0,21,40,24,70,50,100,50,281,227,298,160,296,120,92,60,54,25,250,200
90728271,1,47329.0,7,203,,13.0,88,26,34,3,4,21,40,24,70,50,100,50,281,227,298,160,296,120,92,60,54,25,250,200
90732322,0,64153.0,11,177,10.0,10.0,179,12,40,14,0,113,42,35,70,50,100,39,278,13,236,160,294,120,107,60,52,25,251,200
90732322,1,80993.0,8,167,12.0,14.0,111,0,0,0,0,111,42,35,70,50,100,39,278,13,236,160,294,120,107,60,52,25,251,200
90734799,0,3000.0,0,0,,0.0,0,0,0,0,0,0,42,35,61,50,100,78,293,250,341,160,314,120,97,60,55,25,248,200
90734799,1,4075.0,10,254,24.0,0.0,19,4,1,1,4,9,42,35,61,50,100,78,293,250,341,160,314,120,97,60,55,25,248,200
90736398,0,6259.0,0,0,,0.0,2,0,2,0,0,0,42,33,61,50,101,81,292,250,336,160,308,120,94,60,53,25,250,200
90736398,1,29902.0,8,213,10.0,0.0,69,10,4,19,0,36,42,33,61,50,101,81,292,250,336,160,308,120,94,60,53,25,250,200
90739583,0,48914.0,7,203,,13.0,89,28,32,4,5,20,42,35,76,50,100,100,281,221,344,160,316,120,90,60,49,25,246,200
90739583,1,600.0,0,0,,0.0,21,0,21,0,0,0,42,35,76,50,100,100,281,221,344,160,316,120,90,60,49,25,246,200
90740401,0,53471.0,11,183,10.0,10.0,207,9,30,12,0,156,42,35,74,50,100,61,278,13,287,160,288,120,101,60,47,25,248,200
90740401,1,74848.0,8,240,0.0,13.0,50,24,16,0,0,10,42,35,74,50,100,61,278,13,287,160,288,120,101,60,47,25,248,200
90744576,0,6099.0,0,0,,0.0,3,0,3,0,0,0,42,35,66,50,100,100,293,250,351,160,308,120,105,60,48,25,251,200
90744576,1,2300.0,0,0,,0.0,30,30,0,0,0,0,42,35,66,50,100,100,293,250,351,160,308,120,105,60,48,25,251,200
90745207,0,137617.0,11,301,9.0,14.0,158,29,22,37,0,70,41,35,67,50,100,67,278,1,284,152,253,120,103,60,45,25,246,200
90745207,1,45199.0,13,188,10.0,10.0,247,96,30,1,0,120,41,35,67,50,100,67,278,1,284,152,253,120,103,60,45,25,246,200
90747717,0,23252.0,0,0,,0.0,30,3,10,5,0,12,42,34,69,50,100,100,278,120,340,160,328,120,96,60,47,23,251,200
90747717,1,40544.0,7,203,,13.0,89,28,32,4,5,20,42,34,69,50,100,100,278,120,340,160,328,120,96,60,47,23,251,200
90755734,0,36439.0,7,203,,13.0,89,28,32,4,5,20,41,35,75,50,100,80,281,34,323,160,303,120,94,60,51,22,249,200
90755734,1,46102.0,8,213,0.0,13.0,91,0,20,0,0,71,41,35,75,50,100,80,281,34,323,160,303,120,94,60,51,22,249,200
90761315,0,28664.0,7,203,,0.0,89,28,32,4,5,20,42,35,68,50,100,60,278,13,294,160,265,120,92,60,48,24,250,200
90761315,1,133720.0,14,260,7.0,10.0,175,0,24,42,0,109,42,35,68,50,100,60,278,13,294,160,265,120,92,60,48,24,250,200
90761494,0,44341.0,7,203,,13.0,89,28,32,4,5,20,42,32,73,50,103,100,281,43,336,160,305,120,86,60,46,25,248,200
90761494,1,12409.0,6,79,17.0,0.0,179,65,43,8,0,63,42,32,73,50,103,100,281,43,336,160,305,120,86,60,46,25,248,200
90763776,0,1960.0,0,0,0.0,0.0,0,0,0,0,0,0,42,35,63,50,100,100,273,25,286,160,263,120,75,60,42,24,252,200
90763776,1,36489.0,7,203,,13.0,89,28,32,4,5,20,42,35,63,50,100,100,273,25,286,160,263,120,75,60,42,24,252,200
90763821,0,5890.0,0,0,,0.0,2,0,2,0,0,0,40,35,76,50,100,89,272,236,269,160,244,120,81,60,52,25,247,200
90763821,1,21122.0,12,291,0.0,0.0,99,32,15,12,10,30,40,35,76,50,100,89,272,236,269,160,244,120,81,60,52,25,247,200
90782039,0,114849.0,14,257,9.0,15.0,149,0,28,61,0,60,39,28,59,50,100,70,272,1,281,160,251,120,68,60,40,25,251,200
90782039,1,40290.0,11,188,10.0,10.0,258,74,29,0,0,155,39,28,59,50,100,70,272,1,281,160,251,120,68,60,40,25,251,200
90787881,0,157190.0,15,284,7.0,12.0,135,0,26,41,0,68,40,32,54,50,100,56,272,1,353,160,285,120,90,60,53,25,218,1
90787881,1,20631.0,7,203,,0.0,89,28,32,4,5,20,40,32,54,50,100,56,272,1,353,160,285,120,90,60,53,25,218,1
90792932,0,52707.0,14,276,7.0,12.0,158,0,24,42,0,92,42,35,59,50,100,78,272,4,242,160,291,120,101,60,48,25,237,174
90792932,1,22201.0,7,203,,0.0,89,28,32,4,5,20,42,35,59,50,100,78,272,4,242,160,291,120,101,60,48,25,237,174
90793737,0,45783.0,10,291,3.0,19.0,312,0,0,0,99,213,42,34,51,45,100,100,273,25,324,160,259,120,86,60,47,22,228,200
90793737,1,36663.0,7,203,,13.0,90,29,34,4,4,19,42,34,51,45,100,100,273,25,324,160,259,120,86,60,47,22,228,200
90798016,0,17106.0,7,190,5.0,0.0,250,0,0,0,0,250,41,35,62,50,100,100,280,250,361,160,317,120,78,60,29,20,229,200
90798016,1,3722.0,2,60,,0.0,9,0,0,0,9,0,41,35,62,50,100,100,280,250,361,160,317,120,78,60,29,20,229,200
90798072,0,13588.0,6,149,0.0,0.0,88,0,15,6,0,67,41,33,73,50,100,100,273,4,269,160,275,120,75,60,46,25,249,200
90798072,1,32454.0,7,203,,13.0,89,28,32,4,5,20,41,33,73,50,100,100,273,4,269,160,275,120,75,60,46,25,249,200
90798982,0,2300.0,0,0,,0.0,30,30,0,0,0,0,39,35,79,50,100,100,280,250,269,160,274,120,76,60,49,24,253,200
90798982,1,3754.0,3,66,4.0,0.0,31,0,0,0,9,22,39,35,79,50,100,100,280,250,269,160,274,120,76,60,49,24,253,200
90799823,0,46089.0,4,120,,9.0,390,0,390,0,0,0,41,35,57,50,100,73,272,4,302,160,300,120,96,60,50,25,246,200
90799823,1,60468.0,13,179,10.0,10.0,135,2,36,30,0,67,41,35,57,50,100,73,272,4,302,160,300,120,96,60,50,25,246,200
90804573,0,38668.0,10,182,10.0,10.0,239,17,34,0,0,188,40,31,73,50,100,53,272,1,252,154,241,120,87,60,46,25,218,1
90804573,1,145681.0,14,277,7.0,14.0,158,0,24,42,0,92,40,31,73,50,100,53,272,1,252,154,241,120,87,60,46,25,218,1
90808885,0,3759.0,14,277,11.0,0.0,107,34,16,30,0,27,40,34,75,50,100,80,273,1,305,160,275,120,107,60,60,25,219,1
90808885,1,26924.0,7,203,,0.0,89,28,32,4,5,20,40,34,75,50,100,80,273,1,305,160,275,120,107,60,60,25,219,1
90813980,0,8212.0,4,93,1.0,0.0,252,133,7,0,0,112,43,35,50,45,100,92,272,250,304,160,307,120,111,60,43,25,229,200
90813980,1,5898.0,0,0,,0.0,2,0,2,0,0,0,43,35,50,45,100,92,272,250,304,160,307,120,111,60,43,25,229,200
90815378,0,47516.0,14,179,10.0,10.0,214,2,40,6,0,166,37,28,51,42,100,55,272,1,304,160,293,120,66,43,48,25,249,200
90815378,1,70804.0,12,319,4.0,17.0,123,16,4,17,16,70,37,28,51,42,100,55,272,1,304,160,293,120,66,43,48,25,249,200
90815617,0,23765.0,7,203,,0.0,89,28,32,4,5,20,40,31,65,50,109,100,273,1,324,160,322,120,105,60,47,22,229,200
90815617,1,12282.0,12,275,4.0,0.0,357,102,38,0,0,217,40,31,65,50,109,100,273,1,324,160,322,120,105,60,47,22,229,200
90817983,0,26135.0,7,203,,0.0,89,28,32,4,5,20,41,28,66,46,100,87,273,1,290,160,281,120,62,56,43,22,242,200
90817983,1,27150.0,5,104,0.0,0.0,120,27,27,7,5,54,41,28,66,46,100,87,273,1,290,160,281,120,62,56,43,22,242,200
90826168,0,61828.0,14,189,10.0,10.0,141,5,26,33,0,77,41,35,68,50,100,64,272,4,266,160,294,120,70,60,45,25,246,200
90826168,1,53032.0,8,221,,15.0,13,0,13,0,0,0,41,35,68,50,100,64,272,4,266,160,294,120,70,60,45,25,246,200
90828544,0,153119.0,12,298,8.0,14.0,108,0,18,42,0,48,41,33,59,50,100,57,273,1,277,160,317,120,96,60,54,25,218,5
90828544,1,23925.0,7,203,,0.0,89,28,32,4,5,20,41,33,59,50,100,57,273,1,277,160,317,120,96,60,54,25,218,5
90834395,0,6117.0,0,0,,0.0,2,0,2,0,0,0,41,35,80,50,100,100,276,250,306,160,278,120,83,60,45,22,229,200
90834395,1,4547.0,8,240,13.0,0.0,348,0,0,0,0,348,41,35,80,50,100,100,276,250,306,160,278,120,83,60,45,22,229,200
90838418,0,56682.0,12,323,8.0,17.0,46,2,0,42,0,2,41,35,69,50,100,71,272,1,217,160,224,120,74,60,44,25,249,200
90838418,1,45041.0,10,183,10.0,10.0,231,71,38,2,0,120,41,35,69,50,100,71,272,1,217,160,224,120,74,60,44,25,249,200
90841849,0,36543.0,7,203,,13.0,89,28,32,4,5,20,37,31,63,50,101,80,273,25,330,160,299,120,79,60,41,23,247,200
90841849,1,36933.0,3,84,0.0,10.0,334,0,0,1,0,333,37,31,63,50,101,80,273,25,330,160,299,120,79,60,41,23,247,200
90841863,0,3000.0,0,0,,0.0,0,0,0,0,0,0,39,35,62,50,100,100,280,250,374,160,311,120,94,60,50,25,242,200
90841863,1,3000.0,0,0,,0.0,0,0,0,0,0,0,39,35,62,50,100,100,280,250,374,160,311,120,94,60,50,25,242,200
90842745,0,5982.0,0,0,,0.0,3,0,3,0,0,0,39,35,78,50,100,100,273,250,324,160,321,120,81,60,51,25,240,200
90842745,1,6062.0,0,0,,0.0,2,0,2,0,0,0,39,35,78,50,100,100,273,250,324,160,321,120,81,60,51,25,240,200
90849177,0,153936.0,14,262,7.0,10.0,174,0,24,42,0,108,41,32,71,50,100,58,272,1,230,116,224,120,70,60,46,23,249,197
90849177,1,16432.0,7,203,,0.0,89,28,32,4,5,20,41,32,71,50,100,58,272,1,230,116,224,120,70,60,46,23,249,197
90852618,0,5445.0,0,0,,0.0,3,0,3,0,0,0,41,35,67,50,100,100,273,4,339,160,268,120,75,60,48,25,229,200
90852618,1,33805.0,7,203,,13.0,89,28,32,4,5,20,41,35,67,50,100,100,273,4,339,160,268,120,75,60,48,25,229,200
90856050,0,3250.0,10,93,,0.0,24,0,7,12,0,5,41,35,64,50,100,100,280,250,306,160,305,120,106,60,51,25,248,200
90856050,1,4102.0,2,60,,0.0,9,0,0,0,9,0,41,35,64,50,100,100,280,250,306,160,305,120,106,60,51,25,248,200
90859497,0,408.0,5,17,0.0,0.0,19,19,0,0,0,0,39,34,68,50,100,100,280,250,332,160,225,120,104,60,51,25,250,200
90859497,1,3916.0,2,60,,0.0,9,0,0,0,9,0,39,34,68,50,100,100,280,250,332,160,225,120,104,60,51,25,250,200
90861152,0,20722.0,10,196,4.0,0.0,423,148,32,28,64,151,37,24,67,50,100,100,273,4,343,160,304,120,83,60,46,22,229,200
90861152,1,27218.0,7,203,,0.0,89,28,32,4,5,20,37,24,67,50,100,100,273,4,343,160,304,120,83,60,46,22,229,200
90866341,0,8050.0,13,312,1.0,0.0,212,50,12,9,22,119,42,34,57,50,107,100,273,246,350,160,311,120,62,45,33,21,229,200
90866341,1,5964.0,0,0,,0.0,2,0,2,0,0,0,42,34,57,50,107,100,273,246,350,160,311,120,62,45,33,21,229,200
90868014,0,23319.0,8,240,0.0,0.0,252,132,16,9,4,91,40,25,58,50,100,100,273,4,324,160,293,120,61,60,27,21,253,200
90868014,1,25413.0,7,203,,0.0,89,28,32,4,5,20,40,25,58,50,100,100,273,4,324,160,293,120,61,60,27,21,253,200
90872909,0,41166.0,11,189,10.0,10.0,247,151,35,4,0,57,41,35,62,50,100,100,272,1,231,160,227,120,77,60,39,25,256,200
90872909,1,1300.0,14,148,,0.0,41,0,12,0,0,29,41,35,62,50,100,100,272,1,231,160,227,120,77,60,39,25,256,200
90873799,0,6117.0,0,0,,0.0,2,0,2,0,0,0,42,35,60,50,100,100,276,250,336,160,270,120,92,60,45,25,229,200
90873799,1,3000.0,0,0,,0.0,0,0,0,0,0,0,42,35,60,50,100,100,276,250,336,160,270,120,92,60,45,25,229,200
90874781,0,3000.0,0,0,,0.0,0,0,0,0,0,0,42,35,57,50,100,100,280,250,311,160,270,120,102,60,49,25,242,200
90874781,1,4060.0,2,60,,0.0,9,0,0,0,9,0,42,35,57,50,100,100,280,250,311,160,270,120,102,60,49,25,242,200
90881551,0,12176.0,8,205,18.0,0.0,86,22,16,48,0,0,40,30,57,50,100,100,273,216,368,160,304,120,107,60,50,25,244,200
90881551,1,5918.0,0,0,,0.0,2,0,2,0,0,0,40,30,57,50,100,100,273,216,368,160,304,120,107,60,50,25,244,200
90889045,0,26462.0,8,236,0.0,0.0,122,23,53,19,0,27,41,31,65,50,100,100,273,1,332,160,326,120,77,60,48,24,242,200
90889045,1,22415.0,7,203,,0.0,89,28,32,4,5,20,41,31,65,50,100,100,273,1,332,160,326,120,77,60,48,24,242,200
90897314,0,13170.0,7,203,,0.0,89,28,32,4,5,20,42,29,71,50,100,100,272,4,306,160,299,120,62,60,46,23,229,200
90897314,1,18746.0,10,242,0.0,0.0,432,229,74,0,0,129,42,29,71,50,100,100,272,4,306,160,299,120,62,60,46,23,229,200
90913256,0,16220.0,7,203,,0.0,89,28,32,4,5,20,41,33,56,50,100,58,272,1,313,160,148,1,114,60,48,25,245,200
90913256,1,115253.0,14,263,7.0,10.0,174,0,24,42,0,108,41,33,56,50,100,58,272,1,313,160,148,1,114,60,48,25,245,200
90913366,0,16923.0,10,148,11.0,0.0,53,0,25,11,1,16,40,34,52,50,100,92,272,4,368,160,316,120,94,60,51,25,246,200
90913366,1,7896.0,7,203,,0.0,89,28,32,4,5,20,40,34,52,50,100,92,272,4,368,160,316,120,94,60,51,25,246,200
90919381,0,3000.0,0,0,,0.0,0,0,0,0,0,0,42,35,56,50,100,100,280,250,275,160,327,120,107,60,50,25,253,200
90919381,1,2300.0,0,0,,0.0,30,30,0,0,0,0,42,35,56,50,100,100,280,250,275,160,327,120,107,60,50,25,253,200
90920892,0,3890.0,2,60,,0.0,9,0,0,0,9,0,42,35,71,50,100,98,273,1,275,160,290,120,89,60,48,25,244,200
90920892,1,21647.0,11,223,12.0,0.0,152,34,73,0,0,45,42,35,71,50,100,98,273,1,275,160,290,120,89,60,48,25,244,200
90921683,0,25408.0,7,203,,0.0,89,28,32,4,5,20,41,35,57,50,100,77,272,4,340,160,288,120,126,60,51,23,237,200
90921683,1,55496.0,8,214,,11.0,141,0,17,0,0,124,41,35,57,50,100,77,272,4,340,160,288,120,126,60,51,23,237,200
90921758,0,13678.0,12,291,0.0,0.0,52,0,11,7,0,34,41,35,80,50,100,91,272,249,275,160,324,120,74,60,50,25,240,200
90921758,1,3735.0,2,60,,0.0,9,0,0,0,9,0,41,35,80,50,100,91,272,249,275,160,324,120,74,60,50,25,240,200
90938593,0,3877.0,2,60,,0.0,9,0,0,0,9,0,41,35,50,44,100,100,280,250,374,160,361,120,80,60,46,23,229,200
90938593,1,11642.0,4,120,,0.0,130,0,0,0,0,130,41,35,50,44,100,100,280,250,374,160,361,120,80,60,46,23,229,200
90942639,0,53927.0,12,178,10.0,10.0,164,5,34,24,0,101,41,35,69,50,100,78,272,4,294,160,339,120,83,60,49,25,218,116
90942639,1,70371.0,8,195,9.0,11.0,49,1,8,17,0,23,41,35,69,50,100,78,272,4,294,160,339,120,83,60,49,25,218,116
90942803,0,73470.0,12,281,9.0,19.0,331,0,39,147,0,145,38,29,56,50,100,61,272,1,324,160,282,120,77,60,42,25,250,200
90942803,1,44077.0,10,182,10.0,10.0,228,16,32,4,0,176,38,29,56,50,100,61,272,1,324,160,282,120,77,60,42,25,250,200
90945299,0,19899.0,1,30,,0.0,69,0,69,0,0,0,42,35,56,50,100,100,272,1,291,160,244,120,83,60,40,23,254,200
90945299,1,10640.0,7,203,,0.0,89,28,32,4,5,20,42,35,56,50,100,100,272,1,291,160,244,120,83,60,40,23,254,200
90949285,0,5550.0,2,60,6.0,0.0,22,0,6,0,0,16,40,35,52,50,101,100,272,250,354,160,290,120,93,60,42,25,253,200
90949285,1,3890.0,2,60,,0.0,9,0,0,0,9,0,40,35,52,50,101,100,272,250,354,160,290,120,93,60,42,25,253,200
90951891,0,2940.0,0,0,,0.0,1,0,0,0,0,1,39,35,58,50,100,100,280,250,332,160,282,120,74,60,44,25,256,200
90951891,1,3000.0,0,0,,0.0,0,0,0,0,0,0,39,35,58,50,100,100,280,250,332,160,282,120,74,60,44,25,256,200
90953484,0,26214.0,12,290,8.0,0.0,215,0,0,9,0,206,42,34,67,50,100,91,273,25,244,133,300,120,66,60,34,22,249,200
90953484,1,36376.0,7,203,,13.0,89,28,32,4,5,20,42,34,67,50,100,91,273,25,244,133,300,120,66,60,34,22,249,200
90954994,0,138368.0,14,275,7.0,13.0,129,0,25,40,0,64,41,32,52,50,100,58,272,1,347,160,234,120,92,60,50,23,218,1
90954994,1,22179.0,7,203,,0.0,89,28,32,4,5,20,41,32,52,50,100,58,272,1,347,160,234,120,92,60,50,23,218,1
90955016,0,37341.0,7,203,,13.0,89,28,32,4,5,20,41,35,59,50,100,100,273,25,332,160,268,120,124,60,50,25,249,200
90955016,1,3000.0,0,0,,0.0,0,0,0,0,0,0,41,35,59,50,100,100,273,25,332,160,268,120,124,60,50,25,249,200
90957701,0,59111.0,9,194,9.0,11.0,107,4,32,20,0,51,41,35,54,50,100,63,272,1,243,147,250,120,70,60,41,25,253,200
90957701,1,37312.0,11,189,10.0,10.0,263,180,38,0,0,45,41,35,54,50,100,63,272,1,243,147,250,120,70,60,41,25,253,200
90964205,0,3735.0,2,60,,0.0,9,0,0,0,9,0,42,35,68,50,100,100,280,250,291,160,256,120,74,60,45,25,247,200
90964205,1,260.0,0,0,0.0,0.0,15,0,0,0,0,15,42,35,68,50,100,100,280,250,291,160,256,120,74,60,45,25,247,200
90973304,0,33175.0,7,203,,13.0,89,28,32,4,5,20,42,33,53,50,100,50,272,4,291,160,287,120,68,60,46,25,252,200
90973304,1,59219.0,9,168,7.0,20.0,59,0,3,31,4,21,42,33,53,50,100,50,272,4,291,160,287,120,68,60,46,25,252,200
90978351,0,3000.0,0,0,,0.0,0,0,0,0,0,0,39,35,69,50,100,100,280,250,343,160,307,120,77,60,43,25,246,200
90978351,1,7827.0,1,29,,0.0,170,0,0,0,0,170,39,35,69,50,100,100,280,250,343,160,307,120,77,60,43,25,246,200
90984994,0,65525.0,14,189,10.0,11.0,148,19,23,37,0,69,41,35,62,50,100,68,272,1,361,160,323,120,92,60,50,25,221,1
90984994,1,14385.0,8,160,13.0,0.0,151,0,99,0,0,52,41,35,62,50,100,68,272,1,361,160,323,120,92,60,50,25,221,1
90990187,0,6943.0,12,215,0.0,0.0,215,0,30,0,0,185,39,32,54,50,100,100,272,1,383,160,302,120,101,60,44,25,244,200
90990187,1,21020.0,7,203,,0.0,89,28,32,4,5,20,39,32,54,50,100,100,272,1,383,160,302,120,101,60,44,25,244,200
90992667,0,50147.0,14,185,10.0,10.0,166,92,31,25,0,18,40,35,71,50,100,100,272,1,301,160,282,120,64,60,40,23,247,200
90992667,1,13200.0,5,112,0.0,0.0,154,0,30,48,0,76,40,35,71,50,100,100,272,1,301,160,282,120,64,60,40,23,247,200
91003571,0,4183.0,2,60,,0.0,9,0,0,0,9,0,42,35,54,50,100,100,280,250,262,160,327,120,113,60,45,25,248,200
91003571,1,5407.0,4,120,,0.0,73,19,0,0,0,54,42,35,54,50,100,100,280,250,262,160,327,120,113,60,45,25,248,200
91019255,0,6526.0,3,9,14.0,0.0,29,5,8,8,8,0,40,31,62,50,100,100,273,4,368,160,296,120,98,60,52,25,229,200
91019255,1,33328.0,7,203,,13.0,89,28,32,4,5,20,40,31,62,50,100,100,273,4,368,160,296,120,98,60,52,25,229,200
91036240,0,28292.0,7,210,0.0,0.0,239,0,24,0,0,215,41,34,66,50,100,100,272,1,291,160,319,120,88,60,29,21,249,200
91036240,1,16252.0,7,203,,0.0,90,29,34,4,4,19,41,34,66,50,100,100,272,1,291,160,319,120,88,60,29,21,249,200
91040222,0,11855.0,8,164,0.0,0.0,149,58,26,0,0,65,37,21,71,50,100,100,273,1,354,160,334,120,62,60,44,24,229,200
91040222,1,23104.0,7,203,,0.0,89,28,32,4,5,20,37,21,71,50,100,100,273,1,354,160,334,120,62,60,44,24,229,200
91042966,0,15223.0,12,301,6.0,0.0,110,0,6,0,0,104,41,34,55,42,100,71,273,4,311,160,295,120,94,60,46,22,251,200
91042966,1,32545.0,7,203,,13.0,89,28,32,4,5,20,41,34,55,42,100,71,273,4,311,160,295,120,94,60,46,22,251,200
91043722,0,24122.0,7,203,,0.0,89,28,32,4,5,20,41,33,61,50,100,100,272,1,296,160,222,120,85,60,47,25,253,200
91043722,1,2791.0,5,128,13.0,0.0,712,0,705,7,0,0,41,33,61,50,100,100,272,1,296,160,222,120,85,60,47,25,253,200
91045287,0,13280.0,7,203,,0.0,89,28,32,4,5,20,41,35,62,50,100,100,272,1,339,160,252,120,103,60,51,25,246,200
91045287,1,33112.0,13,181,11.0,11.0,140,20,38,67,1,14,41,35,62,50,100,100,272,1,339,160,252,120,103,60,51,25,246,200
91054806,0,2883.0,1,27,,0.0,8,0,0,0,0,8,39,35,67,50,100,100,280,250,368,160,311,120,81,60,52,25,229,200
91054806,1,2300.0,0,0,,0.0,30,30,0,0,0,0,39,35,67,50,100,100,280,250,368,160,311,120,81,60,52,25,229,200
91056489,0,35480.0,10,195,13.0,12.0,153,15,27,75,0,36,42,35,67,50,100,100,273,4,240,160,288,120,83,60,45,22,249,200
91056489,1,11907.0,7,203,,0.0,89,28,32,4,5,20,42,35,67,50,100,100,273,4,240,160,288,120,83,60,45,22,249,200
91060548,0,34112.0,7,203,,13.0,89,28,32,4,5,20,42,35,59,50,100,71,273,4,265,147,274,120,103,60,48,25,247,200
91060548,1,40420.0,12,272,7.0,13.0,114,0,18,18,0,78,42,35,59,50,100,71,273,4,265,147,274,120,103,60,48,25,247,200
91060619,0,7654.0,7,203,,0.0,89,28,32,4,5,20,40,34,68,50,100,86,272,4,283,160,286,120,85,60,51,25,234,200
91060619,1,69330.0,14,253,0.0,11.0,105,0,26,21,0,58,40,34,68,50,100,86,272,4,283,160,286,120,85,60,51,25,234,200
91064869,0,10604.0,1,1,,0.0,34,0,34,0,0,0,42,35,66,50,100,100,273,1,306,160,319,120,81,60,48,25,229,200
91064869,1,24702.0,7,203,,0.0,89,28,32,4,5,20,42,35,66,50,100,100,273,1,306,160,319,120,81,60,48,25,229,200
91067692,0,47121.0,3,84,,9.0,10,0,10,0,0,0,42,35,52,50,100,84,272,1,337,160,297,120,70,60,42,25,229,200
91067692,1,43383.0,11,184,10.0,10.0,207,93,33,15,0,66,42,35,52,50,100,84,272,1,337,160,297,120,70,60,42,25,229,200
91077178,0,28585.0,7,203,,0.0,89,28,32,4,5,20,42,34,56,50,101,60,273,4,271,160,268,120,83,60,49,25,218,199
91077178,1,52252.0,10,278,9.0,13.0,304,0,15,0,0,289,42,34,56,50,101,60,273,4,271,160,268,120,83,60,49,25,218,199
91079057,0,24378.0,7,210,,0.0,100,0,50,0,0,50,42,35,67,50,100,100,272,4,301,160,319,120,72,60,44,24,242,200
91079057,1,11265.0,7,203,,0.0,89,28,32,4,5,20,42,35,67,50,100,100,272,4,301,160,319,120,72,60,44,24,242,200
91092962,0,48647.0,15,326,8.0,17.0,81,0,24,14,0,43,41,35,59,50,100,83,272,1,292,160,204,120,100,60,43,25,246,192
91092962,1,45201.0,10,187,10.0,10.0,240,90,29,4,0,117,41,35,59,50,100,83,272,1,292,160,204,120,100,60,43,25,246,192
91093797,0,18664.0,7,203,,0.0,89,28,32,4,5,20,37,31,72,50,101,100,272,4,350,160,327,120,66,60,50,25,229,200
91093797,1,13494.0,3,49,,0.0,168,0,35,130,0,3,37,31,72,50,101,100,272,4,350,160,327,120,66,60,50,25,229,200
91093857,0,3000.0,0,0,,0.0,0,0,0,0,0,0,41,35,57,50,100,100,280,250,339,160,265,120,98,60,45,25,250,200
91093857,1,2100.0,0,0,,0.0,0,0,0,0,0,0,41,35,57,50,100,100,280,250,339,160,265,120,98,60,45,25,250,200
91105859,0,30087.0,8,240,,9.0,1,0,1,0,0,0,42,34,55,50,100,49,273,25,240,160,302,120,90,60,55,25,249,200
91105859,1,37240.0,7,203,,13.0,89,28,32,4,5,20,42,34,55,50,100,49,273,25,240,160,302,120,90,60,55,25,249,200
91109385,0,30073.0,8,216,11.0,11.0,354,0,55,0,0,299,37,31,59,50,100,100,272,1,354,160,288,120,79,60,32,21,252,200
91109385,1,7259.0,7,203,,0.0,89,28,32,4,5,20,37,31,59,50,100,100,272,1,354,160,288,120,79,60,32,21,252,200
91109569,0,3709.0,2,60,,0.0,9,0,0,0,9,0,41,35,67,50,100,100,280,250,315,160,282,120,72,60,44,25,248,200
91109569,1,8383.0,0,0,,0.0,114,0,0,0,0,114,41,35,67,50,100,100,280,250,315,160,282,120,72,60,44,25,248,200
91114829,0,3346.0,0,0,,0.0,15,0,0,0,0,15,41,35,69,50,100,100,280,250,347,160,290,120,82,60,47,25,229,200
91114829,1,3826.0,2,60,,0.0,9,0,0,0,9,0,41,35,69,50,100,100,280,250,347,160,290,120,82,60,47,25,229,200
91118098,0,3657.0,2,60,,0.0,9,0,0,0,9,0,41,35,62,50,100,100,272,240,286,160,293,120,67,60,43,25,255,200
91118098,1,4007.0,3,84,0.0,0.0,144,0,44,0,0,100,41,35,62,50,100,100,272,240,286,160,293,120,67,60,43,25,255,200
91119822,0,37231.0,7,203,,13.0,89,28,32,4,5,20,42,35,54,50,100,100,273,25,296,160,276,120,114,60,46,25,244,200
91119822,1,2000.0,0,0,,0.0,603,0,0,0,603,0,42,35,54,50,100,100,273,25,296,160,276,120,114,60,46,25,244,200
91130359,0,21004.0,7,203,,0.0,89,28,32,4,5,20,42,35,56,50,100,96,272,4,291,160,312,120,98,60,46,22,252,200
91130359,1,17947.0,9,216,12.0,0.0,88,0,30,0,0,58,42,35,56,50,100,96,272,4,291,160,312,120,98,60,46,22,252,200
91137401,0,18203.0,10,217,12.0,0.0,92,0,30,0,0,62,42,34,67,50,100,97,272,4,301,160,295,120,70,60,43,22,240,200
91137401,1,20510.0,7,203,,0.0,89,28,32,4,5,20,42,34,67,50,100,97,272,4,301,160,295,120,70,60,43,22,240,200
91140863,0,36568.0,11,186,10.0,10.0,214,30,32,4,8,140,37,25,53,50,100,84,272,1,350,160,232,120,82,60,38,22,250,200
91140863,1,43039.0,10,259,0.0,10.0,145,19,21,25,0,80,37,25,53,50,100,84,272,1,350,160,232,120,82,60,38,22,250,200
91145070,0,23047.0,8,240,,0.0,143,0,0,0,0,143,41,33,67,50,100,73,273,25,339,160,306,120,88,60,47,22,224,5
91145070,1,36816.0,7,203,,13.0,89,28,32,4,5,20,41,33,67,50,100,73,273,25,339,160,306,120,88,60,47,22,224,5
91157518,0,20435.0,7,203,,0.0,89,28,32,4,5,20,40,32,60,50,100,100,272,4,324,160,288,120,62,60,42,24,255,200
91157518,1,1808.0,10,239,8.0,0.0,212,0,149,63,0,0,40,32,60,50,100,100,272,4,324,160,288,120,62,60,42,24,255,200
91160116,0,17448.0,7,203,,0.0,89,28,32,4,5,20,37,31,76,50,100,53,272,1,266,160,256,120,62,60,46,25,218,1
91160116,1,165820.0,14,277,7.0,12.0,158,0,24,42,0,92,37,31,76,50,100,53,272,1,266,160,256,120,62,60,46,25,218,1
91165552,0,26159.0,7,203,,0.0,89,28,32,4,5,20,42,31,64,50,100,100,272,1,278,160,284,120,107,60,49,25,226,66
91165552,1,57869.0,10,237,11.0,17.0,171,4,43,0,0,124,42,31,64,50,100,100,272,1,278,160,284,120,107,60,49,25,226,66
91168239,0,32196.0,9,154,0.0,11.0,110,0,40,70,0,0,42,35,70,50,100,100,272,4,301,160,213,120,103,60,50,25,229,200
91168239,1,21314.0,7,203,,0.0,90,27,34,3,4,22,42,35,70,50,100,100,272,4,301,160,213,120,103,60,50,25,229,200
91188487,0,2300.0,0,0,,0.0,30,30,0,0,0,0,42,35,60,50,100,97,280,250,319,160,265,120,94,60,49,25,248,200
91188487,1,1.0,1,1,,0.0,0,0,0,0,0,0,42,35,60,50,100,97,280,250,319,160,265,120,94,60,49,25,248,200
91202531,0,3000.0,0,0,,0.0,0,0,0,0,0,0,40,35,64,50,100,100,280,250,357,160,304,120,81,60,45,25,244,200
91202531,1,3663.0,0,0,,0.0,8,0,0,0,0,8,40,35,64,50,100,100,280,250,357,160,304,120,81,60,45,25,244,200
91205139,0,3838.0,2,60,,0.0,9,0,0,0,9,0,41,35,58,50,100,100,276,250,357,160,344,120,84,60,52,25,229,200
91205139,1,5957.0,0,0,,0.0,3,0,3,0,0,0,41,35,58,50,100,100,276,250,357,160,344,120,84,60,52,25,229,200
91205199,0,11836.0,7,189,0.0,0.0,288,15,27,0,0,246,42,35,63,50,100,90,273,1,277,160,295,120,75,60,27,21,239,200
91205199,1,26049.0,7,203,,0.0,89,28,32,4,5,20,42,35,63,50,100,90,273,1,277,160,295,120,75,60,27,21,239,200
91205826,0,128842.0,14,263,7.0,10.0,174,0,24,42,0,108,42,35,63,50,100,58,272,1,186,66,210,120,96,60,48,23,246,200
91205826,1,16590.0,7,203,,0.0,89,28,32,4,5,20,42,35,63,50,100,58,272,1,186,66,210,120,96,60,48,23,246,200
91213018,0,47818.0,12,183,10.0,10.0,198,7,30,15,0,146,42,35,68,50,100,74,272,1,240,124,265,120,83,60,46,25,231,151
91213018,1,40974.0,9,217,,8.0,16,0,16,0,0,0,42,35,68,50,100,74,272,1,240,124,265,120,83,60,46,25,231,151
91213120,0,13358.0,8,162,0.0,0.0,222,71,25,2,0,124,41,33,64,50,100,100,273,1,301,160,279,120,68,60,39,24,253,200
91213120,1,30768.0,7,203,,13.0,89,28,32,4,5,20,41,33,64,50,100,100,273,1,301,160,279,120,68,60,39,24,253,200
91218227,0,80944.0,12,306,9.0,12.0,98,0,25,49,0,24,41,35,66,50,100,47,272,4,261,160,279,120,107,60,54,25,220,1
91218227,1,26716.0,7,203,,0.0,89,28,32,4,5,20,41,35,66,50,100,47,272,4,261,160,279,120,107,60,54,25,220,1
91218247,0,6579.0,1,25,,0.0,79,72,0,0,0,7,42,31,60,50,100,100,273,25,311,160,309,120,77,60,47,23,229,200
91218247,1,36900.0,7,203,,13.0,89,28,32,4,5,20,42,31,60,50,100,100,273,25,311,160,309,120,77,60,47,23,229,200
91229737,0,75572.0,12,311,7.0,13.0,99,26,21,33,0,19,40,29,62,50,100,81,272,1,289,160,292,120,96,60,42,25,247,200
91229737,1,44950.0,11,184,10.0,10.0,246,56,30,5,0,155,40,29,62,50,100,81,272,1,289,160,292,120,96,60,42,25,247,200
91229837,0,25234.0,12,302,7.0,0.0,139,0,21,65,0,53,42,35,52,50,100,89,272,1,315,160,217,120,98,60,44,25,245,197
91229837,1,41461.0,13,191,10.0,10.0,261,152,32,0,0,77,42,35,52,50,100,89,272,1,315,160,217,120,98,60,44,25,245,197
91231499,0,59830.0,12,186,10.0,10.0,163,18,29,25,0,91,40,34,60,50,100,31,272,1,326,160,318,120,77,60,49,23,220,5
91231499,1,87588.0,7,125,,13.0,47,3,12,6,0,26,40,34,60,50,100,31,272,1,326,160,318,120,77,60,49,23,220,5
91233483,0,23780.0,7,203,,0.0,91,28,34,3,6,20,40,31,58,50,100,97,272,1,299,160,283,120,105,60,52,25,249,200
91233483,1,25391.0,12,284,2.0,0.0,77,54,16,7,0,0,40,31,58,50,100,97,272,1,299,160,283,120,105,60,52,25,249,200
91240336,0,46071.0,12,284,7.0,18.0,149,15,12,28,0,94,40,35,82,50,100,79,272,1,193,99,259,120,77,60,45,25,218,72
91240336,1,47549.0,12,187,10.0,10.0,245,13,29,0,0,203,40,35,82,50,100,79,272,1,193,99,259,120,77,60,45,25,218,72
91242276,0,40663.0,10,256,9.0,11.0,116,46,0,0,0,70,41,30,55,50,100,66,273,25,262,160,306,120,62,60,46,25,246,200
91242276,1,36916.0,7,203,,13.0,89,28,32,4,5,20,41,30,55,50,100,66,273,25,262,160,306,120,62,60,46,25,246,200
91255422,0,36866.0,7,203,,13.0,89,28,32,4,5,20,42,35,72,50,100,100,273,25,306,160,309,120,62,60,46,25,229,200
91255422,1,3000.0,0,0,,0.0,0,0,0,0,0,0,42,35,72,50,100,100,273,25,306,160,309,120,62,60,46,25,229,200
91259204,0,5183.0,0,0,,0.0,64,0,0,0,0,64,42,35,62,50,100,100,280,250,280,160,278,120,122,60,50,25,229,200
91259204,1,2300.0,0,0,,0.0,30,30,0,0,0,0,42,35,62,50,100,100,280,250,280,160,278,120,122,60,50,25,229,200
91283885,0,47662.0,12,184,10.0,10.0,209,127,37,12,0,33,41,35,64,50,100,100,272,1,328,160,284,120,70,60,41,25,229,200
91283885,1,3000.0,0,0,,0.0,0,0,0,0,0,0,41,35,64,50,100,100,272,1,328,160,284,120,70,60,41,25,229,200
91287604,0,7400.0,7,203,,0.0,89,28,32,4,5,20,42,33,62,50,100,100,272,4,319,160,302,120,79,60,35,25,244,200
91287604,1,37581.0,8,193,,10.0,216,0,25,0,0,191,42,33,62,50,100,100,272,4,319,160,302,120,79,60,35,25,244,200
91292830,0,16358.0,7,203,,0.0,89,28,32,4,5,20,40,32,64,50,100,58,272,1,237,160,203,118,70,60,48,25,252,200
91292830,1,148288.0,14,262,7.0,10.0,174,0,24,42,0,108,40,32,64,50,100,58,272,1,237,160,203,118,70,60,48,25,252,200
91293017,0,43830.0,12,282,7.0,10.0,214,0,22,26,0,166,42,35,72,50,100,100,272,1,255,160,286,120,98,60,45,22,229,200
91293017,1,14276.0,7,203,,0.0,89,28,32,4,5,20,42,35,72,50,100,100,272,1,255,160,286,120,98,60,45,22,229,200
91294863,0,22057.0,8,185,,0.0,159,0,27,0,0,132,41,35,75,50,100,100,272,1,240,160,267,120,90,60,42,25,246,200
91294863,1,44363.0,13,194,10.0,10.0,197,130,23,22,0,22,41,35,75,50,100,100,272,1,240,160,267,120,90,60,42,25,246,200
91298464,0,39738.0,12,279,7.0,10.0,205,0,22,26,0,157,41,35,68,50,100,100,272,1,315,160,276,120,64,60,27,21,229,200
91298464,1,30575.0,12,192,10.0,10.0,233,190,30,13,0,0,41,35,68,50,100,100,272,1,315,160,276,120,64,60,27,21,229,200
91301818,0,13472.0,7,203,,0.0,89,28,32,4,5,20,42,35,52,50,100,69,272,4,319,160,276,120,72,60,44,24,246,200
91301818,1,41002.0,9,223,0.0,11.0,36,18,18,0,0,0,42,35,52,50,100,69,272,4,319,160,276,120,72,60,44,24,246,200
91303734,0,13134.0,12,272,12.0,0.0,269,0,186,68,0,15,42,35,58,50,100,100,272,1,206,160,233,120,70,60,40,24,256,200
91303734,1,14806.0,7,203,,0.0,89,27,32,4,5,21,42,35,58,50,100,100,272,1,206,160,233,120,70,60,40,24,256,200
91312557,0,24167.0,2,60,,0.0,68,0,22,23,23,0,42,35,57,50,100,100,272,4,280,160,271,120,88,60,43,25,249,200
91312557,1,9756.0,7,203,,0.0,89,28,32,4,5,20,42,35,57,50,100,100,272,4,280,160,271,120,88,60,43,25,249,200
91315297,0,97161.0,12,326,9.0,15.0,122,0,16,30,0,76,40,32,69,50,100,45,272,4,286,160,321,120,79,60,53,25,229,200
91315297,1,25211.0,7,203,,0.0,89,28,32,4,5,20,40,32,69,50,100,45,272,4,286,160,321,120,79,60,53,25,229,200
91319104,0,6307.0,0,0,,0.0,78,42,0,0,8,28,42,35,65,50,100,100,280,250,269,160,317,120,91,60,50,25,229,200
91319104,1,3861.0,2,60,,0.0,9,0,0,0,9,0,42,35,65,50,100,100,280,250,269,160,317,120,91,60,50,25,229,200
91320726,0,31724.0,7,203,,13.0,89,28,32,4,5,20,37,28,59,50,100,100,273,4,368,160,324,120,77,60,45,24,229,200
91320726,1,39091.0,10,193,11.0,16.0,197,90,26,81,0,0,37,28,59,50,100,100,273,4,368,160,324,120,77,60,45,24,229,200
91322676,0,46634.0,4,96,7.0,10.0,37,12,0,0,0,25,37,29,60,50,100,71,273,25,337,160,288,120,88,60,50,25,249,195
91322676,1,36884.0,7,203,,13.0,89,28,32,4,5,20,37,29,60,50,100,71,273,25,337,160,288,120,88,60,50,25,249,195
91328830,0,20172.0,3,90,5.0,0.0,232,93,11,9,8,111,42,31,50,45,100,94,272,4,357,160,306,120,61,49,37,24,247,200
91328830,1,27633.0,7,203,,0.0,89,28,32,4,5,20,42,31,50,45,100,94,272,4,357,160,306,120,61,49,37,24,247,200
91332569,0,3151.0,7,124,1.0,0.0,120,0,0,0,0,120,41,35,68,50,100,100,280,250,332,160,304,120,74,60,43,23,229,200
91332569,1,3000.0,0,0,,0.0,0,0,0,0,0,0,41,35,68,50,100,100,280,250,332,160,304,120,74,60,43,23,229,200
91334330,0,2300.0,0,0,,0.0,30,30,0,0,0,0,41,35,62,50,100,100,280,250,336,160,327,120,102,60,48,25,244,200
91334330,1,8.0,5,5,,0.0,0,0,0,0,0,0,41,35,62,50,100,100,280,250,336,160,327,120,102,60,48,25,244,200
91336783,0,44549.0,11,182,10.0,10.0,205,84,34,14,0,73,41,27,62,50,100,81,272,1,246,160,250,120,68,60,41,25,234,196
91336783,1,80013.0,10,277,0.0,17.0,244,120,17,13,0,94,41,27,62,50,100,81,272,1,246,160,250,120,68,60,41,25,234,196
91337741,0,22116.0,9,227,,0.0,59,0,21,0,0,38,37,31,58,50,100,100,272,1,264,160,259,120,66,60,42,25,260,200
91337741,1,19913.0,7,203,,0.0,89,28,32,4,5,20,37,31,58,50,100,100,272,1,264,160,259,120,66,60,42,25,260,200
91361427,0,9686.0,1,30,,0.0,181,0,181,0,0,0,42,35,58,50,100,100,272,246,319,160,293,120,132,60,52,25,240,200
91361427,1,4290.0,2,60,,0.0,9,0,0,0,9,0,42,35,58,50,100,100,272,246,319,160,293,120,132,60,52,25,240,200
91374052,0,22070.0,14,248,17.0,0.0,138,0,13,13,0,112,40,32,59,50,100,87,272,1,265,160,156,12,87,60,37,25,255,200
91374052,1,41766.0,12,184,10.0,10.0,242,130,38,0,0,74,40,32,59,50,100,87,272,1,265,160,156,12,87,60,37,25,255,200
91376046,0,3000.0,0,0,,0.0,0,0,0,0,0,0,42,35,73,50,100,100,280,250,301,160,293,120,85,60,49,25,229,200
91376046,1,2300.0,0,0,,0.0,30,30,0,0,0,0,42,35,73,50,100,100,280,250,301,160,293,120,85,60,49,25,229,200
91378741,0,12806.0,0,0,,0.0,28,11,13,0,0,4,41,32,60,50,100,100,272,4,262,160,222,120,72,60,39,23,257,200
91378741,1,24950.0,7,203,,0.0,88,26,32,4,5,21,41,32,60,50,100,100,272,4,262,160,222,120,72,60,39,23,257,200
91410956,0,60061.0,12,298,9.0,12.0,127,0,6,16,0,105,41,34,77,50,100,89,272,4,262,160,213,120,72,60,45,25,231,1
91410956,1,27352.0,7,203,,0.0,89,28,32,4,5,20,41,34,77,50,100,89,272,4,262,160,213,120,72,60,45,25,231,1
91430748,0,22951.0,7,203,,0.0,89,28,32,4,5,20,41,33,52,50,100,51,272,4,354,160,202,118,103,60,46,25,218,1
91430748,1,143909.0,14,280,6.0,14.0,200,0,19,37,0,144,41,33,52,50,100,51,272,4,354,160,202,118,103,60,46,25,218,1
91440691,0,110319.0,9,264,0.0,11.0,164,22,18,16,0,108,41,26,56,49,100,71,272,1,250,160,233,120,97,60,45,23,244,200
91440691,1,42996.0,14,187,10.0,10.0,173,33,27,20,3,90,41,26,56,49,100,71,272,1,250,160,233,120,97,60,45,23,244,200
91440971,0,39352.0,9,220,,10.0,58,0,25,33,0,0,40,35,52,50,100,100,272,1,404,160,331,120,68,60,46,25,229,200
91440971,1,48439.0,14,186,10.0,10.0,164,5,25,25,0,109,40,35,52,50,100,100,272,1,404,160,331,120,68,60,46,25,229,200
91443457,0,12772.0,3,78,5.0,0.0,247,0,0,0,0,247,42,35,71,50,100,100,280,250,311,160,297,120,77,60,37,22,229,200
91443457,1,2300.0,0,0,,0.0,30,30,0,0,0,0,42,35,71,50,100,100,280,250,311,160,297,120,77,60,37,22,229,200
91443711,0,4429.0,10,95,,0.0,24,0,6,13,0,5,41,35,66,50,100,100,280,250,347,160,274,120,72,60,48,25,240,200
91443711,1,2300.0,0,0,,0.0,30,30,0,0,0,0,41,35,66,50,100,100,280,250,347,160,274,120,72,60,48,25,240,200
91458721,0,145244.0,14,280,6.0,15.0,199,0,16,39,0,144,40,35,56,50,100,51,272,1,326,160,249,120,79,60,42,25,218,1
91458721,1,37715.0,11,190,10.0,10.0,266,146,33,0,0,87,40,35,56,50,100,51,272,1,326,160,249,120,79,60,42,25,218,1
91470670,0,5957.0,0,0,,0.0,3,0,3,0,0,0,43,35,62,50,100,100,276,250,291,160,282,120,78,60,45,25,229,200
91470670,1,3735.0,2,60,,0.0,9,0,0,0,9,0,43,35,62,50,100,100,276,250,291,160,282,120,78,60,45,25,229,200
91484257,0,60263.0,14,183,10.0,10.0,121,49,29,41,2,0,40,28,71,50,100,100,272,1,328,160,313,120,67,60,27,21,229,200
91484257,1,6439.0,9,270,0.0,0.0,400,80,80,0,0,240,40,28,71,50,100,100,272,1,328,160,313,120,67,60,27,21,229,200
91489726,0,0.0,4,97,,,84,0,84,0,0,0,41,30,60,50,100,100,272,1,339,160,268,120,83,60,41,25,248,200
91489726,1,52477.0,12,189,10.0,10.0,193,56,25,17,0,95,41,30,60,50,100,100,272,1,339,160,268,120,83,60,41,25,248,200
91490701,0,39776.0,10,185,10.0,10.0,215,95,35,11,0,74,40,35,69,50,100,100,272,1,332,160,273,120,79,60,43,25,229,200
91490701,1,34925.0,14,268,11.0,11.0,194,55,24,53,0,62,40,35,69,50,100,100,272,1,332,160,273,120,79,60,43,25,229,200
91492486,0,63557.0,12,266,9.0,11.0,201,44,16,41,0,100,40,35,71,50,100,70,272,1,245,154,265,120,79,60,49,25,247,200
91492486,1,20316.0,7,203,,0.0,89,28,32,4,5,20,40,35,71,50,100,70,272,1,245,154,265,120,79,60,49,25,247,200
91492490,0,104384.0,12,304,10.0,10.0,86,0,12,62,0,12,40,35,60,50,100,69,272,1,264,160,267,120,83,60,42,25,252,200
91492490,1,36741.0,11,187,10.0,10.0,210,58,31,12,0,109,40,35,60,50,100,69,272,1,264,160,267,120,83,60,42,25,252,200
91499059,0,55897.0,14,181,10.0,10.0,128,10,35,39,0,44,38,35,60,50,100,81,272,1,339,160,296,120,68,60,44,23,252,200
91499059,1,32661.0,8,215,3.0,11.0,141,0,20,0,0,121,38,35,60,50,100,81,272,1,339,160,296,120,68,60,44,23,252,200
91505448,0,44674.0,11,181,10.0,10.0,182,5,31,19,0,127,41,35,62,50,100,91,272,1,321,160,291,120,127,60,49,25,229,200
91505448,1,38690.0,12,196,25.0,10.0,69,4,14,0,8,43,41,35,62,50,100,91,272,1,321,160,291,120,127,60,49,25,229,200
91507168,0,3822.0,2,60,,0.0,9,0,0,0,9,0,43,35,67,50,100,100,272,99,262,160,301,120,77,60,46,25,218,199
91507168,1,24560.0,7,210,11.0,0.0,124,9,78,1,11,25,43,35,67,50,100,100,272,99,262,160,301,120,77,60,46,25,218,199
91510118,0,36921.0,7,203,,13.0,89,28,32,4,5,20,42,35,50,43,100,54,273,25,240,160,259,120,85,60,44,25,255,200
91510118,1,29389.0,6,93,,0.0,48,0,0,0,0,48,42,35,50,43,100,54,273,25,240,160,259,120,85,60,44,25,255,200
91512849,0,3657.0,2,60,,0.0,9,0,0,0,9,0,40,35,69,50,100,100,276,250,319,160,286,120,67,60,49,25,249,200
91512849,1,5957.0,0,0,,0.0,3,0,3,0,0,0,40,35,69,50,100,100,276,250,319,160,286,120,67,60,49,25,249,200
91515360,0,22758.0,7,203,,0.0,89,28,32,4,5,20,42,35,60,50,100,86,272,4,305,139,272,120,62,60,48,25,218,31
91515360,1,46086.0,11,254,10.0,11.0,43,0,22,19,0,2,42,35,60,50,100,86,272,4,305,139,272,120,62,60,48,25,218,31
91535675,0,59478.0,9,255,11.0,11.0,75,0,26,49,0,0,42,34,62,50,100,100,272,4,336,160,326,120,83,60,52,25,229,200
91535675,1,9872.0,7,203,,0.0,89,28,32,4,5,20,42,34,62,50,100,100,272,4,336,160,326,120,83,60,52,25,229,200
91538205,0,69822.0,14,262,6.0,11.0,199,0,19,37,0,143,40,35,82,50,100,55,272,1,186,1,181,1,70,60,42,25,237,116
91538205,1,37259.0,11,188,10.0,10.0,254,112,31,0,0,111,40,35,82,50,100,55,272,1,186,1,181,1,70,60,42,25,237,116
91546492,0,59837.0,12,179,10.0,10.0,143,2,37,26,0,78,42,35,55,50,100,34,272,1,225,160,316,120,79,60,52,25,245,199
91546492,1,75990.0,7,187,10.0,13.0,3,0,0,3,0,0,42,35,55,50,100,34,272,1,225,160,316,120,79,60,52,25,245,199
91546725,0,25713.0,7,203,,0.0,89,28,32,4,5,20,40,33,50,42,100,78,273,4,386,160,334,120,87,60,48,25,229,200
91546725,1,25675.0,6,146,12.0,0.0,152,0,84,0,19,49,40,33,50,42,100,78,273,4,386,160,334,120,87,60,48,25,229,200
91546760,0,3000.0,0,0,,0.0,0,0,0,0,0,0,42,35,63,50,100,100,280,250,328,160,301,120,74,60,46,25,246,200
91546760,1,2300.0,0,0,,0.0,30,30,0,0,0,0,42,35,63,50,100,100,280,250,328,160,301,120,74,60,46,25,246,200
91549522,0,31236.0,7,203,,13.0,89,28,32,4,5,20,42,28,59,50,100,96,272,1,208,160,219,120,85,60,34,21,256,200
91549522,1,43994.0,8,231,2.0,17.0,355,91,5,112,0,147,42,28,59,50,100,96,272,1,208,160,219,120,85,60,34,21,256,200
91554736,0,46198.0,10,175,10.0,10.0,208,8,40,3,0,157,40,33,72,50,100,100,272,1,339,160,240,120,94,60,46,25,229,200
91554736,1,3997.0,13,13,,0.0,25,5,0,20,0,0,40,33,72,50,100,100,272,1,339,160,240,120,94,60,46,25,229,200
91561350,0,3000.0,0,0,,0.0,0,0,0,0,0,0,42,35,52,50,100,100,280,250,339,160,307,120,95,60,43,25,246,200
91561350,1,3917.0,2,60,,0.0,9,0,0,0,9,0,42,35,52,50,100,100,280,250,339,160,307,120,95,60,43,25,246,200
91562197,0,14949.0,7,203,,0.0,89,28,32,4,5,20,41,35,60,50,100,100,272,4,248,160,254,120,81,60,29,21,258,200
91562197,1,28165.0,4,120,,0.0,138,0,26,0,0,112,41,35,60,50,100,100,272,4,248,160,254,120,81,60,29,21,258,200
91565829,0,3774.0,2,60,,0.0,9,0,0,0,9,0,39,35,70,50,100,100,280,250,332,160,324,120,76,60,39,21,247,200
91565829,1,12198.0,10,284,,0.0,340,0,0,0,0,340,39,35,70,50,100,100,280,250,332,160,324,120,76,60,39,21,247,200
91568710,0,23980.0,10,159,20.0,0.0,43,0,28,3,0,12,42,33,65,50,100,83,272,4,318,160,341,120,77,60,52,25,229,200
91568710,1,24830.0,7,203,,0.0,89,28,32,4,5,20,42,33,65,50,100,83,272,4,318,160,341,120,77,60,52,25,229,200
91572434,0,53178.0,12,182,10.0,10.0,183,6,32,17,0,128,40,35,66,50,100,71,272,1,355,160,312,120,81,60,50,25,218,5
91572434,1,0.0,10,231,10.0,,268,1,16,101,0,150,40,35,66,50,100,71,272,1,355,160,312,120,81,60,50,25,218,5
91573143,0,80477.0,8,238,12.0,11.0,30,0,18,12,0,0,42,33,62,50,100,54,272,4,266,160,308,120,70,60,50,25,246,200
91573143,1,22988.0,7,203,,0.0,89,28,32,4,5,20,42,33,62,50,100,54,272,4,266,160,308,120,70,60,50,25,246,200
91576849,0,16738.0,7,203,,0.0,89,28,32,4,5,20,41,32,57,50,100,61,273,4,303,160,348,120,96,60,57,25,218,1
91576849,1,84067.0,11,258,11.0,12.0,40,2,14,24,0,0,41,32,57,50,100,61,273,4,303,160,348,120,96,60,57,25,218,1
91581491,0,24139.0,7,203,,0.0,89,28,32,4,5,20,40,32,65,50,100,100,272,4,330,160,292,120,109,60,52,25,240,200
91581491,1,43897.0,8,215,9.0,11.0,43,2,9,16,0,16,40,32,65,50,100,100,272,4,330,160,292,120,109,60,52,25,240,200
91586162,0,22428.0,7,203,,0.0,89,28,32,4,5,20,42,35,80,50,100,82,272,4,241,99,323,120,68,60,53,25,229,200
91586162,1,52323.0,9,168,11.0,11.0,213,0,48,42,0,123,42,35,80,50,100,82,272,4,241,99,323,120,68,60,53,25,229,200
91606402,0,34694.0,7,203,,13.0,89,28,32,4,5,20,41,32,57,50,100,98,272,1,309,160,269,120,92,60,42,21,249,200
91606402,1,32443.0,10,279,0.0,12.0,162,32,5,29,0,96,41,32,57,50,100,98,272,1,309,160,269,120,92,60,42,21,249,200
91609911,0,47516.0,12,186,10.0,10.0,214,110,33,12,0,59,41,35,65,50,100,100,272,1,280,160,280,120,64,60,41,25,248,200
91609911,1,4084.0,1,27,6.0,0.0,162,129,33,0,0,0,41,35,65,50,100,100,272,1,280,160,280,120,64,60,41,25,248,200
91619476,0,55901.0,10,226,11.0,10.0,146,0,33,54,0,59,41,35,60,50,100,100,272,1,306,160,261,120,105,60,42,22,229,200
91619476,1,33631.0,14,198,10.0,10.0,283,204,23,4,0,52,41,35,60,50,100,100,272,1,306,160,261,120,105,60,42,22,229,200
91623882,0,47584.0,8,154,9.0,11.0,111,31,12,2,0,66,42,34,67,50,100,70,273,4,258,160,334,120,75,60,45,23,240,200
91623882,1,27763.0,7,203,,0.0,89,28,32,4,5,20,42,34,67,50,100,70,273,4,258,160,334,120,75,60,45,23,240,200
91624721,0,33928.0,7,203,,13.0,89,28,32,4,5,20,37,31,54,46,100,87,272,1,392,160,337,120,79,60,46,25,226,200
91624721,1,15160.0,10,297,0.0,0.0,73,0,9,0,0,64,37,31,54,46,100,87,272,1,392,160,337,120,79,60,46,25,226,200
91626589,0,40913.0,11,191,10.0,10.0,231,124,35,2,11,59,40,32,67,50,100,100,272,1,296,160,248,120,86,60,41,22,249,200
91626589,1,10317.0,10,260,10.0,0.0,248,0,59,33,0,156,40,32,67,50,100,100,272,1,296,160,248,120,86,60,41,22,249,200
91636118,0,3993.0,2,60,,0.0,9,0,0,0,9,0,42,35,55,50,102,100,272,224,231,160,290,120,102,60,43,25,252,200
91636118,1,0.0,15,124,12.0,,106,0,28,0,0,78,42,35,55,50,102,100,272,224,231,160,290,120,102,60,43,25,252,200
91643312,0,32355.0,7,203,,13.0,89,28,32,4,5,20,41,35,52,50,100,100,272,1,380,160,318,120,103,60,27,21,240,200
91643312,1,4652.0,8,240,0.0,0.0,747,0,19,48,0,680,41,35,52,50,100,100,272,1,380,160,318,120,103,60,27,21,240,200
91647114,0,4008.0,2,60,,0.0,9,0,0,0,9,0,41,28,58,50,100,73,275,179,314,160,321,120,95,60,54,23,240,200
91647114,1,14355.0,15,293,4.0,0.0,83,15,25,0,0,43,41,28,58,50,100,73,275,179,314,160,321,120,95,60,54,23,240,200
91660010,0,35831.0,14,194,10.0,10.0,275,174,28,0,0,73,41,35,62,50,100,99,272,1,312,160,219,120,85,60,41,25,248,200
91660010,1,9713.0,10,205,10.0,0.0,242,0,64,39,0,139,41,35,62,50,100,99,272,1,312,160,219,120,85,60,41,25,248,200
91662025,0,70944.0,10,300,0.0,17.0,415,0,0,382,0,33,42,35,55,50,100,55,272,1,251,160,285,120,81,60,44,25,234,197
91662025,1,47837.0,10,181,10.0,10.0,208,84,38,10,0,76,42,35,55,50,100,55,272,1,251,160,285,120,81,60,44,25,234,197
91667409,0,18557.0,7,203,,0.0,89,28,32,4,5,20,42,35,68,50,100,100,272,1,269,160,259,120,77,60,48,25,248,200
91667409,1,12662.0,10,298,,0.0,93,0,93,0,0,0,42,35,68,50,100,100,272,1,269,160,259,120,77,60,48,25,248,200
91669184,0,1605.0,12,179,,0.0,1,0,1,0,0,0,42,35,62,50,100,100,272,1,280,160,263,120,79,60,42,25,249,200
91669184,1,45155.0,12,180,10.0,10.0,216,86,41,8,0,81,42,35,62,50,100,100,272,1,280,160,263,120,79,60,42,25,249,200
91680613,0,36956.0,7,203,,13.0,89,28,32,4,5,20,41,34,52,50,100,67,273,25,312,160,302,120,75,60,51,25,249,200
91680613,1,55175.0,8,224,12.0,8.0,3,3,0,0,0,0,41,34,52,50,100,67,273,25,312,160,302,120,75,60,51,25,249,200
91695409,0,45353.0,10,181,10.0,10.0,220,30,41,4,0,145,40,29,64,50,100,70,272,1,355,160,240,120,111,60,46,23,222,1
91695409,1,37869.0,11,293,10.0,13.0,131,0,5,42,0,84,40,29,64,50,100,70,272,1,355,160,240,120,111,60,46,23,222,1
91699266,0,20513.0,7,203,,0.0,87,26,35,3,4,19,42,35,58,50,100,100,273,4,269,160,259,120,72,60,38,24,253,200
91699266,1,12161.0,10,238,0.0,0.0,25,5,16,1,0,3,42,35,58,50,100,100,273,4,269,160,259,120,72,60,38,24,253,200
91706561,0,2300.0,0,0,,0.0,30,30,0,0,0,0,42,34,56,50,100,100,280,250,350,160,290,120,81,60,47,25,229,200
91706561,1,2454.0,1,12,0.0,0.0,108,108,0,0,0,0,42,34,56,50,100,100,280,250,350,160,290,120,81,60,47,25,229,200
91707512,0,36692.0,7,203,,13.0,89,28,32,4,5,20,42,26,50,40,100,41,273,25,266,160,263,120,81,60,45,25,249,200
91707512,1,49398.0,10,290,0.0,14.0,71,44,0,0,0,27,42,26,50,40,100,41,273,25,266,160,263,120,81,60,45,25,249,200
91709488,0,17259.0,12,274,7.0,0.0,309,37,14,178,0,80,43,35,52,50,100,82,273,25,186,1,188,120,81,60,46,25,254,200
91709488,1,36689.0,7,203,,13.0,89,28,32,4,5,20,43,35,52,50,100,82,273,25,186,1,188,120,81,60,46,25,254,200
91717868,0,15113.0,7,203,,0.0,89,28,32,4,5,20,40,33,62,50,100,100,272,1,364,160,360,120,75,60,47,25,229,200
91717868,1,18933.0,3,90,,0.0,484,0,137,4,0,343,40,33,62,50,100,100,272,1,364,160,360,120,75,60,47,25,229,200
91723180,0,16111.0,7,203,,0.0,90,29,35,2,4,20,41,33,70,50,100,100,272,4,339,160,292,120,62,60,48,25,229,200
91723180,1,18032.0,2,60,,0.0,36,0,36,0,0,0,41,33,70,50,100,100,272,4,339,160,292,120,62,60,48,25,229,200
91726987,0,21222.0,2,58,,0.0,75,23,52,0,0,0,42,35,59,50,100,100,272,1,328,160,234,120,96,60,45,24,229,200
91726987,1,12983.0,7,203,,0.0,89,28,32,4,5,20,42,35,59,50,100,100,272,1,328,160,234,120,96,60,45,24,229,200
91728615,0,23013.0,7,203,,0.0,89,28,32,4,5,20,40,29,54,50,100,86,272,4,318,160,279,120,77,60,40,21,253,200
91728615,1,86003.0,10,294,0.0,11.0,132,16,18,28,0,70,40,29,54,50,100,86,272,4,318,160,279,120,77,60,40,21,253,200
91738017,0,53447.0,12,195,10.0,10.0,219,110,23,18,0,68,41,35,66,50,100,100,272,4,339,160,305,120,64,60,43,25,229,200
91738017,1,3499.0,9,180,27.0,0.0,185,0,23,0,0,162,41,35,66,50,100,100,272,4,339,160,305,120,64,60,43,25,229,200
91739085,0,3735.0,2,60,,0.0,9,0,0,0,9,0,42,35,59,50,100,90,274,250,203,160,231,120,74,60,41,21,257,200
91739085,1,5599.0,14,294,0.0,0.0,177,0,23,0,0,154,42,35,59,50,100,90,274,250,203,160,231,120,74,60,41,21,257,200
91739714,0,26265.0,7,203,,0.0,89,28,32,4,5,20,42,31,65,50,100,100,272,4,208,160,228,120,62,60,42,23,257,200
91739714,1,20431.0,2,60,,0.0,38,15,16,0,0,7,42,31,65,50,100,100,272,4,208,160,228,120,62,60,42,23,257,200
91740803,0,4922.0,0,0,,0.0,75,0,0,0,0,75,39,35,90,50,100,100,280,250,280,160,342,120,79,60,52,25,229,200
91740803,1,2300.0,0,0,,0.0,30,30,0,0,0,0,39,35,90,50,100,100,280,250,280,160,342,120,79,60,52,25,229,200
91764767,0,60405.0,8,163,9.0,18.0,102,5,14,14,0,69,41,35,70,50,100,63,272,1,265,160,217,120,87,60,45,25,218,1
91764767,1,42072.0,11,184,10.0,10.0,243,47,33,0,0,163,41,35,70,50,100,63,272,1,265,160,217,120,87,60,45,25,218,1
91767695,0,22175.0,8,240,,0.0,105,55,50,0,0,0,37,22,88,50,100,100,272,4,291,160,306,120,66,60,50,24,229,200
91767695,1,11045.0,7,203,,0.0,89,28,32,4,5,20,37,22,88,50,100,100,272,4,291,160,306,120,66,60,50,24,229,200
91772237,0,35499.0,8,238,11.0,13.0,79,9,12,12,4,42,43,35,55,45,100,87,272,4,289,160,264,120,93,60,50,25,225,200
91772237,1,26777.0,7,203,,0.0,86,26,32,3,5,20,43,35,55,45,100,87,272,4,289,160,264,120,93,60,50,25,225,200
91797899,0,3000.0,0,0,,0.0,0,0,0,0,0,0,40,35,55,50,100,100,280,250,339,160,270,120,80,60,47,25,255,200
91797899,1,3877.0,2,60,,0.0,9,0,0,0,9,0,40,35,55,50,100,100,280,250,339,160,270,120,80,60,47,25,255,200
91811917,0,38794.0,12,185,10.0,10.0,230,92,32,9,0,97,40,35,64,50,100,53,272,1,279,160,291,120,90,60,43,25,218,1
91811917,1,159719.0,14,280,6.0,15.0,205,0,16,39,0,150,40,35,64,50,100,53,272,1,279,160,291,120,90,60,43,25,218,1
91827942,0,27220.0,14,193,10.0,0.0,277,143,25,0,0,109,41,31,52,50,100,100,272,1,371,160,243,120,72,60,37,25,244,200
91827942,1,59623.0,8,240,0.0,10.0,117,0,24,71,22,0,41,31,52,50,100,100,272,1,371,160,243,120,72,60,37,25,244,200
91849498,0,24860.0,7,203,,0.0,89,28,32,4,5,20,40,32,71,50,100,85,272,4,330,160,312,120,81,60,48,25,222,200
91849498,1,27989.0,12,303,7.0,0.0,130,0,21,44,0,65,40,32,71,50,100,85,272,4,330,160,312,120,81,60,48,25,222,200
91853156,0,19236.0,7,203,,0.0,85,26,32,4,4,19,39,31,50,42,100,63,272,4,366,160,337,120,66,60,47,25,249,200
91853156,1,11434.0,14,289,10.0,0.0,88,38,25,0,0,25,39,31,50,42,100,63,272,4,366,160,337,120,66,60,47,25,249,200
91858748,0,19119.0,7,203,,0.0,89,28,32,4,5,20,37,31,62,50,100,100,273,1,357,160,292,120,75,60,45,25,249,200
91858748,1,29641.0,5,140,,0.0,59,0,30,28,0,1,37,31,62,50,100,100,273,1,357,160,292,120,75,60,45,25,249,200
91866890,0,29996.0,10,188,10.0,0.0,230,61,32,7,0,130,38,28,54,50,100,88,272,1,278,160,217,120,74,60,37,25,259,200
91866890,1,50823.0,9,225,0.0,10.0,26,0,11,13,0,2,38,28,54,50,100,88,272,1,278,160,217,120,74,60,37,25,259,200
91873678,0,27038.0,2,3,,0.0,24,0,12,12,0,0,37,31,69,50,100,100,272,4,319,160,264,120,79,60,45,24,252,200
91873678,1,20144.0,7,203,,0.0,89,28,32,4,5,20,37,31,69,50,100,100,272,4,319,160,264,120,79,60,45,24,252,200
91874442,0,31378.0,7,203,,13.0,89,28,32,4,5,20,42,35,52,50,100,78,272,4,243,129,181,120,94,60,47,25,256,200
91874442,1,34146.0,12,205,11.0,11.0,57,0,6,37,0,14,42,35,52,50,100,78,272,4,243,129,181,120,94,60,47,25,256,200
91875565,0,29323.0,6,180,11.0,0.0,385,136,44,0,0,205,41,32,54,50,100,100,272,4,357,160,244,120,101,60,35,22,248,200
91875565,1,8554.0,7,203,,0.0,84,24,31,3,4,22,41,32,54,50,100,100,272,4,357,160,244,120,101,60,35,22,248,200
91888357,0,93835.0,14,285,6.0,13.0,200,0,21,31,0,148,41,33,73,50,100,48,272,4,262,160,282,120,85,60,48,25,218,1
91888357,1,23752.0,7,203,,0.0,89,28,32,4,5,20,41,33,73,50,100,48,272,4,262,160,282,120,85,60,48,25,218,1
91895067,0,16170.0,4,120,0.0,0.0,291,291,0,0,0,0,38,25,55,46,100,100,280,250,315,160,261,120,78,60,46,25,240,200
91895067,1,3826.0,2,60,,0.0,9,0,0,0,9,0,38,25,55,46,100,100,280,250,315,160,261,120,78,60,46,25,240,200
91900746,0,51690.0,13,312,7.0,10.0,100,7,20,30,5,38,42,35,65,50,100,93,272,1,282,160,295,120,85,60,45,25,218,133
91900746,1,37686.0,13,190,10.0,10.0,260,85,30,1,0,144,42,35,65,50,100,93,272,1,282,160,295,120,85,60,45,25,218,133
91902669,0,3000.0,0,0,,0.0,0,0,0,0,0,0,41,35,62,50,100,100,280,250,311,160,290,120,111,60,51,25,248,200
91902669,1,2300.0,0,0,,0.0,30,30,0,0,0,0,41,35,62,50,100,100,280,250,311,160,290,120,111,60,51,25,248,200
91905197,0,34963.0,14,254,6.0,13.0,188,0,16,37,0,135,41,35,52,50,100,72,278,250,342,160,271,120,117,60,48,25,249,200
91905197,1,4073.0,2,60,,0.0,9,0,0,0,9,0,41,35,52,50,100,72,278,250,342,160,271,120,117,60,48,25,249,200
91910995,0,33630.0,11,309,0.0,14.0,126,7,0,6,8,105,41,35,51,42,100,56,272,1,297,160,307,120,63,47,51,22,223,190
91910995,1,56032.0,11,180,10.0,10.0,157,24,38,23,0,72,41,35,51,42,100,56,272,1,297,160,307,120,63,47,51,22,223,190
91922088,0,29256.0,10,251,5.0,0.0,247,79,26,0,0,142,37,28,50,42,100,56,272,1,343,160,301,120,98,60,42,25,247,200
91922088,1,56987.0,11,183,10.0,10.0,165,7,27,25,0,106,37,28,50,42,100,56,272,1,343,160,301,120,98,60,42,25,247,200
91922090,0,27279.0,7,114,22.0,0.0,73,0,25,25,0,23,38,27,62,50,100,100,272,1,347,160,262,120,85,60,38,25,249,200
91922090,1,47425.0,13,191,10.0,10.0,176,33,25,16,11,91,38,27,62,50,100,100,272,1,347,160,262,120,85,60,38,25,249,200
91922902,0,32941.0,7,187,0.0,19.0,249,126,98,0,8,17,37,29,57,50,100,75,272,1,323,160,200,120,101,60,41,25,254,200
91922902,1,45222.0,12,184,10.0,10.0,226,3,35,4,0,184,37,29,57,50,100,75,272,1,323,160,200,120,101,60,41,25,254,200
91930359,0,67499.0,9,225,8.0,11.0,145,10,19,31,0,85,42,35,63,50,100,73,272,4,294,145,277,120,70,60,52,25,223,199
91930359,1,16927.0,7,203,,0.0,89,28,32,4,5,20,42,35,63,50,100,73,272,4,294,145,277,120,70,60,52,25,223,199
91930373,0,11952.0,7,203,,0.0,89,28,32,4,5,20,42,35,66,50,100,67,272,1,248,160,291,120,75,60,50,24,225,66
91930373,1,70038.0,13,292,10.0,10.0,79,0,35,44,0,0,42,35,66,50,100,67,272,1,248,160,291,120,75,60,50,24,225,66
91930410,0,41737.0,12,186,10.0,10.0,216,147,35,12,0,22,41,34,66,50,100,100,272,1,269,160,246,120,73,60,41,25,249,200
91930410,1,12951.0,8,233,,0.0,163,53,21,17,4,68,41,34,66,50,100,100,272,1,269,160,246,120,73,60,41,25,249,200
91932381,0,3904.0,2,60,,0.0,9,0,0,0,9,0,41,29,68,50,100,100,280,250,301,160,344,120,95,60,53,25,229,200
91932381,1,6701.0,4,32,,0.0,123,123,0,0,0,0,41,29,68,50,100,100,280,250,301,160,344,120,95,60,53,25,229,200
91944515,0,101984.0,10,232,10.0,17.0,117,0,7,45,0,65,40,27,51,43,100,32,272,1,268,160,294,120,83,60,40,25,252,200
91944515,1,40566.0,12,183,10.0,10.0,238,78,37,0,0,123,40,27,51,43,100,32,272,1,268,160,294,120,83,60,40,25,252,200
91944625,0,3380.0,0,0,,0.0,15,0,0,0,0,15,41,35,64,50,100,100,280,250,357,160,293,120,72,60,49,25,240,200
91944625,1,3709.0,2,60,,0.0,9,0,0,0,9,0,41,35,64,50,100,100,280,250,357,160,293,120,72,60,49,25,240,200
91951147,0,40068.0,12,230,9.0,19.0,85,0,6,10,0,69,42,35,52,50,100,61,273,1,268,160,329,120,107,60,54,25,223,98
91951147,1,33286.0,7,203,,13.0,88,27,32,4,5,20,42,35,52,50,100,61,273,1,268,160,329,120,107,60,54,25,223,98
91954900,0,21104.0,5,145,0.0,0.0,236,73,23,40,0,100,41,35,52,50,100,100,272,1,343,160,279,120,77,60,27,21,251,200
91954900,1,13555.0,7,203,,0.0,89,28,32,4,5,20,41,35,52,50,100,100,272,1,343,160,279,120,77,60,27,21,251,200
91964022,0,3657.0,2,60,,0.0,9,0,0,0,9,0,43,35,61,50,100,81,280,250,202,160,274,120,67,60,47,25,244,200
91964022,1,5871.0,7,162,14.0,0.0,27,0,0,0,0,27,43,35,61,50,100,81,280,250,202,160,274,120,67,60,47,25,244,200
91990433,0,39960.0,7,210,10.0,10.0,97,0,11,35,0,51,37,31,72,50,100,100,272,4,350,160,259,120,94,60,50,25,229,200
91990433,1,18771.0,7,203,,0.0,89,28,32,4,5,20,37,31,72,50,100,100,272,4,350,160,259,120,94,60,50,25,229,200
91992343,0,12142.0,7,203,,0.0,88,26,32,4,5,21,42,35,59,50,100,100,272,1,301,160,334,120,120,60,51,25,242,200
91992343,1,19126.0,5,150,11.0,0.0,191,0,72,0,0,119,42,35,59,50,100,100,272,1,301,160,334,120,120,60,51,25,242,200
91999808,0,2300.0,0,0,,0.0,30,30,0,0,0,0,42,35,60,50,100,100,280,250,332,160,307,120,77,60,44,25,246,200
91999808,1,1720.0,1,30,,0.0,0,0,0,0,0,0,42,35,60,50,100,100,280,250,332,160,307,120,77,60,44,25,246,200
92043014,0,3956.0,2,60,,0.0,9,0,0,0,9,0,42,35,69,50,100,100,276,250,291,160,261,120,93,60,49,25,242,200
92043014,1,5957.0,0,0,,0.0,3,0,3,0,0,0,42,35,69,50,100,100,276,250,291,160,261,120,93,60,49,25,242,200
92061687,0,43154.0,13,291,0.0,11.0,144,0,35,20,0,89,42,35,51,42,100,49,272,4,311,160,305,120,103,60,50,25,229,200
92061687,1,20069.0,7,203,,0.0,89,28,32,4,5,20,42,35,51,42,100,49,272,4,311,160,305,120,103,60,50,25,229,200
92068374,0,5166.0,9,252,0.0,0.0,100,0,0,0,0,100,41,35,73,50,100,100,280,250,306,160,297,120,95,60,50,24,240,200
92068374,1,3904.0,2,60,,0.0,9,0,0,0,9,0,41,35,73,50,100,100,280,250,306,160,297,120,95,60,50,24,240,200
92081663,0,23479.0,7,203,,0.0,89,27,32,4,5,21,40,29,57,50,100,100,273,4,357,160,314,120,62,60,34,22,249,200
92081663,1,12341.0,3,87,5.0,0.0,107,24,33,4,0,46,40,29,57,50,100,100,273,4,357,160,314,120,62,60,34,22,249,200
92100142,0,16286.0,0,0,,0.0,25,2,21,0,0,2,42,33,52,50,100,100,272,1,291,160,263,120,70,60,41,25,254,200
92100142,1,19633.0,7,203,,0.0,89,28,32,4,5,20,42,33,52,50,100,100,272,1,291,160,263,120,70,60,41,25,254,200
92123369,0,29944.0,7,203,,0.0,89,28,32,4,5,20,41,33,68,50,100,60,273,4,289,160,302,120,62,60,51,25,231,107
92123369,1,49977.0,10,291,9.0,13.0,53,0,17,9,0,27,41,33,68,50,100,60,273,4,289,160,302,120,62,60,51,25,231,107
92160400,0,2300.0,0,0,,0.0,30,30,0,0,0,0,42,35,66,50,100,98,275,246,339,160,270,120,98,60,47,25,229,200
92160400,1,8485.0,6,104,15.0,0.0,213,8,45,0,0,160,42,35,66,50,100,98,275,246,339,160,270,120,98,60,47,25,229,200
92162124,0,54082.0,10,229,11.0,11.0,211,0,118,0,0,93,42,35,63,50,100,60,272,1,257,160,222,120,96,60,53,25,231,193
92162124,1,17087.0,7,203,,0.0,89,28,32,4,5,20,42,35,63,50,100,60,272,1,257,160,222,120,96,60,53,25,231,193
92175074,0,26432.0,7,203,,0.0,89,28,32,4,5,20,42,35,56,50,100,61,272,1,289,152,340,120,98,60,50,25,239,200
92175074,1,59384.0,10,276,9.0,12.0,170,0,26,0,0,144,42,35,56,50,100,61,272,1,289,152,340,120,98,60,50,25,239,200
92188200,0,3000.0,0,0,,0.0,0,0,0,0,0,0,42,35,52,50,100,100,280,250,350,160,339,120,110,60,51,25,240,200
92188200,1,4047.0,2,60,,0.0,9,0,0,0,9,0,42,35,52,50,100,100,280,250,350,160,339,120,110,60,51,25,240,200
92188432,0,3841.0,2,60,,0.0,9,0,0,0,9,0,42,35,57,50,101,100,280,250,306,160,247,120,93,60,38,21,250,200
92188432,1,7909.0,2,48,0.0,0.0,222,0,0,0,0,222,42,35,57,50,101,100,280,250,306,160,247,120,93,60,38,21,250,200
92194741,0,3000.0,0,0,,0.0,0,0,0,0,0,0,39,35,63,50,100,100,280,250,319,160,236,120,81,60,48,25,255,200
92194741,1,2300.0,0,0,,0.0,30,30,0,0,0,0,39,35,63,50,100,100,280,250,319,160,236,120,81,60,48,25,255,200
92208905,0,1146.0,2,4,12.0,0.0,49,1,0,0,48,0,42,35,76,50,100,100,280,250,248,160,314,120,73,60,48,25,247,200
92208905,1,2300.0,0,0,,0.0,30,30,0,0,0,0,42,35,76,50,100,100,280,250,248,160,314,120,73,60,48,25,247,200
92232514,0,24925.0,7,203,,0.0,89,28,32,4,5,20,41,35,70,50,100,99,272,1,289,160,281,120,92,60,52,25,241,200
92232514,1,37845.0,13,274,0.0,11.0,154,0,28,42,0,84,41,35,70,50,100,99,272,1,289,160,281,120,92,60,52,25,241,200
92242795,0,22960.0,7,203,,0.0,89,28,32,4,5,20,40,32,64,50,101,93,272,4,343,160,288,120,81,60,47,25,229,200
92242795,1,38424.0,4,76,9.0,11.0,104,0,81,0,0,23,40,32,64,50,101,93,272,4,343,160,288,120,81,60,47,25,229,200
92248390,0,2628.0,5,128,,0.0,0,0,0,0,0,0,41,35,60,50,100,100,280,250,332,160,270,120,94,60,47,25,249,200
92248390,1,2300.0,0,0,,0.0,30,30,0,0,0,0,41,35,60,50,100,100,280,250,332,160,270,120,94,60,47,25,249,200
92250311,0,29981.0,7,203,,0.0,89,28,32,4,5,20,41,33,68,50,100,91,273,4,186,82,235,120,61,49,46,25,255,200
92250311,1,31320.0,10,260,8.0,8.0,71,19,7,15,9,21,41,33,68,50,100,91,273,4,186,82,235,120,61,49,46,25,255,200
92253977,0,25449.0,7,203,,0.0,89,28,32,4,5,20,42,35,62,50,100,100,273,1,262,160,295,120,98,60,49,25,251,200
92253977,1,2714.0,7,147,0.0,0.0,305,93,212,0,0,0,42,35,62,50,100,100,273,1,262,160,295,120,98,60,49,25,251,200
92291212,0,30677.0,7,203,,13.0,89,28,32,4,5,20,37,26,75,50,100,91,273,1,245,141,277,120,72,60,46,25,254,200
92291212,1,20161.0,5,143,8.0,0.0,657,151,165,60,8,273,37,26,75,50,100,91,273,1,245,141,277,120,72,60,46,25,254,200
92299456,0,3815.0,2,60,,0.0,9,0,0,0,9,0,42,35,66,50,100,54,272,176,296,160,219,120,95,60,49,25,218,1
92299456,1,150779.0,14,266,6.0,13.0,193,0,18,37,0,138,42,35,66,50,100,54,272,176,296,160,219,120,95,60,49,25,218,1
92331305,0,21460.0,7,203,,0.0,89,28,32,4,5,20,42,35,52,50,100,82,272,4,357,160,292,120,83,60,49,25,218,98
92331305,1,31220.0,14,344,0.0,11.0,232,13,29,55,0,135,42,35,52,50,100,82,272,4,357,160,292,120,83,60,49,25,218,98
92349058,0,27591.0,7,203,,0.0,89,28,32,4,5,20,42,33,58,50,100,100,272,4,296,160,251,120,70,54,39,22,253,200
92349058,1,18278.0,5,144,5.0,0.0,852,357,9,36,373,77,42,33,58,50,100,100,272,4,296,160,251,120,70,54,39,22,253,200
92387590,0,28292.0,6,178,,0.0,246,0,18,0,0,228,39,32,59,47,100,100,272,4,361,160,288,120,85,60,41,23,246,200
92387590,1,19173.0,7,203,,0.0,90,27,34,3,4,22,39,32,59,47,100,100,272,4,361,160,288,120,85,60,41,23,246,200
92388584,0,11671.0,0,0,,0.0,3,0,3,0,0,0,41,35,66,50,100,92,274,250,339,160,265,120,89,60,53,25,240,200
92388584,1,3890.0,2,60,,0.0,9,0,0,0,9,0,41,35,66,50,100,92,274,250,339,160,265,120,89,60,53,25,240,200
92391257,0,26562.0,7,203,,0.0,89,28,32,4,5,20,37,25,67,50,100,62,272,4,315,160,339,120,62,60,47,25,247,200
92391257,1,41758.0,12,227,0.0,20.0,232,87,9,14,99,23,37,25,67,50,100,62,272,4,315,160,339,120,62,60,47,25,247,200
92392238,0,16463.0,7,203,,0.0,89,28,32,4,5,20,37,29,82,50,100,94,272,4,306,160,323,120,79,60,51,25,229,200
92392238,1,31105.0,6,164,0.0,10.0,76,14,32,3,0,27,37,29,82,50,100,94,272,4,306,160,323,120,79,60,51,25,229,200
92408892,0,18640.0,7,203,,0.0,89,28,32,4,5,20,37,27,59,50,100,100,272,1,354,160,230,120,97,60,48,25,252,200
92408892,1,10521.0,12,305,10.0,0.0,195,43,68,16,21,47,37,27,59,50,100,100,272,1,354,160,230,120,97,60,48,25,252,200
92413312,0,14194.0,2,60,2.0,0.0,165,0,55,0,0,110,41,33,67,50,100,100,273,4,332,160,201,120,96,60,45,23,240,200
92413312,1,25484.0,7,203,,0.0,89,28,32,4,5,20,41,33,67,50,100,100,273,4,332,160,201,120,96,60,45,23,240,200
92418211,0,2300.0,0,0,,0.0,30,30,0,0,0,0,41,35,66,50,100,100,280,250,324,160,344,120,79,60,48,25,247,200
92418211,1,3000.0,0,0,,0.0,0,0,0,0,0,0,41,35,66,50,100,100,280,250,324,160,344,120,79,60,48,25,247,200
92447643,0,71963.0,8,200,,15.0,15,0,11,0,0,4,42,33,66,50,100,55,273,4,233,160,254,120,85,60,52,25,244,200
92447643,1,33013.0,7,203,,13.0,89,28,32,4,5,20,42,33,66,50,100,55,273,4,233,160,254,120,85,60,52,25,244,200
92458833,0,33538.0,8,205,6.0,10.0,83,7,0,0,0,76,40,31,91,50,100,71,273,25,186,5,334,120,79,60,51,25,218,177
92458833,1,37087.0,7,203,,13.0,89,28,32,4,5,20,40,31,91,50,100,71,273,25,186,5,334,120,79,60,51,25,218,177
92477608,0,37087.0,7,203,,13.0,89,28,32,4,5,20,42,31,59,50,100,83,273,25,302,160,316,120,77,60,47,25,219,121
92477608,1,24809.0,4,87,,0.0,28,22,0,0,0,6,42,31,59,50,100,83,273,25,302,160,316,120,77,60,47,25,219,121
92491495,0,6211.0,2,60,,0.0,124,12,33,0,0,79,41,35,68,50,100,100,272,250,324,160,307,120,61,60,45,25,247,200
92491495,1,3644.0,2,60,,0.0,9,0,0,0,9,0,41,35,68,50,100,100,272,250,324,160,307,120,61,60,45,25,247,200
92549233,0,15425.0,8,232,0.0,0.0,313,73,0,0,0,240,42,32,52,50,100,100,273,25,350,160,306,120,85,60,27,20,229,200
92549233,1,36274.0,7,203,,13.0,89,28,32,4,5,20,42,32,52,50,100,100,273,25,350,160,306,120,85,60,27,20,229,200
92560389,0,740.0,8,240,,0.0,0,0,0,0,0,0,42,35,71,50,100,100,280,250,286,160,330,120,98,60,54,25,229,200
92560389,1,2300.0,0,0,,0.0,30,30,0,0,0,0,42,35,71,50,100,100,280,250,286,160,330,120,98,60,54,25,229,200
92566010,0,31385.0,14,334,11.0,11.0,223,3,32,79,0,109,42,35,62,50,100,80,272,4,232,160,229,120,77,60,51,25,244,200
92566010,1,20492.0,7,203,,0.0,89,28,32,4,5,20,42,35,62,50,100,80,272,4,232,160,229,120,77,60,51,25,244,200
92567832,0,79123.0,14,286,7.0,16.0,16,0,0,0,0,16,39,32,60,50,100,30,273,25,304,160,319,120,79,60,54,25,245,200
92567832,1,36983.0,7,203,,13.0,89,28,32,4,5,20,39,32,60,50,100,30,273,25,304,160,319,120,79,60,54,25,245,200
92592988,0,18710.0,7,210,0.0,0.0,401,0,0,0,0,401,37,31,52,50,100,100,273,25,380,160,228,120,118,60,29,20,251,200
92592988,1,36087.0,7,203,,13.0,89,28,32,4,5,20,37,31,52,50,100,100,273,25,380,160,228,120,118,60,29,20,251,200
92624749,0,3644.0,2,60,,0.0,9,0,0,0,9,0,39,35,56,50,100,100,275,243,296,160,252,120,61,60,37,22,260,200
92624749,1,16234.0,0,0,,0.0,57,0,10,0,0,47,39,35,56,50,100,100,275,243,296,160,252,120,61,60,37,22,260,200
92633908,0,19082.0,7,203,,0.0,89,28,32,4,5,20,42,35,56,50,100,100,273,1,306,160,268,120,66,60,41,25,253,200
92633908,1,12740.0,6,174,,0.0,64,0,64,0,0,0,42,35,56,50,100,100,273,1,306,160,268,120,66,60,41,25,253,200
92643137,0,12655.0,0,0,,0.0,74,0,44,0,0,30,43,35,55,50,100,100,272,4,280,160,284,120,79,60,37,24,240,200
92643137,1,23587.0,7,203,,0.0,89,28,32,4,5,20,43,35,55,50,100,100,272,4,280,160,284,120,79,60,37,24,240,200
92672298,0,3696.0,2,60,,0.0,9,0,0,0,9,0,42,35,67,50,100,100,280,250,231,160,256,120,80,60,34,22,253,200
92672298,1,9746.0,7,165,,0.0,109,0,0,0,0,109,42,35,67,50,100,100,280,250,231,160,256,120,80,60,34,22,253,200
92729168,0,3749.0,2,60,,0.0,9,0,0,0,9,0,42,35,55,50,100,100,280,250,368,160,290,120,80,60,44,25,229,200
92729168,1,4441.0,0,0,,0.0,24,24,0,0,0,0,42,35,55,50,100,100,280,250,368,160,290,120,80,60,44,25,229,200
92731880,0,2750.0,0,0,,0.0,0,0,0,0,0,0,41,35,52,50,100,100,280,250,392,160,304,120,118,60,52,25,229,200
92731880,1,2300.0,0,0,,0.0,30,30,0,0,0,0,41,35,52,50,100,100,280,250,392,160,304,120,118,60,52,25,229,200
92732795,0,14440.0,8,171,0.0,0.0,136,9,78,28,0,21,42,33,67,50,100,100,272,1,240,160,296,120,92,60,46,23,250,200
92732795,1,15951.0,7,203,,0.0,89,28,32,4,5,20,42,33,67,50,100,100,272,1,240,160,296,120,92,60,46,23,250,200
92746483,0,4075.0,2,60,,0.0,9,0,0,0,9,0,42,35,52,50,100,100,280,250,347,160,293,120,104,60,47,25,248,200
92746483,1,3310.0,0,0,,0.0,15,0,0,0,0,15,42,35,52,50,100,100,280,250,347,160,293,120,104,60,47,25,248,200
92817156,0,12144.0,0,0,,0.0,29,0,29,0,0,0,42,34,57,50,112,100,273,1,347,160,280,120,103,60,50,25,229,200
92817156,1,23887.0,7,203,,0.0,89,28,32,4,5,20,42,34,57,50,112,100,273,1,347,160,280,120,103,60,50,25,229,200
92820888,0,25674.0,7,203,,0.0,89,28,32,4,5,20,41,35,51,44,100,100,273,4,338,160,292,120,118,60,50,25,247,200
92820888,1,33148.0,2,60,,13.0,40,0,40,0,0,0,41,35,51,44,100,100,273,4,338,160,292,120,118,60,50,25,247,200
92832899,0,6865.0,7,195,,0.0,13,4,0,0,1,8,41,33,65,50,100,90,280,250,345,160,274,120,99,60,54,25,229,200
92832899,1,4001.0,2,60,,0.0,9,0,0,0,9,0,41,33,65,50,100,90,280,250,345,160,274,120,99,60,54,25,229,200
92874601,0,3657.0,2,60,,0.0,9,0,0,0,9,0,42,35,66,50,100,98,272,204,275,160,278,120,67,60,44,25,250,200
92874601,1,8801.0,9,186,12.0,0.0,79,15,36,6,0,22,42,35,66,50,100,98,272,204,275,160,278,120,67,60,44,25,250,200
92876462,0,2300.0,0,0,,0.0,30,30,0,0,0,0,41,35,60,50,100,100,280,250,371,160,307,120,74,60,41,25,240,200
92876462,1,1099.0,2,31,0.0,0.0,59,0,0,0,0,59,41,35,60,50,100,100,280,250,371,160,307,120,74,60,41,25,240,200
92938041,0,2300.0,0,0,,0.0,30,30,0,0,0,0,42,35,63,50,100,100,280,250,336,160,330,120,85,60,50,25,229,200
92938041,1,1972.0,3,90,,0.0,23,0,3,0,0,20,42,35,63,50,100,100,280,250,336,160,330,120,85,60,50,25,229,200
93003122,0,3787.0,2,60,,0.0,9,0,0,0,9,0,43,35,52,50,100,100,280,250,291,160,265,120,82,60,39,25,248,200
93003122,1,3583.0,0,0,,0.0,8,0,0,0,0,8,43,35,52,50,100,100,280,250,291,160,265,120,82,60,39,25,248,200
93030160,0,1150.0,0,0,0.0,0.0,0,0,0,0,0,0,42,35,60,50,100,100,280,250,328,160,236,120,82,60,44,25,246,200
93030160,1,3774.0,2,60,,0.0,9,0,0,0,9,0,42,35,60,50,100,100,280,250,328,160,236,120,82,60,44,25,246,200
93078491,0,3644.0,2,60,,0.0,9,0,0,0,9,0,42,35,66,50,100,100,280,250,306,160,278,120,65,60,43,25,250,200
93078491,1,2769.0,3,57,,0.0,65,0,0,0,0,65,42,35,66,50,100,100,280,250,306,160,278,120,65,60,43,25,250,200
93081102,0,4060.0,2,60,,0.0,9,0,0,0,9,0,42,35,64,50,100,100,280,250,306,160,342,120,97,60,46,25,240,200
93081102,1,5253.0,0,0,,0.0,40,0,0,0,0,40,42,35,64,50,100,100,280,250,306,160,342,120,97,60,46,25,240,200
93101473,0,541.0,1,21,6.0,0.0,177,105,24,0,0,48,38,28,52,50,100,100,278,250,409,160,317,120,96,60,46,24,229,200
93101473,1,2300.0,0,0,,0.0,30,30,0,0,0,0,38,28,52,50,100,100,278,250,409,160,317,120,96,60,46,24,229,200
93145041,0,2930.0,0,0,,0.0,0,0,0,0,0,0,41,35,66,50,100,100,280,250,319,160,290,120,64,60,41,25,252,200
93145041,1,2300.0,0,0,,0.0,30,30,0,0,0,0,41,35,66,50,100,100,280,250,319,160,290,120,64,60,41,25,252,200
93200036,0,2300.0,0,0,,0.0,30,30,0,0,0,0,136,35,62,50,100,100,272,246,306,160,225,120,79,60,46,25,244,200
93200036,1,150.0,7,84,0.0,0.0,24,0,24,0,0,0,136,35,62,50,100,100,272,246,306,160,225,120,79,60,46,25,244,200
93202667,0,4576.0,0,0,,0.0,56,0,0,0,0,56,50,35,75,50,100,100,280,250,291,160,347,120,80,60,51,24,246,200
93202667,1,3749.0,2,60,,0.0,9,0,0,0,9,0,50,35,75,50,100,100,280,250,291,160,347,120,80,60,51,24,246,200
93214099,0,4090.0,2,60,,0.0,9,0,0,0,9,0,160,35,52,50,100,100,280,250,336,160,282,120,304,60,46,25,229,200
93214099,1,2974.0,6,12,,0.0,1,0,0,1,0,0,160,35,52,50,100,100,280,250,336,160,282,120,304,60,46,25,229,200
93284036,0,3347.0,0,0,,0.0,15,0,0,0,0,15,49,35,59,50,100,100,280,250,328,160,212,120,107,60,45,25,254,200
93284036,1,3943.0,2,60,,0.0,9,0,0,0,9,0,49,35,59,50,100,100,280,250,328,160,212,120,107,60,45,25,254,200
93285813,0,3000.0,0,0,,0.0,0,0,0,0,0,0,37,35,64,50,100,100,280,250,350,160,212,120,236,60,49,25,249,200
93285813,1,4143.0,2,60,,0.0,9,0,0,0,9,0,37,35,64,50,100,100,280,250,350,160,212,120,236,60,49,25,249,200
93356551,0,3000.0,0,0,,0.0,0,0,0,0,0,0,71,35,55,50,100,100,280,250,324,160,278,120,343,60,47,25,247,200
93356551,1,4250.0,2,60,,0.0,9,0,0,0,9,0,71,35,55,50,100,100,280,250,324,160,278,120,343,60,47,25,247,200
93358360,0,2300.0,0,0,,0.0,30,30,0,0,0,0,68,35,52,50,100,100,280,250,336,160,252,120,83,60,44,25,253,200
93358360,1,2960.0,0,0,,0.0,1,0,0,0,0,1,68,35,52,50,100,100,280,250,336,160,252,120,83,60,44,25,253,200
93378950,0,355.0,1,10,0.0,0.0,63,14,42,0,0,7,53,35,62,50,100,100,280,250,324,160,293,120,189,60,50,25,249,200
93378950,1,2300.0,0,0,,0.0,30,30,0,0,0,0,53,35,62,50,100,100,280,250,324,160,293,120,189,60,50,25,249,200
93380683,0,4090.0,2,60,,0.0,9,0,0,0,9,0,81,35,59,50,100,100,280,250,336,160,261,120,236,60,49,24,229,200
93380683,1,3994.0,1,15,,0.0,23,0,0,0,0,23,81,35,59,50,100,100,280,250,336,160,261,120,236,60,49,24,229,200
93447090,0,11151.0,8,150,15.0,0.0,66,0,0,0,0,66,46,35,54,48,100,95,280,250,291,160,311,120,74,60,52,25,246,200
93447090,1,3735.0,2,60,,0.0,9,0,0,0,9,0,46,35,54,48,100,95,280,250,291,160,311,120,74,60,52,25,246,200
93458769,0,2300.0,0,0,,0.0,30,30,0,0,0,0,77,35,60,50,100,100,280,250,311,160,317,120,81,60,49,25,244,200
93458769,1,3000.0,0,0,,0.0,0,0,0,0,0,0,77,35,60,50,100,100,280,250,311,160,317,120,81,60,49,25,244,200
93469662,0,15677.0,1,30,,0.0,62,0,0,41,0,21,290,35,62,50,100,100,280,250,275,160,293,120,82,60,45,25,229,200
93469662,1,3774.0,2,60,,0.0,9,0,0,0,9,0,290,35,62,50,100,100,280,250,275,160,293,120,82,60,45,25,229,200
93520404,0,9.0,1,1,7.0,0.0,28,3,24,0,0,1,60,35,59,50,100,100,280,250,347,160,314,120,61,60,46,25,246,200
93520404,1,3644.0,2,60,,0.0,9,0,0,0,9,0,60,35,59,50,100,100,280,250,347,160,314,120,61,60,46,25,246,200
93529382,0,3000.0,0,0,,0.0,0,0,0,0,0,0,37,35,63,50,100,100,280,250,336,160,252,120,158,60,48,25,253,200
93529382,1,3954.0,2,60,,0.0,9,0,0,0,9,0,37,35,63,50,100,100,280,250,336,160,252,120,158,60,48,25,253,200
93549057,0,3787.0,2,60,,0.0,9,0,0,0,9,0,54,35,58,50,100,100,272,240,339,160,333,120,89,60,49,25,244,200
93549057,1,11207.0,1,16,11.0,0.0,40,6,19,0,0,15,54,35,58,50,100,100,272,240,339,160,333,120,89,60,49,25,244,200
93594604,0,3826.0,2,60,,0.0,9,0,0,0,9,0,49,35,69,50,100,100,280,250,315,160,324,120,78,60,52,25,244,200
93594604,1,1205.0,3,90,,0.0,5,0,0,0,0,5,49,35,69,50,100,100,280,250,315,160,324,120,78,60,52,25,244,200
93622472,0,2300.0,0,0,,0.0,30,30,0,0,0,0,107,35,52,50,100,100,280,250,311,160,321,120,144,60,43,25,247,200
93622472,1,600.0,5,31,0.0,0.0,33,16,2,8,0,7,107,35,52,50,100,100,280,250,311,160,321,120,144,60,43,25,247,200
93638600,0,3774.0,2,60,,0.0,9,0,0,0,9,0,64,35,52,50,102,97,272,248,357,160,339,120,80,60,44,25,242,200
93638600,1,0.0,18,184,18.0,,32,0,5,0,0,27,64,35,52,50,102,97,272,248,357,160,339,120,80,60,44,25,242,200
93748703,0,3641.0,2,60,,0.0,9,0,0,0,9,0,46,35,59,50,100,100,280,250,357,160,314,120,78,48,51,25,244,200
93748703,1,4856.0,1,26,,0.0,38,0,0,0,38,0,46,35,59,50,100,100,280,250,357,160,314,120,78,48,51,25,244,200
93773877,0,3828.0,2,60,,0.0,9,0,0,0,9,0,51,35,95,50,100,100,272,57,248,160,307,120,138,60,52,25,246,200
93773877,1,27020.0,4,82,12.0,0.0,123,31,74,0,0,18,51,35,95,50,100,100,272,57,248,160,307,120,138,60,52,25,246,200
93779504,0,3461.0,0,0,,0.0,15,15,0,0,0,0,101,35,66,50,100,100,280,250,280,160,301,120,111,60,48,25,229,200
93779504,1,2300.0,0,0,,0.0,30,30,0,0,0,0,101,35,66,50,100,100,280,250,280,160,301,120,111,60,48,25,229,200
93818960,0,4253.0,0,0,,0.0,60,0,0,0,0,60,37,35,67,50,100,100,280,250,208,160,252,120,61,60,40,25,260,200
93818960,1,3644.0,2,60,,0.0,9,0,0,0,9,0,37,35,67,50,100,100,280,250,208,160,252,120,61,60,40,25,260,200
93819393,0,3878.0,2,60,,0.0,9,0,0,0,9,0,70,35,55,50,100,100,280,250,328,160,270,120,138,60,44,24,249,200
93819393,1,374.0,6,19,,0.0,15,0,0,3,0,12,70,35,55,50,100,100,280,250,328,160,270,120,138,60,44,24,249,200
93831700,0,3644.0,2,60,,0.0,9,0,0,0,9,0,40,35,88,50,100,100,279,250,319,160,314,120,65,60,51,25,242,200
93831700,1,4607.0,0,0,,0.0,6,4,2,0,0,0,40,35,88,50,100,100,279,250,319,160,314,120,65,60,51,25,242,200
93910979,0,2300.0,0,0,,0.0,30,30,0,0,0,0,44,35,69,50,100,100,280,250,343,160,330,120,111,60,54,25,229,200
93910979,1,2720.0,1,30,,0.0,0,0,0,0,0,0,44,35,69,50,100,100,280,250,343,160,330,120,111,60,54,25,229,200
93955821,0,3895.0,2,60,,0.0,9,0,0,0,9,0,53,35,57,50,100,100,280,250,306,160,230,120,207,60,47,25,255,200
93955821,1,13436.0,3,57,25.0,0.0,94,25,0,54,15,0,53,35,57,50,100,100,280,250,306,160,230,120,207,60,47,25,255,200
94040192,0,1836.0,2,50,5.0,0.0,822,3,0,121,375,323,57,35,154,50,100,100,280,250,275,160,286,120,63,60,48,25,229,200
94040192,1,2300.0,0,0,,0.0,30,30,0,0,0,0,57,35,154,50,100,100,280,250,275,160,286,120,63,60,48,25,229,200
94071858,0,3657.0,2,60,,0.0,9,0,0,0,9,0,202,35,70,50,100,100,276,250,262,160,278,120,67,60,46,25,229,200
94071858,1,5957.0,0,0,,0.0,3,0,3,0,0,0,202,35,70,50,100,100,276,250,262,160,278,120,67,60,46,25,229,200
94116019,0,4065.0,2,60,,0.0,9,0,0,0,9,0,68,35,67,50,105,100,272,242,275,160,347,120,304,60,52,25,229,200
94116019,1,12498.0,5,121,,0.0,25,0,25,0,0,0,68,35,67,50,105,100,272,242,275,160,347,120,304,60,52,25,229,200
94221472,0,2500.0,0,0,,0.0,0,0,0,0,0,0,37,35,75,50,100,100,280,250,319,160,297,120,64,60,51,25,249,200
94221472,1,2300.0,0,0,,0.0,30,30,0,0,0,0,37,35,75,50,100,100,280,250,319,160,297,120,64,60,51,25,249,200
94229205,0,3969.0,2,60,,0.0,9,0,0,0,9,0,58,35,78,50,100,100,280,250,296,160,336,120,121,60,52,25,229,200
94229205,1,3000.0,0,0,,0.0,0,0,0,0,0,0,58,35,78,50,100,100,280,250,296,160,336,120,121,60,52,25,229,200
94289254,0,3644.0,2,60,,0.0,9,0,0,0,9,0,37,35,83,50,100,100,280,250,332,160,293,120,61,60,48,23,242,200
94289254,1,6224.0,2,12,,0.0,68,2,0,0,0,66,37,35,83,50,100,100,280,250,332,160,293,120,61,60,48,23,242,200
94412400,0,3644.0,2,60,,0.0,9,0,0,0,9,0,46,35,181,50,100,100,280,250,231,160,225,120,61,60,48,25,249,200
94412400,1,4298.0,4,116,,0.0,29,0,0,0,0,29,46,35,181,50,100,100,280,250,231,160,225,120,61,60,48,25,249,200
94414171,0,2886.0,0,0,16.0,0.0,15,15,0,0,0,0,60,35,67,50,100,100,280,250,315,160,247,120,111,60,49,25,246,200
94414171,1,2300.0,0,0,,0.0,30,30,0,0,0,0,60,35,67,50,100,100,280,250,315,160,247,120,111,60,49,25,246,200
94417670,0,3000.0,0,0,,0.0,0,0,0,0,0,0,56,35,63,50,100,100,280,250,324,160,330,120,247,60,53,25,242,200
94417670,1,2300.0,0,0,,0.0,30,30,0,0,0,0,56,35,63,50,100,100,280,250,324,160,330,120,247,60,53,25,242,200
94459120,0,4078.0,10,270,0.0,0.0,1401,0,0,0,0,1401,63,35,52,45,100,100,280,250,347,160,307,120,69,60,29,21,246,200
94459120,1,3683.0,2,60,,0.0,9,0,0,0,9,0,63,35,52,45,100,100,280,250,347,160,307,120,69,60,29,21,246,200
94502366,0,3644.0,2,60,,0.0,9,0,0,0,9,0,37,35,78,50,100,100,280,250,319,160,297,120,61,60,47,25,248,200
94502366,1,3000.0,0,0,,0.0,719,0,719,0,0,0,37,35,78,50,100,100,280,250,319,160,297,120,61,60,47,25,248,200
94519772,0,3815.0,2,60,,0.0,9,0,0,0,9,0,57,35,52,50,100,100,280,250,324,160,261,120,138,60,46,25,255,200
94519772,1,296.0,9,72,,0.0,25,0,25,0,0,0,57,35,52,50,100,100,280,250,324,160,261,120,138,60,46,25,255,200
94550724,0,3877.0,2,60,,0.0,9,0,0,0,9,0,48,35,65,50,100,100,280,250,306,160,297,120,80,60,51,25,250,200
94550724,1,3936.0,0,0,,0.0,9,9,0,0,0,0,48,35,65,50,100,100,280,250,306,160,297,120,80,60,51,25,250,200
94554419,0,2300.0,0,0,,0.0,30,30,0,0,0,0,218,35,59,50,100,100,280,250,311,160,247,120,91,60,46,25,240,200
94554419,1,640.0,5,150,,0.0,25,0,25,0,0,0,218,35,59,50,100,100,280,250,311,160,247,120,91,60,46,25,240,200
94749196,0,4032.0,0,0,,0.0,8,0,0,0,0,8,44,35,56,50,100,100,280,250,383,160,324,120,107,60,52,25,229,200
94749196,1,3943.0,2,60,,0.0,9,0,0,0,9,0,44,35,56,50,100,100,280,250,383,160,324,120,107,60,52,25,229,200
94876946,0,3000.0,0,0,,0.0,0,0,0,0,0,0,57,35,62,50,100,100,280,250,328,160,342,120,247,60,48,25,240,200
94876946,1,2300.0,0,0,,0.0,30,30,0,0,0,0,57,35,62,50,100,100,280,250,328,160,342,120,247,60,48,25,240,200
94877040,0,3000.0,0,0,,0.0,0,0,0,0,0,0,63,35,78,50,100,100,280,250,269,160,274,120,64,60,48,25,249,200
94877040,1,2300.0,0,0,,0.0,30,30,0,0,0,0,63,35,78,50,100,100,280,250,269,160,274,120,64,60,48,25,249,200
94970486,0,1839.0,2,60,,0.0,27,0,0,0,0,27,202,35,66,50,100,100,280,250,240,160,286,120,96,60,47,25,240,200
94970486,1,3864.0,2,60,,0.0,9,0,0,0,9,0,202,35,66,50,100,100,280,250,240,160,286,120,96,60,47,25,240,200
95018539,0,2300.0,0,0,,0.0,30,30,0,0,0,0,68,35,62,50,100,100,280,250,280,160,225,120,63,53,40,25,254,200
95018539,1,389.0,2,4,12.0,0.0,48,0,0,0,48,0,68,35,62,50,100,100,280,250,280,160,225,120,63,53,40,25,254,200
95093609,0,3812.0,2,60,,0.0,9,0,0,0,9,0,68,35,52,50,100,100,280,250,350,160,293,120,85,60,42,25,247,200
95093609,1,2240.0,0,0,,0.0,0,0,0,0,0,0,68,35,52,50,100,100,280,250,350,160,293,120,85,60,42,25,247,200
95415721,0,3683.0,2,60,,0.0,9,0,0,0,9,0,332,35,54,50,100,100,276,250,280,160,265,120,69,60,42,25,249,200
95415721,1,5957.0,0,0,,0.0,3,0,3,0,0,0,332,35,54,50,100,100,276,250,280,160,265,120,69,60,42,25,249,200
95456717,0,1607.0,0,0,5.0,0.0,3,0,0,0,0,3,218,35,52,50,100,100,280,250,319,160,286,120,83,60,40,25,244,200
95456717,1,2300.0,0,0,,0.0,30,30,0,0,0,0,218,35,52,50,100,100,280,250,319,160,286,120,83,60,40,25,244,200
95730404,0,4013.0,2,60,,0.0,9,0,0,0,9,0,60,35,58,50,100,100,276,250,368,160,261,120,138,60,47,25,229,200
95730404,1,5957.0,0,0,,0.0,3,0,3,0,0,0,60,35,58,50,100,100,276,250,368,160,261,120,138,60,47,25,229,200
95901308,0,3826.0,2,60,,0.0,9,0,0,0,9,0,49,35,78,50,100,100,280,250,315,160,335,120,82,60,51,25,229,200
95901308,1,13713.0,1,30,,0.0,28,0,0,28,0,0,49,35,78,50,100,100,280,250,315,160,335,120,82,60,51,25,229,200
95901537,0,2300.0,0,0,,0.0,30,30,0,0,0,0,332,35,58,50,100,100,280,250,291,160,219,120,83,60,42,25,242,200
95901537,1,2920.0,0,0,,0.0,1,0,0,0,0,1,332,35,58,50,100,100,280,250,291,160,219,120,83,60,42,25,242,200
96230102,0,4203.0,1,27,11.0,0.0,6,0,6,0,0,0,56,35,120,50,100,100,274,250,286,160,301,120,67,60,50,25,229,200
96230102,1,3657.0,2,60,,0.0,9,0,0,0,9,0,56,35,120,50,100,100,274,250,286,160,301,120,67,60,50,25,229,200
96325739,0,3000.0,0,0,,0.0,0,0,0,0,0,0,43,35,70,50,100,100,280,250,315,160,270,120,64,60,50,25,250,200
96325739,1,2300.0,0,0,,0.0,30,30,0,0,0,0,43,35,70,50,100,100,280,250,315,160,270,120,64,60,50,25,250,200
96510443,0,1480.0,3,63,,0.0,30,0,0,0,0,30,37,35,154,50,100,100,280,250,280,160,307,120,64,60,49,25,247,200
96510443,1,2300.0,0,0,,0.0,30,30,0,0,0,0,37,35,154,50,100,100,280,250,280,160,307,120,64,60,49,25,247,200
96546942,0,3000.0,0,0,,0.0,0,0,0,0,0,0,61,35,66,50,100,100,280,250,319,160,327,120,236,60,50,25,229,200
96546942,1,3932.0,2,60,,0.0,9,0,0,0,9,0,61,35,66,50,100,100,280,250,319,160,327,120,236,60,50,25,229,200
96667800,0,5581.0,0,0,,0.0,179,0,0,0,0,179,68,35,52,50,100,100,280,250,347,160,293,120,65,60,34,24,250,200
96667800,1,3644.0,2,60,,0.0,9,0,0,0,9,0,68,35,52,50,100,100,280,250,347,160,293,120,65,60,34,24,250,200
96729454,0,2300.0,0,0,,0.0,30,30,0,0,0,0,99,35,63,50,100,100,280,250,240,160,301,120,189,60,48,25,250,200
96729454,1,3000.0,0,0,,0.0,0,0,0,0,0,0,99,35,63,50,100,100,280,250,240,160,301,120,189,60,48,25,250,200
96729458,0,1281.0,1,17,0.0,0.0,30,12,7,0,0,11,136,35,59,50,101,100,280,250,248,160,307,120,356,60,48,25,246,200
96729458,1,2300.0,0,0,,0.0,30,30,0,0,0,0,136,35,59,50,101,100,280,250,248,160,307,120,356,60,48,25,246,200
96731635,0,2300.0,0,0,,0.0,30,30,0,0,0,0,37,35,64,50,100,100,280,250,339,160,286,120,91,60,46,25,252,200
96731635,1,1040.0,2,60,,0.0,110,110,0,0,0,0,37,35,64,50,100,100,280,250,339,160,286,120,91,60,46,25,252,200
96775070,0,3000.0,0,0,,0.0,0,0,0,0,0,0,37,35,66,50,100,100,280,250,347,160,265,120,80,60,50,25,248,200
96775070,1,3877.0,2,60,,0.0,9,0,0,0,9,0,37,35,66,50,100,100,280,250,347,160,265,120,80,60,50,25,248,200
96925569,0,420.0,3,90,,0.0,0,0,0,0,0,0,271,35,57,50,100,100,280,250,208,160,282,120,158,60,46,25,250,200
96925569,1,3902.0,2,60,,0.0,9,0,0,0,9,0,271,35,57,50,100,100,280,250,208,160,282,120,158,60,46,25,250,200
97055808,0,3786.0,2,60,,0.0,9,0,0,0,9,0,311,35,52,50,100,100,280,250,324,160,282,120,96,60,45,25,229,200
97055808,1,3000.0,0,0,,0.0,0,0,0,0,0,0,311,35,52,50,100,100,280,250,324,160,282,120,96,60,45,25,229,200
97160562,0,2275.0,1,30,8.0,0.0,15,0,0,0,0,15,70,35,62,50,100,100,280,250,296,160,256,120,189,60,47,25,248,200
97160562,1,2300.0,0,0,,0.0,30,30,0,0,0,0,70,35,62,50,100,100,280,250,296,160,256,120,189,60,47,25,248,200
97199364,0,3826.0,2,60,,0.0,9,0,0,0,9,0,68,35,55,50,100,100,280,250,291,160,301,120,82,60,46,25,254,200
97199364,1,3337.0,0,0,,0.0,15,0,0,0,0,15,68,35,55,50,100,100,280,250,291,160,301,120,82,60,46,25,254,200
97274559,0,2300.0,0,0,,0.0,30,30,0,0,0,0,160,35,58,50,100,94,279,250,280,160,219,120,83,60,42,25,252,200
97274559,1,0.0,11,119,10.0,,28,0,9,2,0,17,160,35,58,50,100,94,279,250,280,160,219,120,83,60,42,25,252,200
97527907,0,5637.0,0,0,,0.0,4,0,4,0,0,0,54,35,69,50,100,100,276,250,311,160,321,120,78,60,52,25,242,200
97527907,1,3826.0,2,60,,0.0,9,0,0,0,9,0,54,35,69,50,100,100,276,250,311,160,321,120,78,60,52,25,242,200
97589436,0,2300.0,0,0,,0.0,30,30,0,0,0,0,37,35,59,50,100,95,280,250,361,160,304,120,70,60,50,25,248,200
97589436,1,1197.0,5,5,0.0,0.0,5,0,5,0,0,0,37,35,59,50,100,95,280,250,361,160,304,120,70,60,50,25,248,200
97628355,0,3000.0,0,0,,0.0,0,0,0,0,0,0,37,35,52,50,100,100,280,250,389,160,307,120,91,60,40,25,248,200
97628355,1,2300.0,0,0,,0.0,30,30,0,0,0,0,37,35,52,50,100,100,280,250,389,160,307,120,91,60,40,25,248,200
97710390,0,17742.0,10,280,5.0,0.0,131,16,16,5,12,82,45,35,70,50,100,98,275,224,319,160,285,120,74,60,47,21,248,200
97710390,1,3735.0,2,60,,0.0,9,0,0,0,9,0,45,35,70,50,100,98,275,224,319,160,285,120,74,60,47,21,248,200
97808730,0,2300.0,0,0,,0.0,30,30,0,0,0,0,71,35,62,50,100,100,280,250,328,160,261,120,317,60,51,25,229,200
97808730,1,1800.0,0,0,,0.0,0,0,0,0,0,0,71,35,62,50,100,100,280,250,328,160,261,120,317,60,51,25,229,200
97826789,0,3644.0,2,60,,0.0,9,0,0,0,9,0,55,31,54,44,100,71,272,184,328,160,301,120,61,60,54,25,244,200
97826789,1,29228.0,9,205,0.0,0.0,36,18,18,0,0,0,55,31,54,44,100,71,272,184,328,160,301,120,61,60,54,25,244,200
98162167,0,3657.0,2,60,,0.0,9,0,0,0,9,0,107,35,56,50,100,100,280,250,262,160,256,120,67,60,37,25,255,200
98162167,1,3537.0,0,0,,0.0,8,0,0,0,0,8,107,35,56,50,100,100,280,250,262,160,256,120,67,60,37,25,255,200
98171109,0,593.0,1,30,,0.0,30,0,0,0,0,30,70,35,58,50,100,100,280,250,291,160,301,120,76,60,43,25,253,200
98171109,1,3774.0,2,60,,0.0,9,0,0,0,9,0,70,35,58,50,100,100,280,250,291,160,301,120,76,60,43,25,253,200
98235130,0,2300.0,0,0,,0.0,30,30,0,0,0,0,187,35,54,50,100,100,280,250,301,160,282,120,100,60,41,25,247,200
98235130,1,3278.0,0,0,,0.0,15,0,0,0,0,15,187,35,54,50,100,100,280,250,301,160,282,120,100,60,41,25,247,200
98488289,0,2300.0,0,0,,0.0,30,30,0,0,0,0,49,35,67,50,100,100,280,250,350,160,252,120,189,60,51,25,229,200
98488289,1,3000.0,0,0,,0.0,0,0,0,0,0,0,49,35,67,50,100,100,280,250,350,160,252,120,189,60,51,25,229,200
98529577,0,3569.0,2,60,,0.0,9,0,0,0,9,0,47,35,75,50,100,100,280,250,280,160,297,120,67,43,50,25,250,200
98529577,1,8559.0,5,112,18.0,0.0,137,0,0,0,84,53,47,35,75,50,100,100,280,250,280,160,297,120,67,43,50,25,250,200
98718322,0,3000.0,0,0,,0.0,0,0,0,0,0,0,40,35,78,50,100,100,280,250,339,160,256,120,317,60,53,25,229,200
98718322,1,2300.0,0,0,,0.0,30,30,0,0,0,0,40,35,78,50,100,100,280,250,339,160,256,120,317,60,53,25,229,200
98759442,0,2300.0,0,0,,0.0,30,30,0,0,0,0,136,35,70,50,103,100,280,250,275,160,265,120,64,60,44,25,240,200
98759442,1,0.0,10,221,,,52,0,0,0,0,52,136,35,70,50,103,100,280,250,275,160,265,120,64,60,44,25,240,200
98836862,0,14152.0,5,102,11.0,0.0,118,40,14,0,0,64,45,35,64,50,100,100,272,238,336,160,350,120,78,60,48,25,244,200
98836862,1,3826.0,2,60,,0.0,9,0,0,0,9,0,45,35,64,50,100,100,272,238,336,160,350,120,78,60,48,25,244,200
99092389,0,3649.0,2,60,,0.0,9,0,0,0,9,0,57,35,58,50,100,100,275,250,240,160,219,120,64,60,35,22,259,200
99092389,1,5768.0,5,102,8.0,0.0,120,34,14,2,6,64,57,35,58,50,100,100,275,250,240,160,219,120,64,60,35,22,259,200
99204178,0,3000.0,0,0,,0.0,0,0,0,0,0,0,46,35,141,50,100,100,280,250,291,160,293,120,64,60,48,25,240,200
99204178,1,2300.0,0,0,,0.0,30,30,0,0,0,0,46,35,141,50,100,100,280,250,291,160,293,120,64,60,48,25,240,200
99441404,0,3000.0,0,0,,0.0,0,0,0,0,0,0,51,35,54,50,100,100,280,250,357,160,293,120,76,60,47,25,251,200
99441404,1,3774.0,2,60,,0.0,9,0,0,0,9,0,51,35,54,50,100,100,280,250,357,160,293,120,76,60,47,25,251,200
99512078,0,2299.0,1,3,,0.0,1,0,0,0,0,1,74,35,66,50,100,100,280,250,311,160,311,120,96,60,47,25,229,200
99512078,1,3864.0,2,60,,0.0,9,0,0,0,9,0,74,35,66,50,100,100,280,250,311,160,311,120,96,60,47,25,229,200
99607735,0,2300.0,0,0,,0.0,30,30,0,0,0,0,77,35,70,50,100,100,280,250,240,160,166,120,70,60,45,25,252,200
99607735,1,2810.0,0,0,,0.0,0,0,0,0,0,0,77,35,70,50,100,100,280,250,240,160,166,120,70,60,45,25,252,200
99842702,0,5890.0,6,166,12.0,0.0,126,5,49,25,4,43,58,35,56,50,100,98,272,171,332,160,295,120,477,60,48,22,246,200
99842702,1,4282.0,2,60,,0.0,9,0,0,0,9,0,58,35,56,50,100,98,272,171,332,160,295,120,477,60,48,22,246,200
100073052,0,105303.0,10,300,,18.0,11,0,11,0,0,0,37,35,70,50,100,22,272,232,249,160,282,120,76,60,55,25,246,200
100073052,1,3774.0,2,60,,0.0,9,0,0,0,9,0,37,35,70,50,100,22,272,232,249,160,282,120,76,60,55,25,246,200
100075593,0,3000.0,0,0,,0.0,0,0,0,0,0,0,67,35,65,50,100,100,280,250,296,160,282,120,399,60,51,25,240,200
100075593,1,2300.0,0,0,,0.0,30,30,0,0,0,0,67,35,65,50,100,100,280,250,296,160,282,120,399,60,51,25,240,200
100125841,0,3321.0,0,0,,0.0,15,0,0,0,0,15,57,35,69,50,100,100,280,250,315,160,307,120,61,60,44,25,246,200
100125841,1,3644.0,2,60,,0.0,9,0,0,0,9,0,57,35,69,50,100,100,280,250,315,160,307,120,61,60,44,25,246,200
100385346,0,2520.0,0,0,,0.0,30,0,0,0,0,30,57,35,62,50,100,100,280,250,350,160,327,120,126,60,48,25,229,200
100385346,1,2300.0,0,0,,0.0,30,30,0,0,0,0,57,35,62,50,100,100,280,250,350,160,327,120,126,60,48,25,229,200
100426510,0,3000.0,0,0,,0.0,0,0,0,0,0,0,37,35,64,50,100,100,280,250,364,160,301,120,138,60,48,25,244,200
100426510,1,4013.0,2,60,,0.0,9,0,0,0,9,0,37,35,64,50,100,100,280,250,364,160,301,120,138,60,48,25,244,200
100430990,0,2895.0,0,0,,0.0,2,2,0,0,0,0,61,35,57,50,100,100,280,250,311,160,297,120,74,60,43,25,253,200
100430990,1,2300.0,0,0,,0.0,30,30,0,0,0,0,61,35,57,50,100,100,280,250,311,160,297,120,74,60,43,25,253,200
100499398,0,1540.0,0,0,0.0,0.0,1,0,0,0,1,0,54,35,69,50,100,100,280,250,332,160,290,120,81,60,48,25,240,200
100499398,1,2300.0,0,0,,0.0,30,30,0,0,0,0,54,35,69,50,100,100,280,250,332,160,290,120,81,60,48,25,240,200
100754946,0,3749.0,2,60,,0.0,9,0,0,0,9,0,56,35,75,50,100,100,280,250,275,160,270,120,80,60,49,25,250,200
100754946,1,3165.0,0,0,,0.0,15,0,0,0,0,15,56,35,75,50,100,100,280,250,275,160,270,120,80,60,49,25,250,200
100846011,0,4143.0,2,60,,0.0,9,0,0,0,9,0,65,35,65,50,100,100,280,250,315,160,304,120,236,60,50,25,229,200
100846011,1,0.0,8,155,,,0,0,0,0,0,0,65,35,65,50,100,100,280,250,315,160,304,120,236,60,50,25,229,200
100996925,0,2300.0,0,0,,0.0,30,30,0,0,0,0,68,35,65,50,100,100,280,250,291,160,242,120,111,60,47,25,250,200
100996925,1,3000.0,0,0,,0.0,0,0,0,0,0,0,68,35,65,50,100,100,280,250,291,160,242,120,111,60,47,25,250,200
101012900,0,2300.0,0,0,,0.0,30,30,0,0,0,0,49,35,65,50,100,100,280,250,339,160,265,120,399,60,51,25,240,200
101012900,1,150.0,5,25,,0.0,103,0,58,36,7,2,49,35,65,50,100,100,280,250,339,160,265,120,399,60,51,25,240,200
101167871,0,3824.0,4,120,,0.0,48,0,0,0,0,48,61,35,64,50,100,100,280,250,311,160,270,120,89,60,47,25,249,200
101167871,1,3890.0,2,60,,0.0,9,0,0,0,9,0,61,35,64,50,100,100,280,250,311,160,270,120,89,60,47,25,249,200
101478120,0,898.0,2,2,0.0,0.0,0,0,0,0,0,0,63,35,72,50,100,100,280,250,315,160,242,120,111,60,49,25,229,200
101478120,1,2300.0,0,0,,0.0,30,30,0,0,0,0,63,35,72,50,100,100,280,250,315,160,242,120,111,60,49,25,229,200
101498197,0,4103.0,2,60,,0.0,9,0,0,0,9,0,81,35,62,50,100,100,276,250,311,160,261,120,236,60,48,25,244,200
101498197,1,5957.0,0,0,,0.0,3,0,3,0,0,0,81,35,62,50,100,100,276,250,311,160,261,120,236,60,48,25,244,200
101793106,0,3947.0,2,60,,0.0,9,0,0,0,9,0,61,35,62,50,100,100,276,250,324,160,327,120,236,60,48,25,229,200
101793106,1,5957.0,0,0,,0.0,3,0,3,0,0,0,61,35,62,50,100,100,276,250,324,160,327,120,236,60,48,25,229,200
101922551,0,3917.0,2,60,,0.0,9,0,0,0,9,0,68,35,52,50,100,100,280,250,354,160,293,120,138,60,46,25,244,200
101922551,1,3000.0,0,0,,0.0,0,0,0,0,0,0,68,35,52,50,100,100,280,250,354,160,293,120,138,60,46,25,244,200
101927038,0,3000.0,0,0,,0.0,0,0,0,0,0,0,58,35,68,50,100,100,280,250,280,160,314,120,126,60,50,25,249,200
101927038,1,2300.0,0,0,,0.0,30,30,0,0,0,0,58,35,68,50,100,100,280,250,280,160,314,120,126,60,50,25,249,200
101933711,0,3000.0,0,0,,0.0,0,0,0,0,0,0,235,35,62,50,100,100,280,250,280,160,311,120,91,60,45,25,229,200
101933711,1,2300.0,0,0,,0.0,30,30,0,0,0,0,235,35,62,50,100,100,280,250,280,160,311,120,91,60,45,25,229,200
102234973,0,3774.0,2,60,,0.0,9,0,0,0,9,0,173,35,64,50,100,100,276,250,291,160,297,120,76,60,45,25,229,200
102234973,1,5957.0,0,0,,0.0,3,0,3,0,0,0,173,35,64,50,100,100,276,250,291,160,297,120,76,60,45,25,229,200
102326464,0,2300.0,0,0,,0.0,30,30,0,0,0,0,136,35,54,50,100,100,280,250,296,160,307,120,660,60,49,25,242,200
102326464,1,3000.0,0,0,,0.0,0,0,0,0,0,0,136,35,54,50,100,100,280,250,296,160,307,120,660,60,49,25,242,200
102456020,0,4395.0,2,60,,0.0,9,0,0,0,9,0,68,35,66,50,100,100,273,250,311,160,282,120,384,60,51,25,229,200
102456020,1,5682.0,4,4,,0.0,50,35,15,0,0,0,68,35,66,50,100,100,273,250,311,160,282,120,384,60,51,25,229,200
102770679,0,3735.0,2,60,,0.0,9,0,0,0,9,0,54,35,65,50,100,96,275,249,262,160,219,120,78,60,45,25,255,200
102770679,1,8078.0,8,240,0.0,0.0,105,0,19,0,0,86,54,35,65,50,100,96,275,249,262,160,219,120,78,60,45,25,255,200
102772887,0,2300.0,0,0,,0.0,30,30,0,0,0,0,51,35,65,50,100,100,280,250,357,160,247,120,216,60,52,25,229,200
102772887,1,8.0,5,5,,0.0,0,0,0,0,0,0,51,35,65,50,100,100,280,250,357,160,247,120,216,60,52,25,229,200
102971450,0,3000.0,0,0,,0.0,0,0,0,0,0,0,61,35,58,50,100,100,280,250,324,160,330,120,399,60,53,25,242,200
102971450,1,2300.0,0,0,,0.0,30,30,0,0,0,0,61,35,58,50,100,100,280,250,324,160,330,120,399,60,53,25,242,200
103035995,0,3000.0,0,0,,0.0,0,0,0,0,0,0,68,35,67,50,100,100,280,250,306,160,324,120,158,60,49,25,229,200
103035995,1,3956.0,2,60,,0.0,9,0,0,0,9,0,68,35,67,50,100,100,280,250,306,160,324,120,158,60,49,25,229,200
103147740,0,3735.0,2,60,,0.0,9,0,0,0,9,0,60,35,102,50,100,100,280,250,255,160,290,120,78,60,50,25,242,200
103147740,1,3000.0,0,0,,0.0,0,0,0,0,0,0,60,35,102,50,100,100,280,250,255,160,290,120,78,60,50,25,242,200
103469333,0,3000.0,0,0,,0.0,0,0,0,0,0,0,37,35,64,50,100,100,280,250,377,160,333,120,79,60,50,25,229,200
103469333,1,2300.0,0,0,,0.0,30,30,0,0,0,0,37,35,64,50,100,100,280,250,377,160,333,120,79,60,50,25,229,200
103487012,0,10.0,0,0,,0.0,1,0,1,0,0,0,51,35,67,50,100,100,280,250,311,160,301,120,61,60,46,25,251,200
103487012,1,3644.0,2,60,,0.0,9,0,0,0,9,0,51,35,67,50,100,100,280,250,311,160,301,120,61,60,46,25,251,200
103754843,0,234.0,11,113,6.0,0.0,194,7,13,30,0,144,70,35,62,50,100,96,277,250,332,160,265,120,207,60,48,25,228,200
103754843,1,3890.0,2,60,,0.0,9,0,0,0,9,0,70,35,62,50,100,96,277,250,332,160,265,120,207,60,48,25,228,200
103966892,0,3000.0,0,0,,0.0,0,0,0,0,0,0,67,35,60,50,100,100,280,250,347,160,270,120,126,60,50,25,229,200
103966892,1,2300.0,0,0,,0.0,30,30,0,0,0,0,67,35,60,50,100,100,280,250,347,160,270,120,126,60,50,25,229,200
104004738,0,2245.0,5,59,10.0,0.0,32,0,25,0,0,7,53,35,52,50,100,99,272,249,336,160,317,120,107,60,47,25,253,200
104004738,1,3890.0,2,60,,0.0,9,0,0,0,9,0,53,35,52,50,100,99,272,249,336,160,317,120,107,60,47,25,253,200
104348450,0,3890.0,2,60,,0.0,9,0,0,0,9,0,49,35,63,50,100,100,273,142,269,160,256,120,96,60,46,25,256,200
104348450,1,21527.0,4,86,0.0,0.0,149,0,149,0,0,0,49,35,63,50,100,100,273,142,269,160,256,120,96,60,46,25,256,200
104419837,0,3000.0,0,0,,0.0,0,0,0,0,0,0,46,35,67,50,100,100,280,250,315,160,339,120,77,60,48,25,249,200
104419837,1,2300.0,0,0,,0.0,30,30,0,0,0,0,46,35,67,50,100,100,280,250,315,160,339,120,77,60,48,25,249,200
104471331,0,29004.0,7,158,17.0,0.0,105,25,38,9,0,33,58,29,63,50,100,84,275,233,272,160,303,120,429,60,54,25,228,200
104471331,1,4445.0,2,60,,0.0,9,0,0,0,9,0,58,29,63,50,100,84,275,233,272,160,303,120,429,60,54,25,228,200
104518936,0,4046.0,2,60,,0.0,9,0,0,0,9,0,99,35,58,50,100,100,272,250,296,160,282,120,269,60,48,25,244,200
104518936,1,6856.0,1,3,,0.0,4,0,4,0,0,0,99,35,58,50,100,100,272,250,296,160,282,120,269,60,48,25,244,200
104534408,0,3826.0,2,60,,0.0,9,0,0,0,9,0,35,29,53,47,101,99,279,250,333,160,265,120,81,60,43,24,255,200
104534408,1,10257.0,6,85,0.0,0.0,235,85,5,0,5,140,35,29,53,47,101,99,279,250,333,160,265,120,81,60,43,24,255,200
104556408,0,528.0,2,2,,0.0,2,0,2,0,0,0,81,35,57,50,100,100,280,250,319,160,274,120,1075,60,52,25,229,200
104556408,1,2300.0,0,0,,0.0,30,30,0,0,0,0,81,35,57,50,100,100,280,250,319,160,274,120,1075,60,52,25,229,200
104610847,0,3735.0,2,60,,0.0,9,0,0,0,9,0,46,35,66,50,100,100,276,250,296,160,293,120,74,60,44,25,253,200
104610847,1,5957.0,0,0,,0.0,3,0,3,0,0,0,46,35,66,50,100,100,276,250,296,160,293,120,74,60,44,25,253,200
104622378,0,2300.0,0,0,,0.0,30,30,0,0,0,0,44,35,64,50,100,100,280,250,347,160,290,120,144,60,47,25,244,200
104622378,1,2930.0,0,0,,0.0,0,0,0,0,0,0,44,35,64,50,100,100,280,250,347,160,290,120,144,60,47,25,244,200
104716790,0,8079.0,6,100,0.0,0.0,36,0,4,4,28,0,42,35,75,50,102,100,276,250,305,160,267,120,62,45,53,25,248,200
104716790,1,3368.0,2,60,,0.0,9,0,0,0,9,0,42,35,75,50,102,100,276,250,305,160,267,120,62,45,53,25,248,200
104726731,0,6563.0,4,32,,0.0,125,125,0,0,0,0,51,29,52,50,100,100,280,250,357,160,342,120,236,60,48,25,229,200
104726731,1,3947.0,2,60,,0.0,9,0,0,0,9,0,51,29,52,50,100,100,280,250,357,160,342,120,236,60,48,25,229,200
104730801,0,3000.0,0,0,,0.0,0,0,0,0,0,0,49,35,72,50,100,100,280,250,324,160,304,120,100,60,54,25,229,200
104730801,1,2300.0,0,0,,0.0,30,30,0,0,0,0,49,35,72,50,100,100,280,250,324,160,304,120,100,60,54,25,229,200
104776943,0,17126.0,4,62,,0.0,162,84,0,0,0,78,50,27,70,50,100,100,280,250,306,160,293,120,269,60,46,25,229,200
104776943,1,4223.0,2,60,,0.0,9,0,0,0,9,0,50,27,70,50,100,100,280,250,306,160,293,120,269,60,46,25,229,200
104820248,0,5957.0,0,0,,0.0,3,0,3,0,0,0,37,35,69,50,100,100,276,250,301,160,301,120,61,60,45,25,254,200
104820248,1,3644.0,2,60,,0.0,9,0,0,0,9,0,37,35,69,50,100,100,276,250,301,160,301,120,61,60,45,25,254,200
104886859,0,2300.0,0,0,,0.0,30,30,0,0,0,0,122,35,57,50,100,100,280,250,319,160,265,120,160,60,45,25,240,200
104886859,1,1112.0,0,0,3.0,0.0,14,3,0,0,1,10,122,35,57,50,100,100,280,250,319,160,265,120,160,60,45,25,240,200
104918045,0,3298.0,0,0,,0.0,15,0,0,0,0,15,57,35,56,50,100,100,280,250,301,160,297,120,82,60,41,25,254,200
104918045,1,3787.0,2,60,,0.0,9,0,0,0,9,0,57,35,56,50,100,100,280,250,301,160,297,120,82,60,41,25,254,200
104952362,0,3877.0,2,60,,0.0,9,0,0,0,9,0,50,35,68,50,100,100,276,250,301,160,324,120,85,60,50,25,248,200
104952362,1,5957.0,0,0,,0.0,3,0,3,0,0,0,50,35,68,50,100,100,276,250,301,160,324,120,85,60,50,25,248,200
104969420,0,2853.0,1,27,,0.0,9,0,0,0,0,9,116,35,60,50,100,100,280,250,332,160,297,120,67,60,44,25,229,200
104969420,1,3657.0,2,60,,0.0,9,0,0,0,9,0,116,35,60,50,100,100,280,250,332,160,297,120,67,60,44,25,229,200
104975364,0,6670.0,6,128,7.0,0.0,63,0,3,60,0,0,57,35,74,50,100,61,280,250,275,160,319,120,107,60,55,25,218,5
104975364,1,3943.0,2,60,,0.0,9,0,0,0,9,0,57,35,74,50,100,61,280,250,275,160,319,120,107,60,55,25,218,5
105023994,0,3969.0,2,60,,0.0,9,0,0,0,9,0,71,35,54,50,100,100,280,250,311,160,166,120,121,60,39,23,254,200
105023994,1,2583.0,3,90,0.0,0.0,228,0,0,0,0,228,71,35,54,50,100,100,280,250,311,160,166,120,121,60,39,23,254,200
105043554,0,3000.0,0,0,,0.0,0,0,0,0,0,0,63,35,58,50,100,100,280,250,275,160,307,120,216,60,48,25,253,200
105043554,1,2300.0,0,0,,0.0,30,30,0,0,0,0,63,35,58,50,100,100,280,250,275,160,307,120,216,60,48,25,253,200
105124534,0,4013.0,2,60,,0.0,9,0,0,0,9,0,35,10,55,50,100,100,280,250,347,160,231,120,138,60,44,25,255,200
105124534,1,8068.0,3,90,,0.0,196,196,0,0,0,0,35,10,55,50,100,100,280,250,347,160,231,120,138,60,44,25,255,200
105159675,0,3735.0,2,60,,0.0,9,0,0,0,9,0,64,29,70,50,100,100,273,4,301,160,263,120,74,60,47,25,240,200
105159675,1,36320.0,3,84,,13.0,118,74,41,3,0,0,64,29,70,50,100,100,273,4,301,160,263,120,74,60,47,25,240,200
105206402,0,3000.0,0,0,,0.0,0,0,0,0,0,0,49,35,66,50,100,100,280,250,319,160,327,120,86,60,46,25,247,200
105206402,1,2300.0,0,0,,0.0,30,30,0,0,0,0,49,35,66,50,100,100,280,250,319,160,327,120,86,60,46,25,247,200
105299123,0,3735.0,2,60,,0.0,9,0,0,0,9,0,71,35,66,50,100,100,280,250,315,160,311,120,74,60,44,23,229,200
105299123,1,6961.0,0,0,,0.0,42,0,0,0,0,42,71,35,66,50,100,100,280,250,315,160,311,120,74,60,44,23,229,200
105321445,0,2300.0,0,0,,0.0,30,30,0,0,0,0,61,35,65,50,100,100,280,250,319,160,304,120,356,60,52,25,229,200
105321445,1,3000.0,0,0,,0.0,0,0,0,0,0,0,61,35,65,50,100,100,280,250,319,160,304,120,356,60,52,25,229,200
105436340,0,12557.0,8,192,0.0,0.0,88,0,0,0,0,88,37,35,58,44,100,77,280,250,332,160,278,120,158,60,53,25,229,200
105436340,1,4093.0,2,60,,0.0,9,0,0,0,9,0,37,35,58,44,100,77,280,250,332,160,278,120,158,60,53,25,229,200
105447403,0,3890.0,2,60,,0.0,9,0,0,0,9,0,37,35,54,50,100,100,277,250,404,160,317,120,96,60,46,25,229,200
105447403,1,4986.0,0,0,,0.0,9,5,4,0,0,0,37,35,54,50,100,100,277,250,404,160,317,120,96,60,46,25,229,200
105470247,0,3174.0,2,33,0.0,0.0,100,0,0,17,0,83,53,35,52,50,100,100,280,250,343,160,304,120,76,60,31,22,253,200
105470247,1,3709.0,2,60,,0.0,9,0,0,0,9,0,53,35,52,50,100,100,280,250,343,160,304,120,76,60,31,22,253,200
105488652,0,2300.0,0,0,,0.0,30,30,0,0,0,0,54,35,59,50,100,100,280,250,371,160,265,120,165,60,49,25,229,200
105488652,1,3000.0,0,0,,0.0,0,0,0,0,0,0,54,35,59,50,100,100,280,250,371,160,265,120,165,60,49,25,229,200
105600677,0,3864.0,2,60,,0.0,9,0,0,0,9,0,49,35,69,50,100,100,276,250,291,160,265,120,89,60,49,25,250,200
105600677,1,5957.0,0,0,,0.0,3,0,3,0,0,0,49,35,69,50,100,100,276,250,291,160,265,120,89,60,49,25,250,200
105638958,0,3877.0,2,60,,0.0,9,0,0,0,9,0,37,35,78,50,100,100,277,250,347,160,286,120,85,60,49,25,229,200
105638958,1,5398.0,0,0,,0.0,3,0,3,0,0,0,37,35,78,50,100,100,277,250,347,160,286,120,85,60,49,25,229,200
105659195,0,2300.0,0,0,,0.0,30,30,0,0,0,0,86,35,52,50,101,100,275,250,296,160,261,120,86,60,44,25,254,200
105659195,1,1331.0,3,59,0.0,0.0,12,0,12,0,0,0,86,35,52,50,101,100,275,250,296,160,261,120,86,60,44,25,254,200
105661967,0,3932.0,2,60,,0.0,9,0,0,0,9,0,125,35,52,50,100,100,276,250,296,160,293,120,236,60,46,25,249,200
105661967,1,3984.0,0,0,,0.0,6,0,2,0,0,4,125,35,52,50,100,100,276,250,296,160,293,120,236,60,46,25,249,200
105702306,0,3990.0,2,60,,0.0,9,0,0,0,9,0,125,35,59,50,100,100,280,250,301,160,301,120,269,60,48,25,229,200
105702306,1,3000.0,0,0,,0.0,0,0,0,0,0,0,125,35,59,50,100,100,280,250,301,160,301,120,269,60,48,25,229,200
105829653,0,2850.0,0,0,,0.0,15,0,0,0,0,15,50,35,75,50,100,100,280,250,315,160,355,120,83,60,54,25,229,200
105829653,1,2300.0,0,0,,0.0,30,30,0,0,0,0,50,35,75,50,100,100,280,250,315,160,355,120,83,60,54,25,229,200
105837818,0,3826.0,2,60,,0.0,9,0,0,0,9,0,77,35,51,44,101,94,280,250,357,160,336,120,78,60,46,25,229,200
105837818,1,5896.0,1,30,18.0,0.0,12,0,0,0,0,12,77,35,51,44,101,94,280,250,357,160,336,120,78,60,46,25,229,200
105925757,0,3000.0,0,0,,0.0,0,0,0,0,0,0,61,35,59,50,100,100,280,250,354,160,261,120,640,60,51,25,229,200
105925757,1,5530.0,2,60,,0.0,9,0,0,0,9,0,61,35,59,50,100,100,280,250,354,160,261,120,640,60,51,25,229,200
105999472,0,3000.0,0,0,,0.0,0,0,0,0,0,0,43,35,67,50,100,100,280,250,354,160,324,120,189,60,50,25,229,200
105999472,1,2300.0,0,0,,0.0,30,30,0,0,0,0,43,35,67,50,100,100,280,250,354,160,324,120,189,60,50,25,229,200
106029646,0,3556.0,2,58,3.0,0.0,132,132,0,0,0,0,44,30,69,50,100,100,280,250,296,160,225,120,74,60,48,25,250,200
106029646,1,2300.0,0,0,,0.0,30,30,0,0,0,0,44,30,69,50,100,100,280,250,296,160,225,120,74,60,48,25,250,200
106061084,0,3877.0,2,60,,0.0,9,0,0,0,9,0,173,35,69,50,100,100,272,225,248,160,290,120,85,60,49,25,229,200
106061084,1,4518.0,4,78,0.0,0.0,119,0,119,0,0,0,173,35,69,50,100,100,272,225,248,160,290,120,85,60,49,25,229,200
106080244,0,3000.0,0,0,,0.0,0,0,0,0,0,0,54,35,88,50,100,100,280,250,275,160,278,120,236,60,53,25,240,200
106080244,1,4143.0,2,60,,0.0,9,0,0,0,9,0,54,35,88,50,100,100,280,250,275,160,278,120,236,60,53,25,240,200
106123264,0,3302.0,0,0,,0.0,15,0,0,0,0,15,160,35,69,50,100,100,280,250,269,160,270,120,74,60,46,25,229,200
106123264,1,3735.0,2,60,,0.0,9,0,0,0,9,0,160,35,69,50,100,100,280,250,269,160,270,120,74,60,46,25,229,200
106200789,0,3000.0,0,0,,0.0,719,0,527,0,0,192,60,35,70,50,100,100,280,250,286,160,297,120,72,60,46,25,248,200
106200789,1,2300.0,0,0,,0.0,30,30,0,0,0,0,60,35,70,50,100,100,280,250,286,160,297,120,72,60,46,25,248,200
106212578,0,3799.0,2,60,,0.0,9,0,0,0,9,0,44,35,59,50,100,100,280,250,347,160,311,120,85,60,48,25,249,200
106212578,1,3000.0,0,0,,0.0,0,0,0,0,0,0,44,35,59,50,100,100,280,250,347,160,311,120,85,60,48,25,249,200
106244906,0,1730.0,0,0,0.0,0.0,0,0,0,0,0,0,107,35,58,50,100,100,280,250,291,160,247,120,216,60,47,25,248,200
106244906,1,2300.0,0,0,,0.0,30,30,0,0,0,0,107,35,58,50,100,100,280,250,291,160,247,120,216,60,47,25,248,200
106342382,0,3735.0,2,60,,0.0,9,0,0,0,9,0,57,35,83,50,100,100,280,250,255,160,285,120,78,60,48,25,248,200
106342382,1,8408.0,1,25,2.0,0.0,34,0,0,24,5,5,57,35,83,50,100,100,280,250,255,160,285,120,78,60,48,25,248,200
106415602,0,1063.0,0,0,5.0,0.0,3,0,0,0,0,3,67,35,62,50,100,100,280,250,332,160,336,120,83,60,47,25,229,200
106415602,1,2300.0,0,0,,0.0,30,30,0,0,0,0,67,35,62,50,100,100,280,250,332,160,336,120,83,60,47,25,229,200
106457990,0,801.0,2,38,,0.0,46,0,0,0,46,0,50,35,55,50,100,100,280,250,374,160,347,120,107,60,47,25,229,200
106457990,1,2300.0,0,0,,0.0,30,30,0,0,0,0,50,35,55,50,100,100,280,250,374,160,347,120,107,60,47,25,229,200
106478308,0,4.0,8,107,,0.0,230,30,40,48,0,112,37,35,88,50,100,97,274,250,273,160,274,120,65,60,46,25,254,200
106478308,1,3644.0,2,60,,0.0,9,0,0,0,9,0,37,35,88,50,100,97,274,250,273,160,274,120,65,60,46,25,254,200
106518115,0,201.0,3,34,0.0,0.0,16,0,15,1,0,0,37,35,54,50,100,100,280,250,296,160,225,120,74,60,40,25,260,200
106518115,1,2300.0,0,0,,0.0,30,30,0,0,0,0,37,35,54,50,100,100,280,250,296,160,225,120,74,60,40,25,260,200
106602887,0,2300.0,0,0,,0.0,30,30,0,0,0,0,49,35,64,50,100,100,280,250,336,160,333,120,81,60,52,25,244,200
106602887,1,3000.0,0,0,,0.0,0,0,0,0,0,0,49,35,64,50,100,100,280,250,336,160,333,120,81,60,52,25,244,200
106613138,0,3943.0,2,60,,0.0,9,0,0,0,9,0,57,35,66,50,100,100,277,250,301,160,303,120,107,60,50,25,244,200
106613138,1,6929.0,3,90,13.0,0.0,50,0,15,21,0,14,57,35,66,50,100,100,277,250,301,160,303,120,107,60,50,25,244,200
106642095,0,11657.0,3,90,,0.0,128,0,0,0,0,128,53,35,56,50,100,100,280,250,339,160,342,120,85,60,41,22,248,200
106642095,1,3838.0,2,60,,0.0,9,0,0,0,9,0,53,35,56,50,100,100,280,250,339,160,342,120,85,60,41,22,248,200
106777721,0,2300.0,0,0,,0.0,30,30,0,0,0,0,332,35,59,50,100,100,280,250,269,160,236,120,64,60,40,24,248,200
106777721,1,1269.0,3,90,0.0,0.0,44,0,0,0,0,44,332,35,59,50,100,100,280,250,269,160,236,120,64,60,40,24,248,200
106781514,0,6453.0,12,242,11.0,0.0,137,0,67,39,11,20,71,35,70,50,101,98,272,250,199,160,277,120,155,55,50,25,247,200
106781514,1,3833.0,2,60,,0.0,9,0,0,0,9,0,71,35,70,50,101,98,272,250,199,160,277,120,155,55,50,25,247,200
106920135,0,1993.0,3,62,0.0,0.0,47,0,0,0,0,47,50,35,57,50,100,95,280,250,343,160,347,120,83,60,47,25,246,200
106920135,1,2300.0,0,0,,0.0,30,30,0,0,0,0,50,35,57,50,100,95,280,250,343,160,347,120,83,60,47,25,246,200
106922021,0,3293.0,0,0,,0.0,15,0,0,0,0,15,63,35,59,50,100,100,280,250,315,160,236,120,80,60,42,25,253,200
106922021,1,3749.0,2,60,,0.0,9,0,0,0,9,0,63,35,59,50,100,100,280,250,315,160,236,120,80,60,42,25,253,200
106992368,0,2300.0,0,0,,0.0,30,30,0,0,0,0,252,35,56,50,100,100,280,250,328,160,282,120,64,60,41,25,229,200
106992368,1,3000.0,0,0,,0.0,0,0,0,0,0,0,252,35,56,50,100,100,280,250,328,160,282,120,64,60,41,25,229,200
107063798,0,3965.0,2,60,,0.0,9,0,0,0,9,0,37,35,65,50,100,100,272,240,374,160,282,120,130,60,53,25,229,200
107063798,1,9022.0,5,130,15.0,0.0,115,31,28,0,32,24,37,35,65,50,100,100,272,240,374,160,282,120,130,60,53,25,229,200
107118710,0,2990.0,0,0,,0.0,0,0,0,0,0,0,64,35,54,50,100,100,280,250,332,160,314,120,924,60,50,25,242,200
107118710,1,2300.0,0,0,,0.0,30,30,0,0,0,0,64,35,54,50,100,100,280,250,332,160,314,120,924,60,50,25,242,200
107127257,0,5957.0,0,0,,0.0,3,0,3,0,0,0,71,35,55,50,100,100,276,250,301,160,342,120,384,60,50,25,244,200
107127257,1,4804.0,2,60,,0.0,9,0,0,0,9,0,71,35,55,50,100,100,276,250,301,160,342,120,384,60,50,25,244,200
107271575,0,3000.0,0,0,,0.0,0,0,0,0,0,0,64,35,59,50,100,100,280,250,343,160,311,120,107,60,45,25,229,200
107271575,1,3943.0,2,60,,0.0,9,0,0,0,9,0,64,35,59,50,100,100,280,250,343,160,311,120,107,60,45,25,229,200
107288251,0,1256.0,4,71,0.0,0.0,35,0,2,10,11,12,60,35,59,50,100,100,280,250,324,160,352,120,165,60,50,25,242,200
107288251,1,2300.0,0,0,,0.0,30,30,0,0,0,0,60,35,59,50,100,100,280,250,324,160,352,120,165,60,50,25,242,200
107367628,0,2480.0,5,150,5.0,0.0,39,0,0,0,0,39,86,35,57,50,100,100,280,250,350,160,297,120,68,60,43,22,229,200
107367628,1,2300.0,0,0,,0.0,30,30,0,0,0,0,86,35,57,50,100,100,280,250,350,160,297,120,68,60,43,22,229,200
107390925,0,9870.0,1,8,,0.0,25,16,9,0,0,0,68,31,52,50,100,100,274,250,332,160,293,120,89,60,44,25,250,200
107390925,1,3758.0,2,60,,0.0,9,0,0,0,9,0,68,31,52,50,100,100,274,250,332,160,293,120,89,60,44,25,250,200
107438980,0,2137.0,1,10,12.0,0.0,2,0,2,0,0,0,67,35,67,50,100,100,277,250,286,160,311,120,83,60,50,25,246,200
107438980,1,2300.0,0,0,,0.0,30,30,0,0,0,0,67,35,67,50,100,100,277,250,286,160,311,120,83,60,50,25,246,200
107519694,0,3683.0,2,60,,0.0,9,0,0,0,9,0,46,35,70,50,100,100,280,250,319,160,290,120,69,60,50,25,248,200
107519694,1,3820.0,0,0,,0.0,15,0,0,0,0,15,46,35,70,50,100,100,280,250,319,160,290,120,69,60,50,25,248,200
107533383,0,5957.0,0,0,,0.0,3,0,3,0,0,0,44,35,68,50,100,100,276,250,347,160,293,120,138,60,51,25,229,200
107533383,1,3904.0,2,60,,0.0,9,0,0,0,9,0,44,35,68,50,100,100,276,250,347,160,293,120,138,60,51,25,229,200
107614503,0,8476.0,0,0,,0.0,57,10,3,2,3,39,64,35,68,50,100,100,276,250,269,160,300,120,64,55,41,24,252,200
107614503,1,3609.0,2,60,,0.0,9,0,0,0,9,0,64,35,68,50,100,100,276,250,269,160,300,120,64,55,41,24,252,200
107620598,0,2300.0,0,0,,0.0,30,30,0,0,0,0,44,35,52,50,100,100,280,250,383,160,327,120,111,60,47,25,244,200
107620598,1,3000.0,0,0,,0.0,0,0,0,0,0,0,44,35,52,50,100,100,280,250,383,160,327,120,111,60,47,25,244,200
107632293,0,3000.0,0,0,,0.0,0,0,0,0,0,0,54,35,66,50,100,100,280,250,275,160,261,120,61,60,44,25,255,200
107632293,1,3644.0,2,60,,0.0,9,0,0,0,9,0,54,35,66,50,100,100,280,250,275,160,261,120,61,60,44,25,255,200
107785316,0,6025.0,0,0,,0.0,36,0,0,0,0,36,107,35,64,50,100,100,280,250,301,160,304,120,80,60,46,25,229,200
107785316,1,3877.0,2,60,,0.0,9,0,0,0,9,0,107,35,64,50,100,100,280,250,301,160,304,120,80,60,46,25,229,200
107795174,0,2300.0,0,0,,0.0,30,30,0,0,0,0,37,35,62,50,100,100,280,250,332,160,265,120,91,60,48,25,254,200
107795174,1,3352.0,0,0,,0.0,15,0,0,0,0,15,37,35,62,50,100,100,280,250,332,160,265,120,91,60,48,25,254,200
107839380,0,3774.0,2,60,,0.0,9,0,0,0,9,0,37,35,78,50,100,100,279,249,324,160,264,120,76,60,49,25,247,200
107839380,1,12214.0,0,0,,0.0,30,0,11,2,0,17,37,35,78,50,100,100,279,249,324,160,264,120,76,60,49,25,247,200
107879598,0,3644.0,2,60,,0.0,9,0,0,0,9,0,63,35,120,50,100,100,280,250,240,160,311,120,65,60,48,25,246,200
107879598,1,3000.0,0,0,,0.0,0,0,0,0,0,0,63,35,120,50,100,100,280,250,240,160,311,120,65,60,48,25,246,200
107939900,0,4020.0,2,60,,0.0,9,0,0,0,9,0,54,35,67,50,100,100,280,250,269,160,307,120,207,60,44,22,252,200
107939900,1,10056.0,3,90,,0.0,140,0,0,0,0,140,54,35,67,50,100,100,280,250,269,160,307,120,207,60,44,22,252,200
107968404,0,2300.0,0,0,,0.0,30,30,0,0,0,0,46,35,67,50,100,100,280,250,347,160,297,120,216,60,54,25,229,200
107968404,1,2760.0,0,0,,0.0,23,0,0,0,0,23,46,35,67,50,100,100,280,250,347,160,297,120,216,60,54,25,229,200
107985793,0,3000.0,0,0,,0.0,0,0,0,0,0,0,49,35,59,50,100,100,280,250,343,160,256,120,189,60,46,25,251,200
107985793,1,2300.0,0,0,,0.0,30,30,0,0,0,0,49,35,59,50,100,100,280,250,343,160,256,120,189,60,46,25,251,200
108019202,0,3000.0,0,0,,0.0,0,0,0,0,0,0,86,35,59,50,100,100,280,250,315,160,261,120,83,60,44,25,248,200
108019202,1,2300.0,0,0,,0.0,30,30,0,0,0,0,86,35,59,50,100,100,280,250,315,160,261,120,83,60,44,25,248,200
108094016,0,3921.0,2,60,,0.0,9,0,0,0,9,0,42,35,70,50,100,100,280,250,328,160,247,120,304,60,50,24,246,200
108094016,1,5203.0,1,30,,0.0,92,0,0,0,0,92,42,35,70,50,100,100,280,250,328,160,247,120,304,60,50,24,246,200
108205266,0,2300.0,0,0,,0.0,30,30,0,0,0,0,49,35,68,50,100,100,280,250,332,160,336,120,61,44,48,25,246,200
108205266,1,1382.0,4,66,14.0,0.0,166,0,0,0,166,0,49,35,68,50,100,100,280,250,332,160,336,120,61,44,48,25,246,200
108228249,0,2300.0,0,0,,0.0,30,30,0,0,0,0,70,35,60,50,100,100,280,250,291,160,301,120,111,60,46,25,248,200
108228249,1,3000.0,0,0,,0.0,0,0,0,0,0,0,70,35,60,50,100,100,280,250,291,160,301,120,111,60,46,25,248,200
108253431,0,11612.0,0,0,,0.0,57,0,10,0,0,47,49,35,62,50,100,100,275,249,306,160,286,120,158,60,48,23,253,200
108253431,1,3928.0,2,60,,0.0,9,0,0,0,9,0,49,35,62,50,100,100,275,249,306,160,286,120,158,60,48,23,253,200
108320412,0,6208.0,3,90,,0.0,40,0,0,4,36,0,61,35,58,50,100,100,280,250,343,160,337,120,91,60,52,25,229,200
108320412,1,3916.0,2,60,,0.0,9,0,0,0,9,0,61,35,58,50,100,100,280,250,343,160,337,120,91,60,52,25,229,200
108350720,0,3000.0,0,0,,0.0,0,0,0,0,0,0,71,35,52,50,100,100,280,250,328,160,304,120,477,60,47,25,246,200
108350720,1,4282.0,2,60,,0.0,9,0,0,0,9,0,71,35,52,50,100,100,280,250,328,160,304,120,477,60,47,25,246,200
108416208,0,344.0,5,5,,0.0,19,0,12,0,0,7,63,35,60,50,100,100,280,250,306,160,252,120,216,60,47,25,250,200
108416208,1,2300.0,0,0,,0.0,30,30,0,0,0,0,63,35,60,50,100,100,280,250,306,160,252,120,216,60,47,25,250,200
108457898,0,3709.0,2,60,,0.0,9,0,0,0,9,0,173,35,67,50,100,100,280,250,280,160,261,120,72,60,46,25,229,200
108457898,1,1499.0,4,46,0.0,0.0,0,0,0,0,0,0,173,35,67,50,100,100,280,250,280,160,261,120,72,60,46,25,229,200
108479320,0,3000.0,0,0,,0.0,0,0,0,0,0,0,116,35,64,50,100,100,280,250,280,160,236,120,61,60,45,25,249,200
108479320,1,3644.0,2,60,,0.0,9,0,0,0,9,0,116,35,64,50,100,100,280,250,280,160,236,120,61,60,45,25,249,200
