episode_id,create_time,end_time,type,state,sub_0,team_0,bank_0,rating_0,sub_1,team_1,bank_1,rating_1
100073052,2026-08-26T12:50:39.489850300Z,2026-08-26T12:54:23.346491800Z,EPISODE_TYPE_PUBLIC,COMPLETED,55794945,16768178,105303,541.4907785486564,55115318,16621290,3774,259.96720189271105
100075593,2026-08-26T12:54:40.128653200Z,2026-08-26T12:56:02.673401900Z,EPISODE_TYPE_PUBLIC,COMPLETED,55589724,16730380,3000,180.37449395110616,55115641,16621519,2300,149.67500727583038
100125841,2026-08-26T14:22:39.893097600Z,2026-08-26T14:25:24.451317600Z,EPISODE_TYPE_PUBLIC,COMPLETED,55266101,16661252,3321,228.8241004819706,55115318,16621290,3644,264.02288897101425
100385346,2026-08-26T22:03:15.635642400Z,2026-08-26T22:08:20.146902700Z,EPISODE_TYPE_PUBLIC,COMPLETED,55617695,16731873,2520,138.59677176040054,55115641,16621519,2300,144.89549008596782
100426510,2026-08-26T23:15:19.439084100Z,2026-08-26T23:17:16.033182Z,EPISODE_TYPE_PUBLIC,COMPLETED,55278145,16662630,3000,213.22167456828956,55115318,16621290,4013,267.7701488289536
100430990,2026-08-26T23:23:17.605936Z,2026-08-26T23:27:53.457812500Z,EPISODE_TYPE_PUBLIC,COMPLETED,55612868,16662714,2895,130.0369920893966,55115641,16621519,2300,140.0554160383272
100499398,2026-08-27T01:27:22.238630500Z,2026-08-27T01:31:02.693172600Z,EPISODE_TYPE_PUBLIC,COMPLETED,55435988,16667773,1540,84.41045483625598,55115641,16621519,2300,143.73414036950277
100754946,2026-08-27T08:55:41.469946300Z,2026-08-27T08:58:51.382762600Z,EPISODE_TYPE_PUBLIC,COMPLETED,55115318,16621290,3749,271.8891808670631,55276050,16666414,3165,240.57791670129677
100846011,2026-08-27T11:35:41.219547800Z,2026-08-27T11:40:02.349775Z,EPISODE_TYPE_PUBLIC,COMPLETED,55115318,16621290,4143,275.6585055993082,55816876,16779519,0,207.8510901900329
100996925,2026-08-27T15:59:37.731389900Z,2026-08-27T16:02:59.393897900Z,EPISODE_TYPE_PUBLIC,COMPLETED,55115641,16621519,2300,139.91888008812714,55517004,16661154,3000,191.13522727108398
101012900,2026-08-27T16:27:37.823100100Z,2026-08-27T16:31:42.706617800Z,EPISODE_TYPE_PUBLIC,COMPLETED,55115641,16621519,2300,142.7593886348041,55321324,16681637,150,26.040758330685957
101167871,2026-08-27T21:03:03.767603300Z,2026-08-27T21:06:23.469897600Z,EPISODE_TYPE_PUBLIC,COMPLETED,55358610,16675428,3824,234.45463552724343,55115318,16621290,3890,279.55492416444986
101478120,2026-08-28T06:15:16.780476700Z,2026-08-28T06:16:23.239208600Z,EPISODE_TYPE_PUBLIC,COMPLETED,55559990,16669604,898,70.24304555492895,55115641,16621519,2300,146.1913805949664
101498197,2026-08-28T06:51:09.079621700Z,2026-08-28T06:52:32.472827600Z,EPISODE_TYPE_PUBLIC,COMPLETED,55115318,16621290,4103,275.0191931496924,55615446,16633833,5957,281.8513378641595
101793106,2026-08-28T15:45:59.697880800Z,2026-08-28T15:48:49.364291900Z,EPISODE_TYPE_PUBLIC,COMPLETED,55115318,16621290,3947,270.93356612004135,55593653,16690308,5957,304.4462692937615
101922551,2026-08-28T19:41:31.502460Z,2026-08-28T19:43:45.678734100Z,EPISODE_TYPE_PUBLIC,COMPLETED,55115318,16621290,3917,274.25390473991837,55851179,16723289,3000,180.80498672572384
101927038,2026-08-28T19:49:33.068792700Z,2026-08-28T19:53:33.555370400Z,EPISODE_TYPE_PUBLIC,COMPLETED,55249032,16632111,3000,204.79776146877234,55115641,16621519,2300,142.56280095712856
101933711,2026-08-28T20:01:28.418684200Z,2026-08-28T20:03:47.286340400Z,EPISODE_TYPE_PUBLIC,COMPLETED,55796992,16640468,3000,214.88521403641306,55115641,16621519,2300,139.0747528414904
102234973,2026-08-29T05:08:34.032370200Z,2026-08-29T05:12:34.980873200Z,EPISODE_TYPE_PUBLIC,COMPLETED,55115318,16621290,3774,269.573264408606,55809971,16759675,5957,270.4042524790042
102326464,2026-08-29T07:52:29.109395Z,2026-08-29T07:53:58.784655900Z,EPISODE_TYPE_PUBLIC,COMPLETED,55115641,16621519,2300,135.60130217024414,55329409,16661846,3000,208.085395394008
102456020,2026-08-29T11:44:30.256264800Z,2026-08-29T11:48:18.255890600Z,EPISODE_TYPE_PUBLIC,COMPLETED,55115318,16621290,4395,265.0075626841593,55844629,16634238,5682,273.4327166857222
102770679,2026-08-29T21:08:42.669801800Z,2026-08-29T21:10:01.468482800Z,EPISODE_TYPE_PUBLIC,COMPLETED,55115318,16621290,3735,261.44734553503906,55572240,16657426,8078,328.10403298962984
102772887,2026-08-29T21:12:40.442729900Z,2026-08-29T21:13:49.703507300Z,EPISODE_TYPE_PUBLIC,COMPLETED,55115641,16621519,2300,137.73311718608545,55412821,16663728,8,-35.54313092055631
102971450,2026-08-30T03:08:52.399922100Z,2026-08-30T03:12:40.347272700Z,EPISODE_TYPE_PUBLIC,COMPLETED,55439080,16706557,3000,197.1980887363752,55115641,16621519,2300,134.10955874786342
103035995,2026-08-30T05:05:21.342859200Z,2026-08-30T05:08:35.654668700Z,EPISODE_TYPE_PUBLIC,COMPLETED,55881943,16641277,3000,228.46439735258625,55115318,16621290,3956,265.65328317018873
103147740,2026-08-30T08:25:24.345259300Z,2026-08-30T08:30:50.787627300Z,EPISODE_TYPE_PUBLIC,COMPLETED,55115318,16621290,3735,268.94839658143695,55885286,16718139,3000,174.17015852492128
103469333,2026-08-30T18:02:26.531753400Z,2026-08-30T18:06:32.451870200Z,EPISODE_TYPE_PUBLIC,COMPLETED,55861551,16773333,3000,177.92745042764358,55115641,16621519,2300,130.13493367655926
103487012,2026-08-30T18:34:27.756977400Z,2026-08-30T18:37:09.637402400Z,EPISODE_TYPE_PUBLIC,COMPLETED,55897580,16790005,10,192.22004222212578,55115318,16621290,3644,272.53560999908564
103754843,2026-08-31T02:34:31.320872400Z,2026-08-31T02:36:20.777396500Z,EPISODE_TYPE_PUBLIC,COMPLETED,55632369,16670674,234,294.99862929591364,55115318,16621290,3890,277.48852945586395
103966892,2026-08-31T08:54:36.819911500Z,2026-08-31T08:56:08.228484Z,EPISODE_TYPE_PUBLIC,COMPLETED,55271083,16662557,3000,196.73048234801388,55115641,16621519,2300,126.6271015564856
104004738,2026-08-31T10:02:31.517293500Z,2026-08-31T10:03:49.856775100Z,EPISODE_TYPE_PUBLIC,COMPLETED,55912450,16778388,2245,151.2268995057419,55115318,16621290,3890,280.4121679985084
104348450,2026-08-31T20:21:56.902222Z,2026-08-31T20:23:16.665730900Z,EPISODE_TYPE_PUBLIC,COMPLETED,55115318,16621290,3890,276.8582842540952,55264769,16665661,21527,343.9303440108086
104419837,2026-08-31T22:30:01.588759700Z,2026-08-31T22:34:28.813249100Z,EPISODE_TYPE_PUBLIC,COMPLETED,55428428,16706312,3000,193.73232663955935,55115641,16621519,2300,123.12204827772484
104471331,2026-09-01T00:41:40.593699Z,2026-09-01T00:42:42.385705800Z,EPISODE_TYPE_PUBLIC,COMPLETED,55927406,16727022,29004,386.18875047924706,55115318,16621290,4445,273.7588341893827
104518936,2026-09-01T08:02:26.725495500Z,2026-09-01T08:07:23.888573500Z,EPISODE_TYPE_PUBLIC,COMPLETED,55115318,16621290,4046,269.5365152762874,55624377,16713601,6856,294.56757976819347
104534408,2026-09-01T10:26:26.382717900Z,2026-09-01T10:28:01.980501200Z,EPISODE_TYPE_PUBLIC,COMPLETED,55115318,16621290,3826,266.2554227874794,55386863,16628190,10257,351.5823266524075
104556408,2026-09-01T13:54:25.626370900Z,2026-09-01T13:55:23.876260300Z,EPISODE_TYPE_PUBLIC,COMPLETED,55941297,16769028,528,158.98802988581213,55115641,16621519,2300,128.51850176820366
104610847,2026-09-01T19:26:27.607429300Z,2026-09-01T19:29:26.203670200Z,EPISODE_TYPE_PUBLIC,COMPLETED,55115318,16621290,3735,262.0582719163533,55650409,16663808,5957,288.7091245642231
104622378,2026-09-01T20:24:42.733979700Z,2026-09-01T20:25:40.200643600Z,EPISODE_TYPE_PUBLIC,COMPLETED,55115641,16621519,2300,124.44857599341766,55393507,16683220,2930,158.77108849841554
104716790,2026-09-02T04:00:41.408917Z,2026-09-02T04:03:23.737738200Z,EPISODE_TYPE_PUBLIC,COMPLETED,55237058,16656595,8079,304.5849841144514,55115318,16621290,3368,258.1825747289442
104726731,2026-09-02T04:48:42.011854300Z,2026-09-02T04:51:40.626644Z,EPISODE_TYPE_PUBLIC,COMPLETED,55428474,16690161,6563,273.21557047318004,55115318,16621290,3947,253.86581424479184
104730801,2026-09-02T05:08:40.799737400Z,2026-09-02T05:11:43.433233800Z,EPISODE_TYPE_PUBLIC,COMPLETED,55953839,16779110,3000,248.403846413136,55115641,16621519,2300,121.56624904523441
104776943,2026-09-02T08:48:44.806317600Z,2026-09-02T08:53:50.019060Z,EPISODE_TYPE_PUBLIC,COMPLETED,55421722,16681801,17126,344.5884721947548,55115318,16621290,4223,250.70873632939774
104820248,2026-09-02T12:16:42.127118900Z,2026-09-02T12:20:51.851450500Z,EPISODE_TYPE_PUBLIC,COMPLETED,55346664,16689903,5957,260.47197865429155,55115318,16621290,3644,246.30499978579303
104886859,2026-09-02T17:35:50.502678800Z,2026-09-02T17:39:21.226053500Z,EPISODE_TYPE_PUBLIC,COMPLETED,55115641,16621519,2300,125.27170732772574,55715185,16661212,1112,66.82560582792796
104918045,2026-09-02T20:08:25.275248400Z,2026-09-02T20:10:31.757436600Z,EPISODE_TYPE_PUBLIC,COMPLETED,55226208,16655482,3298,224.38927469698348,55115318,16621290,3787,250.5093248098337
104952362,2026-09-02T22:54:19.756454900Z,2026-09-02T22:57:10.846791300Z,EPISODE_TYPE_PUBLIC,COMPLETED,55115318,16621290,3877,246.4805745193927,55262758,16653997,5957,283.34102490982997
104969420,2026-09-03T00:14:23.475512Z,2026-09-03T00:15:53.777711300Z,EPISODE_TYPE_PUBLIC,COMPLETED,55118574,16621770,2853,155.0454026387971,55115318,16621290,3657,249.62757649958326
104975364,2026-09-03T00:42:20.374710200Z,2026-09-03T00:44:54.795033500Z,EPISODE_TYPE_PUBLIC,COMPLETED,55871411,16661476,6670,296.38426978997984,55115318,16621290,3943,245.80071811155412
105023994,2026-09-03T04:30:25.929814100Z,2026-09-03T04:33:29.999288200Z,EPISODE_TYPE_PUBLIC,COMPLETED,55115318,16621290,3969,249.3335579256659,55230883,16653906,2583,180.87871733980145
105043554,2026-09-03T06:02:24.231457500Z,2026-09-03T06:07:01.165477600Z,EPISODE_TYPE_PUBLIC,COMPLETED,55881351,16663674,3000,177.93821027446677,55115641,16621519,2300,121.49767541032996
105124534,2026-09-03T12:22:24.173451Z,2026-09-03T12:26:33.464816500Z,EPISODE_TYPE_PUBLIC,COMPLETED,55115318,16621290,4013,245.70314258633175,55980643,16815017,8068,323.02069524317494
105159675,2026-09-03T15:06:23.773742700Z,2026-09-03T15:10:27.824241200Z,EPISODE_TYPE_PUBLIC,COMPLETED,55115318,16621290,3735,242.79856309447356,55983772,16786450,36320,377.2540351137992
105206402,2026-09-03T18:26:33.996906900Z,2026-09-03T18:33:30.602912Z,EPISODE_TYPE_PUBLIC,COMPLETED,55948095,16756875,3000,179.31401078293283,55115641,16621519,2300,117.79135453441684
105299123,2026-09-04T00:36:31.867397400Z,2026-09-04T00:40:31.095769600Z,EPISODE_TYPE_PUBLIC,COMPLETED,55115318,16621290,3735,238.91760863329029,55871166,16772388,6961,285.989248731445
105321445,2026-09-04T01:44:30.389080100Z,2026-09-04T01:48:58.585817600Z,EPISODE_TYPE_PUBLIC,COMPLETED,55115641,16621519,2300,114.2768950939179,56002220,16811628,3000,197.41277855983537
105436340,2026-09-04T10:13:35.081443400Z,2026-09-04T10:16:51.926968200Z,EPISODE_TYPE_PUBLIC,COMPLETED,55342189,16676302,12557,305.61295216300346,55115318,16621290,4093,235.41126500245377
105447403,2026-09-04T11:02:02.004635900Z,2026-09-04T11:03:54.530249300Z,EPISODE_TYPE_PUBLIC,COMPLETED,55115318,16621290,3890,231.13393358532105,55406844,16685128,4986,252.8486948455732
105470247,2026-09-04T12:45:47.578557700Z,2026-09-04T12:48:05.421897600Z,EPISODE_TYPE_PUBLIC,COMPLETED,55569270,16720606,3174,291.1518268874277,55115318,16621290,3709,236.757707357847
105488652,2026-09-04T14:10:01.190666800Z,2026-09-04T14:12:46.118010700Z,EPISODE_TYPE_PUBLIC,COMPLETED,55115641,16621519,2300,110.78697848048199,55593281,16705360,3000,182.49681789506133
105600677,2026-09-04T22:25:40.107244500Z,2026-09-04T22:29:08.385618900Z,EPISODE_TYPE_PUBLIC,COMPLETED,55115318,16621290,3864,232.71772577185712,55360966,16637845,5957,268.88471946398323
105638958,2026-09-05T01:09:40.982357800Z,2026-09-05T01:11:53.407927Z,EPISODE_TYPE_PUBLIC,COMPLETED,55115318,16621290,3877,228.15544326686197,55932569,16698987,5398,234.80788857875686
105659195,2026-09-05T02:37:41.406079900Z,2026-09-05T02:42:20.537188800Z,EPISODE_TYPE_PUBLIC,COMPLETED,55115641,16621519,2300,114.6809288706245,55315977,16666836,1331,69.42571377283936
105661967,2026-09-05T02:49:40.591357100Z,2026-09-05T02:51:07.348638500Z,EPISODE_TYPE_PUBLIC,COMPLETED,55115318,16621290,3932,223.61041799959378,55263558,16658311,3984,229.45455662990994
105702306,2026-09-05T05:45:49.406692800Z,2026-09-05T05:46:54.356361300Z,EPISODE_TYPE_PUBLIC,COMPLETED,55115318,16621290,3990,227.15837201878037,56012668,16806006,3000,151.97550613137994
105829653,2026-09-05T15:03:10.403431500Z,2026-09-05T15:06:01.724757Z,EPISODE_TYPE_PUBLIC,COMPLETED,55360109,16662809,2850,138.8703603487402,55115641,16621519,2300,110.51345435344554
105837818,2026-09-05T15:39:05.569885400Z,2026-09-05T15:42:21.858847400Z,EPISODE_TYPE_PUBLIC,COMPLETED,55115318,16621290,3826,222.60955314427824,55327158,16663910,5896,228.2318130979713
105925757,2026-09-05T22:07:07.807998400Z,2026-09-05T22:10:02.793530Z,EPISODE_TYPE_PUBLIC,COMPLETED,55664679,16740144,3000,165.11949531524724,55115318,16621290,5530,226.27111019461026
105999472,2026-09-06T03:31:13.960617900Z,2026-09-06T03:35:09.807189700Z,EPISODE_TYPE_PUBLIC,COMPLETED,55669543,16740144,3000,164.74489499330213,55115641,16621519,2300,106.80510914857383
106029646,2026-09-06T05:43:46.682452700Z,2026-09-06T05:44:40.890787700Z,EPISODE_TYPE_PUBLIC,COMPLETED,56015775,16732746,3556,155.14587070414146,55115641,16621519,2300,102.95660632335148
106061084,2026-09-06T07:59:44.318072100Z,2026-09-06T08:03:35.613253100Z,EPISODE_TYPE_PUBLIC,COMPLETED,55115318,16621290,3877,222.24031084982894,55329209,16658783,4518,258.9741788571877
106080244,2026-09-06T09:24:08.868459900Z,2026-09-06T09:28:35.982008900Z,EPISODE_TYPE_PUBLIC,COMPLETED,55383914,16686834,3000,187.6345352120847,55115318,16621290,4143,226.24084954078364
106123264,2026-09-06T12:31:49.623523200Z,2026-09-06T12:34:38.350443200Z,EPISODE_TYPE_PUBLIC,COMPLETED,55963513,16809584,3302,180.54196599872066,55115318,16621290,3735,230.10355941279965
106200789,2026-09-06T18:11:50.104719400Z,2026-09-06T18:16:08.383458100Z,EPISODE_TYPE_PUBLIC,COMPLETED,55929930,16623563,3000,180.91041872919322,55115641,16621519,2300,99.57421606335704
106212578,2026-09-06T19:03:55.664949600Z,2026-09-06T19:07:39.645094100Z,EPISODE_TYPE_PUBLIC,COMPLETED,55115318,16621290,3799,233.24325819710052,56061035,16718605,3000,125.60830560463887
106244906,2026-09-06T21:27:49.910892500Z,2026-09-06T21:32:14.836090700Z,EPISODE_TYPE_PUBLIC,COMPLETED,55317005,16660340,1730,89.68591884093642,55115641,16621519,2300,103.97587974538718
106342382,2026-09-07T04:35:49.804801400Z,2026-09-07T04:37:29.870328Z,EPISODE_TYPE_PUBLIC,COMPLETED,55115318,16621290,3735,229.24996687753068,55712310,16725104,8408,268.30570992063997
106415602,2026-09-07T09:56:20.766819100Z,2026-09-07T09:58:14.896860200Z,EPISODE_TYPE_PUBLIC,COMPLETED,55592161,16735237,1063,98.04577625206082,55115641,16621519,2300,108.44515103420754
106457990,2026-09-07T13:00:26.163685400Z,2026-09-07T13:01:48.935694900Z,EPISODE_TYPE_PUBLIC,COMPLETED,55141892,16624064,801,58.75394579561232,55115641,16621519,2300,112.20952197086103
106478308,2026-09-07T14:28:26.828170900Z,2026-09-07T14:33:53.104834100Z,EPISODE_TYPE_PUBLIC,COMPLETED,55599271,16662712,4,146.5373539072643,55115318,16621290,3644,232.52144347116143
106518115,2026-09-07T17:20:25.397481400Z,2026-09-07T17:24:28.013617700Z,EPISODE_TYPE_PUBLIC,COMPLETED,55342895,16687151,201,24.476949273493098,55115641,16621519,2300,115.4090627005115
106602887,2026-09-07T23:30:12.478777600Z,2026-09-07T23:31:07.470859300Z,EPISODE_TYPE_PUBLIC,COMPLETED,55115641,16621519,2300,111.82238612882564,55431547,16707062,3000,176.74766921337567
106613138,2026-09-08T00:14:12.518475800Z,2026-09-08T00:15:48.004445600Z,EPISODE_TYPE_PUBLIC,COMPLETED,55115318,16621290,3943,229.0987823405504,55299466,16652397,6929,304.8610116836265
106642095,2026-09-08T02:18:14.681413800Z,2026-09-08T02:20:01.977059700Z,EPISODE_TYPE_PUBLIC,COMPLETED,55769918,16769866,11657,297.64960804327893,55115318,16621290,3838,225.62005788612475
106777721,2026-09-08T11:58:17.920773800Z,2026-09-08T12:00:53.097705900Z,EPISODE_TYPE_PUBLIC,COMPLETED,55115641,16621519,2300,115.76839162319405,55279307,16663897,1269,73.77089312585947
106781514,2026-09-08T12:14:18.173126Z,2026-09-08T12:18:02.419440200Z,EPISODE_TYPE_PUBLIC,COMPLETED,55429846,16681056,6453,166.96078078367083,55115318,16621290,3833,220.0211807924606
106920135,2026-09-08T22:09:13.138260400Z,2026-09-08T22:13:49.821442Z,EPISODE_TYPE_PUBLIC,COMPLETED,55291157,16656815,1993,143.99351797049545,55115641,16621519,2300,120.8210904890884
106922021,2026-09-08T22:17:18.617249Z,2026-09-08T22:21:29.831820900Z,EPISODE_TYPE_PUBLIC,COMPLETED,55295057,16667691,3293,227.69617686833462,55115318,16621290,3749,224.71811121261092
106992368,2026-09-09T03:16:25.645592900Z,2026-09-09T03:21:18.473599Z,EPISODE_TYPE_PUBLIC,COMPLETED,55115641,16621519,2300,117.24985251410696,55611411,16732428,3000,183.26487787929227
107063798,2026-09-09T08:16:32.697992500Z,2026-09-09T08:21:18.002694Z,EPISODE_TYPE_PUBLIC,COMPLETED,55115318,16621290,3965,221.11788938084123,56058281,16839430,9022,286.99055320831604
107118710,2026-09-09T12:04:33.715058100Z,2026-09-09T12:07:52.705695100Z,EPISODE_TYPE_PUBLIC,COMPLETED,55901027,16794281,2990,144.871324727767,55115641,16621519,2300,113.11958411799449
107127257,2026-09-09T12:40:32.367148400Z,2026-09-09T12:44:29.405672900Z,EPISODE_TYPE_PUBLIC,COMPLETED,55985691,16821068,5957,261.8993074118731,55115318,16621290,4804,217.1976458754943
107271575,2026-09-09T22:48:50.263695800Z,2026-09-09T22:50:14.927657700Z,EPISODE_TYPE_PUBLIC,COMPLETED,56062075,16718605,3000,160.40117552038566,55115318,16621290,3943,220.9020226185346
107288251,2026-09-09T23:56:51.218000500Z,2026-09-10T00:01:08.774239800Z,EPISODE_TYPE_PUBLIC,COMPLETED,55235366,16658100,1256,68.8437827614227,55115641,16621519,2300,116.96796233300006
107367628,2026-09-10T05:27:58.418292500Z,2026-09-10T05:29:44.337943700Z,EPISODE_TYPE_PUBLIC,COMPLETED,56129167,16856961,2480,196.79488985311906,55115641,16621519,2300,113.54214575411054
107390925,2026-09-10T07:03:58.772944900Z,2026-09-10T07:07:53.286997100Z,EPISODE_TYPE_PUBLIC,COMPLETED,55265782,16666316,9870,283.81712548237414,55115318,16621290,3758,217.3390799125425
107438980,2026-09-10T10:19:58.490987600Z,2026-09-10T10:21:39.591260300Z,EPISODE_TYPE_PUBLIC,COMPLETED,55267712,16662715,2137,99.37706024135854,55115641,16621519,2300,117.8731781148873
107519694,2026-09-10T15:52:12.892263700Z,2026-09-10T15:55:35.873903500Z,EPISODE_TYPE_PUBLIC,COMPLETED,55115318,16621290,3683,213.45889959315548,56147082,16717555,3820,269.8546704039487
107533383,2026-09-10T16:48:09.678431400Z,2026-09-10T16:50:41.686041900Z,EPISODE_TYPE_PUBLIC,COMPLETED,56148096,16867305,5957,273.83272368129883,55115318,16621290,3904,209.6638620153609
107614503,2026-09-10T22:20:09.716518100Z,2026-09-10T22:24:20.058421300Z,EPISODE_TYPE_PUBLIC,COMPLETED,56151989,16805275,8476,275.1344411161476,55115318,16621290,3609,206.01160138284746
107620598,2026-09-10T22:46:50.918143400Z,2026-09-10T22:47:49.618124600Z,EPISODE_TYPE_PUBLIC,COMPLETED,55115641,16621519,2300,114.29322314677569,55895632,16793648,3000,180.529657271594
107632293,2026-09-10T23:36:46.088566500Z,2026-09-10T23:37:53.091187100Z,EPISODE_TYPE_PUBLIC,COMPLETED,56095231,16845193,3000,188.39433287068465,55115318,16621290,3644,210.34761842031267
107785316,2026-09-11T09:57:24.083131800Z,2026-09-11T10:00:35.041113100Z,EPISODE_TYPE_PUBLIC,COMPLETED,55870666,16772388,6025,245.4429671634056,55115318,16621290,3877,206.3548489371493
107795174,2026-09-11T10:37:23.905264400Z,2026-09-11T10:41:08.190801400Z,EPISODE_TYPE_PUBLIC,COMPLETED,55115641,16621519,2300,111.25547079431357,55301282,16666719,3352,213.53030014633555
107839380,2026-09-11T13:37:22.377760400Z,2026-09-11T13:40:29.583278400Z,EPISODE_TYPE_PUBLIC,COMPLETED,55115318,16621290,3774,204.03208365312622,56166059,16795163,12214,379.45173680884625
107879598,2026-09-11T16:19:19.128318500Z,2026-09-11T16:21:15.434099900Z,EPISODE_TYPE_PUBLIC,COMPLETED,55115318,16621290,3644,207.75862024657533,56165176,16869551,3000,142.6762952664668
107939900,2026-09-11T20:32:22.685258400Z,2026-09-11T20:35:26.142001500Z,EPISODE_TYPE_PUBLIC,COMPLETED,55115318,16621290,4020,204.45733786511022,55405299,16660529,10056,288.4075738978212
107968404,2026-09-11T22:34:48.258626700Z,2026-09-11T22:36:42.364590Z,EPISODE_TYPE_PUBLIC,COMPLETED,55115641,16621519,2300,106.83890534082485,55773924,16770924,2760,120.3412618304889
107985793,2026-09-11T23:42:43.608744Z,2026-09-11T23:45:44.101791400Z,EPISODE_TYPE_PUBLIC,COMPLETED,55882451,16641277,3000,165.79609816385278,55115641,16621519,2300,103.20227220389873
108019202,2026-09-12T01:59:12.671274300Z,2026-09-12T02:02:12.990368600Z,EPISODE_TYPE_PUBLIC,COMPLETED,55887239,16694065,3000,142.1735167239515,55115641,16621519,2300,99.2523663460791
108094016,2026-09-12T07:02:34.936609900Z,2026-09-12T07:05:25.801798100Z,EPISODE_TYPE_PUBLIC,COMPLETED,55115318,16621290,3921,200.19564203517177,55935294,16799132,5203,223.11951045220172
108205266,2026-09-12T14:26:38.495297800Z,2026-09-12T14:29:06.259886700Z,EPISODE_TYPE_PUBLIC,COMPLETED,55115641,16621519,2300,103.68658990924871,55435588,16659451,1382,91.32541771673684
108228249,2026-09-12T15:58:40.726786700Z,2026-09-12T16:03:08.388836700Z,EPISODE_TYPE_PUBLIC,COMPLETED,55115641,16621519,2300,100.2223275483488,55315739,16681895,3000,173.21187037288502
108253431,2026-09-12T17:38:46.702961600Z,2026-09-12T17:40:39.252877Z,EPISODE_TYPE_PUBLIC,COMPLETED,55779615,16697458,11612,283.90541474235465,55115318,16621290,3928,196.9385189308043
108320412,2026-09-12T22:06:38.924948800Z,2026-09-12T22:10:21.969241900Z,EPISODE_TYPE_PUBLIC,COMPLETED,55982183,16809202,6208,225.3943082143751,55115318,16621290,3916,192.83325160233508
108350720,2026-09-13T00:06:38.408031500Z,2026-09-13T00:10:56.754320200Z,EPISODE_TYPE_PUBLIC,COMPLETED,55538539,16655573,3000,159.06089834431893,55115318,16621290,4282,196.84867493236155
108416208,2026-09-13T04:26:41.508034700Z,2026-09-13T04:30:44.005549Z,EPISODE_TYPE_PUBLIC,COMPLETED,56193856,16843755,344,78.38903479677603,55115641,16621519,2300,104.55671083029343
108457898,2026-09-13T07:10:39.283974300Z,2026-09-13T07:14:27.148327600Z,EPISODE_TYPE_PUBLIC,COMPLETED,55115318,16621290,3709,199.4873723177927,55913786,16656777,1499,66.75723383009854
108479320,2026-09-13T08:34:39.983476700Z,2026-09-13T08:37:08.533322700Z,EPISODE_TYPE_PUBLIC,COMPLETED,56193126,16660988,3000,155.9049115284449,55115318,16621290,3644,203.4552503349288
89004648,2026-07-30T17:10:38.210849100Z,2026-07-30T17:11:31.803458500Z,EPISODE_TYPE_VALIDATION,COMPLETED,55115318,16621290,4127,600,55115318,16621290,4127,600
89005103,2026-07-30T17:14:29.711108500Z,2026-07-30T17:15:42.391745300Z,EPISODE_TYPE_VALIDATION,COMPLETED,55115388,16621402,27698,600,55115388,16621402,27698,600
89006005,2026-07-30T17:21:37.430773Z,2026-07-30T17:22:28.996861700Z,EPISODE_TYPE_PUBLIC,COMPLETED,55115495,16621519,2300,509.63939629899136,55115318,16621290,3846,690.3606037010086
89006016,2026-07-30T17:24:34.824978Z,2026-07-30T17:25:55.377339400Z,EPISODE_TYPE_VALIDATION,COMPLETED,55115608,16654158,40969,600,55115608,16654158,41521,600
89006021,2026-07-30T17:25:45.161413900Z,2026-07-30T17:26:32.682036300Z,EPISODE_TYPE_VALIDATION,COMPLETED,55115641,16621519,2300,600,55115641,16621519,2300,600
89006464,2026-07-30T17:29:42.271771800Z,2026-07-30T17:30:48.066209700Z,EPISODE_TYPE_PUBLIC,COMPLETED,55115608,16654158,28157,690.3606037010086,55115362,16621153,17093,509.63939629899136
89006914,2026-07-30T17:34:36.857899500Z,2026-07-30T17:35:48.880872600Z,EPISODE_TYPE_VALIDATION,COMPLETED,55115818,16621163,27932,600,55115818,16621163,27932,600
89007360,2026-07-30T17:37:05.501073400Z,2026-07-30T17:37:59.115727Z,EPISODE_TYPE_PUBLIC,COMPLETED,55115536,16621515,20404,509.63939629899136,55115388,16621402,38514,690.3606037010086
89007807,2026-07-30T17:41:04.504666300Z,2026-07-30T17:41:56.539687600Z,EPISODE_TYPE_PUBLIC,COMPLETED,55115641,16621519,2300,509.63939629899136,55115877,16621367,21662,690.3606037010086
89007813,2026-07-30T17:42:37.182943100Z,2026-07-30T17:43:45.253056500Z,EPISODE_TYPE_VALIDATION,COMPLETED,55115974,16621153,6517,600,55115974,16621153,7058,600
89008254,2026-07-30T17:45:04.466654800Z,2026-07-30T17:45:53.037935500Z,EPISODE_TYPE_PUBLIC,COMPLETED,55115536,16621515,21529,446.2266859339308,55115818,16621163,32455,674.112736730531
89009154,2026-07-30T17:56:46.307005700Z,2026-07-30T17:57:51.484445600Z,EPISODE_TYPE_PUBLIC,COMPLETED,55115974,16621153,17545,525.887263269469,55115608,16654158,27602,753.7733140660691
89009207,2026-07-30T17:57:16.322656200Z,2026-07-30T17:58:32.352497600Z,EPISODE_TYPE_VALIDATION,COMPLETED,55116223,16622032,27698,600,55116223,16622032,27698,600
89010550,2026-07-30T18:08:07.093650500Z,2026-07-30T18:09:06.396769200Z,EPISODE_TYPE_PUBLIC,COMPLETED,55115827,16621290,5616,400.60426172949036,55116223,16622032,48979,663.1452238123743
89011010,2026-07-30T18:15:13.477433Z,2026-07-30T18:16:23.848497300Z,EPISODE_TYPE_VALIDATION,COMPLETED,55116580,16621355,73156,600,55116580,16621355,77048,600
89011450,2026-07-30T18:16:11.847513300Z,2026-07-30T18:17:21.284054Z,EPISODE_TYPE_PUBLIC,COMPLETED,55115388,16621402,49111,753.7733140660691,55116457,16621770,50,525.887263269469
89011452,2026-07-30T18:16:48.928447900Z,2026-07-30T18:17:44.936462900Z,EPISODE_TYPE_VALIDATION,COMPLETED,55116608,16622251,3000,600,55116608,16622251,3000,600
89011900,2026-07-30T18:20:30.453934100Z,2026-07-30T18:21:47.061930Z,EPISODE_TYPE_VALIDATION,COMPLETED,55116691,16621802,37622,600,55116691,16621802,39056,600
89012344,2026-07-30T18:24:07.129585700Z,2026-07-30T18:25:27.693144700Z,EPISODE_TYPE_PUBLIC,COMPLETED,55116580,16621355,100643,690.3606037010086,55116523,16621294,25824,509.63939629899136
89012792,2026-07-30T18:28:06.731169900Z,2026-07-30T18:29:01.309684900Z,EPISODE_TYPE_PUBLIC,COMPLETED,55115318,16621290,3784,753.7733140660691,55116607,16622097,3000,525.887263269469
89013236,2026-07-30T18:32:06.312004300Z,2026-07-30T18:33:51.233036500Z,EPISODE_TYPE_PUBLIC,COMPLETED,55116010,16654158,35388,753.7733140660691,55116608,16622251,3000,525.887263269469
89013685,2026-07-30T18:36:09.843813600Z,2026-07-30T18:37:29.948438Z,EPISODE_TYPE_PUBLIC,COMPLETED,55116669,16621515,45802,677.2854196225901,55116608,16622251,3000,459.75992610489044
89014132,2026-07-30T18:42:41.528812500Z,2026-07-30T18:43:57.152951400Z,EPISODE_TYPE_VALIDATION,COMPLETED,55117099,16621515,29252,600,55117099,16621515,29041,600
89014574,2026-07-30T18:44:06.750029200Z,2026-07-30T18:45:01.536935400Z,EPISODE_TYPE_PUBLIC,COMPLETED,55116457,16621770,200,459.75992610489044,55116691,16621802,66787,677.2854196225901
89015470,2026-07-30T18:53:48.654277500Z,2026-07-30T18:54:43.456838500Z,EPISODE_TYPE_VALIDATION,COMPLETED,55117274,16621811,3361,600,55117274,16621811,3361,600
89015471,2026-07-30T18:54:11.413057600Z,2026-07-30T18:55:04.788079700Z,EPISODE_TYPE_VALIDATION,COMPLETED,55117284,16622422,6247,600,55117284,16622422,6247,600
89015472,2026-07-30T18:55:14.969726100Z,2026-07-30T18:56:27.984082100Z,EPISODE_TYPE_VALIDATION,COMPLETED,55117304,16622420,5657,600,55117304,16622420,5657,600
89015911,2026-07-30T18:56:08.355090500Z,2026-07-30T18:56:58.906839600Z,EPISODE_TYPE_PUBLIC,COMPLETED,55115318,16621290,3994,817.1211438781028,55116892,16622097,3346,637.6400671597526
89015915,2026-07-30T18:57:54.672947500Z,2026-07-30T18:59:23.621191300Z,EPISODE_TYPE_VALIDATION,COMPLETED,55117347,16622198,37443,600,55117347,16622198,37985,600
89016360,2026-07-30T19:00:08.573783600Z,2026-07-30T19:01:57.335839900Z,EPISODE_TYPE_PUBLIC,COMPLETED,55117088,16622312,1584,525.887263269469,55116580,16621355,108623,753.7733140660691
89016361,2026-07-30T19:00:08.574939900Z,2026-07-30T19:01:35.593167200Z,EPISODE_TYPE_PUBLIC,COMPLETED,55117347,16622198,37999,690.3606037010086,55117099,16621515,32970,509.63939629899136
89016817,2026-07-30T19:04:07.711869300Z,2026-07-30T19:05:06.563519700Z,EPISODE_TYPE_PUBLIC,COMPLETED,55117274,16621811,3375,487.3398817912213,55117304,16622420,6570,606.0342099413776
89016818,2026-07-30T19:04:07.711448500Z,2026-07-30T19:05:05.221232900Z,EPISODE_TYPE_PUBLIC,COMPLETED,55117263,16621515,46830,690.3606037010086,55117304,16622420,6501,509.63939629899136
89017267,2026-07-30T19:08:06.762437800Z,2026-07-30T19:09:23.047855900Z,EPISODE_TYPE_PUBLIC,COMPLETED,55117529,16622319,35811,690.3606037010086,55117284,16622422,6101,509.63939629899136
89017268,2026-07-30T19:08:51.461540400Z,2026-07-30T19:10:14.388969800Z,EPISODE_TYPE_VALIDATION,COMPLETED,55117565,16621523,15706,600,55117565,16621523,15706,600
89017721,2026-07-30T19:12:06.697638800Z,2026-07-30T19:13:43.262602100Z,EPISODE_TYPE_PUBLIC,COMPLETED,55117395,16621153,16548,522.7145803774099,55115818,16621163,20519,740.2400738951096
89017722,2026-07-30T19:12:06.697669900Z,2026-07-30T19:13:23.902326400Z,EPISODE_TYPE_PUBLIC,COMPLETED,55115641,16621519,2300,446.2266859339308,55117461,16622487,8969,674.112736730531
89017723,2026-07-30T19:12:06.699233Z,2026-07-30T19:13:55.124844800Z,EPISODE_TYPE_PUBLIC,COMPLETED,55117565,16621523,43069,807.348899430378,55115877,16621367,16255,688.4627432018668
89017724,2026-07-30T19:12:06.701686800Z,2026-07-30T19:13:38.581507500Z,EPISODE_TYPE_PUBLIC,COMPLETED,55116962,16621811,3334,593.9657900586224,55117565,16621523,51705,712.6601182087786
89017725,2026-07-30T19:12:06.702491Z,2026-07-30T19:13:46.817365300Z,EPISODE_TYPE_PUBLIC,COMPLETED,55117599,16622487,7832,663.1452238123743,55115641,16621519,2300,400.60426172949036
89017726,2026-07-30T19:12:06.702648600Z,2026-07-30T19:13:57.034886500Z,EPISODE_TYPE_PUBLIC,COMPLETED,55117304,16622420,6381,549.5403765071769,55116804,16621355,105582,757.2637680361477
89018168,2026-07-30T19:16:08.824933Z,2026-07-30T19:17:36.272052100Z,EPISODE_TYPE_PUBLIC,COMPLETED,55117347,16622198,42702,824.6353635450987,55116096,16701728,12129,631.1979811837507
89018169,2026-07-30T19:16:08.825472400Z,2026-07-30T19:17:34.995234700Z,EPISODE_TYPE_PUBLIC,COMPLETED,55115818,16621163,28857,661.3374848741871,55117263,16621515,30058,783.8014725328796
89018171,2026-07-30T19:16:08.827128700Z,2026-07-30T19:17:27.542911100Z,EPISODE_TYPE_PUBLIC,COMPLETED,55116096,16701728,11324,679.8229193088387,55117565,16621523,33778,867.7660540166489
89018172,2026-07-30T19:16:08.829365500Z,2026-07-30T19:17:22.954446600Z,EPISODE_TYPE_PUBLIC,COMPLETED,55116223,16622032,48674,733.2341632413386,55117461,16622487,7871,536.8703159498688
89018173,2026-07-30T19:16:08.829709600Z,2026-07-30T19:17:18.503529600Z,EPISODE_TYPE_PUBLIC,COMPLETED,55116892,16622097,3298,574.053123313082,55116691,16621802,64787,752.5886429150573
89018174,2026-07-30T19:16:08.830707Z,2026-07-30T19:17:09.402509600Z,EPISODE_TYPE_PUBLIC,COMPLETED,55117599,16622487,7166,587.1472181356634,55117347,16622198,44419,766.3586093777195
89018623,2026-07-30T19:20:26.330024900Z,2026-07-30T19:21:27.946297400Z,EPISODE_TYPE_PUBLIC,COMPLETED,55115388,16621402,36903,874.6531923801015,55117529,16622319,23174,683.44345200879
89018624,2026-07-30T19:20:26.329916300Z,2026-07-30T19:21:42.502198700Z,EPISODE_TYPE_PUBLIC,COMPLETED,55115318,16621290,3920,759.2439785172563,55117263,16621515,45921,907.972352949335
89018625,2026-07-30T19:20:26.330462300Z,2026-07-30T19:21:24.252488500Z,EPISODE_TYPE_PUBLIC,COMPLETED,55115388,16621402,38444,825.7638529352697,55115608,16654158,34510,681.7827751968686
89018627,2026-07-30T19:20:26.333452800Z,2026-07-30T19:21:47.072201900Z,EPISODE_TYPE_PUBLIC,COMPLETED,55116804,16621355,66706,828.4191379421019,55116691,16621802,52842,681.4332730091031
89018628,2026-07-30T19:20:26.340232400Z,2026-07-30T19:21:47.882975800Z,EPISODE_TYPE_PUBLIC,COMPLETED,55117347,16622198,34865,751.8301988874382,55116580,16621355,97709,841.3516390861062
89019077,2026-07-30T19:24:10.095162500Z,2026-07-30T19:25:28.433906600Z,EPISODE_TYPE_PUBLIC,COMPLETED,55116223,16622032,21845,686.1039868539557,55116580,16621355,87552,925.3110374063289
89019078,2026-07-30T19:24:10.095347900Z,2026-07-30T19:25:33.193037Z,EPISODE_TYPE_PUBLIC,COMPLETED,55117263,16621515,31527,956.3666353971664,55117565,16621523,16031,810.0843447526568
89019079,2026-07-30T19:24:10.098115900Z,2026-07-30T19:26:17.212879200Z,EPISODE_TYPE_PUBLIC,COMPLETED,55116804,16621355,102567,909.424008475857,55117347,16622198,33803,713.5047963942518
89019080,2026-07-30T19:24:10.098323300Z,2026-07-30T19:25:27.742349700Z,EPISODE_TYPE_PUBLIC,COMPLETED,55117599,16622487,8090,506.1999003633007,55115974,16621153,34028,621.7496145068086
89019082,2026-07-30T19:24:10.099444800Z,2026-07-30T19:25:36.118989700Z,EPISODE_TYPE_PUBLIC,COMPLETED,55117263,16621515,25866,902.8904491378706,55116580,16621355,93993,980.7465315871215
89019083,2026-07-30T19:24:10.100113100Z,2026-07-30T19:25:16.384538900Z,EPISODE_TYPE_PUBLIC,COMPLETED,55116580,16621355,110474,892.1669858668088,55115318,16621290,3830,716.2078039245935
89019569,2026-07-30T19:27:59.315706400Z,2026-07-30T19:29:01.704954800Z,EPISODE_TYPE_VALIDATION,COMPLETED,55117886,16701728,15082,600,55117886,16701728,12461,600
89019570,2026-07-30T19:28:07.805327100Z,2026-07-30T19:29:22.652401300Z,EPISODE_TYPE_PUBLIC,COMPLETED,55117766,16622487,27918,594.2104573085962,55116223,16622032,34912,745.2904850773361
89019571,2026-07-30T19:28:07.805327400Z,2026-07-30T19:29:19.584133200Z,EPISODE_TYPE_PUBLIC,COMPLETED,55117284,16622422,5826,457.7307612568295,55117802,16622482,43109,729.1940546647519
89019572,2026-07-30T19:28:07.805956700Z,2026-07-30T19:29:29.614436Z,EPISODE_TYPE_PUBLIC,COMPLETED,55115388,16621402,27895,921.4137696558872,55117565,16621523,18730,764.3933928385243
89019574,2026-07-30T19:28:07.807499700Z,2026-07-30T19:29:14.999509400Z,EPISODE_TYPE_PUBLIC,COMPLETED,55115974,16621153,28924,708.492637815979,55115877,16621367,11512,616.3519772848143
89019576,2026-07-30T19:28:07.809152800Z,2026-07-30T19:29:29.609554500Z,EPISODE_TYPE_PUBLIC,COMPLETED,55115733,16621519,33,415.77243788791645,55117284,16622422,6259,537.014890311707
89020019,2026-07-30T19:32:07.007750800Z,2026-07-30T19:34:12.410010Z,EPISODE_TYPE_PUBLIC,COMPLETED,55117529,16622319,31400,688.175552948064,55117886,16701728,10049,511.73329315814453
89020021,2026-07-30T19:32:07.011734200Z,2026-07-30T19:33:08.321762500Z,EPISODE_TYPE_PUBLIC,COMPLETED,55117099,16621515,45163,593.9836789791118,55117599,16622487,7792,446.99255510720445
89020022,2026-07-30T19:32:07.009175500Z,2026-07-30T19:33:25.175515800Z,EPISODE_TYPE_PUBLIC,COMPLETED,55116223,16622032,28130,796.9536127417657,55117802,16622482,22569,657.2579477028146
89020024,2026-07-30T19:32:07.013214300Z,2026-07-30T19:33:02.770085100Z,EPISODE_TYPE_PUBLIC,COMPLETED,55117304,16622420,6829,604.2999714748344,55116676,16621770,3000,432.95052303196786
89020030,2026-07-30T19:35:35.498074900Z,2026-07-30T19:36:55.160237100Z,EPISODE_TYPE_VALIDATION,COMPLETED,55118013,16622482,22306,600,55118013,16622482,23090,600
89020473,2026-07-30T19:36:08.758190400Z,2026-07-30T19:37:07.349428100Z,EPISODE_TYPE_PUBLIC,COMPLETED,55117274,16621811,3389,410.8140277004878,55117886,16701728,12859,588.259147248878
89020474,2026-07-30T19:36:08.760663200Z,2026-07-30T19:37:09.315095900Z,EPISODE_TYPE_PUBLIC,COMPLETED,55117863,16621811,4453,425.8119360923937,55117284,16622422,6259,591.9451637075006
89020475,2026-07-30T19:36:08.760660Z,2026-07-30T19:37:14.047807400Z,EPISODE_TYPE_PUBLIC,COMPLETED,55117099,16621515,35667,692.3391628249278,55117802,16622482,18152,636.5788734493767
89020476,2026-07-30T19:36:08.761368Z,2026-07-30T19:37:38.407183700Z,EPISODE_TYPE_PUBLIC,COMPLETED,55115974,16621153,27041,759.9704463666782,55116096,16701728,170,586.8095686465687
89020921,2026-07-30T19:40:06.584144Z,2026-07-30T19:41:10.007898100Z,EPISODE_TYPE_PUBLIC,COMPLETED,55118013,16622482,38211,696.323872954248,55116096,16701728,7140,543.5699080269821
89020922,2026-07-30T19:40:06.584305500Z,2026-07-30T19:41:05.614823400Z,EPISODE_TYPE_PUBLIC,COMPLETED,55117940,16756153,32890,622.1056337376627,55117347,16622198,37675,757.8724396174404
89020924,2026-07-30T19:40:06.585930600Z,2026-07-30T19:41:02.068670Z,EPISODE_TYPE_PUBLIC,COMPLETED,55115733,16621519,1972,371.57411689535104,55117886,16701728,14617,632.4574682414434
89020925,2026-07-30T19:40:06.587200900Z,2026-07-30T19:41:21.223376500Z,EPISODE_TYPE_PUBLIC,COMPLETED,55116010,16654158,28819,633.3304127744918,55117347,16622198,41284,792.4861581210182
89020926,2026-07-30T19:40:06.587615300Z,2026-07-30T19:41:15.104278100Z,EPISODE_TYPE_PUBLIC,COMPLETED,55115877,16621367,20405,573.1761402771849,55117099,16621515,42671,744.1769174429935
89020936,2026-07-30T19:43:25.610631100Z,2026-07-30T19:44:41.856342100Z,EPISODE_TYPE_VALIDATION,COMPLETED,55118157,16622919,34673,600,55118157,16622919,34653,600
89020940,2026-07-30T19:48:05.414483300Z,2026-07-30T19:50:04.280069300Z,EPISODE_TYPE_VALIDATION,COMPLETED,55118227,16621497,62136,600,55118227,16621497,41276,600
89021381,2026-07-30T19:49:30.891867800Z,2026-07-30T19:50:52.614665100Z,EPISODE_TYPE_PUBLIC,COMPLETED,55117529,16622319,13309,628.1562666046405,55118013,16622482,36377,693.4638250813941
89021382,2026-07-30T19:49:30.891967400Z,2026-07-30T19:50:37.381244500Z,EPISODE_TYPE_PUBLIC,COMPLETED,55118013,16622482,16696,598.7447557075413,55118157,16622919,62828,714.0442568259538
89021383,2026-07-30T19:49:30.892969700Z,2026-07-30T19:50:54.094894800Z,EPISODE_TYPE_PUBLIC,COMPLETED,55117940,16756153,29097,566.7810648156167,55118157,16622919,55862,779.5627125822523
89021384,2026-07-30T19:49:30.894741400Z,2026-07-30T19:50:24.129707500Z,EPISODE_TYPE_PUBLIC,COMPLETED,55117932,16621219,6087,513.9298928991077,55117284,16622422,6247,644.9541338149794
89021385,2026-07-30T19:49:30.897470300Z,2026-07-30T19:50:28.215483900Z,EPISODE_TYPE_PUBLIC,COMPLETED,55115608,16654158,41804,751.1223380216727,55117766,16622487,35682,652.436757701874
89021386,2026-07-30T19:49:30.899078500Z,2026-07-30T19:51:29.316257400Z,EPISODE_TYPE_PUBLIC,COMPLETED,55116691,16621802,59900,726.696645478243,55117940,16756153,15066,520.65533687898
89021387,2026-07-30T19:49:30.902146200Z,2026-07-30T19:50:53.798255600Z,EPISODE_TYPE_PUBLIC,COMPLETED,55117263,16621515,35191,905.9503542973424,55115388,16621402,20673,860.6891810884326
89021388,2026-07-30T19:49:30.902585500Z,2026-07-30T19:50:28.136318200Z,EPISODE_TYPE_PUBLIC,COMPLETED,55115818,16621163,31231,714.7295130226606,55117802,16622482,26395,553.9255490265464
89021832,2026-07-30T19:52:56.660799500Z,2026-07-30T19:54:19.277004800Z,EPISODE_TYPE_PUBLIC,COMPLETED,55118227,16621497,129393,707.8597937971564,55117529,16622319,23379,585.6058727156804
89021833,2026-07-30T19:52:56.662019900Z,2026-07-30T19:54:07.883767600Z,EPISODE_TYPE_PUBLIC,COMPLETED,55118157,16622919,65517,849.473618334188,55115608,16654158,29708,703.2493354177476
89021835,2026-07-30T19:52:56.663302100Z,2026-07-30T19:53:53.687368Z,EPISODE_TYPE_PUBLIC,COMPLETED,55116892,16622097,3331,486.57639559391964,55118013,16622482,54531,731.0300288501259
89021837,2026-07-30T19:52:56.666738500Z,2026-07-30T19:53:54.967775600Z,EPISODE_TYPE_PUBLIC,COMPLETED,55117886,16701728,18911,566.5222047906992,55116010,16654158,30785,686.6463405335104
89021838,2026-07-30T19:52:56.668788200Z,2026-07-30T19:54:22.392002Z,EPISODE_TYPE_PUBLIC,COMPLETED,55117565,16621523,12629,715.5158810146428,55115974,16621153,13109,817.0788390080995
89021839,2026-07-30T19:52:56.668786800Z,2026-07-30T19:53:58.811528Z,EPISODE_TYPE_PUBLIC,COMPLETED,55117263,16621515,24384,878.7422478620414,55116580,16621355,90342,1016.9186639127881
89022286,2026-07-30T19:56:56.044564600Z,2026-07-30T19:57:54.174413Z,EPISODE_TYPE_PUBLIC,COMPLETED,55118227,16621497,112129,802.6270572976522,55117099,16621515,36381,688.0291605194456
89022287,2026-07-30T19:56:56.046442300Z,2026-07-30T19:57:56.316703200Z,EPISODE_TYPE_PUBLIC,COMPLETED,55118239,16621163,36712,628.7590882164278,55118227,16621497,125063,854.9388753290277
89022288,2026-07-30T19:56:56.047611600Z,2026-07-30T19:58:13.113862800Z,EPISODE_TYPE_PUBLIC,COMPLETED,55116691,16621802,47987,820.1751037480918,55118013,16622482,11743,680.5613112649847
89022289,2026-07-30T19:56:56.046636500Z,2026-07-30T19:58:09.433266700Z,EPISODE_TYPE_PUBLIC,COMPLETED,55116804,16621355,70983,1019.5056910243061,55118157,16622919,46000,807.2421368074477
89022290,2026-07-30T19:56:56.048623200Z,2026-07-30T19:58:01.354596Z,EPISODE_TYPE_PUBLIC,COMPLETED,55117099,16621515,19212,738.6133882828798,55117395,16621153,15903,643.4223533887254
89022291,2026-07-30T19:56:56.049599500Z,2026-07-30T19:57:57.211808800Z,EPISODE_TYPE_PUBLIC,COMPLETED,55116010,16654158,22165,644.0697124769957,55116691,16621802,69027,777.7781008473298
89022293,2026-07-30T19:57:22.070766400Z,2026-07-30T19:58:35.038163800Z,EPISODE_TYPE_VALIDATION,COMPLETED,55118395,16654158,27698,600,55118395,16654158,27698,600
89022294,2026-07-30T19:57:22.527565Z,2026-07-30T19:58:38.081185800Z,EPISODE_TYPE_VALIDATION,COMPLETED,55118396,16622487,36132,600,55118396,16622487,29363,600
89022737,2026-07-30T20:00:49.812692700Z,2026-07-30T20:01:55.179877100Z,EPISODE_TYPE_VALIDATION,COMPLETED,55118449,16622509,36821,600,55118449,16622509,37706,600
89022738,2026-07-30T20:00:59.070538800Z,2026-07-30T20:01:57.708912400Z,EPISODE_TYPE_PUBLIC,COMPLETED,55115818,16621163,27543,751.1239705160717,55118379,16621497,198,527.4823633674885
89022739,2026-07-30T20:00:59.071106400Z,2026-07-30T20:02:11.861926800Z,EPISODE_TYPE_PUBLIC,COMPLETED,55116010,16654158,25940,582.6359593197813,55118395,16654158,41854,706.6847153410113
89022740,2026-07-30T20:00:59.072224600Z,2026-07-30T20:02:17.600637600Z,EPISODE_TYPE_PUBLIC,COMPLETED,55118379,16621497,143235,620.3671993010213,55118396,16622487,21374,491.44212016533777
89022741,2026-07-30T20:00:59.072856900Z,2026-07-30T20:02:02.645124800Z,EPISODE_TYPE_PUBLIC,COMPLETED,55118227,16621497,120718,912.3476055348171,55118157,16622919,56241,759.5307056570122
89022745,2026-07-30T20:00:59.074942600Z,2026-07-30T20:02:02.530319Z,EPISODE_TYPE_PUBLIC,COMPLETED,55116010,16654158,21900,619.0541475604726,55118157,16622919,61052,841.2432718680834
89023203,2026-07-30T20:05:01.577170600Z,2026-07-30T20:06:33.510983Z,EPISODE_TYPE_PUBLIC,COMPLETED,55117284,16622422,6039,606.3814172791368,55118395,16654158,48239,781.0711948354361
89023204,2026-07-30T20:05:01.579309300Z,2026-07-30T20:06:44.761993200Z,EPISODE_TYPE_PUBLIC,COMPLETED,55118449,16622509,49334,690.4917937399019,55116096,16701728,9838,524.974327363022
89023206,2026-07-30T20:05:01.582185800Z,2026-07-30T20:08:01.579038600Z,EPISODE_TYPE_PUBLIC,COMPLETED,55115974,16621153,17838,785.5529912695715,55118227,16621497,115987,985.220469678367
89023207,2026-07-30T20:05:01.582937600Z,2026-07-30T20:06:47.651707500Z,EPISODE_TYPE_PUBLIC,COMPLETED,55118396,16622487,50436,553.2114545422526,55116715,16622097,3000,329.56128385381635
89023208,2026-07-30T20:05:01.584187300Z,2026-07-30T20:07:03.761902200Z,EPISODE_TYPE_PUBLIC,COMPLETED,55117304,16622420,5699,561.1330241817208,55118379,16621497,157449,743.4231955824895
89023210,2026-07-30T20:05:01.585429300Z,2026-07-30T20:06:34.025944800Z,EPISODE_TYPE_PUBLIC,COMPLETED,55116223,16622032,25874,762.0614478865352,55118227,16621497,129741,952.3988353209677
89023657,2026-07-30T20:08:58.321342200Z,2026-07-30T20:10:20.096962500Z,EPISODE_TYPE_PUBLIC,COMPLETED,55117886,16701728,14393,621.0178361815559,55118529,16622251,3000,493.3874718922641
89023658,2026-07-30T20:08:58.324994700Z,2026-07-30T20:10:08.724457100Z,EPISODE_TYPE_PUBLIC,COMPLETED,55118542,16622943,1873,471.89323930414207,55116608,16622251,3000,552.3170607076478
89023659,2026-07-30T20:08:58.325172600Z,2026-07-30T20:10:02.521239500Z,EPISODE_TYPE_PUBLIC,COMPLETED,55118533,16621770,646,500.995179997657,55117284,16622422,6259,645.5503213848307
89023661,2026-07-30T20:08:58.326264700Z,2026-07-30T20:10:13.421968800Z,EPISODE_TYPE_PUBLIC,COMPLETED,55118157,16622919,68834,798.0194557779415,55118445,16622509,34430,624.1275132116624
89023662,2026-07-30T20:08:58.328705100Z,2026-07-30T20:10:10.292679100Z,EPISODE_TYPE_PUBLIC,COMPLETED,55118449,16622509,60335,734.8034735184923,55118542,16622943,834,427.58155952555165
89023663,2026-07-30T20:08:58.329799600Z,2026-07-30T20:10:04.971313300Z,EPISODE_TYPE_PUBLIC,COMPLETED,55117099,16621515,35020,783.8445795761132,55118395,16654158,21216,694.730914748058
89023664,2026-07-30T20:08:58.330561100Z,2026-07-30T20:10:20.686992300Z,EPISODE_TYPE_PUBLIC,COMPLETED,55118412,16660215,46883,827.5549728812317,55115318,16621290,3973,674.7501514060185
89023665,2026-07-30T20:08:58.331552400Z,2026-07-30T20:10:12.089345600Z,EPISODE_TYPE_PUBLIC,COMPLETED,55118396,16622487,36040,620.7037761174341,55116523,16621294,26653,463.12022422494164
89023667,2026-07-30T20:10:03.552577700Z,2026-07-30T20:11:15.835161Z,EPISODE_TYPE_VALIDATION,COMPLETED,55118615,16622937,27073,600,55118615,16622937,27073,600
89024110,2026-07-30T20:12:55.932174700Z,2026-07-30T20:14:13.540814900Z,EPISODE_TYPE_PUBLIC,COMPLETED,55118449,16622509,42516,815.2758665771736,55115818,16621163,26828,701.8831462868802
89024111,2026-07-30T20:12:55.933063800Z,2026-07-30T20:14:13.584717100Z,EPISODE_TYPE_PUBLIC,COMPLETED,55118412,16660215,26039,751.2508616673997,55118449,16622509,42289,827.9922266644821
89024113,2026-07-30T20:12:55.933868900Z,2026-07-30T20:14:11.858766200Z,EPISODE_TYPE_PUBLIC,COMPLETED,55117802,16622482,22890,554.2651684679619,55118615,16622937,29490,698.4628336337487
89024118,2026-07-30T20:12:55.940242800Z,2026-07-30T20:13:57.923167400Z,EPISODE_TYPE_PUBLIC,COMPLETED,55118395,16654158,15729,758.1387966660703,55117395,16621153,15500,639.5116911861794
89024122,2026-07-30T20:16:33.698463300Z,2026-07-30T20:17:45.110078900Z,EPISODE_TYPE_VALIDATION,COMPLETED,55118706,16622940,21485,600,55118706,16622940,21885,600
89024561,2026-07-30T20:16:54.024718200Z,2026-07-30T20:18:02.634025700Z,EPISODE_TYPE_PUBLIC,COMPLETED,55118615,16622937,46603,775.9024338804306,55117284,16622422,6039,613.30026902852
89024562,2026-07-30T20:16:54.024717700Z,2026-07-30T20:17:49.546084700Z,EPISODE_TYPE_PUBLIC,COMPLETED,55115318,16621290,3883,627.7271954622399,55118662,16701728,15898,720.3714819781861
89024563,2026-07-30T20:16:54.026143100Z,2026-07-30T20:17:57.561177Z,EPISODE_TYPE_PUBLIC,COMPLETED,55117565,16621523,13591,686.0367086183523,55118449,16622509,38846,875.8595726350939
89024565,2026-07-30T20:16:54.029475800Z,2026-07-30T20:17:52.664466600Z,EPISODE_TYPE_PUBLIC,COMPLETED,55118227,16621497,111073,1015.7027392604896,55117263,16621515,34210,835.8076508041296
89024566,2026-07-30T20:16:54.029577800Z,2026-07-30T20:18:01.499824600Z,EPISODE_TYPE_PUBLIC,COMPLETED,55118379,16621497,130940,836.0244514287632,55117565,16621523,14630,658.7978327963771
89024567,2026-07-30T20:16:54.031853300Z,2026-07-30T20:17:57.881349300Z,EPISODE_TYPE_PUBLIC,COMPLETED,55118395,16654158,17168,701.9098085282576,55118379,16621497,137288,801.493065398869
89024568,2026-07-30T20:16:54.032547600Z,2026-07-30T20:18:08.793494700Z,EPISODE_TYPE_PUBLIC,COMPLETED,55115608,16654158,35609,645.4598619402393,55118396,16622487,38117,701.364350361074
89024569,2026-07-30T20:16:54.031932700Z,2026-07-30T20:17:51.845015100Z,EPISODE_TYPE_PUBLIC,COMPLETED,55118412,16660215,34761,808.9907095216684,55116223,16622032,20938,716.2100624408675
89024576,2026-07-30T20:18:31.957965200Z,2026-07-30T20:19:47.100854800Z,EPISODE_TYPE_VALIDATION,COMPLETED,55118741,16622760,24339,600,55118741,16622760,24339,600
89025017,2026-07-30T20:20:54.288479900Z,2026-07-30T20:22:00.820282400Z,EPISODE_TYPE_PUBLIC,COMPLETED,55118157,16622919,64247,831.0001018325219,55118662,16701728,7567,648.6980028930045
89025018,2026-07-30T20:20:54.289484300Z,2026-07-30T20:21:53.269922600Z,EPISODE_TYPE_PUBLIC,COMPLETED,55118706,16622940,23930,492.55234166440636,55118239,16621163,39765,619.7947275870624
89025019,2026-07-30T20:20:54.290209200Z,2026-07-30T20:22:45.328518800Z,EPISODE_TYPE_PUBLIC,COMPLETED,55118741,16622760,25279,515.1043480274574,55118395,16654158,27450,697.537265220394
89025020,2026-07-30T20:20:54.291747100Z,2026-07-30T20:22:07.693031600Z,EPISODE_TYPE_PUBLIC,COMPLETED,55118395,16654158,27461,665.7589903686559,55118615,16622937,27531,838.1896016346021
89025021,2026-07-30T20:20:54.292135900Z,2026-07-30T20:22:00.444560100Z,EPISODE_TYPE_PUBLIC,COMPLETED,55118379,16621497,129129,883.4137460747866,55118449,16622509,30067,811.3744255601441
89025022,2026-07-30T20:20:54.293562300Z,2026-07-30T20:22:26.601158700Z,EPISODE_TYPE_PUBLIC,COMPLETED,55116804,16621355,93168,986.1580624850602,55118227,16621497,94576,1090.0844919177696
89025023,2026-07-30T20:20:54.294578500Z,2026-07-30T20:21:57.499012200Z,EPISODE_TYPE_PUBLIC,COMPLETED,55118445,16622509,40630,796.1887505176443,55115818,16621163,26495,663.3160224739778
89025024,2026-07-30T20:20:54.295156400Z,2026-07-30T20:22:01.169173100Z,EPISODE_TYPE_PUBLIC,COMPLETED,55118227,16621497,105524,1057.1944873434666,55116580,16621355,89461,976.6557902024806
89025025,2026-07-30T20:20:54.297319300Z,2026-07-30T20:21:55.083921700Z,EPISODE_TYPE_PUBLIC,COMPLETED,55117099,16621515,36889,813.6639671324508,55118396,16622487,19101,657.8213719861456
89025028,2026-07-30T20:22:59.275765700Z,2026-07-30T20:23:58.115011300Z,EPISODE_TYPE_VALIDATION,COMPLETED,55118784,16622943,3000,600,55118784,16622943,3000,600
89025471,2026-07-30T20:24:54.523764700Z,2026-07-30T20:25:54.062802900Z,EPISODE_TYPE_PUBLIC,COMPLETED,55118784,16622943,3000,514.1225773204287,55115818,16621163,34548,693.0150810248607
89025472,2026-07-30T20:24:54.525675600Z,2026-07-30T20:25:57.567875Z,EPISODE_TYPE_PUBLIC,COMPLETED,55115608,16654158,40846,685.5649205001841,55118662,16701728,14281,570.5358650601598
89025473,2026-07-30T20:24:54.526256Z,2026-07-30T20:25:54.312678300Z,EPISODE_TYPE_PUBLIC,COMPLETED,55118396,16622487,19960,597.4482156623862,55118741,16622760,32983,638.069593743251
89025474,2026-07-30T20:24:54.526987900Z,2026-07-30T20:26:00.682922100Z,EPISODE_TYPE_PUBLIC,COMPLETED,55118706,16622940,23727,399.4134264581767,55116523,16621294,39104,518.6696758774942
89025475,2026-07-30T20:24:54.527867300Z,2026-07-30T20:26:10.870849100Z,EPISODE_TYPE_PUBLIC,COMPLETED,55118449,16622509,36893,853.2392579652204,55118615,16622937,28397,717.9964959656016
89025476,2026-07-30T20:24:54.528517200Z,2026-07-30T20:26:07.948167400Z,EPISODE_TYPE_PUBLIC,COMPLETED,55115388,16621402,27361,849.9824721471571,55118615,16622937,26889,766.0312003593599
89025478,2026-07-30T20:24:54.529080500Z,2026-07-30T20:26:04.153823900Z,EPISODE_TYPE_PUBLIC,COMPLETED,55118412,16660215,29487,854.5487222402111,55117099,16621515,29487,822.3232787822168
89025479,2026-07-30T20:24:54.530586700Z,2026-07-30T20:25:53.418847100Z,EPISODE_TYPE_PUBLIC,COMPLETED,55117304,16622420,6664,609.1060297780866,55116608,16622251,3000,488.8735153640363
89025480,2026-07-30T20:24:54.531321300Z,2026-07-30T20:25:51.230069500Z,EPISODE_TYPE_PUBLIC,COMPLETED,55118412,16660215,34148,864.7613640952568,55115388,16621402,21128,811.1108125512357
89025486,2026-07-30T20:27:12.858035400Z,2026-07-30T20:28:09.219588800Z,EPISODE_TYPE_VALIDATION,COMPLETED,55118855,16660215,25612,600,55118855,16660215,26102,600
89025925,2026-07-30T20:28:57.311065800Z,2026-07-30T20:30:14.118377100Z,EPISODE_TYPE_PUBLIC,COMPLETED,55117886,16701728,9924,574.254545267521,55118855,16660215,35220,704.8904921362056
89025926,2026-07-30T20:28:57.312108800Z,2026-07-30T20:30:09.864014500Z,EPISODE_TYPE_PUBLIC,COMPLETED,55118741,16622760,48107,711.2165443907446,55117284,16622422,5985,580.5133980204834
89025927,2026-07-30T20:28:57.313197400Z,2026-07-30T20:30:11.222681500Z,EPISODE_TYPE_PUBLIC,COMPLETED,55118784,16622943,3000,505.4091123118336,55116608,16622251,3000,493.9271525008113
89025931,2026-07-30T20:28:57.319792900Z,2026-07-30T20:30:01.497872400Z,EPISODE_TYPE_PUBLIC,COMPLETED,55118379,16621497,136248,919.0833483277092,55118449,16622509,33758,812.9904148141277
89025934,2026-07-30T20:28:57.322369800Z,2026-07-30T20:30:54.167448600Z,EPISODE_TYPE_PUBLIC,COMPLETED,55116691,16621802,49336,863.6339470276616,55118412,16660215,15226,770.6634127762508
89026383,2026-07-30T20:32:58.415326300Z,2026-07-30T20:34:13.497846100Z,EPISODE_TYPE_PUBLIC,COMPLETED,55118855,16660215,38159,833.1162684754526,55116523,16621294,31149,547.5805941424269
89026385,2026-07-30T20:32:58.415697100Z,2026-07-30T20:34:05.659347100Z,EPISODE_TYPE_PUBLIC,COMPLETED,55118784,16622943,3000,501.4540551357343,55116608,16622251,3000,496.2243437690758
89026386,2026-07-30T20:32:58.416511500Z,2026-07-30T20:33:51.286454200Z,EPISODE_TYPE_PUBLIC,COMPLETED,55117766,16622487,22630,578.3536760816787,55118741,16622760,31586,760.0369019639004
89026388,2026-07-30T20:32:58.418506900Z,2026-07-30T20:34:07.802465900Z,EPISODE_TYPE_PUBLIC,COMPLETED,55118574,16621770,2853,370.30528749604383,55118784,16622943,3000,570.0625795844549
89026389,2026-07-30T20:32:58.420293200Z,2026-07-30T20:34:25.845394100Z,EPISODE_TYPE_PUBLIC,COMPLETED,55116608,16622251,3000,538.4457556153711,55118533,16621770,621,361.7306081261775
89026390,2026-07-30T20:32:58.421642500Z,2026-07-30T20:34:20.248798700Z,EPISODE_TYPE_PUBLIC,COMPLETED,55118013,16622482,27433,629.9260534788905,55115608,16654158,33549,723.3856410221259
89026392,2026-07-30T20:32:58.422231700Z,2026-07-30T20:33:58.439142400Z,EPISODE_TYPE_PUBLIC,COMPLETED,55118615,16622937,19830,673.2920607208606,55118855,16660215,32373,796.1126560112914
89026836,2026-07-30T20:36:56.755253Z,2026-07-30T20:37:51.320523700Z,EPISODE_TYPE_PUBLIC,COMPLETED,55118239,16621163,39925,738.4725660228578,55118855,16660215,39047,733.6992018089765
89026837,2026-07-30T20:36:56.756078500Z,2026-07-30T20:37:51.968854Z,EPISODE_TYPE_PUBLIC,COMPLETED,55118784,16622943,3000,489.11519423269755,55116010,16654158,32691,591.0890047586029
89026838,2026-07-30T20:36:56.756528100Z,2026-07-30T20:38:06.536115800Z,EPISODE_TYPE_PUBLIC,COMPLETED,55118741,16622760,18407,799.4613074312945,55117395,16621153,14681,613.1125039727509
89026839,2026-07-30T20:36:56.758951100Z,2026-07-30T20:38:15.730528100Z,EPISODE_TYPE_PUBLIC,COMPLETED,55118741,16622760,16944,847.5474087873504,55115974,16621153,15054,743.6865690553964
89026840,2026-07-30T20:36:56.759732500Z,2026-07-30T20:38:19.556105300Z,EPISODE_TYPE_PUBLIC,COMPLETED,55116580,16621355,93324,1026.7408909391252,55118227,16621497,87044,1044.143373967949
89026841,2026-07-30T20:36:56.761226400Z,2026-07-30T20:37:51.941831700Z,EPISODE_TYPE_PUBLIC,COMPLETED,55117274,16621811,3377,489.16602665203266,55118542,16622943,1696,371.92015506308434
89026842,2026-07-30T20:36:56.761874300Z,2026-07-30T20:38:00.989458300Z,EPISODE_TYPE_PUBLIC,COMPLETED,55118157,16622919,40810,792.7733352972203,55116691,16621802,63435,899.3390325737622
89026843,2026-07-30T20:36:56.762862200Z,2026-07-30T20:38:15.549426600Z,EPISODE_TYPE_PUBLIC,COMPLETED,55118239,16621163,40566,675.0091303015389,55118396,16622487,46447,659.3806087774211
89026845,2026-07-30T20:36:56.764611100Z,2026-07-30T20:38:24.958068300Z,EPISODE_TYPE_PUBLIC,COMPLETED,55116580,16621355,71722,986.0736555308985,55118379,16621497,91389,989.1663743047322
89026857,2026-07-30T20:40:36.506360800Z,2026-07-30T20:42:40.558594600Z,EPISODE_TYPE_VALIDATION,COMPLETED,55119028,16622319,28958,600,55119028,16622319,28123,600
89027297,2026-07-30T20:40:56.055942200Z,2026-07-30T20:41:53.276721400Z,EPISODE_TYPE_PUBLIC,COMPLETED,55118615,16622937,20048,638.1951152589065,55118855,16660215,32065,781.5578412750198
89027298,2026-07-30T20:40:56.056951Z,2026-07-30T20:42:06.506139600Z,EPISODE_TYPE_PUBLIC,COMPLETED,55117099,16621515,29686,860.974873659247,55118741,16622760,23474,799.4993132187525
89027299,2026-07-30T20:40:56.056977800Z,2026-07-30T20:42:06.674256600Z,EPISODE_TYPE_PUBLIC,COMPLETED,55117088,16622312,4085,535.7146560756607,55117274,16621811,3363,423.4654577271243
89027300,2026-07-30T20:40:56.058023600Z,2026-07-30T20:42:13.924278400Z,EPISODE_TYPE_PUBLIC,COMPLETED,55118784,16622943,3000,519.6260255572276,55117395,16621153,33938,644.1939174094085
89027301,2026-07-30T20:40:56.058892200Z,2026-07-30T20:42:07.172942400Z,EPISODE_TYPE_PUBLIC,COMPLETED,55117334,16622420,6385,406.9749494824743,55118706,16622940,25094,488.88348739396463
89027302,2026-07-30T20:40:56.059379900Z,2026-07-30T20:42:06.334721200Z,EPISODE_TYPE_PUBLIC,COMPLETED,55115641,16621519,2300,462.7008467281581,55118580,16622319,242,319.67907301287386
89027303,2026-07-30T20:40:56.060463800Z,2026-07-30T20:41:54.710087900Z,EPISODE_TYPE_PUBLIC,COMPLETED,55118332,16622319,2187,510.1650589371159,55118784,16622943,3000,568.6580208765831
89027304,2026-07-30T20:40:56.060994200Z,2026-07-30T20:42:18.644587Z,EPISODE_TYPE_PUBLIC,COMPLETED,55117347,16622198,28005,827.8303411280727,55115974,16621153,17096,709.5769081834509
89027305,2026-07-30T20:40:56.062672200Z,2026-07-30T20:42:12.546957700Z,EPISODE_TYPE_PUBLIC,COMPLETED,55115388,16621402,28532,810.8697865534633,55118449,16622509,35347,857.0579272603594
89027753,2026-07-30T20:44:57.598412200Z,2026-07-30T20:46:07.157765100Z,EPISODE_TYPE_PUBLIC,COMPLETED,55118855,16660215,31190,837.275118880228,55115388,16621402,20352,777.5989140097951
89027754,2026-07-30T20:44:57.599064500Z,2026-07-30T20:46:06.141897700Z,EPISODE_TYPE_PUBLIC,COMPLETED,55117932,16621219,5673,414.660503658487,55118706,16622940,25271,549.2268844702879
89027755,2026-07-30T20:44:57.599499600Z,2026-07-30T20:46:15.680413700Z,EPISODE_TYPE_PUBLIC,COMPLETED,55119028,16622319,32108,718.2827420676524,55118396,16622487,22324,622.2589261117465
89027756,2026-07-30T20:44:57.600570800Z,2026-07-30T20:46:15.626210300Z,EPISODE_TYPE_PUBLIC,COMPLETED,55116691,16621802,49097,928.3770285467805,55118855,16660215,14413,801.489442441209
89027757,2026-07-30T20:44:57.601745300Z,2026-07-30T20:46:32.539838700Z,EPISODE_TYPE_PUBLIC,COMPLETED,55117565,16621523,16636,614.3551305886072,55117940,16756153,29407,643.935662845186
89027758,2026-07-30T20:44:57.604195300Z,2026-07-30T20:45:55.747417300Z,EPISODE_TYPE_PUBLIC,COMPLETED,55115827,16621290,4548,491.96169725482616,55118784,16622943,3000,459.54329023252654
89027759,2026-07-30T20:44:57.604583200Z,2026-07-30T20:45:59.798350400Z,EPISODE_TYPE_PUBLIC,COMPLETED,55115608,16654158,38189,698.103577908227,55117347,16622198,38882,854.1166719723773
89027760,2026-07-30T20:44:57.605714200Z,2026-07-30T20:45:56.119827600Z,EPISODE_TYPE_PUBLIC,COMPLETED,55118741,16622760,30094,762.565641261745,55118445,16622509,34621,852.6048235052976
89027761,2026-07-30T20:44:57.606182800Z,2026-07-30T20:46:05.433509400Z,EPISODE_TYPE_PUBLIC,COMPLETED,55118227,16621497,104993,1066.2939577192865,55116804,16621355,84814,929.3189252081228
89027762,2026-07-30T20:44:57.606862500Z,2026-07-30T20:46:18.919389Z,EPISODE_TYPE_PUBLIC,COMPLETED,55118445,16622509,32203,872.8291510303153,55115974,16621153,16174,687.4696578200292
89028207,2026-07-30T20:48:57.732905900Z,2026-07-30T20:50:00.023128900Z,EPISODE_TYPE_PUBLIC,COMPLETED,55115318,16621290,4104,578.8116771831351,55118706,16622940,25522,619.4331600175595
89028208,2026-07-30T20:48:57.732978500Z,2026-07-30T20:50:12.510301600Z,EPISODE_TYPE_PUBLIC,COMPLETED,55115388,16621402,20431,750.8858097565292,55118855,16660215,32253,838.1481693303215
89028210,2026-07-30T20:48:57.734155800Z,2026-07-30T20:50:00.859807400Z,EPISODE_TYPE_PUBLIC,COMPLETED,55115974,16621153,15299,664.2284866245918,55118157,16622919,46865,819.6627224781002
89028211,2026-07-30T20:48:57.735013200Z,2026-07-30T20:49:58.525498700Z,EPISODE_TYPE_PUBLIC,COMPLETED,55116223,16622032,35799,755.8324393401166,55115608,16654158,31106,667.4682655595524
89028212,2026-07-30T20:48:57.736803400Z,2026-07-30T20:49:54.822227300Z,EPISODE_TYPE_PUBLIC,COMPLETED,55119028,16622319,28733,603.2362274836017,55118396,16622487,41056,660.7833132279998
89028213,2026-07-30T20:48:57.737305600Z,2026-07-30T20:50:16.509133900Z,EPISODE_TYPE_PUBLIC,COMPLETED,55118449,16622509,40792,890.4369026125164,55117263,16621515,25077,809.6571947471236
89028214,2026-07-30T20:48:57.738618200Z,2026-07-30T20:49:55.482524100Z,EPISODE_TYPE_PUBLIC,COMPLETED,55116691,16621802,56812,954.1913402615827,55117347,16622198,27654,827.3305664148363
89028215,2026-07-30T20:48:57.741081100Z,2026-07-30T20:50:07.857853800Z,EPISODE_TYPE_PUBLIC,COMPLETED,55118784,16622943,3000,499.9972617756066,55115641,16621519,2300,402.85065611719284
89028663,2026-07-30T20:52:54.125573100Z,2026-07-30T20:53:48.350855300Z,EPISODE_TYPE_PUBLIC,COMPLETED,55118395,16654158,32069,724.1323263537372,55119163,16622937,30353,522.0716893498686
89028664,2026-07-30T20:52:54.127179100Z,2026-07-30T20:54:21.062116100Z,EPISODE_TYPE_PUBLIC,COMPLETED,55119169,16622482,57011,686.0385056268401,55117304,16622420,6957,508.51308576994114
89028665,2026-07-30T20:52:54.129124600Z,2026-07-30T20:53:49.900614500Z,EPISODE_TYPE_PUBLIC,COMPLETED,55117304,16622420,6720,566.361927499618,55119028,16622319,51668,681.5224296774055
89028667,2026-07-30T20:52:54.131714200Z,2026-07-30T20:53:53.004557800Z,EPISODE_TYPE_PUBLIC,COMPLETED,55118706,16622940,18808,573.2159485158999,55118013,16622482,26250,672.213971073929
89028669,2026-07-30T20:52:54.133511600Z,2026-07-30T20:53:50.528251300Z,EPISODE_TYPE_PUBLIC,COMPLETED,55118396,16622487,46221,683.9815398595465,55117304,16622420,6693,535.2731930801071
89028670,2026-07-30T20:52:54.135216200Z,2026-07-30T20:54:14.205537300Z,EPISODE_TYPE_PUBLIC,COMPLETED,55117565,16621523,21308,591.398506966765,55118395,16654158,27463,750.6799026849372
89028671,2026-07-30T20:52:54.137027Z,2026-07-30T20:54:13.544551300Z,EPISODE_TYPE_PUBLIC,COMPLETED,55115608,16654158,35018,697.5362623803255,55118013,16622482,28278,631.0546723309653
89028672,2026-07-30T20:52:54.139518600Z,2026-07-30T20:53:48.475726200Z,EPISODE_TYPE_PUBLIC,COMPLETED,55117099,16621515,26942,825.4707514935373,55118855,16660215,28085,875.5314516698711
89029119,2026-07-30T20:56:56.471192800Z,2026-07-30T20:57:57.635155900Z,EPISODE_TYPE_PUBLIC,COMPLETED,55117886,16701728,11066,536.409750035956,55119163,16622937,41975,682.9048641514668
89029120,2026-07-30T20:56:56.473673100Z,2026-07-30T20:58:17.224499Z,EPISODE_TYPE_PUBLIC,COMPLETED,55119028,16622319,34681,615.8525667229914,55115608,16654158,36439,721.5534528892417
89029121,2026-07-30T20:56:56.474216500Z,2026-07-30T20:58:11.224337400Z,EPISODE_TYPE_PUBLIC,COMPLETED,55118227,16621497,107237,1087.6996873309433,55116580,16621355,95661,963.7095939901423
89029122,2026-07-30T20:56:56.474384800Z,2026-07-30T20:58:04.468926200Z,EPISODE_TYPE_PUBLIC,COMPLETED,55119099,16622943,3000,479.1250294697485,55115641,16621519,2300,356.5750534067911
89029124,2026-07-30T20:56:56.479485Z,2026-07-30T20:58:15.673987Z,EPISODE_TYPE_PUBLIC,COMPLETED,55118157,16622919,58329,855.4270577222809,55117099,16621515,30259,795.0147019256535
89029125,2026-07-30T20:56:56.479484200Z,2026-07-30T20:57:57.657484200Z,EPISODE_TYPE_PUBLIC,COMPLETED,55116691,16621802,44837,991.5096176253144,55118379,16621497,26138,985.3494108381307
89029127,2026-07-30T20:56:56.476675200Z,2026-07-30T20:57:54.928360900Z,EPISODE_TYPE_PUBLIC,COMPLETED,55119163,16622937,74261,613.765616031354,55116608,16622251,3000,491.9864476714103
89029591,2026-07-30T21:00:57.127976200Z,2026-07-30T21:02:27.263009600Z,EPISODE_TYPE_PUBLIC,COMPLETED,55119264,16622940,16055,751.3194180515218,55115318,16621290,3809,554.910055779846
89029593,2026-07-30T21:00:57.128701300Z,2026-07-30T21:02:13.442085600Z,EPISODE_TYPE_PUBLIC,COMPLETED,55116223,16622032,34711,724.6821887221965,55119169,16622482,44094,850.9855298745065
89029595,2026-07-30T21:00:57.131374Z,2026-07-30T21:02:22.561475Z,EPISODE_TYPE_PUBLIC,COMPLETED,55119163,16622937,35749,751.5557561315627,55118396,16622487,26887,656.6117071148507
89029596,2026-07-30T21:00:57.132418Z,2026-07-30T21:02:28.662118300Z,EPISODE_TYPE_PUBLIC,COMPLETED,55115318,16621290,3846,527.6092821193088,55119028,16622319,50842,663.0309459432638
89029597,2026-07-30T21:00:57.133655800Z,2026-07-30T21:02:07.220264400Z,EPISODE_TYPE_PUBLIC,COMPLETED,55119099,16622943,3000,428.91252522764415,55118706,16622940,25122,603.052547206406
89029598,2026-07-30T21:00:57.134447100Z,2026-07-30T21:02:17.639540100Z,EPISODE_TYPE_PUBLIC,COMPLETED,55116223,16622032,23759,705.7899346929834,55118157,16622919,59750,905.7705758598375
89029600,2026-07-30T21:00:57.137321900Z,2026-07-30T21:02:15.084990400Z,EPISODE_TYPE_PUBLIC,COMPLETED,55118157,16622919,67830,890.361786964729,55118449,16622509,32841,854.9878935767289
89030049,2026-07-30T21:04:53.429582800Z,2026-07-30T21:05:53.048407700Z,EPISODE_TYPE_PUBLIC,COMPLETED,55117284,16622422,5449,551.8134363263048,55119314,16660215,43396,697.6280211423338
89030052,2026-07-30T21:04:53.432667100Z,2026-07-30T21:06:17.441633300Z,EPISODE_TYPE_PUBLIC,COMPLETED,55119264,16622940,5882,651.5216239357223,55115974,16621153,20473,698.4323280715988
89030053,2026-07-30T21:04:53.434240900Z,2026-07-30T21:06:14.284469500Z,EPISODE_TYPE_PUBLIC,COMPLETED,55119169,16622482,46256,909.1774966328009,55117099,16621515,34057,773.9067680366386
89030055,2026-07-30T21:04:53.435161400Z,2026-07-30T21:06:13.432099Z,EPISODE_TYPE_PUBLIC,COMPLETED,55117304,16622420,5875,531.7597644061761,55119183,16622943,3000,348.1861919225698
89030057,2026-07-30T21:04:53.436981200Z,2026-07-30T21:06:29.066885900Z,EPISODE_TYPE_PUBLIC,COMPLETED,55119028,16622319,41331,709.6751432747823,55118239,16621163,40588,613.3931641476511
89030058,2026-07-30T21:04:53.441253100Z,2026-07-30T21:06:17.087065400Z,EPISODE_TYPE_PUBLIC,COMPLETED,55116691,16621802,62779,971.6403149966595,55118227,16621497,104223,1106.3945903938547
89030059,2026-07-30T21:04:53.441753500Z,2026-07-30T21:06:31.730092100Z,EPISODE_TYPE_PUBLIC,COMPLETED,55116475,16621367,16055,547.1074001362357,55115974,16621153,28648,716.7831867696442
89030516,2026-07-30T21:08:58.030480Z,2026-07-30T21:10:03.946741700Z,EPISODE_TYPE_PUBLIC,COMPLETED,55119254,16622993,34744,836.4400504834487,55115388,16621402,20915,727.5602392150918
89030517,2026-07-30T21:08:58.030254600Z,2026-07-30T21:10:17.233298100Z,EPISODE_TYPE_PUBLIC,COMPLETED,55118396,16622487,23212,635.3942946508167,55119314,16660215,37414,779.8334528850957
89030518,2026-07-30T21:08:58.033542600Z,2026-07-30T21:09:55.041026500Z,EPISODE_TYPE_PUBLIC,COMPLETED,55117274,16621811,3330,382.82216699874994,55119320,16622338,37382,573.328125273462
89030519,2026-07-30T21:08:58.033390500Z,2026-07-30T21:10:30.793105500Z,EPISODE_TYPE_PUBLIC,COMPLETED,55116691,16621802,63477,991.1724082601193,55119169,16622482,36845,861.3053346001727
89030520,2026-07-30T21:08:58.033098Z,2026-07-30T21:10:28.796978400Z,EPISODE_TYPE_PUBLIC,COMPLETED,55119264,16622940,12766,584.5566619275422,55115818,16621163,32186,686.8444283062271
89030521,2026-07-30T21:08:58.035221Z,2026-07-30T21:10:04.835580Z,EPISODE_TYPE_PUBLIC,COMPLETED,55119163,16622937,26704,835.1786177100072,55115974,16621153,15572,697.0387484756726
89030522,2026-07-30T21:08:58.035753600Z,2026-07-30T21:10:17.289513100Z,EPISODE_TYPE_PUBLIC,COMPLETED,55119028,16622319,29805,667.3502457205018,55115608,16654158,38130,745.7604908257645
89030523,2026-07-30T21:08:58.036868300Z,2026-07-30T21:10:25.403375300Z,EPISODE_TYPE_PUBLIC,COMPLETED,55115818,16621163,29521,655.6195849465374,55116223,16622032,31257,735.7579070572436
89030524,2026-07-30T21:08:58.038241400Z,2026-07-30T21:10:29.144832300Z,EPISODE_TYPE_PUBLIC,COMPLETED,55118855,16660215,30668,839.1384401831322,55117347,16622198,35182,863.5930688891015
89030525,2026-07-30T21:08:58.040225400Z,2026-07-30T21:10:17.084309400Z,EPISODE_TYPE_PUBLIC,COMPLETED,55117263,16621515,30331,831.7279978626846,55118741,16622760,22805,731.6960586315422
89030975,2026-07-30T21:12:52.095757300Z,2026-07-30T21:14:08.125405400Z,EPISODE_TYPE_PUBLIC,COMPLETED,55115608,16654158,34540,729.3352741161837,55119254,16622993,36524,888.7300397385889
89030979,2026-07-30T21:12:52.098708400Z,2026-07-30T21:14:04.840633200Z,EPISODE_TYPE_PUBLIC,COMPLETED,55118157,16622919,62448,927.9055363863454,55119169,16622482,42138,817.8672507529677
89030982,2026-07-30T21:12:52.104628200Z,2026-07-30T21:13:52.580911300Z,EPISODE_TYPE_PUBLIC,COMPLETED,55119264,16622940,13030,528.3666433539443,55117565,16621523,32853,619.940941031662
89031428,2026-07-30T21:16:54.753142200Z,2026-07-30T21:18:07.715751700Z,EPISODE_TYPE_PUBLIC,COMPLETED,55119467,16622367,459,476.44961469721557,55115318,16621290,3912,559.5744969542336
89031430,2026-07-30T21:16:54.755638100Z,2026-07-30T21:17:58.252727400Z,EPISODE_TYPE_PUBLIC,COMPLETED,55119254,16622993,32517,826.1309647373164,55117347,16622198,38286,891.9784896371407
89031431,2026-07-30T21:16:54.756072400Z,2026-07-30T21:17:57.816079900Z,EPISODE_TYPE_PUBLIC,COMPLETED,55119320,16622338,7012,654.2150648415246,55115608,16654158,35241,749.3442623442301
89031433,2026-07-30T21:16:54.759834100Z,2026-07-30T21:18:13.568972400Z,EPISODE_TYPE_PUBLIC,COMPLETED,55119163,16622937,39307,833.9054982352271,55118741,16622760,24824,706.7892553684288
89031434,2026-07-30T21:16:54.761198100Z,2026-07-30T21:18:00.781481900Z,EPISODE_TYPE_PUBLIC,COMPLETED,55119169,16622482,40753,751.3648251523956,55118449,16622509,49178,877.1792032953244
89031436,2026-07-30T21:16:54.762885100Z,2026-07-30T21:17:59.196644500Z,EPISODE_TYPE_PUBLIC,COMPLETED,55117304,16622420,6894,554.7810012137965,55117863,16621811,4709,395.02648080492105
89031437,2026-07-30T21:16:54.763675100Z,2026-07-30T21:18:16.999018200Z,EPISODE_TYPE_PUBLIC,COMPLETED,55118395,16654158,31095,779.1777792312895,55115818,16621163,28010,661.1976394545741
89031438,2026-07-30T21:16:54.765504500Z,2026-07-30T21:18:27.110814Z,EPISODE_TYPE_PUBLIC,COMPLETED,55118615,16622937,27000,676.7194365102137,55117565,16621523,21306,593.4441715527676
89031889,2026-07-30T21:23:40.218916200Z,2026-07-30T21:24:53.379546700Z,EPISODE_TYPE_PUBLIC,COMPLETED,55115388,16621402,44822,705.1954513869134,55119531,16622937,86685,810.2650192400997
89031890,2026-07-30T21:23:40.221009900Z,2026-07-30T21:25:05.353795200Z,EPISODE_TYPE_PUBLIC,COMPLETED,55118227,16621497,87272,1120.822176257681,55116580,16621355,83545,947.5312385739655
89031892,2026-07-30T21:23:40.218485800Z,2026-07-30T21:24:43.398248200Z,EPISODE_TYPE_PUBLIC,COMPLETED,55117347,16622198,36890,912.2374371157005,55119254,16622993,31861,786.133339508977
89031898,2026-07-30T21:23:40.219188Z,2026-07-30T21:24:50.093893700Z,EPISODE_TYPE_PUBLIC,COMPLETED,55117274,16621811,3391,436.3576572220145,55118533,16621770,983,356.0644351126258
89032348,2026-07-30T21:27:54.088419300Z,2026-07-30T21:29:20.212228Z,EPISODE_TYPE_PUBLIC,COMPLETED,55119028,16622319,20977,633.0060248322866,55115388,16621402,35927,726.0246197737129
89032349,2026-07-30T21:27:54.083099600Z,2026-07-30T21:29:24.382304600Z,EPISODE_TYPE_PUBLIC,COMPLETED,55119254,16622993,26923,725.2221820148541,55118449,16622509,40801,893.9905246242657
89032351,2026-07-30T21:27:54.085315300Z,2026-07-30T21:29:41.732834100Z,EPISODE_TYPE_PUBLIC,COMPLETED,55117347,16622198,32480,886.2628749404015,55119314,16660215,34345,932.1196998917293
89032353,2026-07-30T21:27:54.084706400Z,2026-07-30T21:29:44.343897700Z,EPISODE_TYPE_PUBLIC,COMPLETED,55119634,16623006,32940,702.7801839066198,55117565,16621523,14666,571.990583250719
89032354,2026-07-30T21:27:54.085076800Z,2026-07-30T21:29:26.465727400Z,EPISODE_TYPE_PUBLIC,COMPLETED,55115641,16621519,2300,313.32681267955013,55119183,16622943,3000,415.76364542126845
89032812,2026-07-30T21:31:41.779853600Z,2026-07-30T21:32:38.623267300Z,EPISODE_TYPE_PUBLIC,COMPLETED,55119689,16622367,35009,693.2396344911155,55115318,16621290,3979,537.2452764671596
89032813,2026-07-30T21:31:41.779935700Z,2026-07-30T21:32:59.058422700Z,EPISODE_TYPE_PUBLIC,COMPLETED,55119634,16623006,32421,784.6605932946214,55115818,16621163,29117,638.9424880522744
89032815,2026-07-30T21:31:41.781483Z,2026-07-30T21:32:37.029303400Z,EPISODE_TYPE_PUBLIC,COMPLETED,55119708,16622993,45693,690.7220569812464,55117284,16622422,5482,527.1640897087148
89032817,2026-07-30T21:31:41.784007600Z,2026-07-30T21:33:11.903742200Z,EPISODE_TYPE_PUBLIC,COMPLETED,55117347,16622198,46790,865.8993346204802,55119531,16622937,63931,959.3493447435424
89032821,2026-07-30T21:31:41.788939500Z,2026-07-30T21:32:59.885633800Z,EPISODE_TYPE_PUBLIC,COMPLETED,55115608,16654158,32970,726.4009514688806,55119254,16622993,37053,764.0968439498859
89033267,2026-07-30T21:35:40.673996500Z,2026-07-30T21:36:42.822414300Z,EPISODE_TYPE_PUBLIC,COMPLETED,55119689,16622367,21549,608.0222786267543,55115608,16654158,35211,741.8974578802546
89033269,2026-07-30T21:35:40.674628800Z,2026-07-30T21:36:56.803098400Z,EPISODE_TYPE_PUBLIC,COMPLETED,55119634,16623006,24517,701.6445433082434,55117099,16621515,35619,797.2806265233036
89033270,2026-07-30T21:35:40.675645200Z,2026-07-30T21:36:41.469764700Z,EPISODE_TYPE_PUBLIC,COMPLETED,55118449,16622509,55428,878.4382040889943,55119531,16622937,61056,1052.4881812765461
89033271,2026-07-30T21:35:40.676016100Z,2026-07-30T21:36:39.925358600Z,EPISODE_TYPE_PUBLIC,COMPLETED,55119691,16622940,13751,446.12891584164163,55118396,16622487,39782,650.7899462788295
89033272,2026-07-30T21:35:40.677099400Z,2026-07-30T21:36:51.290164100Z,EPISODE_TYPE_PUBLIC,COMPLETED,55119725,16623135,14073,585.0281759673115,55116608,16622251,3000,452.74329308439593
89033274,2026-07-30T21:35:40.678456600Z,2026-07-30T21:36:47.668722300Z,EPISODE_TYPE_PUBLIC,COMPLETED,55115608,16654158,36114,752.9095872726077,55119467,16622367,12484,567.9563847686381
89033275,2026-07-30T21:35:40.679397200Z,2026-07-30T21:36:59.857777800Z,EPISODE_TYPE_PUBLIC,COMPLETED,55118855,16660215,26388,815.6559424405955,55118445,16622509,38071,922.1218367180422
89033277,2026-07-30T21:35:40.680985500Z,2026-07-30T21:36:45.547107300Z,EPISODE_TYPE_PUBLIC,COMPLETED,55116691,16621802,55193,976.010258945366,55118227,16621497,109422,1135.2069669248544
89033722,2026-07-30T21:39:40.774367100Z,2026-07-30T21:41:01.908004100Z,EPISODE_TYPE_PUBLIC,COMPLETED,55119808,16622919,66872,717.056186610754,55118013,16622482,17523,619.0964256073836
89033724,2026-07-30T21:39:40.775177600Z,2026-07-30T21:40:44.980338800Z,EPISODE_TYPE_PUBLIC,COMPLETED,55119708,16622993,18848,831.9910401482831,55115974,16621153,13865,679.083431726006
89033727,2026-07-30T21:39:40.802056300Z,2026-07-30T21:40:57.853628Z,EPISODE_TYPE_PUBLIC,COMPLETED,55119634,16623006,43818,716.3182098942459,55118396,16622487,23964,627.9746574929734
89033730,2026-07-30T21:39:40.803779500Z,2026-07-30T21:40:44.910080300Z,EPISODE_TYPE_PUBLIC,COMPLETED,55119314,16660215,23379,913.876268509056,55116580,16621355,78218,972.6123419675349
89033732,2026-07-30T21:39:40.807121100Z,2026-07-30T21:40:35.889297600Z,EPISODE_TYPE_PUBLIC,COMPLETED,55118395,16654158,20156,745.6956584647918,55119776,16622943,27579,809.999374477355
89033733,2026-07-30T21:39:40.807682700Z,2026-07-30T21:40:55.993294Z,EPISODE_TYPE_PUBLIC,COMPLETED,55118013,16622482,55915,650.4131797639178,55119183,16622943,3000,436.35576373100446
89034176,2026-07-30T21:43:40.219170600Z,2026-07-30T21:44:43.598075600Z,EPISODE_TYPE_PUBLIC,COMPLETED,55116223,16622032,20454,709.7576160876882,55119808,16622919,59817,813.6325317440472
89034180,2026-07-30T21:43:40.221388200Z,2026-07-30T21:45:00.639569100Z,EPISODE_TYPE_PUBLIC,COMPLETED,55117886,16701728,10432,506.1450440440232,55119870,16622376,47018,685.7079779302302
89034181,2026-07-30T21:43:40.222134900Z,2026-07-30T21:44:36.958711200Z,EPISODE_TYPE_PUBLIC,COMPLETED,55115388,16621402,20883,711.5575174492394,55119708,16622993,32568,881.7461361831646
89034182,2026-07-30T21:43:40.223608400Z,2026-07-30T21:44:39.630455500Z,EPISODE_TYPE_PUBLIC,COMPLETED,55118396,16622487,31446,651.4090945685463,55119689,16622367,14820,586.6046841092602
89034183,2026-07-30T21:43:40.223960100Z,2026-07-30T21:45:00.562280700Z,EPISODE_TYPE_PUBLIC,COMPLETED,55118227,16621497,99034,1152.754927018938,55119531,16622937,55917,1046.9983195212756
89034184,2026-07-30T21:43:40.225550100Z,2026-07-30T21:44:43.477059800Z,EPISODE_TYPE_PUBLIC,COMPLETED,55119691,16622940,12301,465.414459358766,55118013,16622482,36510,639.4706333418341
89034635,2026-07-30T21:47:40.743418300Z,2026-07-30T21:48:55.110540600Z,EPISODE_TYPE_PUBLIC,COMPLETED,55116223,16622032,34135,686.4358500765279,55119856,16660215,93474,799.9343329042254
89034636,2026-07-30T21:47:40.745628400Z,2026-07-30T21:48:59.189633600Z,EPISODE_TYPE_PUBLIC,COMPLETED,55119870,16622376,46885,828.9913335305955,55117347,16622198,36401,837.8310421238464
89034637,2026-07-30T21:47:40.745711Z,2026-07-30T21:49:39.005485400Z,EPISODE_TYPE_PUBLIC,COMPLETED,55119808,16622919,57933,890.8203849475191,55117099,16621515,28944,776.9388891129252
89034641,2026-07-30T21:47:40.750599900Z,2026-07-30T21:48:59.762245300Z,EPISODE_TYPE_PUBLIC,COMPLETED,55116580,16621355,93654,1003.1435883724143,55119531,16622937,45472,1021.9647144547848
89034644,2026-07-30T21:47:40.753424800Z,2026-07-30T21:48:47.471416700Z,EPISODE_TYPE_PUBLIC,COMPLETED,55117565,16621523,16857,549.6380390871827,55119689,16622367,19680,642.4871357593964
89035093,2026-07-30T21:51:40.585719Z,2026-07-30T21:52:46.941566300Z,EPISODE_TYPE_PUBLIC,COMPLETED,55119708,16622993,31658,815.7099809108552,55117347,16622198,35814,859.0836703644042
89035094,2026-07-30T21:51:40.587698300Z,2026-07-30T21:52:37.335894300Z,EPISODE_TYPE_PUBLIC,COMPLETED,55119689,16622367,28727,689.6957999264707,55119028,16622319,20788,601.3716140735949
89035096,2026-07-30T21:51:40.588526800Z,2026-07-30T21:53:06.391641100Z,EPISODE_TYPE_PUBLIC,COMPLETED,55115608,16654158,33576,740.1172702393407,55119870,16622376,46758,894.0600505535718
89035098,2026-07-30T21:51:40.592171200Z,2026-07-30T21:52:58.398425600Z,EPISODE_TYPE_PUBLIC,COMPLETED,55119314,16660215,15990,932.2324948391001,55116691,16621802,52303,997.4922977977413
89035099,2026-07-30T21:51:40.592664100Z,2026-07-30T21:53:00.593055200Z,EPISODE_TYPE_PUBLIC,COMPLETED,55116580,16621355,99803,1026.1084464301805,55119531,16622937,44431,990.289677493878
89035101,2026-07-30T21:51:40.588751900Z,2026-07-30T21:52:52.053404600Z,EPISODE_TYPE_PUBLIC,COMPLETED,55119776,16622943,27704,797.2915441189308,55116223,16622032,20088,667.296105055971
89035551,2026-07-30T21:55:40.131804800Z,2026-07-30T21:56:43.607355900Z,EPISODE_TYPE_PUBLIC,COMPLETED,55120008,16622919,66594,704.0673751769382,55119028,16622319,21061,575.5841592255991
89035555,2026-07-30T21:55:40.135208200Z,2026-07-30T21:56:58.721160500Z,EPISODE_TYPE_PUBLIC,COMPLETED,55117565,16621523,50710,567.616528436126,55119946,16621683,3326,428.8861757874553
89035557,2026-07-30T21:55:40.137552400Z,2026-07-30T21:56:39.776897200Z,EPISODE_TYPE_PUBLIC,COMPLETED,55119689,16622367,24010,734.7811221776929,55118741,16622760,22261,676.663310853044
89035558,2026-07-30T21:55:40.137972600Z,2026-07-30T21:56:46.903820300Z,EPISODE_TYPE_PUBLIC,COMPLETED,55117347,16622198,32671,839.8683343974536,55119808,16622919,62534,896.1186183228994
89035559,2026-07-30T21:55:40.139064400Z,2026-07-30T21:56:47.975533100Z,EPISODE_TYPE_PUBLIC,COMPLETED,55119776,16622943,26002,765.9006076041914,55117347,16622198,39504,855.4159422736046
89035560,2026-07-30T21:55:40.138804900Z,2026-07-30T21:56:35.002317500Z,EPISODE_TYPE_PUBLIC,COMPLETED,55117099,16621515,27222,756.9167536969957,55119708,16622993,28981,847.2187072152817
89035561,2026-07-30T21:55:40.140414400Z,2026-07-30T21:56:51.924006Z,EPISODE_TYPE_PUBLIC,COMPLETED,55119634,16623006,28081,695.9388274029473,55116223,16622032,28095,696.7304865599223
89035563,2026-07-30T21:55:40.142117800Z,2026-07-30T21:56:57.581489300Z,EPISODE_TYPE_PUBLIC,COMPLETED,55119169,16622482,52601,819.8767392183413,55115608,16654158,41977,725.333356578465
89036010,2026-07-30T22:00:10.086820500Z,2026-07-30T22:01:13.914974100Z,EPISODE_TYPE_PUBLIC,COMPLETED,55116223,16622032,19990,678.3625928914761,55120008,16622919,72274,795.369236049109
89036011,2026-07-30T22:00:10.086616700Z,2026-07-30T22:01:11.554731100Z,EPISODE_TYPE_PUBLIC,COMPLETED,55120009,16622376,37942,801.0390840081792,55115388,16621402,24003,693.2185823977056
89036012,2026-07-30T22:00:10.087367900Z,2026-07-30T22:01:29.266901400Z,EPISODE_TYPE_PUBLIC,COMPLETED,55120034,16621683,1338,518.8455344204151,55115388,16621402,48834,706.0144825717465
89036014,2026-07-30T22:00:10.089399700Z,2026-07-30T22:01:24.476461400Z,EPISODE_TYPE_PUBLIC,COMPLETED,55118741,16622760,21888,646.5427984368431,55119972,16622338,25380,686.688507438268
89036016,2026-07-30T22:00:10.090142900Z,2026-07-30T22:01:13.868854100Z,EPISODE_TYPE_PUBLIC,COMPLETED,55117347,16622198,36528,841.0478326739349,55119808,16622919,66908,939.698002832951
89036020,2026-07-30T22:00:10.094657800Z,2026-07-30T22:01:15.300292200Z,EPISODE_TYPE_PUBLIC,COMPLETED,55119467,16622367,21274,534.8996751048309,55118013,16622482,21793,661.8496133820859
89036021,2026-07-30T22:00:10.094658100Z,2026-07-30T22:01:12.587736800Z,EPISODE_TYPE_PUBLIC,COMPLETED,55115608,16654158,33174,746.2345543045302,55119776,16622943,29505,756.9715883505125
89036476,2026-07-30T22:04:10.348449200Z,2026-07-30T22:06:05.916154200Z,EPISODE_TYPE_PUBLIC,COMPLETED,55119870,16622376,36042,842.0664591033543,55118449,16622509,41729,902.0949639192057
89036936,2026-07-30T22:08:10.328621700Z,2026-07-30T22:09:06.710145400Z,EPISODE_TYPE_PUBLIC,COMPLETED,55120178,16623135,37215,697.5515527028804,55119028,16622319,24485,553.0224460974
89036938,2026-07-30T22:08:10.331595100Z,2026-07-30T22:09:30.275402500Z,EPISODE_TYPE_PUBLIC,COMPLETED,55115608,16654158,56071,754.5787457565992,55120200,16621683,3370,531.1483415963161
89036940,2026-07-30T22:08:10.334482600Z,2026-07-30T22:09:09.789829Z,EPISODE_TYPE_PUBLIC,COMPLETED,55117099,16621515,31274,736.7408602666976,55120009,16622376,35117,815.7642178712332
89036941,2026-07-30T22:08:10.334314900Z,2026-07-30T22:09:07.107092300Z,EPISODE_TYPE_PUBLIC,COMPLETED,55118395,16654158,20379,713.3776888152951,55120081,16623189,35077,759.4097198747548
89036942,2026-07-30T22:08:10.334314600Z,2026-07-30T22:09:30.519896500Z,EPISODE_TYPE_PUBLIC,COMPLETED,55120008,16622919,60810,974.4621562573589,55117347,16622198,36337,815.1858923392496
89036944,2026-07-30T22:08:10.337307500Z,2026-07-30T22:09:10.067834Z,EPISODE_TYPE_PUBLIC,COMPLETED,55118396,16622487,22960,628.6383531764017,55119972,16622338,36001,680.6713693447908
89036945,2026-07-30T22:08:10.338331100Z,2026-07-30T22:09:09.752083700Z,EPISODE_TYPE_PUBLIC,COMPLETED,55119870,16622376,40320,886.1621775107288,55117347,16622198,36135,825.2360536530202
89036947,2026-07-30T22:08:10.340670200Z,2026-07-30T22:09:10.468491700Z,EPISODE_TYPE_PUBLIC,COMPLETED,55116691,16621802,63425,1017.04648065936,55119808,16622919,21328,944.7387659849247
89036948,2026-07-30T22:08:10.340749100Z,2026-07-30T22:09:26.566923500Z,EPISODE_TYPE_PUBLIC,COMPLETED,55117886,16701728,12257,533.0175835544007,55120034,16621683,2549,357.8450097270377
89037405,2026-07-30T22:12:10.257269100Z,2026-07-30T22:13:24.123218100Z,EPISODE_TYPE_PUBLIC,COMPLETED,55120184,16623189,16110,583.9790579203078,55115818,16621163,31916,665.6420853270245
89037408,2026-07-30T22:12:10.257769200Z,2026-07-30T22:13:05.944265400Z,EPISODE_TYPE_PUBLIC,COMPLETED,55120200,16621683,3324,445.24666206460574,55117304,16622420,6006,579.3998727819366
89037410,2026-07-30T22:12:10.261240400Z,2026-07-30T22:13:26.896780800Z,EPISODE_TYPE_PUBLIC,COMPLETED,55115608,16654158,34610,740.4918955021025,55120081,16623189,37653,818.0022529620275
89037412,2026-07-30T22:12:10.262290700Z,2026-07-30T22:13:11.119920400Z,EPISODE_TYPE_PUBLIC,COMPLETED,55119856,16660215,57708,1045.912544376954,55118227,16621497,126521,1168.0917972922375
89037413,2026-07-30T22:12:10.264033100Z,2026-07-30T22:13:28.723451400Z,EPISODE_TYPE_PUBLIC,COMPLETED,55119972,16622338,12689,729.3465411004246,55115974,16621153,10458,656.4770342868973
89037416,2026-07-30T22:12:10.265609300Z,2026-07-30T22:13:24.029951900Z,EPISODE_TYPE_PUBLIC,COMPLETED,55118227,16621497,71493,1180.3242284785194,55119856,16660215,28731,1022.5197973194469
89037417,2026-07-30T22:12:10.265086300Z,2026-07-30T22:13:21.043294700Z,EPISODE_TYPE_PUBLIC,COMPLETED,55118449,16622509,37463,882.9904241201067,55119808,16622919,59963,973.9241529204922
89037863,2026-07-30T22:16:10.467319700Z,2026-07-30T22:17:11.659388500Z,EPISODE_TYPE_PUBLIC,COMPLETED,55115974,16621153,13369,637.4118613984944,55120082,16623020,18525,740.1987123016609
89037864,2026-07-30T22:16:10.467700600Z,2026-07-30T22:17:14.870438Z,EPISODE_TYPE_PUBLIC,COMPLETED,55116580,16621355,71142,1044.7715642876278,55120008,16622919,59197,971.9730677825993
89037865,2026-07-30T22:16:10.467136400Z,2026-07-30T22:17:24.208004Z,EPISODE_TYPE_PUBLIC,COMPLETED,55115388,16621402,29837,691.3790129576581,55120178,16623135,31233,828.9959574188126
89037872,2026-07-30T22:16:10.477420700Z,2026-07-30T22:17:22.381337200Z,EPISODE_TYPE_PUBLIC,COMPLETED,55116580,16621355,80357,1059.6031907657741,55119808,16622919,60479,949.876797007724
89038327,2026-07-30T22:20:10.223031900Z,2026-07-30T22:21:31.262067300Z,EPISODE_TYPE_PUBLIC,COMPLETED,55120082,16623020,28110,798.3811212509215,55117099,16621515,28012,718.0357803619478
89038329,2026-07-30T22:20:10.224922300Z,2026-07-30T22:21:33.960347400Z,EPISODE_TYPE_PUBLIC,COMPLETED,55118449,16622509,33631,868.0055776001083,55120008,16622919,66678,1000.2837304624413
89038331,2026-07-30T22:20:10.226998800Z,2026-07-30T22:21:22.061758600Z,EPISODE_TYPE_PUBLIC,COMPLETED,55120184,16623189,14796,444.0411818957044,55119028,16622319,30887,574.3248554499766
89038336,2026-07-30T22:20:10.232529400Z,2026-07-30T22:21:12.029285200Z,EPISODE_TYPE_PUBLIC,COMPLETED,55119634,16623006,25839,724.391399021547,55118013,16622482,23393,637.7549600990027
89038337,2026-07-30T22:20:10.232780200Z,2026-07-30T22:21:04.281185600Z,EPISODE_TYPE_PUBLIC,COMPLETED,55118395,16654158,20521,687.0170390014505,55119972,16622338,25969,756.4698763712821
89038778,2026-07-30T22:24:11.182245400Z,2026-07-30T22:25:32.588886900Z,EPISODE_TYPE_PUBLIC,COMPLETED,55117274,16621811,3397,369.05789321740315,55120366,16621165,34098,573.2970442265295
89038788,2026-07-30T22:24:11.189058400Z,2026-07-30T22:25:05.204075200Z,EPISODE_TYPE_PUBLIC,COMPLETED,55117274,16621811,3385,394.1045144825792,55120184,16623189,16728,493.6024108886754
89038791,2026-07-30T22:24:11.191181200Z,2026-07-30T22:25:24.618986200Z,EPISODE_TYPE_PUBLIC,COMPLETED,55119725,16623135,21870,502.20098929953525,55115818,16621163,32862,681.0988264358191
89039236,2026-07-30T22:28:09.774847400Z,2026-07-30T22:29:11.003044800Z,EPISODE_TYPE_PUBLIC,COMPLETED,55120459,16621683,27469,485.51827199217655,55117565,16621523,53513,587.5452047978965
89039237,2026-07-30T22:28:09.774834400Z,2026-07-30T22:29:21.876395900Z,EPISODE_TYPE_PUBLIC,COMPLETED,55120450,16621683,2486,517.836649529603,55118395,16654158,49234,703.2779706514572
89039238,2026-07-30T22:28:09.777629400Z,2026-07-30T22:29:18.678537600Z,EPISODE_TYPE_PUBLIC,COMPLETED,55115318,16621290,3994,514.4728058548872,55120313,16622809,42299,642.4237726607556
89039239,2026-07-30T22:28:09.776985400Z,2026-07-30T22:29:21.760844200Z,EPISODE_TYPE_PUBLIC,COMPLETED,55115318,16621290,3846,494.7893280590741,55120366,16621165,31659,641.0762037670851
89039240,2026-07-30T22:28:09.780167900Z,2026-07-30T22:29:37.288173600Z,EPISODE_TYPE_PUBLIC,COMPLETED,55118449,16622509,39037,889.372872268314,55120009,16622376,38114,860.8881564958228
89039247,2026-07-30T22:28:09.787134400Z,2026-07-30T22:29:40.854093900Z,EPISODE_TYPE_PUBLIC,COMPLETED,55119856,16660215,62339,1057.0982740437203,55116580,16621355,104821,1079.3434119224826
89039691,2026-07-30T22:32:09.831506100Z,2026-07-30T22:33:04.844728300Z,EPISODE_TYPE_PUBLIC,COMPLETED,55120459,16621683,34048,567.6235443667648,55116608,16622251,3000,419.7604658301604
89039700,2026-07-30T22:32:09.838610700Z,2026-07-30T22:33:31.728215600Z,EPISODE_TYPE_PUBLIC,COMPLETED,55119856,16660215,32749,1044.1464567300538,55118227,16621497,118418,1192.1683142400834
89040152,2026-07-30T22:36:11.039636Z,2026-07-30T22:37:18.608802900Z,EPISODE_TYPE_PUBLIC,COMPLETED,55120313,16622809,40779,618.2887553533959,55117284,16622422,5567,500.97831377474563
89040155,2026-07-30T22:36:11.043166Z,2026-07-30T22:37:27.873329500Z,EPISODE_TYPE_PUBLIC,COMPLETED,55120366,16621165,27222,595.7262779581428,55117886,16701728,10557,499.8119537440993
89040157,2026-07-30T22:36:11.046108900Z,2026-07-30T22:37:09.264012400Z,EPISODE_TYPE_PUBLIC,COMPLETED,55117347,16622198,36940,833.074292248831,55120081,16623189,33502,833.091237219707
89040158,2026-07-30T22:36:11.046876Z,2026-07-30T22:37:05.000008100Z,EPISODE_TYPE_PUBLIC,COMPLETED,55118741,16622760,25660,623.777669602292,55120178,16623135,26431,706.3116400991479
89040159,2026-07-30T22:36:11.048331300Z,2026-07-30T22:37:18.405580Z,EPISODE_TYPE_PUBLIC,COMPLETED,55115641,16621519,2300,276.57493964709414,55118529,16622251,3000,384.9833151705968
89040163,2026-07-30T22:36:11.052553800Z,2026-07-30T22:37:17.074488500Z,EPISODE_TYPE_PUBLIC,COMPLETED,55118227,16621497,97188,1166.5858230622055,55116580,16621355,98718,1104.0308818405497
89040607,2026-07-30T22:40:10.403992800Z,2026-07-30T22:41:18.906315100Z,EPISODE_TYPE_PUBLIC,COMPLETED,55120568,16623226,1910,490.23724306856417,55117304,16622420,5944,604.478154079699
89040611,2026-07-30T22:40:10.408935100Z,2026-07-30T22:41:25.844801300Z,EPISODE_TYPE_PUBLIC,COMPLETED,55120313,16622809,24454,669.3587081597009,55118741,16622760,22546,601.1548376940038
89040620,2026-07-30T22:40:10.424345400Z,2026-07-30T22:41:10.926290100Z,EPISODE_TYPE_PUBLIC,COMPLETED,55116691,16621802,57419,1035.4637911598788,55119808,16622919,18871,969.1616206466408
89041065,2026-07-30T22:44:10.412761200Z,2026-07-30T22:45:02.698825900Z,EPISODE_TYPE_PUBLIC,COMPLETED,55119028,16622319,48182,596.956302563244,55120616,16623226,1783,488.16684171620244
89041068,2026-07-30T22:44:10.416467200Z,2026-07-30T22:45:28.984020200Z,EPISODE_TYPE_PUBLIC,COMPLETED,55120530,16623271,18089,529.1144851996106,55118013,16622482,27217,657.4447016464163
89041071,2026-07-30T22:44:10.419597200Z,2026-07-30T22:45:22.976422900Z,EPISODE_TYPE_PUBLIC,COMPLETED,55119028,16622319,23690,545.6232562962107,55120366,16621165,28070,576.8960482703307
89041072,2026-07-30T22:44:10.420427800Z,2026-07-30T22:45:08.234388600Z,EPISODE_TYPE_PUBLIC,COMPLETED,55120178,16623135,24207,678.2264043242981,55117099,16621515,35124,736.7054637514972
89041073,2026-07-30T22:44:10.418473400Z,2026-07-30T22:45:05.732977300Z,EPISODE_TYPE_PUBLIC,COMPLETED,55120459,16621683,35466,624.9188835415077,55117886,16701728,14513,475.72923462831614
89041075,2026-07-30T22:44:10.425222200Z,2026-07-30T22:45:08.414248900Z,EPISODE_TYPE_PUBLIC,COMPLETED,55119467,16622367,28784,604.1850717872655,55119028,16622319,20925,570.3711548335016
89041077,2026-07-30T22:44:10.422923200Z,2026-07-30T22:45:29.231152Z,EPISODE_TYPE_PUBLIC,COMPLETED,55119634,16623006,22183,715.9138500236571,55117099,16621515,35409,755.5025934273947
89041078,2026-07-30T22:44:10.426146100Z,2026-07-30T22:45:31.696845900Z,EPISODE_TYPE_PUBLIC,COMPLETED,55116691,16621802,48677,1017.8702279604511,55116804,16621355,55641,1078.106366963006
89041530,2026-07-30T22:48:47.489100200Z,2026-07-30T22:50:00.814190300Z,EPISODE_TYPE_PUBLIC,COMPLETED,55116223,16622032,44478,696.5535884631498,55120595,16621367,34551,596.7936703579649
89041531,2026-07-30T22:48:47.489124400Z,2026-07-30T22:49:39.129854700Z,EPISODE_TYPE_PUBLIC,COMPLETED,55120616,16623226,1910,397.2038344478435,55115318,16621290,3912,515.752935248637
89041533,2026-07-30T22:48:47.490694600Z,2026-07-30T22:50:01.281870700Z,EPISODE_TYPE_PUBLIC,COMPLETED,55115318,16621290,3751,491.50289226356415,55120530,16623271,40452,548.7745010074003
89041535,2026-07-30T22:48:47.493054600Z,2026-07-30T22:49:45.042451900Z,EPISODE_TYPE_PUBLIC,COMPLETED,55120366,16621165,21196,555.109880103567,55118395,16654158,27388,718.4993522341678
89041986,2026-07-30T22:52:42.562817Z,2026-07-30T22:54:00.829094Z,EPISODE_TYPE_PUBLIC,COMPLETED,55115388,16621402,20531,681.1228381171626,55120628,16621153,46529,884.1863584709434
89041987,2026-07-30T22:52:42.563605400Z,2026-07-30T22:53:39.400958700Z,EPISODE_TYPE_PUBLIC,COMPLETED,55118741,16622760,51335,619.4621602299446,55120648,16623274,3000,507.75150014571466
89041989,2026-07-30T22:52:42.566703400Z,2026-07-30T22:53:42.974788600Z,EPISODE_TYPE_PUBLIC,COMPLETED,55118396,16622487,46183,646.1215259053491,55120595,16621367,36753,543.5397661888878
89041991,2026-07-30T22:52:42.569874Z,2026-07-30T22:54:05.868378Z,EPISODE_TYPE_PUBLIC,COMPLETED,55120530,16623271,15595,474.97629802298684,55117565,16621523,24700,603.4454017130837
89041992,2026-07-30T22:52:42.571239700Z,2026-07-30T22:53:56.820708400Z,EPISODE_TYPE_PUBLIC,COMPLETED,55118395,16654158,21370,697.5274065103204,55120313,16622809,27436,772.797505133719
89041993,2026-07-30T22:52:42.574Z,2026-07-30T22:54:09.846748800Z,EPISODE_TYPE_PUBLIC,COMPLETED,55118227,16621497,85787,1158.2358787287978,55116580,16621355,90697,1124.9069344123523
89041994,2026-07-30T22:52:42.573247Z,2026-07-30T22:53:49.361481300Z,EPISODE_TYPE_PUBLIC,COMPLETED,55118227,16621497,108333,1178.7510833345627,55116804,16621355,81048,1064.8930983099876
89041995,2026-07-30T22:52:42.574242300Z,2026-07-30T22:53:30.372049400Z,EPISODE_TYPE_PUBLIC,COMPLETED,55117284,16622422,6259,527.5556124535831,55116892,16622097,3348,440.9122273607357
89041996,2026-07-30T22:52:42.574540500Z,2026-07-30T22:54:02.366919600Z,EPISODE_TYPE_PUBLIC,COMPLETED,55119856,16660215,21911,1037.8452661109216,55116691,16621802,43861,1038.531713730935
89041997,2026-07-30T22:52:42.576430200Z,2026-07-30T22:53:45.434202400Z,EPISODE_TYPE_PUBLIC,COMPLETED,55119467,16622367,12230,577.1297872072436,55118396,16622487,32050,663.2335357552208
89042440,2026-07-30T22:56:44.470152Z,2026-07-30T22:58:04.425352300Z,EPISODE_TYPE_PUBLIC,COMPLETED,55120628,16621153,43746,936.1395514192419,55117347,16622198,38064,821.8685749039222
89042444,2026-07-30T22:56:44.473402Z,2026-07-30T22:57:36.456175100Z,EPISODE_TYPE_PUBLIC,COMPLETED,55120459,16621683,38429,610.266038289637,55115388,16621402,49146,696.8713546685833
89042448,2026-07-30T22:56:44.477285700Z,2026-07-30T22:57:38.232955400Z,EPISODE_TYPE_PUBLIC,COMPLETED,55120450,16621683,2900,336.5731347824459,55115641,16621519,2300,242.0468611126676
89042450,2026-07-30T22:56:44.479488900Z,2026-07-30T22:57:50.214631700Z,EPISODE_TYPE_PUBLIC,COMPLETED,55119320,16622338,8070,634.7546336270557,55115388,16621402,23860,712.1386275441563
89042451,2026-07-30T22:56:44.480361500Z,2026-07-30T22:57:41.269991100Z,EPISODE_TYPE_PUBLIC,COMPLETED,55117099,16621515,29708,773.7163664182377,55119972,16622338,22111,743.4507431815935
89042905,2026-07-30T23:00:44.459772100Z,2026-07-30T23:01:37.636500900Z,EPISODE_TYPE_PUBLIC,COMPLETED,55117886,16701728,16305,500.5647275635018,55120648,16623274,3000,379.22183869936606
89042907,2026-07-30T23:00:44.462183Z,2026-07-30T23:01:46.381594300Z,EPISODE_TYPE_PUBLIC,COMPLETED,55118013,16622482,54789,675.1740286013694,55120459,16621683,36446,551.5054910287147
89042912,2026-07-30T23:00:44.465632100Z,2026-07-30T23:01:35.913933400Z,EPISODE_TYPE_PUBLIC,COMPLETED,55117274,16621811,3375,401.55985461683616,55120450,16621683,1943,292.12022669897436
89042914,2026-07-30T23:00:44.467627200Z,2026-07-30T23:02:00.399402200Z,EPISODE_TYPE_PUBLIC,COMPLETED,55118741,16622760,27425,602.2331454842496,55120178,16623135,31931,699.8818521947073
89043360,2026-07-30T23:04:48.916239600Z,2026-07-30T23:05:56.618056400Z,EPISODE_TYPE_PUBLIC,COMPLETED,55117565,16621523,22953,591.1045388010995,55120835,16623263,25341,779.7675916085635
89043361,2026-07-30T23:04:48.917337Z,2026-07-30T23:05:41.693762700Z,EPISODE_TYPE_PUBLIC,COMPLETED,55118741,16622760,37874,618.1372379852945,55120877,16623189,0,494.74558548109627
89043364,2026-07-30T23:04:48.918951700Z,2026-07-30T23:06:17.341343200Z,EPISODE_TYPE_PUBLIC,COMPLETED,55120628,16621153,39921,956.0202039825069,55118449,16622509,36443,873.115082644301
89043368,2026-07-30T23:04:48.922899100Z,2026-07-30T23:05:44.320573400Z,EPISODE_TYPE_PUBLIC,COMPLETED,55117099,16621515,26158,786.9129223699982,55120313,16622809,25407,691.2366088864885
89043848,2026-07-30T23:08:47.194122700Z,2026-07-30T23:09:58.116969800Z,EPISODE_TYPE_PUBLIC,COMPLETED,55120807,16623006,55190,662.53900862256,55115318,16621290,4018,477.7909962729191
89043854,2026-07-30T23:08:47.200663900Z,2026-07-30T23:09:46.215440200Z,EPISODE_TYPE_PUBLIC,COMPLETED,55117284,16622422,6214,522.2850546534982,55120595,16621367,43956,604.2456300381406
89043856,2026-07-30T23:08:47.201932600Z,2026-07-30T23:09:38.178520300Z,EPISODE_TYPE_PUBLIC,COMPLETED,55117284,16622422,6259,545.1588170088054,55120660,16623226,2716,382.77579126708383
89043858,2026-07-30T23:08:47.204593700Z,2026-07-30T23:09:52.692557Z,EPISODE_TYPE_PUBLIC,COMPLETED,55118449,16622509,50858,894.1807797088594,55119169,16622482,41363,898.5540476911119
89043859,2026-07-30T23:08:47.206252500Z,2026-07-30T23:09:46.536310900Z,EPISODE_TYPE_PUBLIC,COMPLETED,55116691,16621802,50213,1055.5112319815569,55119856,16660215,21611,1020.4617473527153
89044346,2026-07-30T23:12:44.141121900Z,2026-07-30T23:14:03.722404Z,EPISODE_TYPE_PUBLIC,COMPLETED,55115388,16621402,24430,699.1452880597582,55120905,16622367,70193,820.6928091853268
89044348,2026-07-30T23:12:44.143356100Z,2026-07-30T23:14:16.717440900Z,EPISODE_TYPE_PUBLIC,COMPLETED,55120807,16623006,30667,770.1210850630239,55116223,16622032,24286,678.9250924996804
89044351,2026-07-30T23:12:44.148057300Z,2026-07-30T23:14:14.568739400Z,EPISODE_TYPE_PUBLIC,COMPLETED,55117304,16622420,6551,575.9825191207544,55120699,16623226,38541,624.8019284642979
89044352,2026-07-30T23:12:44.148298200Z,2026-07-30T23:13:51.683236100Z,EPISODE_TYPE_PUBLIC,COMPLETED,55117274,16621811,3380,432.60910608362553,55120648,16623274,3000,339.20403455866773
89044353,2026-07-30T23:12:44.150147200Z,2026-07-30T23:13:55.423137500Z,EPISODE_TYPE_PUBLIC,COMPLETED,55116608,16622251,3000,385.1154382250841,55119357,16623099,6099,479.0782202054563
89044354,2026-07-30T23:12:44.150613700Z,2026-07-30T23:13:56.775661100Z,EPISODE_TYPE_PUBLIC,COMPLETED,55120595,16621367,33395,576.0407656222584,55118741,16622760,44571,636.1914659884158
89044358,2026-07-30T23:12:44.153647500Z,2026-07-30T23:14:06.851244Z,EPISODE_TYPE_PUBLIC,COMPLETED,55115818,16621163,18778,704.3374353358369,55117395,16621153,15506,638.3988799038651
89044835,2026-07-30T23:16:46.584506700Z,2026-07-30T23:18:13.786677800Z,EPISODE_TYPE_PUBLIC,COMPLETED,55120905,16622367,62297,978.2108796158909,55118449,16622509,41522,880.2117646918982
89044837,2026-07-30T23:16:46.585485700Z,2026-07-30T23:18:01.807329600Z,EPISODE_TYPE_PUBLIC,COMPLETED,55118741,16622760,29728,632.641655281421,55120890,16623316,28181,468.5792527854719
89044838,2026-07-30T23:16:46.585289300Z,2026-07-30T23:17:59.054689200Z,EPISODE_TYPE_PUBLIC,COMPLETED,55115608,16654158,29528,727.7749368554089,55120807,16623006,41578,817.8731381554902
89044841,2026-07-30T23:16:46.590946300Z,2026-07-30T23:17:58.389450500Z,EPISODE_TYPE_PUBLIC,COMPLETED,55120178,16623135,27376,719.6771899735096,55118741,16622760,25608,621.7696447176909
89044845,2026-07-30T23:16:46.593228300Z,2026-07-30T23:18:05.060236900Z,EPISODE_TYPE_PUBLIC,COMPLETED,55118227,16621497,107812,1169.9953459931473,55116804,16621355,87744,1075.2668425185518
89045322,2026-07-30T23:20:43.559544300Z,2026-07-30T23:21:48.719026700Z,EPISODE_TYPE_PUBLIC,COMPLETED,55121053,16623189,31252,727.0990878263987,55118013,16622482,19028,653.3493508101129
89045323,2026-07-30T23:20:43.559924500Z,2026-07-30T23:21:44.859794900Z,EPISODE_TYPE_PUBLIC,COMPLETED,55117284,16622422,5449,506.78777130232965,55121064,16623189,46802,684.6719463613707
89045327,2026-07-30T23:20:43.566506900Z,2026-07-30T23:22:06.985079300Z,EPISODE_TYPE_PUBLIC,COMPLETED,55120699,16623226,16505,621.0359622116238,55117565,16621523,12558,571.5054989744342
89045330,2026-07-30T23:20:43.567814500Z,2026-07-30T23:22:13.360844400Z,EPISODE_TYPE_PUBLIC,COMPLETED,55118227,16621497,71508,1182.4011543376873,55116580,16621355,67110,1111.682858162511
89045335,2026-07-30T23:20:43.570350900Z,2026-07-30T23:22:07.815004200Z,EPISODE_TYPE_PUBLIC,COMPLETED,55116804,16621355,69658,1089.4322707113479,55116691,16621802,49533,1040.4092576632038
89045816,2026-07-30T23:24:47.264408400Z,2026-07-30T23:26:03.459667800Z,EPISODE_TYPE_PUBLIC,COMPLETED,55121009,16621219,5766,429.5450597884824,55117565,16621523,50253,584.3200142570902
89045817,2026-07-30T23:24:47.264452600Z,2026-07-30T23:26:41.295352900Z,EPISODE_TYPE_PUBLIC,COMPLETED,55120905,16622367,42286,983.5623128950396,55116691,16621802,56662,1053.9872172592297
89045820,2026-07-30T23:24:47.267091500Z,2026-07-30T23:26:05.275283500Z,EPISODE_TYPE_PUBLIC,COMPLETED,55120807,16623006,24774,743.5216210501022,55117099,16621515,30573,801.7342138708365
89045822,2026-07-30T23:24:47.268746900Z,2026-07-30T23:26:11.325643100Z,EPISODE_TYPE_PUBLIC,COMPLETED,55120699,16623226,17874,618.4180864237694,55116223,16622032,23025,695.9478299992857
89045823,2026-07-30T23:24:47.269633700Z,2026-07-30T23:25:45.383772900Z,EPISODE_TYPE_PUBLIC,COMPLETED,55118741,16622760,29799,647.1684891615186,55117766,16622487,28344,573.1432872805825
89045825,2026-07-30T23:24:47.270792500Z,2026-07-30T23:25:58.129602100Z,EPISODE_TYPE_PUBLIC,COMPLETED,55115388,16621402,30996,715.5032434783591,55115818,16621163,28200,680.3917970905467
89046308,2026-07-30T23:28:45.509116300Z,2026-07-30T23:30:03.076369800Z,EPISODE_TYPE_PUBLIC,COMPLETED,55121168,16623390,0,478.8018058851627,55119028,16622319,49880,565.3580503527145
89046311,2026-07-30T23:28:45.512558200Z,2026-07-30T23:30:04.279135700Z,EPISODE_TYPE_PUBLIC,COMPLETED,55117886,16701728,19758,475.49152570442266,55121110,16623271,29983,582.7876707097288
89046314,2026-07-30T23:28:45.516924800Z,2026-07-30T23:29:55.968435600Z,EPISODE_TYPE_PUBLIC,COMPLETED,55117274,16621811,3365,399.5033309842065,55121009,16621219,6099,453.8336553631789
89046321,2026-07-30T23:28:45.523742700Z,2026-07-30T23:30:06.432605100Z,EPISODE_TYPE_PUBLIC,COMPLETED,55119634,16623006,30205,714.6214384091021,55118396,16622487,28022,646.1068244816913
89046802,2026-07-30T23:32:49.759582300Z,2026-07-30T23:34:05.420794400Z,EPISODE_TYPE_PUBLIC,COMPLETED,55115608,16654158,32145,712.0186178565674,55121243,16644724,37437,745.8161241562148
89046803,2026-07-30T23:32:49.760266900Z,2026-07-30T23:33:44.829424200Z,EPISODE_TYPE_PUBLIC,COMPLETED,55118395,16654158,20731,679.1965455179048,55121053,16623189,33227,778.777346469282
89047289,2026-07-30T23:36:45.396585600Z,2026-07-30T23:37:57.334396100Z,EPISODE_TYPE_PUBLIC,COMPLETED,55118013,16622482,54491,668.2063737381554,55121271,16623390,15,508.78795654006257
89047290,2026-07-30T23:36:45.398465Z,2026-07-30T23:37:50.253032700Z,EPISODE_TYPE_PUBLIC,COMPLETED,55117347,16622198,41566,805.5276444167872,55121221,16623263,62234,816.961307583179
89047291,2026-07-30T23:36:45.398436600Z,2026-07-30T23:38:06.157746800Z,EPISODE_TYPE_PUBLIC,COMPLETED,55121290,16623316,36555,725.4990154047606,55118396,16622487,32501,649.121667153782
89047293,2026-07-30T23:36:45.402812500Z,2026-07-30T23:38:00.390754800Z,EPISODE_TYPE_PUBLIC,COMPLETED,55121110,16623271,48124,701.1960009229269,55117304,16622420,6570,557.6657633231238
89047298,2026-07-30T23:36:45.406708700Z,2026-07-30T23:37:54.232637600Z,EPISODE_TYPE_PUBLIC,COMPLETED,55120890,16623316,30671,638.5564373017396,55116223,16622032,29792,671.7607513211682
89047299,2026-07-30T23:36:45.404577Z,2026-07-30T23:38:09.008476400Z,EPISODE_TYPE_PUBLIC,COMPLETED,55117099,16621515,26989,777.3822549686467,55121064,16623189,30000,869.2313539774975
89047301,2026-07-30T23:36:45.409502500Z,2026-07-30T23:37:52.585883300Z,EPISODE_TYPE_PUBLIC,COMPLETED,55120835,16623263,25462,636.4141745690567,55118396,16622487,36661,664.9608499539193
89047302,2026-07-30T23:36:45.410673800Z,2026-07-30T23:38:04.823348300Z,EPISODE_TYPE_PUBLIC,COMPLETED,55117099,16621515,33285,789.1024719544343,55119870,16622376,34740,868.9140228142425
89047305,2026-07-30T23:36:45.415788700Z,2026-07-30T23:38:10.953261500Z,EPISODE_TYPE_PUBLIC,COMPLETED,55116580,16621355,80037,1100.2695636207384,55118227,16621497,99946,1193.142939818754
89047825,2026-07-30T23:40:45.377675700Z,2026-07-30T23:42:02.526027900Z,EPISODE_TYPE_PUBLIC,COMPLETED,55118013,16622482,17057,652.5291437924093,55121053,16623189,30665,771.2846099664016
89047834,2026-07-30T23:40:45.385882200Z,2026-07-30T23:42:18.810957100Z,EPISODE_TYPE_PUBLIC,COMPLETED,55118239,16621163,40781,643.2570684099223,55118395,16654158,44323,698.8595679512721
89048387,2026-07-30T23:44:43.581868400Z,2026-07-30T23:46:08.898776200Z,EPISODE_TYPE_PUBLIC,COMPLETED,55116223,16622032,30759,654.1243560032607,55120890,16623316,31024,690.0495621155388
89048388,2026-07-30T23:44:43.582245400Z,2026-07-30T23:45:47.628430900Z,EPISODE_TYPE_PUBLIC,COMPLETED,55116608,16622251,3000,359.98809067105304,55121009,16621219,6099,501.9619988971759
89048883,2026-07-30T23:48:48.259950900Z,2026-07-30T23:50:01.348030300Z,EPISODE_TYPE_PUBLIC,COMPLETED,55115818,16621163,32427,698.2209648082234,55121110,16623271,31634,604.4919020125994
89048891,2026-07-30T23:48:48.269283400Z,2026-07-30T23:50:11.912410200Z,EPISODE_TYPE_PUBLIC,COMPLETED,55118227,16621497,79209,1203.0272292745124,55116804,16621355,75780,1101.8100166954857
89049374,2026-07-30T23:52:46.196704800Z,2026-07-30T23:53:57.740731700Z,EPISODE_TYPE_PUBLIC,COMPLETED,55118741,16622760,21884,632.7933891845844,55121053,16623189,29071,697.7833310482451
89049378,2026-07-30T23:52:46.200274100Z,2026-07-30T23:53:56.536381400Z,EPISODE_TYPE_PUBLIC,COMPLETED,55121271,16623390,64,257.23812805733957,55117274,16621811,3398,418.8662219315273
89049385,2026-07-30T23:52:46.206063100Z,2026-07-30T23:54:11.688388200Z,EPISODE_TYPE_PUBLIC,COMPLETED,55116691,16621802,58874,1065.8383549566236,55120905,16622367,42011,981.6736037643204
89049869,2026-07-30T23:56:47.306780200Z,2026-07-30T23:58:08.677011200Z,EPISODE_TYPE_PUBLIC,COMPLETED,55121053,16623189,34392,723.5197775780604,55118396,16622487,23300,635.628155782558
89049873,2026-07-30T23:56:47.310569800Z,2026-07-30T23:58:09.384364500Z,EPISODE_TYPE_PUBLIC,COMPLETED,55119856,16660215,43097,1048.430729330408,55116580,16621355,84433,1102.9593853197662
89049877,2026-07-30T23:56:47.306301300Z,2026-07-30T23:58:12.899112400Z,EPISODE_TYPE_PUBLIC,COMPLETED,55117099,16621515,28001,763.0252055085849,55121243,16644724,28345,792.7459795193324
89049878,2026-07-30T23:56:47.313764400Z,2026-07-30T23:58:00.017754700Z,EPISODE_TYPE_PUBLIC,COMPLETED,55117932,16621219,6028,482.8510689963466,55119028,16622319,40376,581.8496424491951
89049879,2026-07-30T23:56:47.313749100Z,2026-07-30T23:57:55.651419500Z,EPISODE_TYPE_PUBLIC,COMPLETED,55118227,16621497,91217,1211.6972381525618,55116580,16621355,83868,1090.6953550619294
89049882,2026-07-30T23:56:47.318294900Z,2026-07-30T23:58:09.554133300Z,EPISODE_TYPE_PUBLIC,COMPLETED,55119856,16660215,25251,1047.2448320541157,55116691,16621802,48779,1079.7305197799783
89050373,2026-07-31T00:00:42.098932700Z,2026-07-31T00:02:20.714754700Z,EPISODE_TYPE_PUBLIC,COMPLETED,55121349,16621802,83301,974.1381936596903,55116580,16621355,101905,1111.5078432778766
89050375,2026-07-31T00:00:42.101594600Z,2026-07-31T00:01:55.959875400Z,EPISODE_TYPE_PUBLIC,COMPLETED,55115608,16654158,32347,698.6594411935984,55121053,16623189,36279,750.4292633428669
89050376,2026-07-31T00:00:42.101812600Z,2026-07-31T00:01:57.323394300Z,EPISODE_TYPE_PUBLIC,COMPLETED,55117099,16621515,28812,751.5203483624117,55121243,16644724,28933,825.4638515399959
89050379,2026-07-31T00:00:42.103306600Z,2026-07-31T00:02:14.492092300Z,EPISODE_TYPE_PUBLIC,COMPLETED,55118396,16622487,43066,649.0637558269169,55121110,16623271,19403,572.6712195119665
89050381,2026-07-31T00:00:42.105415300Z,2026-07-31T00:01:58.893579300Z,EPISODE_TYPE_PUBLIC,COMPLETED,55117565,16621523,25251,571.5688441231512,55120835,16623263,25927,694.7598006253521
89050384,2026-07-31T00:00:42.108110700Z,2026-07-31T00:01:50.949189900Z,EPISODE_TYPE_PUBLIC,COMPLETED,55117284,16622422,6247,531.3083060878921,55117932,16621219,6087,501.6718707103849
89050386,2026-07-31T00:00:42.109378300Z,2026-07-31T00:02:24.390890Z,EPISODE_TYPE_PUBLIC,COMPLETED,55116804,16621355,77569,1120.1034139774529,55118227,16621497,67108,1194.0819981725595
89050877,2026-07-31T00:04:41.932578100Z,2026-07-31T00:05:58.139886500Z,EPISODE_TYPE_PUBLIC,COMPLETED,55117347,16622198,45328,795.2686404517543,55121221,16623263,64769,903.3536297935074
89050881,2026-07-31T00:04:41.935506100Z,2026-07-31T00:05:57.914647400Z,EPISODE_TYPE_PUBLIC,COMPLETED,55117284,16622422,6208,512.952271439442,55121110,16623271,47055,595.5328789494091
89050885,2026-07-31T00:04:41.938947300Z,2026-07-31T00:05:53.141448200Z,EPISODE_TYPE_PUBLIC,COMPLETED,55121271,16623390,39,205.3810714693215,55115641,16621519,2300,275.81558319302644
89051368,2026-07-31T00:08:40.442926600Z,2026-07-31T00:09:38.806227Z,EPISODE_TYPE_PUBLIC,COMPLETED,55118449,16622509,34296,890.8058925749932,55121611,16623006,31565,733.1930212028196
89051369,2026-07-31T00:08:40.443719100Z,2026-07-31T00:09:55.565017900Z,EPISODE_TYPE_PUBLIC,COMPLETED,55121621,16623006,32106,845.205457226562,55115818,16621163,27151,684.8949874921439
89051375,2026-07-31T00:08:40.448158500Z,2026-07-31T00:09:55.621712700Z,EPISODE_TYPE_PUBLIC,COMPLETED,55117099,16621515,28942,741.9325146905351,55121243,16644724,29738,846.8853551825746
89051378,2026-07-31T00:08:40.452685600Z,2026-07-31T00:09:58.396564300Z,EPISODE_TYPE_PUBLIC,COMPLETED,55118449,16622509,27030,875.5014643794688,55119314,16660215,37277,916.4073386857401
89051382,2026-07-31T00:08:40.462605100Z,2026-07-31T00:10:01.646643600Z,EPISODE_TYPE_PUBLIC,COMPLETED,55115818,16621163,29594,673.9744099090698,55121710,16622367,87517,869.0831872875524
89051860,2026-07-31T00:12:42.654336200Z,2026-07-31T00:13:57.037823300Z,EPISODE_TYPE_PUBLIC,COMPLETED,55121811,16621367,42891,665.2670255153844,55117886,16701728,12147,460.22267238069605
89051861,2026-07-31T00:12:42.656651400Z,2026-07-31T00:14:03.564661600Z,EPISODE_TYPE_PUBLIC,COMPLETED,55122028,16656399,14628,425.7667094810416,55117565,16621523,37835,583.1141303260006
89052352,2026-07-31T00:16:39.623362300Z,2026-07-31T00:17:41.445597Z,EPISODE_TYPE_PUBLIC,COMPLETED,55121611,16623006,39540,732.4567142013466,55115608,16654158,29911,685.310336545209
89052354,2026-07-31T00:16:39.625283900Z,2026-07-31T00:18:04.849168200Z,EPISODE_TYPE_PUBLIC,COMPLETED,55116580,16621355,100594,1123.5675562821361,55121349,16621802,77123,1081.8224754386347
89052357,2026-07-31T00:16:39.627064800Z,2026-07-31T00:17:58.918936400Z,EPISODE_TYPE_PUBLIC,COMPLETED,55118395,16654158,31654,681.3691896024445,55121290,16623316,32685,750.2348359994475
89052843,2026-07-31T00:20:39.545167400Z,2026-07-31T00:21:59.089278100Z,EPISODE_TYPE_PUBLIC,COMPLETED,55118741,16622760,17101,619.8006890780142,55122314,16621153,59409,716.3185581662066
89052847,2026-07-31T00:20:39.552141100Z,2026-07-31T00:21:54.178375Z,EPISODE_TYPE_PUBLIC,COMPLETED,55118449,16622509,34769,886.3763900380246,55121621,16623006,31028,766.3509738183599
89052850,2026-07-31T00:20:39.555262400Z,2026-07-31T00:22:03.516518600Z,EPISODE_TYPE_PUBLIC,COMPLETED,55121611,16623006,25343,683.970263059483,55117099,16621515,30740,752.9318857041175
89053343,2026-07-31T00:24:41.402687200Z,2026-07-31T00:25:46.020880500Z,EPISODE_TYPE_PUBLIC,COMPLETED,55121710,16622367,69467,1100.9015838475866,55116691,16621802,49328,1066.2914255327378
89053831,2026-07-31T00:28:38.796948500Z,2026-07-31T00:29:34.844046800Z,EPISODE_TYPE_PUBLIC,COMPLETED,55122399,16621683,221,392.0253631425451,55115318,16621290,4018,496.3183973801596
89053832,2026-07-31T00:28:38.796715500Z,2026-07-31T00:30:06.612824300Z,EPISODE_TYPE_PUBLIC,COMPLETED,55117347,16622198,36448,787.2494363681902,55122092,16622454,59995,950.8194660692083
89053834,2026-07-31T00:28:38.798601300Z,2026-07-31T00:29:49.591626200Z,EPISODE_TYPE_PUBLIC,COMPLETED,55116580,16621355,87065,1134.0768170175827,55121710,16622367,60679,1065.4032393981686
89053836,2026-07-31T00:28:38.799894600Z,2026-07-31T00:29:34.190857600Z,EPISODE_TYPE_PUBLIC,COMPLETED,55121811,16621367,42924,534.3328688339461,55118395,16654158,44779,692.8973007689058
89053837,2026-07-31T00:28:38.801567Z,2026-07-31T00:30:04.369106Z,EPISODE_TYPE_PUBLIC,COMPLETED,55117565,16621523,12920,573.1546576208758,55121611,16623006,34617,736.1279727015724
89054334,2026-07-31T00:32:44.955368600Z,2026-07-31T00:34:05.766888600Z,EPISODE_TYPE_PUBLIC,COMPLETED,55115818,16621163,30375,688.2566020725236,55122325,16623189,18025,568.107680046368
89054335,2026-07-31T00:32:44.958526700Z,2026-07-31T00:34:44.156200100Z,EPISODE_TYPE_PUBLIC,COMPLETED,55121710,16622367,60038,1099.5012115238662,55116691,16621802,53656,1054.032547235389
89055337,2026-07-31T00:40:39.720103Z,2026-07-31T00:41:33.606261500Z,EPISODE_TYPE_PUBLIC,COMPLETED,55115318,16621290,3813,478.2195331362583,55122325,16623189,25507,563.9734958559933
89055824,2026-07-31T00:44:46.826107700Z,2026-07-31T00:46:05.752489Z,EPISODE_TYPE_PUBLIC,COMPLETED,55116223,16622032,36559,665.2760419222361,55122785,16621683,23952,508.2877097970053
89056326,2026-07-31T00:48:43.438296500Z,2026-07-31T00:49:56.007619100Z,EPISODE_TYPE_PUBLIC,COMPLETED,55122788,16621683,26103,604.1039834306611,55117284,16622422,6190,496.2994858617397
89056327,2026-07-31T00:48:43.438512700Z,2026-07-31T00:50:02.924748Z,EPISODE_TYPE_PUBLIC,COMPLETED,55117274,16621811,3402,405.2763141298265,55122785,16621683,29087,636.8540232638533
89056329,2026-07-31T00:48:43.439748300Z,2026-07-31T00:49:55.151540200Z,EPISODE_TYPE_PUBLIC,COMPLETED,55115388,16621402,33414,699.3621571129964,55122596,16622809,37035,733.071943746342
89056825,2026-07-31T00:52:47.442262400Z,2026-07-31T00:54:07.606803Z,EPISODE_TYPE_PUBLIC,COMPLETED,55122788,16621683,12393,533.2314542487733,55118013,16622482,39419,667.0064790115039
89056829,2026-07-31T00:52:47.447884300Z,2026-07-31T00:54:04.317828300Z,EPISODE_TYPE_PUBLIC,COMPLETED,55118395,16654158,39241,705.7929594407082,55122785,16621683,21485,577.5671803414448
89057330,2026-07-31T00:56:43.860069700Z,2026-07-31T00:58:01.822940600Z,EPISODE_TYPE_PUBLIC,COMPLETED,55117099,16621515,27339,741.9104900828942,55122779,16623189,29721,804.1906633725678
89057337,2026-07-31T00:56:43.863151700Z,2026-07-31T00:57:57.092421400Z,EPISODE_TYPE_PUBLIC,COMPLETED,55118395,16654158,36077,719.329414699641,55122596,16622809,33633,619.3411674172582
89057828,2026-07-31T01:00:39.249425Z,2026-07-31T01:01:37.686025700Z,EPISODE_TYPE_PUBLIC,COMPLETED,55123087,16623528,2393,519.7572565087067,55115388,16621402,48849,708.0799552059037
89057836,2026-07-31T01:00:39.257953300Z,2026-07-31T01:01:54.038646900Z,EPISODE_TYPE_PUBLIC,COMPLETED,55122595,16623385,33608,820.5084720559141,55118013,16622482,16601,655.617835532241
89058338,2026-07-31T01:04:40.901934400Z,2026-07-31T01:05:54.209885200Z,EPISODE_TYPE_PUBLIC,COMPLETED,55115318,16621290,3822,460.0518402978683,55123087,16623528,4002,537.2486356932322
89058340,2026-07-31T01:04:40.904415100Z,2026-07-31T01:06:00.160079400Z,EPISODE_TYPE_PUBLIC,COMPLETED,55122519,16622919,62682,1074.0000277202457,55118227,16621497,131089,1202.0047329775548
89058835,2026-07-31T01:08:39.761753500Z,2026-07-31T01:09:34.451028700Z,EPISODE_TYPE_PUBLIC,COMPLETED,55123223,16644724,61847,786.6662193269316,55118395,16654158,41524,704.7971603291354
89059338,2026-07-31T01:12:38.844717800Z,2026-07-31T01:13:37.833374100Z,EPISODE_TYPE_PUBLIC,COMPLETED,55118449,16622509,57372,871.582691421698,55123200,16621683,62159,911.0660066554886
89059342,2026-07-31T01:12:38.848250Z,2026-07-31T01:13:48.372019600Z,EPISODE_TYPE_PUBLIC,COMPLETED,55123273,16623603,45304,716.7341735392457,55117284,16622422,5482,487.2781496056868
89059343,2026-07-31T01:12:38.849293500Z,2026-07-31T01:13:43.569875800Z,EPISODE_TYPE_PUBLIC,COMPLETED,55122519,16622919,65373,1070.6448536853943,55116580,16621355,83240,1143.929685338953
89059345,2026-07-31T01:12:38.850786100Z,2026-07-31T01:13:54.553407300Z,EPISODE_TYPE_PUBLIC,COMPLETED,55123087,16623528,2576,419.1875163351814,55117886,16701728,22760,485.3035533703654
89059866,2026-07-31T01:16:36.667368700Z,2026-07-31T01:17:53.562043600Z,EPISODE_TYPE_PUBLIC,COMPLETED,55117565,16621523,51926,586.7165960299543,55123435,16623582,3000,485.6192567187059
89059870,2026-07-31T01:16:36.669635300Z,2026-07-31T01:17:53.797383Z,EPISODE_TYPE_PUBLIC,COMPLETED,55123273,16623603,33091,768.3807981608701,55118013,16622482,15604,642.3271741506342
89061333,2026-07-31T01:28:42.307370400Z,2026-07-31T01:29:54.678920Z,EPISODE_TYPE_PUBLIC,COMPLETED,55118741,16622760,22507,607.637409818133,55123629,16623643,29813,712.6071132734986
89061830,2026-07-31T01:32:46.030484900Z,2026-07-31T01:34:01.544314800Z,EPISODE_TYPE_PUBLIC,COMPLETED,55115388,16621402,21186,696.5372975241002,55123629,16623643,34777,806.0507170734587
89061831,2026-07-31T01:32:46.032255800Z,2026-07-31T01:33:44.595664Z,EPISODE_TYPE_PUBLIC,COMPLETED,55123724,16621165,21016,506.7336925391192,55118396,16622487,27978,659.322449002671
89062322,2026-07-31T01:36:41.299641200Z,2026-07-31T01:37:47.650453600Z,EPISODE_TYPE_PUBLIC,COMPLETED,55117284,16622422,6259,504.5259296190033,55123701,16623582,3000,427.97502391632446
89062325,2026-07-31T01:36:41.302680500Z,2026-07-31T01:37:57.059354600Z,EPISODE_TYPE_PUBLIC,COMPLETED,55123427,16623199,109689,896.07617682474,55117347,16622198,40067,777.8624218120119
89062326,2026-07-31T01:36:41.302847Z,2026-07-31T01:37:39.190614100Z,EPISODE_TYPE_PUBLIC,COMPLETED,55118396,16622487,51577,669.0701057274032,55123594,16622835,44817,519.4594308302779
89062813,2026-07-31T01:40:41.311984300Z,2026-07-31T01:41:38.829779800Z,EPISODE_TYPE_PUBLIC,COMPLETED,55118227,16621497,96422,1208.2428186932132,55123488,16623034,36940,1030.8762099996065
89064289,2026-07-31T01:52:42.714303400Z,2026-07-31T01:53:56.294326300Z,EPISODE_TYPE_PUBLIC,COMPLETED,55124032,16623603,33056,738.208409965726,55118395,16654158,16876,688.9031885690146
89064291,2026-07-31T01:52:42.717410600Z,2026-07-31T01:54:01.662250Z,EPISODE_TYPE_PUBLIC,COMPLETED,55123488,16623034,44129,1071.8018652390417,55118227,16621497,105665,1215.2036424296084
89064294,2026-07-31T01:52:42.723601400Z,2026-07-31T01:53:55.562782500Z,EPISODE_TYPE_PUBLIC,COMPLETED,55115318,16621290,3846,447.31608597024234,55123670,16623644,38903,590.2105201192876
89064784,2026-07-31T01:56:39.876254200Z,2026-07-31T01:57:36.713510700Z,EPISODE_TYPE_PUBLIC,COMPLETED,55124032,16623603,24803,644.0667664616986,55117099,16621515,26385,751.1629946823822
89064786,2026-07-31T01:56:39.878894500Z,2026-07-31T01:57:54.576989100Z,EPISODE_TYPE_PUBLIC,COMPLETED,55123978,16623643,27783,656.0263149961843,55118395,16654158,27783,685.9594708388696
89065769,2026-07-31T02:04:44.893705700Z,2026-07-31T02:05:37.598809100Z,EPISODE_TYPE_PUBLIC,COMPLETED,55117304,16622420,5340,540.3590799302658,55124255,16623128,29376,693.7143867011857
89065770,2026-07-31T02:04:44.894483400Z,2026-07-31T02:06:03.924763700Z,EPISODE_TYPE_PUBLIC,COMPLETED,55118013,16622482,16020,629.4384816173034,55124197,16623399,27477,761.3426001986795
89065775,2026-07-31T02:04:44.898772600Z,2026-07-31T02:05:59.817804700Z,EPISODE_TYPE_PUBLIC,COMPLETED,55123978,16623643,27532,686.1226659392138,55118395,16654158,27447,669.2489184489702
89066264,2026-07-31T02:08:42.598400Z,2026-07-31T02:09:45.300431300Z,EPISODE_TYPE_PUBLIC,COMPLETED,55118396,16622487,50481,681.5573846957968,55124095,16623503,18537,604.1472871752744
89066748,2026-07-31T02:12:39.998075300Z,2026-07-31T02:14:04.253440Z,EPISODE_TYPE_PUBLIC,COMPLETED,55117099,16621515,33823,760.8562816548795,55123978,16623643,21130,683.9368271000076
89066750,2026-07-31T02:12:39.998074900Z,2026-07-31T02:13:37.923950900Z,EPISODE_TYPE_PUBLIC,COMPLETED,55115388,16621402,49439,704.4202233405738,55124144,16623697,12616,524.2629448051051
89067223,2026-07-31T02:16:39.902580700Z,2026-07-31T02:17:56.433345600Z,EPISODE_TYPE_PUBLIC,COMPLETED,55124355,16623730,10622,587.7002822671968,55115318,16621290,3968,434.9653435588329
89067711,2026-07-31T02:20:37.989601300Z,2026-07-31T02:21:31.496895400Z,EPISODE_TYPE_PUBLIC,COMPLETED,55116223,16622032,35487,675.7298751786266,55124512,16623736,26541,511.1609807193516
89067718,2026-07-31T02:20:37.998794300Z,2026-07-31T02:21:51.182594700Z,EPISODE_TYPE_PUBLIC,COMPLETED,55124255,16623128,15888,612.2272566613668,55118395,16654158,44805,682.0533051856454
89068182,2026-07-31T02:24:40.870454400Z,2026-07-31T02:25:52.917989500Z,EPISODE_TYPE_PUBLIC,COMPLETED,55119028,16622319,30983,594.857363224778,55124512,16623736,28862,434.77124038087635
89068183,2026-07-31T02:24:40.870770700Z,2026-07-31T02:25:36.781764500Z,EPISODE_TYPE_PUBLIC,COMPLETED,55117304,16622420,6584,521.0781986173106,55124355,16623730,12746,621.7414783069933
89068186,2026-07-31T02:24:40.875390Z,2026-07-31T02:25:57.810113500Z,EPISODE_TYPE_PUBLIC,COMPLETED,55123348,16623381,29386,897.2763927682063,55118449,16622509,34291,887.8778228267925
89068189,2026-07-31T02:24:40.877822300Z,2026-07-31T02:26:03.578334400Z,EPISODE_TYPE_PUBLIC,COMPLETED,55123488,16623034,90436,1116.2280004354989,55116691,16621802,52941,1043.5829781575314
89068670,2026-07-31T02:28:38.375853300Z,2026-07-31T02:29:39.089220500Z,EPISODE_TYPE_PUBLIC,COMPLETED,55124355,16623730,19202,572.3491150987735,55118013,16622482,54331,644.4552676639936
89068673,2026-07-31T02:28:38.380413700Z,2026-07-31T02:29:37.845233300Z,EPISODE_TYPE_PUBLIC,COMPLETED,55116691,16621802,55593,1033.8659320591391,55123609,16623034,104093,1114.2256085093263
89068676,2026-07-31T02:28:38.380989700Z,2026-07-31T02:29:50.052726800Z,EPISODE_TYPE_PUBLIC,COMPLETED,55117284,16622422,5702,489.26209514638106,55122775,16623189,22445,573.1156014494429
89069151,2026-07-31T02:32:43.216732700Z,2026-07-31T02:33:59.215107400Z,EPISODE_TYPE_PUBLIC,COMPLETED,55118013,16622482,20827,658.2890179403593,55123724,16621165,16977,580.9713935226673
89069621,2026-07-31T02:36:39.822256Z,2026-07-31T02:37:36.097951600Z,EPISODE_TYPE_PUBLIC,COMPLETED,55118396,16622487,18228,668.4570530126157,55124764,16623824,40171,731.4906247498702
89069623,2026-07-31T02:36:39.825731100Z,2026-07-31T02:37:58.416929200Z,EPISODE_TYPE_PUBLIC,COMPLETED,55115818,16621163,30241,707.628087151647,55124617,16623644,27362,676.815427162472
89069626,2026-07-31T02:36:39.829287300Z,2026-07-31T02:37:35.187685100Z,EPISODE_TYPE_PUBLIC,COMPLETED,55116608,16622251,3000,333.69360103619215,55124635,16623730,16769,454.54741548509094
89069630,2026-07-31T02:36:39.832276400Z,2026-07-31T02:37:38.898597900Z,EPISODE_TYPE_PUBLIC,COMPLETED,55115608,16654158,27305,675.8747766178452,55124032,16623603,34690,790.9530814124812
89071094,2026-07-31T02:48:42.026145800Z,2026-07-31T02:49:42.093381400Z,EPISODE_TYPE_PUBLIC,COMPLETED,55117565,16621523,51007,595.7476414112302,55124757,16623274,3812,416.94267609289614
89071097,2026-07-31T02:48:42.028803700Z,2026-07-31T02:49:59.378723800Z,EPISODE_TYPE_PUBLIC,COMPLETED,55124197,16623399,27939,689.2890447577184,55118013,16622482,14725,643.4166184580974
89071578,2026-07-31T02:53:02.226293500Z,2026-07-31T02:54:01.477187500Z,EPISODE_TYPE_PUBLIC,COMPLETED,55125099,16623616,37163,729.9821203813628,55115608,16654158,34020,663.8868774879656
89071580,2026-07-31T02:53:02.229277900Z,2026-07-31T02:54:04.335624900Z,EPISODE_TYPE_PUBLIC,COMPLETED,55124664,16622835,134302,1071.9402647311174,55116691,16621802,57824,1022.956958315631
89071581,2026-07-31T02:53:02.230699200Z,2026-07-31T02:54:21.151757600Z,EPISODE_TYPE_PUBLIC,COMPLETED,55124764,16623824,27507,824.5132633003583,55118449,16622509,38650,899.4082252555496
89071584,2026-07-31T02:53:02.232949100Z,2026-07-31T02:54:09.719350300Z,EPISODE_TYPE_PUBLIC,COMPLETED,55124757,16623274,3775,461.8224870454948,55116608,16622251,3000,312.6850096174312
89071585,2026-07-31T02:53:02.232139300Z,2026-07-31T02:54:04.541609800Z,EPISODE_TYPE_PUBLIC,COMPLETED,55124424,16623199,21693,1040.7790720184967,55116691,16621802,47745,1046.4311550406087
89072054,2026-07-31T02:56:36.282725100Z,2026-07-31T02:57:31.762893300Z,EPISODE_TYPE_PUBLIC,COMPLETED,55125168,16621811,54118,684.6218385649202,55117304,16622420,5855,507.1038613875341
89072061,2026-07-31T02:56:36.285402Z,2026-07-31T02:57:56.456824800Z,EPISODE_TYPE_PUBLIC,COMPLETED,55124664,16622835,57666,1111.8972978578133,55116691,16621802,50907,1037.0340626483642
89073537,2026-07-31T03:08:41.601576100Z,2026-07-31T03:10:02.743497300Z,EPISODE_TYPE_PUBLIC,COMPLETED,55117347,16622198,45378,766.413268347036,55125131,16621811,50671,830.0505149191737
89073539,2026-07-31T03:08:41.602054Z,2026-07-31T03:10:00.352648100Z,EPISODE_TYPE_PUBLIC,COMPLETED,55115608,16654158,42874,678.1411673548547,55125082,16623635,42287,680.5682148621881
89074005,2026-07-31T03:12:40.286728600Z,2026-07-31T03:13:54.684013900Z,EPISODE_TYPE_PUBLIC,COMPLETED,55125397,16623459,85581,728.1851579096311,55117304,16622420,6174,496.78457918750166
89074009,2026-07-31T03:12:40.292697600Z,2026-07-31T03:13:37.967034400Z,EPISODE_TYPE_PUBLIC,COMPLETED,55125082,16623635,41625,727.0690609988771,55115388,16621402,32095,690.7589486431795
89074015,2026-07-31T03:12:40.297029700Z,2026-07-31T03:14:01.093393800Z,EPISODE_TYPE_PUBLIC,COMPLETED,55124664,16622835,57838,1232.7019369584907,55118227,16621497,50776,1204.3273057618342
89074475,2026-07-31T03:16:44.419707Z,2026-07-31T03:17:58.548481900Z,EPISODE_TYPE_PUBLIC,COMPLETED,55118741,16622760,24751,596.2171404500125,55125567,16623875,30441,709.1683886879993
89074479,2026-07-31T03:16:44.423597600Z,2026-07-31T03:18:03.182921400Z,EPISODE_TYPE_PUBLIC,COMPLETED,55125434,16622940,11887,472.7132520372271,55117565,16621523,37262,606.5562293732311
89074483,2026-07-31T03:16:44.428012Z,2026-07-31T03:17:43.274589200Z,EPISODE_TYPE_PUBLIC,COMPLETED,55125199,16623886,13124,534.7974605909272,55118395,16654158,48432,690.7784773938444
89074970,2026-07-31T03:20:37.222300700Z,2026-07-31T03:21:33.384865900Z,EPISODE_TYPE_PUBLIC,COMPLETED,55117886,16701728,14712,505.8953808615171,55125434,16622940,12010,405.80250638718087
89074971,2026-07-31T03:20:37.224030400Z,2026-07-31T03:21:46.482693300Z,EPISODE_TYPE_PUBLIC,COMPLETED,55124664,16622835,47720,1271.5244257715353,55118227,16621497,44455,1195.6822008434597
89075429,2026-07-31T03:24:39.524802100Z,2026-07-31T03:25:57.441076900Z,EPISODE_TYPE_PUBLIC,COMPLETED,55117099,16621515,44127,768.7550651096278,55125669,16623886,12023,636.7899596308715
89075923,2026-07-31T03:28:38.710302800Z,2026-07-31T03:29:38.946708900Z,EPISODE_TYPE_PUBLIC,COMPLETED,55125830,16622940,27134,514.033880206785,55115608,16654158,31974,685.5445759182961
89075930,2026-07-31T03:28:38.715648400Z,2026-07-31T03:29:45.106387900Z,EPISODE_TYPE_PUBLIC,COMPLETED,55118227,16621497,56304,1208.8897427280874,55124664,16622835,53383,1256.6605066322006
89076396,2026-07-31T03:32:43.345470Z,2026-07-31T03:33:41.240796700Z,EPISODE_TYPE_PUBLIC,COMPLETED,55119028,16622319,18879,580.2105526216469,55125862,16622338,34864,704.6980256821726
89076398,2026-07-31T03:32:43.347449600Z,2026-07-31T03:33:41.294043700Z,EPISODE_TYPE_PUBLIC,COMPLETED,55125830,16622940,23465,631.2634769264004,55118741,16622760,18214,582.3165352191329
89076405,2026-07-31T03:32:43.350157100Z,2026-07-31T03:33:58.684306900Z,EPISODE_TYPE_PUBLIC,COMPLETED,55117284,16622422,6259,476.7364932567669,55125669,16623886,13872,603.2120899638188
89076867,2026-07-31T03:36:38.391385600Z,2026-07-31T03:37:52.668452300Z,EPISODE_TYPE_PUBLIC,COMPLETED,55118396,16622487,21182,660.4953118272927,55125862,16622338,37937,833.1919081453035
89076870,2026-07-31T03:36:38.393664800Z,2026-07-31T03:37:53.529508900Z,EPISODE_TYPE_PUBLIC,COMPLETED,55119028,16622319,14271,566.6672265032505,55125971,16622940,31247,700.7526135476054
89076877,2026-07-31T03:36:38.400920200Z,2026-07-31T03:37:56.575777600Z,EPISODE_TYPE_PUBLIC,COMPLETED,55118013,16622482,23551,630.6921617303368,55125567,16623875,30734,705.8118158943148
89076878,2026-07-31T03:36:38.402585300Z,2026-07-31T03:37:55.715452600Z,EPISODE_TYPE_PUBLIC,COMPLETED,55125168,16621811,54653,927.4460991326729,55118449,16622509,51401,886.9686192215414
89076879,2026-07-31T03:36:38.402633100Z,2026-07-31T03:38:15.195259300Z,EPISODE_TYPE_PUBLIC,COMPLETED,55124664,16622835,56988,1284.2413439982015,55118227,16621497,46024,1201.144023271086
89077342,2026-07-31T03:40:35.813816900Z,2026-07-31T03:41:51.017175300Z,EPISODE_TYPE_PUBLIC,COMPLETED,55119028,16622319,13678,557.2273611666061,55125971,16622940,31286,763.1511019350106
89077343,2026-07-31T03:40:35.814475100Z,2026-07-31T03:41:50.212448Z,EPISODE_TYPE_PUBLIC,COMPLETED,55125900,16621811,55576,831.7190659230586,55115818,16621163,31284,695.3212113197665
89077351,2026-07-31T03:40:35.823523200Z,2026-07-31T03:41:54.033563600Z,EPISODE_TYPE_PUBLIC,COMPLETED,55125168,16621811,54639,951.0651189944317,55118449,16622509,50551,876.5872584648052
89077808,2026-07-31T03:44:36.091285500Z,2026-07-31T03:45:49.583154400Z,EPISODE_TYPE_PUBLIC,COMPLETED,55125982,16623920,31915,683.10808295515,55116223,16622032,33758,693.4751325365722
89077813,2026-07-31T03:44:36.097762100Z,2026-07-31T03:45:54.054022900Z,EPISODE_TYPE_PUBLIC,COMPLETED,55115608,16654158,35315,698.2424090228961,55125862,16622338,30477,683.8335474978833
89077816,2026-07-31T03:44:36.101275700Z,2026-07-31T03:45:43.228870700Z,EPISODE_TYPE_PUBLIC,COMPLETED,55118227,16621497,103200,1209.3118889163386,55125397,16623459,86206,1143.6362928354436
89078279,2026-07-31T03:48:36.700697300Z,2026-07-31T03:49:42.694426700Z,EPISODE_TYPE_PUBLIC,COMPLETED,55118741,16622760,23953,572.3065292211453,55126140,16622919,96426,702.1196377990909
89078280,2026-07-31T03:48:36.702287Z,2026-07-31T03:49:58.403492400Z,EPISODE_TYPE_PUBLIC,COMPLETED,55126072,16623749,61556,855.246378196076,55117099,16621515,28039,759.9450228992429
89078281,2026-07-31T03:48:36.701809600Z,2026-07-31T03:49:34.799540200Z,EPISODE_TYPE_PUBLIC,COMPLETED,55117304,16622420,5688,484.77673277645255,55126176,16621811,59180,678.76152146816
89078285,2026-07-31T03:48:36.706858800Z,2026-07-31T03:50:06.558751800Z,EPISODE_TYPE_PUBLIC,COMPLETED,55126134,16623616,109678,759.4453273509071,55117347,16622198,44389,752.4183331820678
89078759,2026-07-31T03:52:39.058039400Z,2026-07-31T03:54:02.974182700Z,EPISODE_TYPE_PUBLIC,COMPLETED,55126140,16622919,88441,786.351187440516,55118396,16622487,27655,651.2497058221259
89078761,2026-07-31T03:52:39.061266900Z,2026-07-31T03:54:43.081848200Z,EPISODE_TYPE_PUBLIC,COMPLETED,55126119,16622809,65077,781.1756418132809,55115818,16621163,32697,681.427583261686
89078762,2026-07-31T03:52:39.062954500Z,2026-07-31T03:53:53.344157800Z,EPISODE_TYPE_PUBLIC,COMPLETED,55115388,16621402,44211,700.804406422228,55126121,16623920,29259,583.2066894508735
89078765,2026-07-31T03:52:39.066059500Z,2026-07-31T03:53:57.992425100Z,EPISODE_TYPE_PUBLIC,COMPLETED,55117565,16621523,50466,615.5239267467282,55126101,16623528,1882,441.84449301590416
89079240,2026-07-31T03:56:41.056508800Z,2026-07-31T03:58:03.147715300Z,EPISODE_TYPE_PUBLIC,COMPLETED,55115608,16654158,36876,691.1225527196725,55126140,16622919,100208,849.6269172515755
89079244,2026-07-31T03:56:41.060219800Z,2026-07-31T03:58:02.128110800Z,EPISODE_TYPE_PUBLIC,COMPLETED,55126121,16623920,31947,647.6361210626034,55117886,16701728,9294,490.4121936432645
89079703,2026-07-31T04:00:38.412591Z,2026-07-31T04:01:52.678344500Z,EPISODE_TYPE_PUBLIC,COMPLETED,55126249,16623458,36292,796.7924230462437,55115388,16621402,21575,690.8553636485982
89079704,2026-07-31T04:00:38.412545300Z,2026-07-31T04:01:35.713551300Z,EPISODE_TYPE_PUBLIC,COMPLETED,55118395,16654158,25720,681.4910310943447,55126293,16623798,108082,822.7785746769006
89079711,2026-07-31T04:00:38.420939Z,2026-07-31T04:01:34.816937100Z,EPISODE_TYPE_PUBLIC,COMPLETED,55126306,16623806,10191,455.8816771545065,55117886,16701728,12819,512.1490972634604
89080173,2026-07-31T04:04:37.925496Z,2026-07-31T04:05:36.734610700Z,EPISODE_TYPE_PUBLIC,COMPLETED,55119028,16622319,23227,545.3665615178322,55126464,16623381,48875,694.67790762971
89080644,2026-07-31T04:08:36.374975300Z,2026-07-31T04:09:53.845432200Z,EPISODE_TYPE_PUBLIC,COMPLETED,55115818,16621163,24633,696.9463763416638,55126460,16623805,22747,637.052681761383
89080652,2026-07-31T04:08:36.387606300Z,2026-07-31T04:09:28.942307200Z,EPISODE_TYPE_PUBLIC,COMPLETED,55115318,16621290,4158,420.0040464916916,55126303,16624029,6099,512.0836103942283
89080653,2026-07-31T04:08:36.389001400Z,2026-07-31T04:10:42.203280500Z,EPISODE_TYPE_PUBLIC,COMPLETED,55117347,16622198,47925,741.1005919860752,55126119,16622809,67852,788.4483360613655
89081674,2026-07-31T04:16:38.803500300Z,2026-07-31T04:17:46.470528700Z,EPISODE_TYPE_PUBLIC,COMPLETED,55126589,16623953,3000,395.47005259377374,55117284,16622422,6259,490.7185088041973
89082650,2026-07-31T04:24:38.996554600Z,2026-07-31T04:25:33.042859100Z,EPISODE_TYPE_PUBLIC,COMPLETED,55115388,16621402,40771,682.9814404226113,55126661,16623603,67735,840.6661704094627
89082653,2026-07-31T04:24:38.999084Z,2026-07-31T04:25:41.994704700Z,EPISODE_TYPE_PUBLIC,COMPLETED,55118227,16621497,73832,1213.9026447179658,55126439,16622509,59488,1020.1672633456533
89082655,2026-07-31T04:24:39.000564100Z,2026-07-31T04:25:54.813682900Z,EPISODE_TYPE_PUBLIC,COMPLETED,55117886,16701728,22720,525.3930188155568,55126589,16623953,3000,358.3820272247499
89082657,2026-07-31T04:24:39.002060700Z,2026-07-31T04:25:47.616031900Z,EPISODE_TYPE_PUBLIC,COMPLETED,55116580,16621355,89144,1132.7079487838375,55126293,16623798,103950,1164.24197532081
89083598,2026-07-31T04:32:46.649843600Z,2026-07-31T04:33:43.914130300Z,EPISODE_TYPE_PUBLIC,COMPLETED,55126983,16623582,3902,515.0380560989956,55118395,16654158,48490,689.5949345270749
89083600,2026-07-31T04:32:46.652124400Z,2026-07-31T04:33:53.917422700Z,EPISODE_TYPE_PUBLIC,COMPLETED,55115388,16621402,22140,674.409290126399,55126866,16623805,29429,809.5389359956947
89083607,2026-07-31T04:32:46.661001500Z,2026-07-31T04:34:03.576926200Z,EPISODE_TYPE_PUBLIC,COMPLETED,55126464,16623381,39900,911.5520864998474,55116691,16621802,49679,1044.1076387242128
89083608,2026-07-31T04:32:46.662633Z,2026-07-31T04:34:06.097626500Z,EPISODE_TYPE_PUBLIC,COMPLETED,55126293,16623798,70069,1189.8123883507692,55116580,16621355,56669,1123.311959893148
89084086,2026-07-31T04:36:45.530642400Z,2026-07-31T04:38:02.114574400Z,EPISODE_TYPE_PUBLIC,COMPLETED,55127073,16622993,58659,691.5865402589999,55119028,16622319,30322,534.2794853212491
89084096,2026-07-31T04:36:45.555937500Z,2026-07-31T04:38:09.410276600Z,EPISODE_TYPE_PUBLIC,COMPLETED,55115608,16654158,36979,678.3648022988094,55125982,16623920,39535,672.2264183734494
89084098,2026-07-31T04:36:45.559173400Z,2026-07-31T04:37:46.171106100Z,EPISODE_TYPE_PUBLIC,COMPLETED,55126460,16623805,28579,790.7326462915595,55115388,16621402,13954,666.2864138022295
89084583,2026-07-31T04:40:47.567916700Z,2026-07-31T04:42:08.202318800Z,EPISODE_TYPE_PUBLIC,COMPLETED,55118227,16621497,41523,1204.4206078123302,55126293,16623798,45931,1218.2151435019316
89084584,2026-07-31T04:40:47.564856Z,2026-07-31T04:42:19.365055500Z,EPISODE_TYPE_PUBLIC,COMPLETED,55127024,16623646,19493,532.0053120725534,55117304,16622420,6159,465.9978628102457
89084585,2026-07-31T04:40:47.573337100Z,2026-07-31T04:41:42.870141600Z,EPISODE_TYPE_PUBLIC,COMPLETED,55126306,16623806,9633,523.0699287220411,55117284,16622422,6259,475.1143173715309
89084586,2026-07-31T04:40:47.572995700Z,2026-07-31T04:42:11.994841300Z,EPISODE_TYPE_PUBLIC,COMPLETED,55118227,16621497,113203,1211.3654797008935,55126439,16622509,103791,1125.8744028679132
89085043,2026-07-31T04:44:45.760648800Z,2026-07-31T04:45:58.073804100Z,EPISODE_TYPE_PUBLIC,COMPLETED,55127181,16623448,33737,833.2088462261079,55118396,16622487,12692,644.2527321304653
89085046,2026-07-31T04:44:45.763994800Z,2026-07-31T04:46:03.332987900Z,EPISODE_TYPE_PUBLIC,COMPLETED,55126784,16623645,59932,886.3502180784556,55117099,16621515,22460,752.9575078763942
89085051,2026-07-31T04:44:45.769132500Z,2026-07-31T04:46:05.647971300Z,EPISODE_TYPE_PUBLIC,COMPLETED,55126460,16623805,29437,747.9070891979625,55117347,16622198,33402,753.6839754873602
89085529,2026-07-31T04:48:44.767082900Z,2026-07-31T04:50:03.922027700Z,EPISODE_TYPE_PUBLIC,COMPLETED,55126888,16623736,31966,596.0518942184322,55115818,16621163,28061,673.9527367830406
89086008,2026-07-31T04:52:43.986465100Z,2026-07-31T04:54:08.398743100Z,EPISODE_TYPE_PUBLIC,COMPLETED,55127170,16624056,33644,561.854439055804,55117565,16621523,37754,628.5978492651284
89086018,2026-07-31T04:52:43.996182Z,2026-07-31T04:53:59.626933300Z,EPISODE_TYPE_PUBLIC,COMPLETED,55126293,16623798,74358,1193.6538653311013,55118227,16621497,87889,1219.891730755178
89086484,2026-07-31T04:56:42.924875200Z,2026-07-31T04:57:47.857983800Z,EPISODE_TYPE_PUBLIC,COMPLETED,55118013,16622482,33588,618.7849231865594,55127430,16622760,65478,715.9509748576319
89086487,2026-07-31T04:56:42.927617800Z,2026-07-31T04:57:38.724327300Z,EPISODE_TYPE_PUBLIC,COMPLETED,55117099,16621515,19776,746.0697459656062,55127181,16623448,25538,877.707817668262
89086497,2026-07-31T04:56:42.939678100Z,2026-07-31T04:57:38.969596300Z,EPISODE_TYPE_PUBLIC,COMPLETED,55117886,16701728,15277,541.6045653602182,55126303,16624029,6009,441.91347354932793
89086498,2026-07-31T04:56:42.940869600Z,2026-07-31T04:58:01.685080600Z,EPISODE_TYPE_PUBLIC,COMPLETED,55126464,16623381,44294,871.1145814469503,55118449,16622509,36105,863.6197049921147
89086963,2026-07-31T05:00:44.659414300Z,2026-07-31T05:01:51.770369700Z,EPISODE_TYPE_PUBLIC,COMPLETED,55118013,16622482,39357,631.4567792113692,55127170,16624056,28719,572.8099848345489
89087914,2026-07-31T05:08:46.000093600Z,2026-07-31T05:10:04.419202500Z,EPISODE_TYPE_PUBLIC,COMPLETED,55127430,16622760,78565,944.7778174644785,55118449,16622509,49385,854.2019526789373
89088397,2026-07-31T05:12:44.536146Z,2026-07-31T05:13:43.362566900Z,EPISODE_TYPE_PUBLIC,COMPLETED,55117099,16621515,26797,737.6275281273786,55126370,16623875,27347,809.7656460904172
89088867,2026-07-31T05:16:44.941326300Z,2026-07-31T05:17:46.585527200Z,EPISODE_TYPE_PUBLIC,COMPLETED,55117099,16621515,23702,729.9394306794417,55127678,16621355,88176,831.8569138838468
89088870,2026-07-31T05:16:44.943225300Z,2026-07-31T05:18:06.128927600Z,EPISODE_TYPE_PUBLIC,COMPLETED,55117099,16621515,35353,720.4064886957317,55127807,16622993,56264,759.3006647373576
89088874,2026-07-31T05:16:44.947646400Z,2026-07-31T05:17:41.720799400Z,EPISODE_TYPE_PUBLIC,COMPLETED,55127520,16624056,12008,493.2934671748111,55117304,16622420,6246,447.13594856512543
89088880,2026-07-31T05:16:44.954504600Z,2026-07-31T05:17:48.305482100Z,EPISODE_TYPE_PUBLIC,COMPLETED,55118227,16621497,68985,1211.7256334409442,55125574,16622835,75581,1240.6978685839072
89088881,2026-07-31T05:16:44.956455500Z,2026-07-31T05:18:47.127733900Z,EPISODE_TYPE_PUBLIC,COMPLETED,55126119,16622809,53853,856.2837073293055,55118449,16622509,56549,866.1596564509554
89089357,2026-07-31T05:20:46.585374800Z,2026-07-31T05:22:03.382438500Z,EPISODE_TYPE_PUBLIC,COMPLETED,55118227,16621497,73629,1202.6336724413418,55126293,16623798,86724,1194.8875239658514
89089835,2026-07-31T05:24:47.346802400Z,2026-07-31T05:26:07.090934Z,EPISODE_TYPE_PUBLIC,COMPLETED,55127959,16701728,40384,808.866979339325,55118395,16654158,39972,680.1943143784384
89089846,2026-07-31T05:24:47.355726200Z,2026-07-31T05:26:17.242413300Z,EPISODE_TYPE_PUBLIC,COMPLETED,55124664,16622835,29357,1297.1387161283005,55118227,16621497,20826,1196.9174070062093
89090320,2026-07-31T05:28:46.905720900Z,2026-07-31T05:30:14.601545800Z,EPISODE_TYPE_PUBLIC,COMPLETED,55127466,16623798,90346,1151.5031282793225,55118227,16621497,101469,1203.8496554646924
89090787,2026-07-31T05:32:44.755774500Z,2026-07-31T05:33:59.538097400Z,EPISODE_TYPE_PUBLIC,COMPLETED,55117304,16622420,5685,469.4884554464258,55128142,16624064,3624,483.8360185603622
89090794,2026-07-31T05:32:44.762297100Z,2026-07-31T05:34:04.824087400Z,EPISODE_TYPE_PUBLIC,COMPLETED,55126293,16623798,67495,1176.2782489049941,55118227,16621497,85574,1211.0184999430292
89091263,2026-07-31T05:36:42.744774800Z,2026-07-31T05:37:54.109165900Z,EPISODE_TYPE_PUBLIC,COMPLETED,55117284,16622422,5571,466.88512350826556,55128239,16623645,104291,673.9604442780487
89091271,2026-07-31T05:36:42.750641Z,2026-07-31T05:37:47.220761900Z,EPISODE_TYPE_PUBLIC,COMPLETED,55117099,16621515,33820,715.0699211260985,55127807,16622993,53577,875.8948075111807
89091272,2026-07-31T05:36:42.751065Z,2026-07-31T05:38:17.049710200Z,EPISODE_TYPE_PUBLIC,COMPLETED,55118227,16621497,79638,1203.0376182429902,55127466,16623798,81202,1203.6930996007277
89091274,2026-07-31T05:36:42.752695300Z,2026-07-31T05:37:46.016022600Z,EPISODE_TYPE_PUBLIC,COMPLETED,55117565,16621523,20037,616.0566950879862,55125862,16622338,23860,674.5017971901798
89091741,2026-07-31T05:40:44.266017Z,2026-07-31T05:41:44.988942700Z,EPISODE_TYPE_PUBLIC,COMPLETED,55128208,16656399,27915,646.0595166388243,55117347,16622198,33740,761.8624660545895
89092218,2026-07-31T05:44:44.818984100Z,2026-07-31T05:46:04.264396800Z,EPISODE_TYPE_PUBLIC,COMPLETED,55118396,16622487,22164,633.5275773655114,55128411,16624414,44523,720.3987273107293
89092231,2026-07-31T05:44:44.833166Z,2026-07-31T05:45:44.455261400Z,EPISODE_TYPE_PUBLIC,COMPLETED,55127466,16623798,91090,1242.1811187206165,55118227,16621497,88584,1196.4992236896803
89093225,2026-07-31T05:52:46.515044600Z,2026-07-31T05:54:08.589175100Z,EPISODE_TYPE_PUBLIC,COMPLETED,55128577,16622993,48740,711.8361420307441,55117565,16621523,29345,605.3408149740928
89093226,2026-07-31T05:52:46.515561500Z,2026-07-31T05:54:01.729271Z,EPISODE_TYPE_PUBLIC,COMPLETED,55128583,16624088,25277,444.2918654591662,55118013,16622482,34325,638.7625877094803
89093237,2026-07-31T05:52:46.526349700Z,2026-07-31T05:53:42.141915100Z,EPISODE_TYPE_PUBLIC,COMPLETED,55126303,16624029,6087,395.47633158526446,55117284,16622422,6247,479.3197037351705
89093714,2026-07-31T05:56:43.597471600Z,2026-07-31T05:57:45.146105900Z,EPISODE_TYPE_PUBLIC,COMPLETED,55118227,16621497,105734,1204.081287690258,55127466,16623798,92288,1204.5405273088156
89094653,2026-07-31T06:04:49.155672500Z,2026-07-31T06:06:10.661550200Z,EPISODE_TYPE_PUBLIC,COMPLETED,55128655,16621481,71997,823.3803878500142,55117347,16622198,42189,752.140512891331
89094654,2026-07-31T06:04:49.158420200Z,2026-07-31T06:06:05.155310400Z,EPISODE_TYPE_PUBLIC,COMPLETED,55118395,16654158,15499,670.6678498842219,55128694,16623697,41241,789.0472842765885
89094666,2026-07-31T06:04:49.171968700Z,2026-07-31T06:05:52.015539900Z,EPISODE_TYPE_PUBLIC,COMPLETED,55116691,16621802,53084,1035.8080863832079,55127678,16621355,93023,1119.6647749644228
89095135,2026-07-31T06:08:47.183717Z,2026-07-31T06:10:00.593671Z,EPISODE_TYPE_PUBLIC,COMPLETED,55118395,16654158,21165,659.3565109029071,55128879,16624934,35084,728.5110381249424
89095615,2026-07-31T06:12:43.437241Z,2026-07-31T06:13:55.999179900Z,EPISODE_TYPE_PUBLIC,COMPLETED,55117099,16621515,47068,720.0460217148271,55128987,16622567,7874,523.1586723765864
89095616,2026-07-31T06:12:43.438286600Z,2026-07-31T06:14:01.826142900Z,EPISODE_TYPE_PUBLIC,COMPLETED,55118449,16622509,31404,857.1240239236291,55128694,16623697,42219,940.9382843567248
89095617,2026-07-31T06:12:43.438424100Z,2026-07-31T06:13:55.838123300Z,EPISODE_TYPE_PUBLIC,COMPLETED,55115818,16621163,34730,680.7633071884663,55128977,16623480,3496,445.9152060540484
89095621,2026-07-31T06:12:43.442985700Z,2026-07-31T06:14:13.189764200Z,EPISODE_TYPE_PUBLIC,COMPLETED,55118396,16622487,27991,626.3428448162618,55128859,16622367,124611,797.5788587958434
89096088,2026-07-31T06:16:42.633329200Z,2026-07-31T06:18:02.985457200Z,EPISODE_TYPE_PUBLIC,COMPLETED,55117099,16621515,36174,712.6992167900834,55128984,16621481,58320,807.2739839961636
89096093,2026-07-31T06:16:42.638291300Z,2026-07-31T06:18:04.337061800Z,EPISODE_TYPE_PUBLIC,COMPLETED,55128879,16624934,32543,655.8638950860436,55117565,16621523,14978,593.4399456566051
89096095,2026-07-31T06:16:42.639248700Z,2026-07-31T06:17:49.062087700Z,EPISODE_TYPE_PUBLIC,COMPLETED,55128987,16622567,7775,592.376553949589,55115318,16621290,3846,409.98327765174815
89096577,2026-07-31T06:20:42.568288600Z,2026-07-31T06:21:55.284830700Z,EPISODE_TYPE_PUBLIC,COMPLETED,55128987,16622567,6399,528.5976743666623,55115608,16654158,52499,685.1255883752459
89097539,2026-07-31T06:28:42.809431700Z,2026-07-31T06:29:39.137137100Z,EPISODE_TYPE_PUBLIC,COMPLETED,55129229,16624879,29509,785.0151285569564,55116223,16622032,19940,681.2653668226009
89097541,2026-07-31T06:28:42.810998200Z,2026-07-31T06:29:40.682950100Z,EPISODE_TYPE_PUBLIC,COMPLETED,55129246,16624625,46784,831.0157553977369,55117099,16621515,17809,706.392585436635
89098025,2026-07-31T06:32:42.825084300Z,2026-07-31T06:33:37.168057300Z,EPISODE_TYPE_PUBLIC,COMPLETED,55129078,16624253,12043,596.413523269718,55117284,16622422,6252,469.0698864974729
89098031,2026-07-31T06:32:42.828998400Z,2026-07-31T06:34:04.883887100Z,EPISODE_TYPE_PUBLIC,COMPLETED,55117347,16622198,48880,744.5679470974809,55128714,16621523,50420,857.8541117709133
89098498,2026-07-31T06:36:48.749218600Z,2026-07-31T06:38:15.517686800Z,EPISODE_TYPE_PUBLIC,COMPLETED,55117347,16622198,37661,735.6819752915828,55129359,16624893,39486,816.5378426373442
89098982,2026-07-31T06:40:42.927628800Z,2026-07-31T06:41:44.145708700Z,EPISODE_TYPE_PUBLIC,COMPLETED,55117565,16621523,17289,584.5228771673013,55129229,16624879,26145,707.2271571097765
89099951,2026-07-31T06:48:45.119886200Z,2026-07-31T06:50:08.480467Z,EPISODE_TYPE_PUBLIC,COMPLETED,55129724,16625047,86574,759.3714577219081,55117565,16621523,27776,577.4857024044528
89099953,2026-07-31T06:48:45.121347700Z,2026-07-31T06:50:05.614040300Z,EPISODE_TYPE_PUBLIC,COMPLETED,55115388,16621402,48650,675.6311997619252,55129663,16625060,9548,576.6078421484536
89099955,2026-07-31T06:48:45.123411600Z,2026-07-31T06:49:46.118431600Z,EPISODE_TYPE_PUBLIC,COMPLETED,55129098,16623798,116846,1106.9318298551136,55116691,16621802,37418,1027.4542114098972
89100440,2026-07-31T06:52:47.222544600Z,2026-07-31T06:54:08.891492700Z,EPISODE_TYPE_PUBLIC,COMPLETED,55129724,16625047,71595,825.6839689446488,55115608,16654158,40121,678.2541001460678
89100454,2026-07-31T06:52:47.238166900Z,2026-07-31T06:53:46.965611300Z,EPISODE_TYPE_PUBLIC,COMPLETED,55117099,16621515,29613,705.5042147047317,55129327,16623631,29613,689.1560739486245
89100925,2026-07-31T06:56:43.096684100Z,2026-07-31T06:58:02.291650100Z,EPISODE_TYPE_PUBLIC,COMPLETED,55118396,16622487,45338,616.604478590023,55129896,16625047,87097,715.1691608573417
89101419,2026-07-31T07:00:42.470259800Z,2026-07-31T07:01:30.700706500Z,EPISODE_TYPE_PUBLIC,COMPLETED,55129801,16623836,4996,528.4264509780425,55115318,16621290,3679,398.09761942427565
89101885,2026-07-31T07:04:44.838505800Z,2026-07-31T07:06:12.619681700Z,EPISODE_TYPE_PUBLIC,COMPLETED,55117099,16621515,36206,698.8105042662311,55129923,16622509,149627,806.8182494357933
89101887,2026-07-31T07:04:44.839129100Z,2026-07-31T07:06:04.211915Z,EPISODE_TYPE_PUBLIC,COMPLETED,55117347,16622198,34587,742.959015756479,55129930,16624935,20283,617.1313776604876
89101889,2026-07-31T07:04:44.840861900Z,2026-07-31T07:05:41.284504Z,EPISODE_TYPE_PUBLIC,COMPLETED,55117284,16622422,6259,483.8369976985662,55130083,16624990,4989,452.8373916633453
89101895,2026-07-31T07:04:44.845170Z,2026-07-31T07:05:40.585399300Z,EPISODE_TYPE_PUBLIC,COMPLETED,55129925,16624990,26393,603.2427057546458,55119028,16622319,20515,520.1030794166332
89101898,2026-07-31T07:04:44.848882400Z,2026-07-31T07:06:05.942655300Z,EPISODE_TYPE_PUBLIC,COMPLETED,55129724,16625047,83964,1024.6586204719654,55116691,16621802,60681,1016.6964714530734
89103885,2026-07-31T07:20:43.545032500Z,2026-07-31T07:22:08.998000800Z,EPISODE_TYPE_PUBLIC,COMPLETED,55130082,16623515,3748,427.2272062023872,55117565,16621523,51356,584.8488492511196
89104359,2026-07-31T07:24:44.927641400Z,2026-07-31T07:25:38.777467800Z,EPISODE_TYPE_PUBLIC,COMPLETED,55130551,16621481,63016,738.4216532920195,55117099,16621515,34311,690.5007351076094
89104372,2026-07-31T07:24:44.941515200Z,2026-07-31T07:25:47.855618200Z,EPISODE_TYPE_PUBLIC,COMPLETED,55116691,16621802,61850,1007.1455904248025,55129896,16625047,86004,1036.4472456970918
89104846,2026-07-31T07:28:42.493985700Z,2026-07-31T07:29:58.559657900Z,EPISODE_TYPE_PUBLIC,COMPLETED,55115608,16654158,41903,671.4112809727521,55130551,16621481,69494,818.4157496897877
89105839,2026-07-31T07:36:42.530061700Z,2026-07-31T07:38:05.003484900Z,EPISODE_TYPE_PUBLIC,COMPLETED,55118395,16654158,49329,649.4021045756289,55130594,16623646,51447,736.1134379293479
89105850,2026-07-31T07:36:42.540279600Z,2026-07-31T07:37:55.135115700Z,EPISODE_TYPE_PUBLIC,COMPLETED,55117284,16622422,5584,471.29034419611287,55129861,16624879,30216,529.1642646468727
89105852,2026-07-31T07:36:42.542961200Z,2026-07-31T07:38:02.050120600Z,EPISODE_TYPE_PUBLIC,COMPLETED,55117565,16621523,19516,573.5377096147168,55130444,16625219,26979,614.3955319024489
89108291,2026-07-31T07:56:46.230739300Z,2026-07-31T07:58:05.357974300Z,EPISODE_TYPE_PUBLIC,COMPLETED,55115608,16654158,32509,662.146065651388,55131239,16626655,39582,729.3026729526183
89108303,2026-07-31T07:56:46.241852900Z,2026-07-31T07:57:54.713662800Z,EPISODE_TYPE_PUBLIC,COMPLETED,55131133,16688294,13,440.5336122012361,55118395,16654158,46842,655.1785037134506
89108309,2026-07-31T07:56:46.247643100Z,2026-07-31T07:58:00.514132300Z,EPISODE_TYPE_PUBLIC,COMPLETED,55130907,16630804,40205,815.5893983198484,55115388,16621402,21771,668.58902301202
89108803,2026-07-31T08:00:48.796827100Z,2026-07-31T08:02:05.821892100Z,EPISODE_TYPE_PUBLIC,COMPLETED,55117565,16621523,51393,579.4859688604374,55131149,16623846,3758,383.8249166774988
89108805,2026-07-31T08:00:48.797183200Z,2026-07-31T08:01:58.119238800Z,EPISODE_TYPE_PUBLIC,COMPLETED,55130985,16623697,31829,731.7129995739641,55115388,16621402,14158,659.1128041483718
89109280,2026-07-31T08:04:49.257808400Z,2026-07-31T08:05:42.521259800Z,EPISODE_TYPE_PUBLIC,COMPLETED,55118395,16654158,27704,648.0506805414635,55131363,16624088,98900,810.6733032157329
89109291,2026-07-31T08:04:49.267305500Z,2026-07-31T08:06:11.466593200Z,EPISODE_TYPE_PUBLIC,COMPLETED,55116691,16621802,64665,1013.05854972165,55131064,16626191,25099,867.9159915145982
89109293,2026-07-31T08:04:49.269892300Z,2026-07-31T08:06:09.005719200Z,EPISODE_TYPE_PUBLIC,COMPLETED,55119028,16622319,52676,535.3982834872522,55131245,16625418,15143,485.8469223901819
89109786,2026-07-31T08:08:45.605449100Z,2026-07-31T08:10:05.831860Z,EPISODE_TYPE_PUBLIC,COMPLETED,55116691,16621802,64211,1021.2609618560205,55130703,16622482,41502,966.1918929848872
89110745,2026-07-31T08:16:45.212297600Z,2026-07-31T08:17:41.321458400Z,EPISODE_TYPE_PUBLIC,COMPLETED,55131719,16623745,16699,505.90696910652525,55118395,16654158,45944,655.5334195331751
89110747,2026-07-31T08:16:45.211531400Z,2026-07-31T08:17:43.434203800Z,EPISODE_TYPE_PUBLIC,COMPLETED,55118395,16654158,40846,647.6776001620144,55131618,16625611,56480,776.1283463229656
89110750,2026-07-31T08:16:45.218784500Z,2026-07-31T08:18:02.445577900Z,EPISODE_TYPE_PUBLIC,COMPLETED,55117284,16622422,6259,481.99047221250964,55131625,16623739,4259,384.62643324991893
89111239,2026-07-31T08:20:46.454397700Z,2026-07-31T08:22:02.584715900Z,EPISODE_TYPE_PUBLIC,COMPLETED,55131511,16623389,45209,789.8522703144911,55115608,16654158,33915,655.5460259804776
89111250,2026-07-31T08:20:46.465328900Z,2026-07-31T08:22:00.245339400Z,EPISODE_TYPE_PUBLIC,COMPLETED,55131142,16622242,72979,999.7425739939038,55116691,16621802,62855,1011.0691167265024
89111730,2026-07-31T08:24:49.901250300Z,2026-07-31T08:26:04.429312700Z,EPISODE_TYPE_PUBLIC,COMPLETED,55131700,16623875,21303,528.720747880502,55115388,16621402,33658,666.3635832068846
89112220,2026-07-31T08:28:42.706826Z,2026-07-31T08:29:58.203913700Z,EPISODE_TYPE_PUBLIC,COMPLETED,55115608,16654158,36740,661.8586270840974,55131953,16627032,32956,507.74330026422473
89113705,2026-07-31T08:40:43.423540400Z,2026-07-31T08:41:56.599844100Z,EPISODE_TYPE_PUBLIC,COMPLETED,55117284,16622422,6259,489.0159564560587,55131133,16688294,13,306.77319597628895
89114179,2026-07-31T08:44:56.697493800Z,2026-07-31T08:46:10.383087300Z,EPISODE_TYPE_PUBLIC,COMPLETED,55132001,16623389,45230,757.6525802547537,55117099,16621515,24088,683.3355537884405
89114188,2026-07-31T08:44:56.704547400Z,2026-07-31T08:46:21.094203200Z,EPISODE_TYPE_PUBLIC,COMPLETED,55117099,16621515,27089,690.0203545482171,55130444,16625219,25802,611.643293687016
89115201,2026-07-31T08:52:52.464055400Z,2026-07-31T08:54:05.325494200Z,EPISODE_TYPE_PUBLIC,COMPLETED,55117099,16621515,41905,695.2725041667537,55132445,16623577,19664,552.2922257873076
89115208,2026-07-31T08:52:52.467276600Z,2026-07-31T08:54:01.279341500Z,EPISODE_TYPE_PUBLIC,COMPLETED,55132258,16625418,19208,581.1731849836973,55117284,16622422,6259,479.3302793464304
89115211,2026-07-31T08:52:52.470532300Z,2026-07-31T08:53:59.410821700Z,EPISODE_TYPE_PUBLIC,COMPLETED,55117347,16622198,34771,734.190881064333,55132001,16623389,48961,794.320453185166
89115689,2026-07-31T08:56:52.538070Z,2026-07-31T08:58:07.576978500Z,EPISODE_TYPE_PUBLIC,COMPLETED,55132437,16621315,4361,530.8218096580359,55118395,16654158,21258,655.3586949577151
89116163,2026-07-31T09:00:43.717428800Z,2026-07-31T09:01:51.830188700Z,EPISODE_TYPE_PUBLIC,COMPLETED,55117099,16621515,30901,689.77976317805,55132652,16621709,101419,821.7621442532953
89116165,2026-07-31T09:00:43.722573700Z,2026-07-31T09:01:41.547972800Z,EPISODE_TYPE_PUBLIC,COMPLETED,55132746,16625434,18390,507.7941605269315,55118395,16654158,47713,662.2004511030327
89116176,2026-07-31T09:00:43.735007200Z,2026-07-31T09:01:49.535738800Z,EPISODE_TYPE_PUBLIC,COMPLETED,55118396,16622487,26381,622.7908188364628,55132607,16625856,17419,424.86801422705526
89116658,2026-07-31T09:04:46.520500800Z,2026-07-31T09:05:45.204602300Z,EPISODE_TYPE_PUBLIC,COMPLETED,55116691,16621802,57727,1019.2789588107829,55132370,16624941,50980,977.179878396599
89117153,2026-07-31T09:08:44.324164100Z,2026-07-31T09:10:00.792156400Z,EPISODE_TYPE_PUBLIC,COMPLETED,55132370,16624941,51088,942.1646420010593,55116691,16621802,55056,1026.013411863855
89117160,2026-07-31T09:08:44.330260200Z,2026-07-31T09:10:00.070513700Z,EPISODE_TYPE_PUBLIC,COMPLETED,55132629,16623515,41048,594.5994679663071,55117304,16622420,5494,457.55139763493344
89117640,2026-07-31T09:12:44.101910100Z,2026-07-31T09:14:01.711016800Z,EPISODE_TYPE_PUBLIC,COMPLETED,55115318,16621290,4055,389.22128028101935,55132842,16623316,50439,582.9064364750917
89117654,2026-07-31T09:12:44.116416Z,2026-07-31T09:13:44.671801100Z,EPISODE_TYPE_PUBLIC,COMPLETED,55116608,16622251,3000,288.8237388685036,55130977,16625663,3391,392.1182547941272
89118615,2026-07-31T09:20:47.095880100Z,2026-07-31T09:21:45.523376900Z,EPISODE_TYPE_PUBLIC,COMPLETED,55116223,16622032,23092,673.849744206237,55132932,16624941,80332,877.3039701610518
89118621,2026-07-31T09:20:47.103312Z,2026-07-31T09:21:47.257308Z,EPISODE_TYPE_PUBLIC,COMPLETED,55117304,16622420,6006,446.86539881306425,55132858,16625434,23152,600.8026261872042
89118623,2026-07-31T09:20:47.104112100Z,2026-07-31T09:22:00.449754600Z,EPISODE_TYPE_PUBLIC,COMPLETED,55118395,16654158,47311,667.2793820943177,55133071,16627751,18503,453.97320511074963
89119593,2026-07-31T09:28:48.742988800Z,2026-07-31T09:29:49.288274100Z,EPISODE_TYPE_PUBLIC,COMPLETED,55132855,16621294,49826,825.8287260565269,55117347,16622198,44300,726.8633729935405
89120589,2026-07-31T09:36:42.498269200Z,2026-07-31T09:37:36.265147900Z,EPISODE_TYPE_PUBLIC,COMPLETED,55133055,16625216,26293,710.1695750868794,55118395,16654158,18977,657.9851364259384
89121057,2026-07-31T09:40:42.506878800Z,2026-07-31T09:41:43.521526700Z,EPISODE_TYPE_PUBLIC,COMPLETED,55118396,16622487,22275,613.5741789112085,55133563,16623128,39532,714.2227016950854
89121069,2026-07-31T09:40:42.520153100Z,2026-07-31T09:41:57.363580600Z,EPISODE_TYPE_PUBLIC,COMPLETED,55133262,16621163,60104,855.2793343795101,55115388,16621402,40164,661.1860136469951
89121541,2026-07-31T09:44:44.677419300Z,2026-07-31T09:45:42.855731900Z,EPISODE_TYPE_PUBLIC,COMPLETED,55133514,16622760,69947,868.3279316898679,55117099,16621515,47721,685.5196302153246
89121552,2026-07-31T09:44:44.687798200Z,2026-07-31T09:45:46.182680100Z,EPISODE_TYPE_PUBLIC,COMPLETED,55133400,16626732,80764,745.5015075654829,55115608,16654158,38693,654.2796144002339
89122025,2026-07-31T09:48:42.146735100Z,2026-07-31T09:49:58.243130700Z,EPISODE_TYPE_PUBLIC,COMPLETED,55133690,16623645,126273,809.8311641422761,55117099,16621515,18726,680.1497264130179
89122043,2026-07-31T09:48:42.162926600Z,2026-07-31T09:50:05.268091400Z,EPISODE_TYPE_PUBLIC,COMPLETED,55132978,16621709,104470,1249.4742378161113,55118227,16621497,90066,1197.9439476310502
89122046,2026-07-31T09:48:42.164314500Z,2026-07-31T09:50:05.298058300Z,EPISODE_TYPE_PUBLIC,COMPLETED,55133410,16623515,40681,687.9698089040629,55117565,16621523,29498,571.5978062902021
89122517,2026-07-31T09:52:45.828228400Z,2026-07-31T09:54:02.828283600Z,EPISODE_TYPE_PUBLIC,COMPLETED,55115318,16621290,3835,380.3339279170235,55133770,16623745,28124,566.8277109997662
89122532,2026-07-31T09:52:45.844427600Z,2026-07-31T09:54:18.905670Z,EPISODE_TYPE_PUBLIC,COMPLETED,55115608,16654158,44425,646.7427112896798,55133410,16623515,46289,728.4956040833154
89123004,2026-07-31T09:56:45.895731400Z,2026-07-31T09:57:46.352166900Z,EPISODE_TYPE_PUBLIC,COMPLETED,55133745,16629201,20753,498.1350446676006,55115318,16621290,3760,369.4857581067874
89123485,2026-07-31T10:00:47.174582800Z,2026-07-31T10:01:56.028720800Z,EPISODE_TYPE_PUBLIC,COMPLETED,55118395,16654158,48971,664.3359014113222,55134038,16628727,17,508.41897699684876
89123490,2026-07-31T10:00:47.180601900Z,2026-07-31T10:02:09.821942200Z,EPISODE_TYPE_PUBLIC,COMPLETED,55115608,16654158,32699,641.8996987869954,55133712,16626332,98600,816.8009691520215
89123975,2026-07-31T10:04:44.513775300Z,2026-07-31T10:05:52.489348300Z,EPISODE_TYPE_PUBLIC,COMPLETED,55134127,16626655,41600,732.726081688074,55117099,16621515,19756,673.1505025410539
89124461,2026-07-31T10:08:45.579224300Z,2026-07-31T10:10:03.335217400Z,EPISODE_TYPE_PUBLIC,COMPLETED,55115388,16621402,30325,644.7834351918628,55134145,16625047,94988,723.7969051641635
89124464,2026-07-31T10:08:45.583336600Z,2026-07-31T10:09:50.897009900Z,EPISODE_TYPE_PUBLIC,COMPLETED,55115388,16621402,34478,653.5490024136546,55134116,16623034,97240,770.9844712610941
89125482,2026-07-31T10:16:44.215258300Z,2026-07-31T10:18:06.677847200Z,EPISODE_TYPE_PUBLIC,COMPLETED,55118396,16622487,19038,598.149519787465,55134384,16624979,43398,709.5579444303314
89125483,2026-07-31T10:16:44.218227400Z,2026-07-31T10:17:50.622862700Z,EPISODE_TYPE_PUBLIC,COMPLETED,55134278,16623271,66756,803.5327161923905,55117347,16622198,42193,718.9377029439557
89125484,2026-07-31T10:16:44.218567700Z,2026-07-31T10:17:51.211207400Z,EPISODE_TYPE_PUBLIC,COMPLETED,55134286,16624919,77744,766.2484594279281,55118396,16622487,26126,606.5886683639766
89125490,2026-07-31T10:16:44.225744800Z,2026-07-31T10:17:44.036979900Z,EPISODE_TYPE_PUBLIC,COMPLETED,55117284,16622422,5440,473.27526169222824,55134195,16628727,50966,679.7966154345686
89125984,2026-07-31T10:20:49.339530200Z,2026-07-31T10:22:15.466492400Z,EPISODE_TYPE_PUBLIC,COMPLETED,55133558,16623034,44584,1188.603310484291,55118227,16621497,110173,1204.806335789564
89126965,2026-07-31T10:28:53.724635200Z,2026-07-31T10:29:53.698536500Z,EPISODE_TYPE_PUBLIC,COMPLETED,55133690,16623645,95846,1145.650883004202,55116691,16621802,45037,1020.6261870308226
89128918,2026-07-31T10:44:54.268996900Z,2026-07-31T10:45:54.591249600Z,EPISODE_TYPE_PUBLIC,COMPLETED,55134912,16624977,59742,727.2205952053896,55118395,16654158,28029,655.6788417473473
89128926,2026-07-31T10:44:54.283442900Z,2026-07-31T10:46:16.249156Z,EPISODE_TYPE_PUBLIC,COMPLETED,55134673,16625856,53381,830.9670011171243,55117347,16622198,28804,712.3403104035392
89128927,2026-07-31T10:44:54.286692400Z,2026-07-31T10:46:14.974820100Z,EPISODE_TYPE_PUBLIC,COMPLETED,55118395,16654158,19341,649.2506354901243,55134735,16622820,45529,780.8204355436628
89129421,2026-07-31T10:48:54.407689600Z,2026-07-31T10:49:56.568229Z,EPISODE_TYPE_PUBLIC,COMPLETED,55134770,16629844,23948,548.4501295456454,55118395,16654158,36273,656.1282603585513
89129917,2026-07-31T10:52:55.372557900Z,2026-07-31T10:54:17.631105100Z,EPISODE_TYPE_PUBLIC,COMPLETED,55134770,16629844,12027,499.22245415543046,55117565,16621523,41986,580.4801915820458
89130879,2026-07-31T11:00:57.126121900Z,2026-07-31T11:02:11.370034900Z,EPISODE_TYPE_PUBLIC,COMPLETED,55115608,16654158,50176,634.3647316104783,55135226,16630323,88826,720.4902508400623
89130900,2026-07-31T11:00:57.156358Z,2026-07-31T11:02:17.662646500Z,EPISODE_TYPE_PUBLIC,COMPLETED,55117347,16622198,28813,705.6700133776487,55134673,16625856,38330,805.9192345039223
89131369,2026-07-31T11:05:02.987749900Z,2026-07-31T11:06:05.789405900Z,EPISODE_TYPE_PUBLIC,COMPLETED,55117099,16621515,44314,668.0878328990221,55135226,16630323,80331,804.0333277004407
89131374,2026-07-31T11:05:03.002582300Z,2026-07-31T11:06:28.531131500Z,EPISODE_TYPE_PUBLIC,COMPLETED,55135317,16624977,113796,771.5757540666149,55115608,16654158,43110,628.5420557473656
89131385,2026-07-31T11:05:03.027798200Z,2026-07-31T11:06:36.397132300Z,EPISODE_TYPE_PUBLIC,COMPLETED,55134690,16621709,118158,1126.9140999174576,55116691,16621802,34362,1014.9607729144009
89132372,2026-07-31T11:12:55.316966600Z,2026-07-31T11:14:01.826406Z,EPISODE_TYPE_PUBLIC,COMPLETED,55116691,16621802,37042,1007.6518518808864,55134973,16624941,81410,1053.534811314677
89133359,2026-07-31T11:20:54.873943100Z,2026-07-31T11:22:10.605623800Z,EPISODE_TYPE_PUBLIC,COMPLETED,55117347,16622198,46993,699.5804812653514,55135228,16630249,49328,817.3256653713835
89133848,2026-07-31T11:24:58.795611800Z,2026-07-31T11:26:19.236296900Z,EPISODE_TYPE_PUBLIC,COMPLETED,55116691,16621802,61234,1000.1276536524005,55135151,16622330,69734,1031.8045079696574
89134339,2026-07-31T11:28:58.358776Z,2026-07-31T11:29:57.700746Z,EPISODE_TYPE_PUBLIC,COMPLETED,55135360,16627751,26522,746.8614247381869,55115388,16621402,25927,637.6033060978214
89134340,2026-07-31T11:28:58.361927900Z,2026-07-31T11:30:20.849755900Z,EPISODE_TYPE_PUBLIC,COMPLETED,55117099,16621515,39672,674.7929963490843,55135279,16627313,19718,626.2469514469259
89135328,2026-07-31T11:36:58.481808200Z,2026-07-31T11:38:09.401032Z,EPISODE_TYPE_PUBLIC,COMPLETED,55135744,16628727,37726,675.2411560361096,55115608,16654158,34312,620.5584104226093
89135329,2026-07-31T11:36:58.481554800Z,2026-07-31T11:38:19.362644300Z,EPISODE_TYPE_PUBLIC,COMPLETED,55116691,16621802,49839,993.618417735616,55135596,16627472,104546,1059.8283221355641
89135824,2026-07-31T11:40:58.288992600Z,2026-07-31T11:42:17.626406300Z,EPISODE_TYPE_PUBLIC,COMPLETED,55135744,16628727,32970,608.5825563722349,55117347,16622198,38165,706.2807499023726
89137325,2026-07-31T11:52:55.627844900Z,2026-07-31T11:54:04.139489900Z,EPISODE_TYPE_PUBLIC,COMPLETED,55117099,16621515,30701,681.7462786537499,55135840,16630249,24920,650.1535347768607
89137326,2026-07-31T11:52:55.630376900Z,2026-07-31T11:54:20.820510600Z,EPISODE_TYPE_PUBLIC,COMPLETED,55135861,16622319,44285,559.6199274608822,55115608,16654158,47367,627.7154189378526
89138303,2026-07-31T12:00:55.897374500Z,2026-07-31T12:02:12.706676800Z,EPISODE_TYPE_PUBLIC,COMPLETED,55136242,16629972,52296,751.355170433102,55116223,16622032,20897,661.8874868131716
89138326,2026-07-31T12:00:55.916964400Z,2026-07-31T12:02:20.791038700Z,EPISODE_TYPE_PUBLIC,COMPLETED,55134274,16625611,28233,563.7748999222858,55117284,16622422,6212,464.283457543582
89138808,2026-07-31T12:04:56.279871100Z,2026-07-31T12:06:08.556858300Z,EPISODE_TYPE_PUBLIC,COMPLETED,55117284,16622422,6222,454.5965029824204,55136190,16625418,22603,531.8914039486931
89139296,2026-07-31T12:08:54.371135900Z,2026-07-31T12:10:17.381034700Z,EPISODE_TYPE_PUBLIC,COMPLETED,55136474,16626332,105088,787.1791424081623,55117347,16622198,35722,699.2902241721015
89140323,2026-07-31T12:16:54.165250Z,2026-07-31T12:18:20.003241Z,EPISODE_TYPE_PUBLIC,COMPLETED,55133880,16622420,50721,978.9511958708885,55116691,16621802,61213,1000.9796598386507
89140811,2026-07-31T12:20:56.232498500Z,2026-07-31T12:21:48.933852500Z,EPISODE_TYPE_PUBLIC,COMPLETED,55134929,16625908,14320,464.0963236635539,55115318,16621290,3835,358.3860797864063
89142307,2026-07-31T12:32:56.775515900Z,2026-07-31T12:33:48.505318Z,EPISODE_TYPE_PUBLIC,COMPLETED,55136190,16625418,13975,526.2809814165572,55117284,16622422,6228,445.4899325563042
89142804,2026-07-31T12:36:56.958165400Z,2026-07-31T12:38:16.405115400Z,EPISODE_TYPE_PUBLIC,COMPLETED,55117099,16621515,42434,672.5245713877213,55135861,16622319,44699,615.8783200626408
89143306,2026-07-31T12:40:58.633091100Z,2026-07-31T12:42:04.872112Z,EPISODE_TYPE_PUBLIC,COMPLETED,55120660,16623226,2720,340.7057443187118,55115641,16621519,2300,248.66854709336607
89143772,2026-07-31T12:44:55.488071100Z,2026-07-31T12:46:00.419353800Z,EPISODE_TYPE_PUBLIC,COMPLETED,55137102,16644724,64324,999.7538571323449,55116691,16621802,50951,993.1152542124746
89143776,2026-07-31T12:44:55.493703700Z,2026-07-31T12:46:03.232586500Z,EPISODE_TYPE_PUBLIC,COMPLETED,55137276,16627324,209,384.6204166927103,55117284,16622422,6259,455.1433667062199
89143793,2026-07-31T12:44:55.526702600Z,2026-07-31T12:46:04.933390600Z,EPISODE_TYPE_PUBLIC,COMPLETED,55132932,16624941,63216,1039.0406175436872,55116691,16621802,58922,986.8740498378571
89145279,2026-07-31T12:56:54.468598700Z,2026-07-31T12:57:59.611019100Z,EPISODE_TYPE_PUBLIC,COMPLETED,55137510,16622367,132953,777.7986557993411,55116223,16622032,21966,651.7574090084618
89145286,2026-07-31T12:56:54.474540Z,2026-07-31T12:57:57.622083800Z,EPISODE_TYPE_PUBLIC,COMPLETED,55115608,16654158,38444,632.2433781849086,55137512,16629201,17798,445.69941504253393
89146298,2026-07-31T13:04:59.763764900Z,2026-07-31T13:06:19.812426Z,EPISODE_TYPE_PUBLIC,COMPLETED,55136725,16630675,88498,985.4268884469965,55116691,16621802,59383,979.5789686755659
89148279,2026-07-31T13:20:56.251392600Z,2026-07-31T13:23:28.038711200Z,EPISODE_TYPE_PUBLIC,COMPLETED,55115608,16654158,34996,639.8399864655099,55138021,16623678,25663,585.6259513646514
89148283,2026-07-31T13:20:56.254526400Z,2026-07-31T13:22:11.629514700Z,EPISODE_TYPE_PUBLIC,COMPLETED,55138022,16628487,68136,776.9555525734329,55116223,16622032,17010,642.2665502094396
89148306,2026-07-31T13:20:56.289450700Z,2026-07-31T13:21:55.180317200Z,EPISODE_TYPE_PUBLIC,COMPLETED,55137469,16627313,22911,571.8817261187986,55118395,16654158,27865,663.0931109162082
89148791,2026-07-31T13:24:55.344383600Z,2026-07-31T13:26:18.802031500Z,EPISODE_TYPE_PUBLIC,COMPLETED,55117565,16621523,24068,572.9130562085462,55138237,16625856,74487,702.1262265692502
89149795,2026-07-31T13:33:02.783903300Z,2026-07-31T13:34:20.946403800Z,EPISODE_TYPE_PUBLIC,COMPLETED,55138448,16631480,85402,719.0346923494201,55115388,16621402,47228,629.5642386056256
89149823,2026-07-31T13:33:02.816366100Z,2026-07-31T13:33:59.040925600Z,EPISODE_TYPE_PUBLIC,COMPLETED,55138099,16625615,3000,270.2883863547961,55115318,16621290,3822,369.59152150135066
89150814,2026-07-31T13:41:03.288040Z,2026-07-31T13:42:26.876045300Z,EPISODE_TYPE_PUBLIC,COMPLETED,55138569,16628487,68080,753.1598036857511,55117565,16621523,16852,567.1793933738268
89151333,2026-07-31T13:45:07.689816900Z,2026-07-31T13:46:00.119875700Z,EPISODE_TYPE_PUBLIC,COMPLETED,55138342,16631101,6462,449.9259663237675,55115318,16621290,3870,358.56116292400975
89153836,2026-07-31T14:05:03.651833700Z,2026-07-31T14:05:53.033467Z,EPISODE_TYPE_PUBLIC,COMPLETED,55138927,16630548,3000,316.2162339472294,55117284,16622422,6259,461.91135111018065
89154330,2026-07-31T14:09:03.375220100Z,2026-07-31T14:10:08.314370200Z,EPISODE_TYPE_PUBLIC,COMPLETED,55118395,16654158,18464,656.1669567422457,55138770,16626217,44282,747.1886960977268
89155327,2026-07-31T14:17:03.943615600Z,2026-07-31T14:18:14.736554800Z,EPISODE_TYPE_PUBLIC,COMPLETED,55116223,16622032,48997,649.9095270253849,55139191,16622097,3000,479.5947646269758
89155334,2026-07-31T14:17:03.959110300Z,2026-07-31T14:18:27.658367Z,EPISODE_TYPE_PUBLIC,COMPLETED,55138931,16630323,43074,579.050110246792,55116223,16622032,47464,660.3984418167718
89155832,2026-07-31T14:21:02.730326Z,2026-07-31T14:22:22.397875600Z,EPISODE_TYPE_PUBLIC,COMPLETED,55138990,16621515,77484,1053.6056707879752,55116691,16621802,62665,968.88429915515
89155849,2026-07-31T14:21:02.805963700Z,2026-07-31T14:22:02.447542700Z,EPISODE_TYPE_PUBLIC,COMPLETED,55138580,16631115,83913,1049.4525307298104,55116691,16621802,66610,974.1513022207566
89156328,2026-07-31T14:25:03.538132500Z,2026-07-31T14:26:21.932417200Z,EPISODE_TYPE_PUBLIC,COMPLETED,55117347,16622198,43331,691.2487781741928,55139678,16630752,92087,738.655723460238
89156356,2026-07-31T14:25:03.600045900Z,2026-07-31T14:26:27.974138600Z,EPISODE_TYPE_PUBLIC,COMPLETED,55116223,16622032,20285,652.1141030319495,55134127,16626655,42684,774.1534007123499
89157366,2026-07-31T14:33:03.581768300Z,2026-07-31T14:34:51.678817400Z,EPISODE_TYPE_PUBLIC,COMPLETED,55116223,16622032,49161,659.9856614394295,55139846,16621497,3000,507.1036378095344
89158382,2026-07-31T14:41:05.058593600Z,2026-07-31T14:42:30.244322Z,EPISODE_TYPE_PUBLIC,COMPLETED,55118396,16622487,24766,591.7876772502897,55140081,16628487,86377,762.6504168007199
89160411,2026-07-31T14:57:04.888536700Z,2026-07-31T14:58:08.483771300Z,EPISODE_TYPE_PUBLIC,COMPLETED,55115608,16654158,50987,633.1639682917495,55140522,16621515,80538,720.0729124072994
89160433,2026-07-31T14:57:04.928808700Z,2026-07-31T14:58:22.601386100Z,EPISODE_TYPE_PUBLIC,COMPLETED,55139828,16625216,34125,710.5868729580136,55115608,16654158,31735,626.9762698574117
89161435,2026-07-31T15:05:07.708536600Z,2026-07-31T15:06:08.058956700Z,EPISODE_TYPE_PUBLIC,COMPLETED,55118395,16654158,43097,649.4067908893716,55140399,16631595,44711,745.8963704784007
89161448,2026-07-31T15:05:07.734153600Z,2026-07-31T15:06:29.611055500Z,EPISODE_TYPE_PUBLIC,COMPLETED,55139973,16623875,29612,657.3455505058128,55118395,16654158,20067,640.6956762593987
89161949,2026-07-31T15:09:05.017246500Z,2026-07-31T15:10:00.233979Z,EPISODE_TYPE_PUBLIC,COMPLETED,55140423,16630111,13022,632.6060418419396,55117284,16622422,6259,456.2492388099196
89165527,2026-07-31T15:37:03.517675400Z,2026-07-31T15:37:54.238897900Z,EPISODE_TYPE_PUBLIC,COMPLETED,55116608,16622251,3000,271.22879880644,55141032,16626105,7381,429.93878822638413
89166007,2026-07-31T15:41:03.613915500Z,2026-07-31T15:42:21.699642100Z,EPISODE_TYPE_PUBLIC,COMPLETED,55116691,16621802,56380,958.1586329045133,55141219,16630825,64670,1034.5466892850686
89166012,2026-07-31T15:41:03.622654300Z,2026-07-31T15:42:03.703518100Z,EPISODE_TYPE_PUBLIC,COMPLETED,55116691,16621802,56011,963.4102217557802,55140910,16629308,77603,1031.244089962442
89167057,2026-07-31T15:49:05.944348200Z,2026-07-31T15:49:59.797846800Z,EPISODE_TYPE_PUBLIC,COMPLETED,55141328,16631101,19635,520.941246424911,55115318,16621290,3994,351.1039057425709
89167553,2026-07-31T15:53:04.566825Z,2026-07-31T15:54:15.192012100Z,EPISODE_TYPE_PUBLIC,COMPLETED,55115388,16621402,18333,621.8473001217773,55141846,16624026,74852,716.6507094805102
89168563,2026-07-31T16:01:06.004244700Z,2026-07-31T16:02:09.453649200Z,EPISODE_TYPE_PUBLIC,COMPLETED,55117565,16621523,23513,575.5384807016165,55142008,16626105,21387,482.51454127024385
89169585,2026-07-31T16:09:03.965413300Z,2026-07-31T16:10:08.958211500Z,EPISODE_TYPE_PUBLIC,COMPLETED,55142100,16622919,107555,768.8645702114802,55115608,16654158,40775,621.9881426530279
89169597,2026-07-31T16:09:03.980734200Z,2026-07-31T16:10:29.742228600Z,EPISODE_TYPE_PUBLIC,COMPLETED,55116691,16621802,57906,951.2768191950252,55141718,16630825,88873,951.0211611480665
89169608,2026-07-31T16:09:03.996255700Z,2026-07-31T16:09:56.287197700Z,EPISODE_TYPE_PUBLIC,COMPLETED,55141956,16632224,3872,417.64566529218575,55115318,16621290,3835,340.076189009109
89170613,2026-07-31T16:17:04.646644600Z,2026-07-31T16:18:06.732613500Z,EPISODE_TYPE_PUBLIC,COMPLETED,55116223,16622032,41727,650.6907029061423,55141976,16623488,76445,739.1813365010385
89171137,2026-07-31T16:21:03.942789300Z,2026-07-31T16:22:21.483535Z,EPISODE_TYPE_PUBLIC,COMPLETED,55115608,16654158,35415,615.768284123418,55141895,16623540,37079,689.025344220022
89172150,2026-07-31T16:29:02.801020Z,2026-07-31T16:30:23.582277200Z,EPISODE_TYPE_PUBLIC,COMPLETED,55117565,16621523,40098,581.210788933098,55142476,16630711,19741,402.18263664018633
89172670,2026-07-31T16:33:03.996467Z,2026-07-31T16:34:13.477969600Z,EPISODE_TYPE_PUBLIC,COMPLETED,55118396,16622487,45183,599.2729316069039,55142206,16630545,12048,485.9601342394652
89173164,2026-07-31T16:37:02.850110600Z,2026-07-31T16:38:21.097664400Z,EPISODE_TYPE_PUBLIC,COMPLETED,55142546,16631090,32408,524.0858197160279,55117284,16622422,6006,447.5581206552264
89173703,2026-07-31T16:41:03.624894700Z,2026-07-31T16:42:25.535860300Z,EPISODE_TYPE_PUBLIC,COMPLETED,55116608,16622251,3000,248.30047614776734,55129155,16624235,6393,323.18452330225585
89174686,2026-07-31T16:49:06.448702500Z,2026-07-31T16:50:24.999816800Z,EPISODE_TYPE_PUBLIC,COMPLETED,55142935,16630689,106395,712.9312667292045,55115608,16654158,44512,609.9532604581095
89175704,2026-07-31T16:57:02.412335200Z,2026-07-31T16:58:22.017865300Z,EPISODE_TYPE_PUBLIC,COMPLETED,55142909,16632516,27382,744.7119154898868,55115388,16621402,15912,615.52741935299
89176244,2026-07-31T17:01:03.207257500Z,2026-07-31T17:02:11.535610700Z,EPISODE_TYPE_PUBLIC,COMPLETED,55117565,16621523,25421,589.6856287925247,55142008,16626105,20747,529.7541056234626
89176247,2026-07-31T17:01:03.212425800Z,2026-07-31T17:02:06.951597200Z,EPISODE_TYPE_PUBLIC,COMPLETED,55140792,16632253,29046,656.4541725505715,55115608,16654158,25589,603.5223141440663
89177237,2026-07-31T17:09:02.440606100Z,2026-07-31T17:09:59.115400400Z,EPISODE_TYPE_PUBLIC,COMPLETED,55116223,16622032,16033,642.6596039415483,55142909,16632516,27227,757.6366141202436
89177254,2026-07-31T17:09:02.459326Z,2026-07-31T17:10:08.022679900Z,EPISODE_TYPE_PUBLIC,COMPLETED,55139401,16623128,79290,999.8948619317586,55116691,16621802,34496,945.9204774396991
89178251,2026-07-31T17:17:03.166596300Z,2026-07-31T17:18:18.393180600Z,EPISODE_TYPE_PUBLIC,COMPLETED,55118396,16622487,47171,605.3921667778366,55143408,16632579,1381,436.70189313266974
89178768,2026-07-31T17:21:05.208301800Z,2026-07-31T17:22:01.333493900Z,EPISODE_TYPE_PUBLIC,COMPLETED,55143325,16632240,25572,530.5026949505725,55115388,16621402,30363,622.8190971940435
89179271,2026-07-31T17:25:04.542958700Z,2026-07-31T17:26:36.079632400Z,EPISODE_TYPE_PUBLIC,COMPLETED,55117565,16621523,23194,584.081125920754,55143505,16631215,34747,754.6145556101134
89180806,2026-07-31T17:37:03.802842Z,2026-07-31T17:37:58.251237200Z,EPISODE_TYPE_PUBLIC,COMPLETED,55143713,16632579,1779,413.6562014179624,55115608,16654158,49332,607.2943964137143
89180810,2026-07-31T17:37:03.808907600Z,2026-07-31T17:38:26.099678Z,EPISODE_TYPE_PUBLIC,COMPLETED,55143425,16623990,121232,988.898965835262,55116691,16621802,39781,940.3765185363749
89180818,2026-07-31T17:37:03.822969200Z,2026-07-31T17:38:22.094378500Z,EPISODE_TYPE_PUBLIC,COMPLETED,55118396,16622487,30538,613.9234814050925,55143325,16632240,28510,545.3812385241049
89181318,2026-07-31T17:41:02.217164900Z,2026-07-31T17:42:17.945174400Z,EPISODE_TYPE_PUBLIC,COMPLETED,55143845,16621523,52929,720.2689082710847,55118395,16654158,27855,633.7509061390305
89181346,2026-07-31T17:41:02.253960300Z,2026-07-31T17:42:08.489223800Z,EPISODE_TYPE_PUBLIC,COMPLETED,55118396,16622487,38642,622.6825989722802,55143098,16629624,27142,572.0448511306902
89182350,2026-07-31T17:49:04.057078200Z,2026-07-31T17:50:19.153207Z,EPISODE_TYPE_PUBLIC,COMPLETED,55143481,16622367,121283,1057.9849751748222,55116691,16621802,50876,936.4313503128797
89182846,2026-07-31T17:53:04.564953100Z,2026-07-31T17:54:02.558799600Z,EPISODE_TYPE_PUBLIC,COMPLETED,55143939,16623799,78250,779.4012383270793,55115388,16621402,47343,617.3755043268114
89182848,2026-07-31T17:53:04.570050Z,2026-07-31T17:54:37.875067300Z,EPISODE_TYPE_PUBLIC,COMPLETED,55118396,16622487,24087,615.0861833143696,55144008,16623592,84927,714.5872428310166
89182875,2026-07-31T17:53:04.603619700Z,2026-07-31T17:54:02.650806700Z,EPISODE_TYPE_PUBLIC,COMPLETED,55143394,16632777,48545,745.3188550025658,55116223,16622032,41780,634.908733810233
89182876,2026-07-31T17:53:04.606151700Z,2026-07-31T17:54:13.549871400Z,EPISODE_TYPE_PUBLIC,COMPLETED,55143835,16632855,1167,210.7596889918454,55115641,16621519,2300,276.82082937408535
89183361,2026-07-31T17:57:03.153508200Z,2026-07-31T17:57:57.114423300Z,EPISODE_TYPE_PUBLIC,COMPLETED,55144144,16623691,110330,667.8078444134808,55117284,16622422,6212,442.85205842614994
89184395,2026-07-31T18:05:03.155012200Z,2026-07-31T18:06:19.723347200Z,EPISODE_TYPE_PUBLIC,COMPLETED,55143823,16632262,39201,522.4581187030501,55117284,16622422,6203,435.17827224047403
89187473,2026-07-31T18:29:03.738382300Z,2026-07-31T18:30:18.419963900Z,EPISODE_TYPE_PUBLIC,COMPLETED,55115641,16621519,2300,252.40593227647202,55131236,16623846,3876,330.37050991225937
89188464,2026-07-31T18:37:03.462047800Z,2026-07-31T18:38:15.375735900Z,EPISODE_TYPE_PUBLIC,COMPLETED,55118395,16654158,28227,628.5275372583233,55144767,16621153,96550,778.6784859741052
89189493,2026-07-31T18:46:57.274875900Z,2026-07-31T18:48:09.173890Z,EPISODE_TYPE_PUBLIC,COMPLETED,55144950,16624003,12162,593.273570569982,55118395,16654158,49135,636.3125089056982
89190536,2026-07-31T18:54:58.112466600Z,2026-07-31T18:56:08.644434Z,EPISODE_TYPE_PUBLIC,COMPLETED,55118395,16654158,40058,642.6325147616694,55144944,16632262,38543,557.6866461729961
89190558,2026-07-31T18:54:58.136566400Z,2026-07-31T18:56:18.722427800Z,EPISODE_TYPE_PUBLIC,COMPLETED,55142206,16630545,12133,517.1517967761606,55115608,16654158,49921,612.4751494661338
89191044,2026-07-31T18:58:56.729751900Z,2026-07-31T19:00:18.784236400Z,EPISODE_TYPE_PUBLIC,COMPLETED,55144822,16632172,80910,1043.7961127558362,55116691,16621802,56296,932.2833241784305
89191079,2026-07-31T18:58:56.765097300Z,2026-07-31T18:59:58.852093300Z,EPISODE_TYPE_PUBLIC,COMPLETED,55142546,16631090,21527,531.8663838697088,55118395,16654158,28539,647.8143666973045
89191553,2026-07-31T19:02:57.272965600Z,2026-07-31T19:03:56.584807900Z,EPISODE_TYPE_PUBLIC,COMPLETED,55115388,16621402,27258,623.6657615283589,55145242,16631261,19310,496.9747849062271
89191579,2026-07-31T19:02:57.301478Z,2026-07-31T19:03:59.469731Z,EPISODE_TYPE_PUBLIC,COMPLETED,55115608,16654158,39681,618.9936848010298,55144539,16632291,25156,584.1122450415598
89193610,2026-07-31T19:18:57.257608900Z,2026-07-31T19:19:57.944451900Z,EPISODE_TYPE_PUBLIC,COMPLETED,55118395,16654158,42636,642.7136905370131,55145424,16632493,81465,779.858098179228
89193648,2026-07-31T19:18:57.298761800Z,2026-07-31T19:20:05.967555400Z,EPISODE_TYPE_PUBLIC,COMPLETED,55117284,16622422,6259,427.2354615665385,55142174,16631609,21970,495.2686187416621
89194679,2026-07-31T19:26:56.169510900Z,2026-07-31T19:28:01.531038600Z,EPISODE_TYPE_PUBLIC,COMPLETED,55116608,16622251,3000,252.8699643288503,55136299,16688294,3000,282.06890962370136
89195684,2026-07-31T19:34:57.285191900Z,2026-07-31T19:36:07.885923100Z,EPISODE_TYPE_PUBLIC,COMPLETED,55117284,16622422,5680,420.93330686101564,55145538,16633069,26162,549.7787642649803
89196196,2026-07-31T19:38:58.029688900Z,2026-07-31T19:40:15.627418200Z,EPISODE_TYPE_PUBLIC,COMPLETED,55115388,16621402,42520,616.7634182581667,55145763,16632867,102522,715.0563103818668
89196722,2026-07-31T19:43:02.257455900Z,2026-07-31T19:43:54.517426700Z,EPISODE_TYPE_PUBLIC,COMPLETED,55116223,16622032,22751,626.6849128769134,55145599,16625219,30410,729.1515938500783
89196757,2026-07-31T19:43:02.293849400Z,2026-07-31T19:44:14.028196900Z,EPISODE_TYPE_PUBLIC,COMPLETED,55115318,16621290,3939,349.54568547483086,55145044,16633003,3000,249.80312504285376
89197238,2026-07-31T19:46:57.329864300Z,2026-07-31T19:48:08.230038Z,EPISODE_TYPE_PUBLIC,COMPLETED,55145847,16632266,76,499.88001702686176,55116223,16622032,49070,634.0415399492201
89198270,2026-07-31T19:54:57.772367600Z,2026-07-31T19:56:11.517860900Z,EPISODE_TYPE_PUBLIC,COMPLETED,55145944,16629699,139105,797.2994595798389,55118395,16654158,35499,638.1360580086499
89198301,2026-07-31T19:54:57.804681100Z,2026-07-31T19:56:15.018683700Z,EPISODE_TYPE_PUBLIC,COMPLETED,55145419,16632224,27581,643.1156763163992,55115388,16621402,24138,608.7308811639466
89199843,2026-07-31T20:06:56.490873400Z,2026-07-31T20:08:05.491694800Z,EPISODE_TYPE_PUBLIC,COMPLETED,55140450,16630548,3000,337.42552347230117,55115641,16621519,2300,232.29847686024831
89202890,2026-07-31T20:30:56.343836600Z,2026-07-31T20:32:10.619642200Z,EPISODE_TYPE_PUBLIC,COMPLETED,55118396,16622487,25091,621.1409740136362,55146195,16632950,20698,488.5585179700023
89202903,2026-07-31T20:30:56.354488Z,2026-07-31T20:31:58.311675900Z,EPISODE_TYPE_PUBLIC,COMPLETED,55116691,16621802,58268,927.9759057068262,55145424,16632493,86018,1015.9826969959636
89203897,2026-07-31T20:38:57.015215700Z,2026-07-31T20:40:28.814656300Z,EPISODE_TYPE_PUBLIC,COMPLETED,55116691,16621802,61608,933.7068654835703,55145800,16630559,42877,918.9589581455089
89206390,2026-07-31T20:59:00.106717400Z,2026-07-31T20:59:59.389225100Z,EPISODE_TYPE_PUBLIC,COMPLETED,55146841,16625050,9858,498.1011308945624,55118396,16622487,44564,627.6128222664845
89206391,2026-07-31T20:59:00.107378400Z,2026-07-31T21:00:02.787361700Z,EPISODE_TYPE_PUBLIC,COMPLETED,55116691,16621802,46635,928.0464646603361,55146721,16632783,131048,952.4264038722034
89207896,2026-07-31T21:14:14.994534200Z,2026-07-31T21:15:43.292310300Z,EPISODE_TYPE_PUBLIC,COMPLETED,55146809,16633379,98401,1049.3569872198573,55116691,16621802,56966,924.3456682320445
89213917,2026-07-31T22:02:20.729086800Z,2026-07-31T22:03:21.099538400Z,EPISODE_TYPE_PUBLIC,COMPLETED,55115318,16621290,3798,343.6307949557224,55147591,16630741,75749,559.647819151539
89215931,2026-07-31T22:18:32.666414900Z,2026-07-31T22:19:51.545121400Z,EPISODE_TYPE_PUBLIC,COMPLETED,55116691,16621802,52724,920.2537305633501,55147476,16633341,58556,1009.0557874699979
89216944,2026-07-31T22:26:27.501936Z,2026-07-31T22:27:26.038733400Z,EPISODE_TYPE_PUBLIC,COMPLETED,55118396,16622487,28200,634.6596437766392,55146901,16633097,22497,553.7071185962486
89217428,2026-07-31T22:30:25.548559200Z,2026-07-31T22:31:24.390671Z,EPISODE_TYPE_PUBLIC,COMPLETED,55116223,16622032,29545,627.6518273572943,55147928,16632715,92562,786.8430271575082
89217447,2026-07-31T22:30:25.573344400Z,2026-07-31T22:31:32.147509400Z,EPISODE_TYPE_PUBLIC,COMPLETED,55146647,16630804,31521,620.3490561971784,55115388,16621402,31306,600.4906038491193
89218920,2026-07-31T22:42:27.470267800Z,2026-07-31T22:43:56.682377900Z,EPISODE_TYPE_PUBLIC,COMPLETED,55148078,16631460,50247,785.9419093824963,55118396,16622487,30330,629.2188903194036
89220972,2026-07-31T22:58:23.590432500Z,2026-07-31T22:59:18.724922Z,EPISODE_TYPE_PUBLIC,COMPLETED,55116223,16622032,48946,634.6179281423596,55142206,16630545,11299,523.8845026546456
89221449,2026-07-31T23:02:24.199312900Z,2026-07-31T23:03:42.213505600Z,EPISODE_TYPE_PUBLIC,COMPLETED,55148333,16630559,114388,778.9271837165954,55116223,16622032,22018,628.312448550639
89222465,2026-07-31T23:10:24.246517500Z,2026-07-31T23:11:41.292395100Z,EPISODE_TYPE_PUBLIC,COMPLETED,55148361,16626332,122527,769.4239578360715,55115388,16621402,18253,595.8472003620909
89222962,2026-07-31T23:14:25.098625900Z,2026-07-31T23:15:52.009991Z,EPISODE_TYPE_PUBLIC,COMPLETED,55118396,16622487,32585,637.1830213724309,55148448,16632994,29057,581.7173390589705
89225992,2026-07-31T23:38:27.792560200Z,2026-07-31T23:39:31.664499700Z,EPISODE_TYPE_PUBLIC,COMPLETED,55147736,16621515,52912,722.269112381778,55116223,16622032,19868,621.4119011040522
89228528,2026-07-31T23:58:23.967288500Z,2026-07-31T23:59:42.182275500Z,EPISODE_TYPE_PUBLIC,COMPLETED,55148449,16632994,33265,619.0428926391705,55116223,16622032,33315,631.0720245975197
89230587,2026-08-01T00:14:24.154641300Z,2026-08-01T00:15:31.481222200Z,EPISODE_TYPE_PUBLIC,COMPLETED,55116691,16621802,34382,915.1015682393644,55149162,16623798,124026,952.6388263400306
89231087,2026-08-01T00:18:23.698311200Z,2026-08-01T00:19:25.077162300Z,EPISODE_TYPE_PUBLIC,COMPLETED,55149625,16623646,78584,719.6940942488475,55118395,16654158,49327,632.0398622635446
89231595,2026-08-01T00:22:24.814559600Z,2026-08-01T00:23:22.681322500Z,EPISODE_TYPE_PUBLIC,COMPLETED,55116223,16622032,21297,624.5560168707678,55149609,16632994,72051,747.6356080618465
89232622,2026-08-01T00:30:23.801770Z,2026-08-01T00:31:22.774224600Z,EPISODE_TYPE_PUBLIC,COMPLETED,55149758,16626093,128590,766.895556851512,55116223,16622032,31813,618.7902548720009
89234170,2026-08-01T00:42:25.677435700Z,2026-08-01T00:43:42.583193800Z,EPISODE_TYPE_PUBLIC,COMPLETED,55149772,16633269,53451,964.2286952601152,55116691,16621802,49362,910.32120667748
89234171,2026-08-01T00:42:25.677830200Z,2026-08-01T00:43:44.683390500Z,EPISODE_TYPE_PUBLIC,COMPLETED,55116691,16621802,39547,905.9527606171511,55149758,16626093,114441,976.9176512604537
89238265,2026-08-01T01:14:24.744694Z,2026-08-01T01:15:42.245265500Z,EPISODE_TYPE_PUBLIC,COMPLETED,55118395,16654158,30021,638.8859413865553,55150200,16631215,26559,599.9129310195718
89239266,2026-08-01T01:22:23.845375200Z,2026-08-01T01:23:15.495046800Z,EPISODE_TYPE_PUBLIC,COMPLETED,55150806,16633511,2740,435.03388070552063,55117284,16622422,6259,431.3610475846604
89239774,2026-08-01T01:26:24.936322700Z,2026-08-01T01:27:39.601038400Z,EPISODE_TYPE_PUBLIC,COMPLETED,55150840,16623582,29061,502.5092585231947,55118396,16622487,30336,642.8848171785196
89239793,2026-08-01T01:26:24.956431700Z,2026-08-01T01:27:41.142365100Z,EPISODE_TYPE_PUBLIC,COMPLETED,55150446,16623678,28971,674.0702077078457,55118396,16622487,21576,635.0765725371266
89240812,2026-08-01T01:37:37.648619100Z,2026-08-01T01:38:36.596669200Z,EPISODE_TYPE_PUBLIC,COMPLETED,55150940,16623644,40012,758.3006931320608,55118396,16622487,26578,629.4335310241772
89244922,2026-08-01T02:09:36.593660500Z,2026-08-01T02:10:49.938419100Z,EPISODE_TYPE_PUBLIC,COMPLETED,55150927,16624888,53111,820.9483487370704,55116691,16621802,60087,909.8277564895881
89252071,2026-08-01T03:05:37.078323300Z,2026-08-01T03:06:56.529091700Z,EPISODE_TYPE_PUBLIC,COMPLETED,55152360,16623644,42806,761.6188330991865,55115388,16621402,39885,591.2114913707959
89254630,2026-08-01T03:26:06.668842600Z,2026-08-01T03:27:18.420298700Z,EPISODE_TYPE_PUBLIC,COMPLETED,55118395,16654158,36132,643.4866780564479,55152492,16630896,21330,509.42681169857093
89254631,2026-08-01T03:26:06.669809600Z,2026-08-01T03:27:29.884429800Z,EPISODE_TYPE_PUBLIC,COMPLETED,55152360,16623644,36490,551.4438707001816,55118396,16622487,37064,635.7026162595332
89256662,2026-08-01T03:42:06.726873300Z,2026-08-01T03:43:08.479012800Z,EPISODE_TYPE_PUBLIC,COMPLETED,55115388,16621402,42395,585.4971788859868,55153009,16632138,88204,705.653803772164
89260777,2026-08-01T04:14:10.396469800Z,2026-08-01T04:15:32.543423Z,EPISODE_TYPE_PUBLIC,COMPLETED,55153295,16622338,58818,878.6402518949391,55116691,16621802,46556,903.7822256251998
89260802,2026-08-01T04:14:10.423060Z,2026-08-01T04:15:39.597718400Z,EPISODE_TYPE_PUBLIC,COMPLETED,55152638,16631090,71139,907.7841262869902,55116691,16621802,46255,898.6585580955982
89268506,2026-08-01T05:14:08.359948300Z,2026-08-01T05:15:07.298884800Z,EPISODE_TYPE_PUBLIC,COMPLETED,55153922,16622338,72679,947.9221374177164,55116691,16621802,45383,894.3487718903704
89271072,2026-08-01T05:34:08.745737600Z,2026-08-01T05:35:14.255480800Z,EPISODE_TYPE_PUBLIC,COMPLETED,55115641,16621519,2300,255.5998195698025,55154130,16624666,80,201.9903986664431
89272078,2026-08-01T05:42:06.842029800Z,2026-08-01T05:43:31.898410100Z,EPISODE_TYPE_PUBLIC,COMPLETED,55118396,16622487,14592,630.7081224783436,55154684,16623389,96025,779.6139907959922
89272096,2026-08-01T05:42:06.866898500Z,2026-08-01T05:43:19.747295300Z,EPISODE_TYPE_PUBLIC,COMPLETED,55154475,16630274,14954,470.38700149140595,55117284,16622422,6259,423.1008793006518
89273103,2026-08-01T05:50:06.383733600Z,2026-08-01T05:51:17.527574300Z,EPISODE_TYPE_PUBLIC,COMPLETED,55116223,16622032,45703,625.0436256138871,55154897,16631777,7737,497.37561791899
89274138,2026-08-01T05:58:06.665400600Z,2026-08-01T05:59:02.144543100Z,EPISODE_TYPE_PUBLIC,COMPLETED,55118396,16622487,36741,635.0141698255754,55155019,16625418,28268,455.3227240068529
89274144,2026-08-01T05:58:06.669966900Z,2026-08-01T05:59:23.058464800Z,EPISODE_TYPE_PUBLIC,COMPLETED,55154912,16632444,65934,733.096976607409,55118395,16654158,37503,638.0775306187204
89275183,2026-08-01T06:06:06.820434500Z,2026-08-01T06:07:10.116451800Z,EPISODE_TYPE_PUBLIC,COMPLETED,55155242,16634654,126082,718.6997116588901,55118396,16622487,27545,628.7970912937825
89275731,2026-08-01T06:10:06.859860800Z,2026-08-01T06:11:22.589415100Z,EPISODE_TYPE_PUBLIC,COMPLETED,55116691,16621802,52331,890.7467984131139,55154785,16633069,107903,986.1548437478993
89279409,2026-08-01T06:38:07.080304900Z,2026-08-01T06:39:55.059676800Z,EPISODE_TYPE_PUBLIC,COMPLETED,55116691,16621802,59177,885.4062066896969,55155316,16630752,70898,873.5525471543157
89280451,2026-08-01T06:46:07.230961700Z,2026-08-01T06:47:24.794651500Z,EPISODE_TYPE_PUBLIC,COMPLETED,55155728,16624919,90331,992.9920949759228,55116691,16621802,59033,882.0623993847877
89283101,2026-08-01T07:06:06.943249Z,2026-08-01T07:07:11.564008200Z,EPISODE_TYPE_PUBLIC,COMPLETED,55156247,16634172,69272,796.0972563077208,55116223,16622032,24955,620.1072086812201
89285228,2026-08-01T07:22:09.235954800Z,2026-08-01T07:23:33.694041Z,EPISODE_TYPE_PUBLIC,COMPLETED,55156425,16632055,45572,675.674238180447,55116223,16622032,36612,612.5439453326445
89286305,2026-08-01T07:30:07.623602900Z,2026-08-01T07:31:26.461190200Z,EPISODE_TYPE_PUBLIC,COMPLETED,55156754,16634082,125899,716.8395618220504,55118396,16622487,30143,622.7749349330569
89289003,2026-08-01T07:50:11.173797300Z,2026-08-01T07:51:24.755518700Z,EPISODE_TYPE_PUBLIC,COMPLETED,55118396,16622487,34532,616.2270138661797,55156923,16630501,69535,670.3584819394982
89289517,2026-08-01T07:54:13.940882300Z,2026-08-01T07:55:17.457764200Z,EPISODE_TYPE_PUBLIC,COMPLETED,55157224,16631981,5429,487.49239194268455,55115388,16621402,44343,591.4869230914586
89290046,2026-08-01T07:58:11.331291100Z,2026-08-01T07:59:23.267632Z,EPISODE_TYPE_PUBLIC,COMPLETED,55118395,16654158,48177,642.7038415269963,55157263,16634172,8321,502.53917594161715
89294290,2026-08-01T08:30:11.599265900Z,2026-08-01T08:31:33.621017200Z,EPISODE_TYPE_PUBLIC,COMPLETED,55115388,16621402,30365,585.9448513069281,55157873,16635062,130087,705.7735713919542
89294295,2026-08-01T08:30:11.603834100Z,2026-08-01T08:31:16.355276600Z,EPISODE_TYPE_PUBLIC,COMPLETED,55157838,16630323,127305,763.9592579587576,55118396,16622487,26107,611.6952832823262
89297503,2026-08-01T08:54:24.870091500Z,2026-08-01T08:55:44.328041400Z,EPISODE_TYPE_PUBLIC,COMPLETED,55118396,16622487,30528,606.2185067454571,55158326,16635280,134978,711.7866091798976
89298045,2026-08-01T08:58:30.383379300Z,2026-08-01T08:59:21.380933600Z,EPISODE_TYPE_PUBLIC,COMPLETED,55158377,16635065,5924,422.6344662340314,55118396,16622487,46318,609.9972715497802
89298050,2026-08-01T08:58:30.388231900Z,2026-08-01T08:59:50.946054800Z,EPISODE_TYPE_PUBLIC,COMPLETED,55118396,16622487,40730,614.3784308231446,55158314,16627324,692,468.1616768618714
89299111,2026-08-01T09:06:20.602002100Z,2026-08-01T09:07:49.376548600Z,EPISODE_TYPE_PUBLIC,COMPLETED,55158563,16635029,3578,503.8177862470915,55118395,16654158,48314,647.2087908577608
89299646,2026-08-01T09:10:20.532183300Z,2026-08-01T09:11:31.946690900Z,EPISODE_TYPE_PUBLIC,COMPLETED,55158599,16631777,17557,436.1945635699746,55118395,16654158,45339,650.4092944933067
89302839,2026-08-01T09:34:15.892698500Z,2026-08-01T09:35:52.474209600Z,EPISODE_TYPE_PUBLIC,COMPLETED,55116223,16622032,39632,618.5719755527429,55159093,16621500,24850,495.5138393237645
89303383,2026-08-01T09:38:10.992706500Z,2026-08-01T09:39:14.765224200Z,EPISODE_TYPE_PUBLIC,COMPLETED,55159014,16632262,64275,917.7127530945311,55116691,16621802,38273,877.6003910482657
89306604,2026-08-01T10:02:11.211338200Z,2026-08-01T10:03:11.502067200Z,EPISODE_TYPE_PUBLIC,COMPLETED,55159224,16635243,13193,512.2354329976316,55117284,16622422,6254,416.5073454102118
89306609,2026-08-01T10:02:11.217764400Z,2026-08-01T10:03:27.122085700Z,EPISODE_TYPE_PUBLIC,COMPLETED,55156472,16632950,25207,629.8240767119373,55116223,16622032,22080,610.3459783155123
89306610,2026-08-01T10:02:11.217935100Z,2026-08-01T10:03:21.426563800Z,EPISODE_TYPE_PUBLIC,COMPLETED,55157909,16633003,3000,259.69353060182016,55116608,16622251,3000,253.79199563143155
89308184,2026-08-01T10:14:14.362005400Z,2026-08-01T10:15:15.972481Z,EPISODE_TYPE_PUBLIC,COMPLETED,55115388,16621402,37981,580.5685385673812,55159815,16632055,56006,704.1918254957637
89308211,2026-08-01T10:14:14.390651400Z,2026-08-01T10:15:32.194410800Z,EPISODE_TYPE_PUBLIC,COMPLETED,55158444,16634179,4535,327.2954786974171,55116608,16622251,3000,233.70761906957492
89310868,2026-08-01T10:34:14.465057700Z,2026-08-01T10:35:32.764305200Z,EPISODE_TYPE_PUBLIC,COMPLETED,55118395,16654158,45000,656.4796242698344,55159517,16635159,44630,614.3029543403635
89312975,2026-08-01T10:50:11.486723Z,2026-08-01T10:51:38.359312Z,EPISODE_TYPE_PUBLIC,COMPLETED,55160211,16622198,121773,923.0944302152061,55116691,16621802,48189,873.3425920834475
89313513,2026-08-01T10:54:16.939856200Z,2026-08-01T10:55:31.351231100Z,EPISODE_TYPE_PUBLIC,COMPLETED,55160151,16625241,42065,719.7230101380426,55116691,16621802,57541,875.9868367111744
89313523,2026-08-01T10:54:16.950893800Z,2026-08-01T10:55:34.663271300Z,EPISODE_TYPE_PUBLIC,COMPLETED,55160186,16627313,37352,596.7557858046702,55115388,16621402,35066,573.155953928781
89315632,2026-08-01T11:10:11.722339400Z,2026-08-01T11:11:11.852856100Z,EPISODE_TYPE_PUBLIC,COMPLETED,55160720,16633096,58110,725.5492416432724,55118395,16654158,29126,650.8592557534018
89315667,2026-08-01T11:10:11.759355500Z,2026-08-01T11:11:35.708139200Z,EPISODE_TYPE_PUBLIC,COMPLETED,55116223,16622032,35417,603.902869807948,55160186,16627313,37762,679.2288324045893
89317234,2026-08-01T11:22:11.282030Z,2026-08-01T11:23:17.206570800Z,EPISODE_TYPE_PUBLIC,COMPLETED,55115318,16621290,3846,353.7832019946864,55152529,16623644,3000,285.77820192728933
89318265,2026-08-01T11:30:11.135070500Z,2026-08-01T11:31:29.818402300Z,EPISODE_TYPE_PUBLIC,COMPLETED,55160846,16635243,1681,439.26426637849727,55115388,16621402,30795,577.8078809337537
89318812,2026-08-01T11:34:13.958469600Z,2026-08-01T11:35:11.205770100Z,EPISODE_TYPE_PUBLIC,COMPLETED,55160120,16631547,40942,702.9751007626227,55118395,16654158,31926,645.3574121022893
89321400,2026-08-01T11:54:14.770839500Z,2026-08-01T11:55:35.764171900Z,EPISODE_TYPE_PUBLIC,COMPLETED,55115388,16621402,39736,583.4899885582574,55161294,16630335,11244,493.975639638129
89322449,2026-08-01T12:02:11.077473900Z,2026-08-01T12:03:20.349871700Z,EPISODE_TYPE_PUBLIC,COMPLETED,55116691,16621802,37240,873.2418085394999,55161313,16623798,135328,1019.0335664212635
89323501,2026-08-01T12:10:11.074499300Z,2026-08-01T12:11:13.346291100Z,EPISODE_TYPE_PUBLIC,COMPLETED,55161650,16624977,103017,787.9996399531392,55116223,16622032,36878,599.6911153474107
89323532,2026-08-01T12:10:11.106528300Z,2026-08-01T12:11:30.214061900Z,EPISODE_TYPE_PUBLIC,COMPLETED,55161294,16630335,11268,497.46308928932945,55115388,16621402,38607,588.8028685806069
89324556,2026-08-01T12:18:11.266240900Z,2026-08-01T12:19:05.198983500Z,EPISODE_TYPE_PUBLIC,COMPLETED,55115388,16621402,45799,594.083436506975,55161862,16635745,9816,488.31598866605407
89325645,2026-08-01T12:26:10.789163800Z,2026-08-01T12:27:02.153230600Z,EPISODE_TYPE_PUBLIC,COMPLETED,55161777,16633003,3000,387.23365779656774,55115641,16621519,2300,240.4607674148279
89326146,2026-08-01T12:30:10.866810100Z,2026-08-01T12:31:03.001998500Z,EPISODE_TYPE_PUBLIC,COMPLETED,55162038,16631772,28079,563.1882997130698,55117284,16622422,6259,411.1190220600533
89326162,2026-08-01T12:30:10.884178800Z,2026-08-01T12:31:24.709328500Z,EPISODE_TYPE_PUBLIC,COMPLETED,55115318,16621290,3809,345.18221511264437,55161860,16635745,15414,454.0222147955342
89326672,2026-08-01T12:34:13.596973900Z,2026-08-01T12:35:13.229970Z,EPISODE_TYPE_PUBLIC,COMPLETED,55162142,16633793,180499,706.6661896821059,55115388,16621402,29958,589.110969763563
89326674,2026-08-01T12:34:13.597262100Z,2026-08-01T12:35:40.528078800Z,EPISODE_TYPE_PUBLIC,COMPLETED,55162174,16631460,95434,705.2367362671839,55115388,16621402,36968,584.2717871012613
89326704,2026-08-01T12:34:13.654026100Z,2026-08-01T12:35:19.982839200Z,EPISODE_TYPE_PUBLIC,COMPLETED,55116691,16621802,63079,875.7461189981634,55161522,16632368,24580,723.4892578104598
89327741,2026-08-01T12:42:10.726120200Z,2026-08-01T12:43:13.359366600Z,EPISODE_TYPE_PUBLIC,COMPLETED,55161870,16634156,36832,642.1356920391279,55116223,16622032,29674,592.725837390397
89328795,2026-08-01T12:50:11.326520500Z,2026-08-01T12:51:21.322272400Z,EPISODE_TYPE_PUBLIC,COMPLETED,55162160,16633179,68883,704.5488027928578,55116223,16622032,45592,587.5369450962189
89330383,2026-08-01T13:02:11.083506800Z,2026-08-01T13:03:31.351038900Z,EPISODE_TYPE_PUBLIC,COMPLETED,55161847,16625241,80301,881.9263821776278,55116691,16621802,61840,871.2088111799552
89330908,2026-08-01T13:06:11.118645500Z,2026-08-01T13:07:21.637388100Z,EPISODE_TYPE_PUBLIC,COMPLETED,55162648,16636333,140,325.8361242003439,55115318,16621290,4104,356.5669959794944
89331413,2026-08-01T13:10:13.664845100Z,2026-08-01T13:11:31.723633Z,EPISODE_TYPE_PUBLIC,COMPLETED,55118395,16654158,29534,640.6036166125799,55162803,16627472,156748,747.1808211693246
89331953,2026-08-01T13:14:14.567970900Z,2026-08-01T13:15:18.336975600Z,EPISODE_TYPE_PUBLIC,COMPLETED,55116691,16621802,60177,867.5768483077084,55162658,16631460,91388,944.7873725040655
89333009,2026-08-01T13:22:11.567959900Z,2026-08-01T13:23:29.488565600Z,EPISODE_TYPE_PUBLIC,COMPLETED,55162786,16630335,10084,505.75352432946926,55115388,16621402,36658,589.5266355766589
89334065,2026-08-01T13:30:11.864250300Z,2026-08-01T13:31:07.315968300Z,EPISODE_TYPE_PUBLIC,COMPLETED,55115318,16621290,3835,340.6615290779879,55162953,16634952,29227,513.8803768723031
89334083,2026-08-01T13:30:11.882847Z,2026-08-01T13:31:04.836903100Z,EPISODE_TYPE_PUBLIC,COMPLETED,55158114,16634769,6751,395.9333620175711,55115318,16621290,3834,346.50029134729897
89334589,2026-08-01T13:34:16.977663400Z,2026-08-01T13:35:47.021717400Z,EPISODE_TYPE_PUBLIC,COMPLETED,55163119,16624919,134709,958.4319260436292,55116691,16621802,45597,864.1866273476219
89336184,2026-08-01T13:46:11.750572700Z,2026-08-01T13:47:09.647290300Z,EPISODE_TYPE_PUBLIC,COMPLETED,55163427,16633340,72403,675.8351117641741,55116223,16622032,28396,581.7186092976463
89336185,2026-08-01T13:46:11.751465700Z,2026-08-01T13:47:09.653386400Z,EPISODE_TYPE_PUBLIC,COMPLETED,55115388,16621402,25565,594.3363751983,55163478,16632950,22204,486.57097963909814
89338272,2026-08-01T14:02:11.345358700Z,2026-08-01T14:03:28.199602100Z,EPISODE_TYPE_PUBLIC,COMPLETED,55116223,16622032,29467,576.5473677256873,55163860,16632231,168787,703.0098096702596
89342534,2026-08-01T14:34:50.966276700Z,2026-08-01T14:36:08.359302500Z,EPISODE_TYPE_PUBLIC,COMPLETED,55118395,16654158,46597,637.0501914644163,55163879,16635744,79660,787.4893906225188
89343046,2026-08-01T14:38:42.359457Z,2026-08-01T14:40:12.722457900Z,EPISODE_TYPE_PUBLIC,COMPLETED,55116691,16621802,44820,859.4277349927452,55164254,16636454,45721,864.2372218629198
89343586,2026-08-01T14:42:41.944116700Z,2026-08-01T14:43:34.672301400Z,EPISODE_TYPE_PUBLIC,COMPLETED,55115318,16621290,4104,333.19712747095895,55164480,16635681,6147,452.8323697141873
89344632,2026-08-01T14:50:47.106173Z,2026-08-01T14:52:13.676396100Z,EPISODE_TYPE_PUBLIC,COMPLETED,55118395,16654158,23870,632.4563125659587,55164579,16624625,78713,736.9150892827932
89345179,2026-08-01T14:54:52.455933300Z,2026-08-01T14:55:55.617601600Z,EPISODE_TYPE_PUBLIC,COMPLETED,55164254,16636454,48422,805.6893431358579,55116691,16621802,45791,853.8259128481094
89350989,2026-08-01T15:38:43.829325900Z,2026-08-01T15:40:18.826363Z,EPISODE_TYPE_PUBLIC,COMPLETED,55115388,16621402,43271,589.6414686417218,55165649,16636148,94715,706.8042848805303
89353103,2026-08-01T15:54:49.442432700Z,2026-08-01T15:56:00.992756300Z,EPISODE_TYPE_PUBLIC,COMPLETED,55165723,16637919,145910,943.8418755635877,55116691,16621802,46509,850.380124194877
89355753,2026-08-01T16:14:46.904240600Z,2026-08-01T16:15:45.934027500Z,EPISODE_TYPE_PUBLIC,COMPLETED,55118395,16654158,33547,629.2189359823199,55166176,16635670,100012,812.1961766017093
89356851,2026-08-01T16:22:43.978740800Z,2026-08-01T16:24:07.761505400Z,EPISODE_TYPE_PUBLIC,COMPLETED,55165839,16623577,23299,504.9249353104775,55115388,16621402,45533,594.4135236116921
89357359,2026-08-01T16:26:42.091379500Z,2026-08-01T16:27:33.410831600Z,EPISODE_TYPE_PUBLIC,COMPLETED,55116223,16622032,41497,582.2516621480147,55166655,16637987,20832,484.71288051310046
89357401,2026-08-01T16:26:42.170624600Z,2026-08-01T16:27:38.153934600Z,EPISODE_TYPE_PUBLIC,COMPLETED,55117284,16622422,6259,417.1475322450873,55166316,16637845,3000,306.48858358523955
89360008,2026-08-01T16:47:00.170953100Z,2026-08-01T16:48:20.186954Z,EPISODE_TYPE_PUBLIC,COMPLETED,55118395,16654158,24374,626.0511891852465,55166957,16631752,107654,816.0089702756841
89360038,2026-08-01T16:47:00.257976800Z,2026-08-01T16:48:20.240674200Z,EPISODE_TYPE_PUBLIC,COMPLETED,55115388,16621402,32133,590.4806046023848,55166329,16623458,89793,719.5553544913487
89364781,2026-08-01T17:22:47.902404100Z,2026-08-01T17:23:51.753771700Z,EPISODE_TYPE_PUBLIC,COMPLETED,55115388,16621402,29667,587.0132161844529,55167585,16623390,155057,761.8656925712096
89365841,2026-08-01T17:30:48.179477900Z,2026-08-01T17:31:50.657923800Z,EPISODE_TYPE_PUBLIC,COMPLETED,55167848,16623691,83100,702.0722928454634,55116223,16622032,38364,573.3685021058494
89365843,2026-08-01T17:30:48.184879Z,2026-08-01T17:31:49.421254300Z,EPISODE_TYPE_PUBLIC,COMPLETED,55116223,16622032,29998,578.278065551429,55167780,16635238,158136,756.4635106740755
89367960,2026-08-01T17:46:48.560367700Z,2026-08-01T17:47:46.511365900Z,EPISODE_TYPE_PUBLIC,COMPLETED,55116223,16622032,29768,568.592057850125,55168221,16622937,166758,700.6884007466019
89369036,2026-08-01T17:54:58.047218100Z,2026-08-01T17:56:21.164740500Z,EPISODE_TYPE_PUBLIC,COMPLETED,55168050,16638375,25084,794.2532147028373,55116691,16621802,51463,854.2264299289687
89369588,2026-08-01T17:58:51.945531Z,2026-08-01T18:00:07.305587800Z,EPISODE_TYPE_PUBLIC,COMPLETED,55167828,16634060,50685,634.4055735588576,55116223,16622032,44830,563.057434865717
89370118,2026-08-01T18:02:52.923588800Z,2026-08-01T18:04:06.208150600Z,EPISODE_TYPE_PUBLIC,COMPLETED,55167473,16625216,83780,848.8945994865489,55116691,16621802,59945,849.5035325392582
89371133,2026-08-01T18:10:50.116402700Z,2026-08-01T18:12:09.757077600Z,EPISODE_TYPE_PUBLIC,COMPLETED,55116223,16622032,30056,559.9207612336796,55168498,16623799,165712,776.8002707210726
89373275,2026-08-01T18:26:51.059192900Z,2026-08-01T18:28:12.657023700Z,EPISODE_TYPE_PUBLIC,COMPLETED,55168756,16633276,60638,751.7377677092692,55118395,16654158,49357,621.9951287351774
89376980,2026-08-01T18:54:52.739869600Z,2026-08-01T18:55:57.824973200Z,EPISODE_TYPE_PUBLIC,COMPLETED,55117284,16622422,5814,413.6829762652744,55169216,16633133,160916,660.9887595170991
89378047,2026-08-01T19:02:49.883404900Z,2026-08-01T19:03:58.893976300Z,EPISODE_TYPE_PUBLIC,COMPLETED,55118395,16654158,49425,626.5959269206803,55169056,16631609,45313,543.4198017758226
89379085,2026-08-01T19:10:50.896518900Z,2026-08-01T19:11:47.537363100Z,EPISODE_TYPE_PUBLIC,COMPLETED,55115388,16621402,48539,591.6737971297911,55169423,16621610,10602,487.6284270939626
89379614,2026-08-01T19:14:57.808406Z,2026-08-01T19:15:54.254355700Z,EPISODE_TYPE_PUBLIC,COMPLETED,55116223,16622032,43827,565.3838242559347,55169476,16638953,22791,479.541862015379
89382277,2026-08-01T19:34:53.872247400Z,2026-08-01T19:36:05.833944500Z,EPISODE_TYPE_PUBLIC,COMPLETED,55117284,16622422,6220,408.0698652027594,55169476,16638953,29384,524.6019037024953
89382302,2026-08-01T19:34:54.013256500Z,2026-08-01T19:35:51.981318600Z,EPISODE_TYPE_PUBLIC,COMPLETED,55156372,16625050,33230,616.4874767091128,55118395,16654158,37635,632.3262728711105
89384369,2026-08-01T19:50:55.761708200Z,2026-08-01T19:52:19.547376300Z,EPISODE_TYPE_PUBLIC,COMPLETED,55169865,16623390,119254,876.955180249686,55116691,16621802,46221,845.1053756949403
89384375,2026-08-01T19:50:55.776116700Z,2026-08-01T19:51:57.785740100Z,EPISODE_TYPE_PUBLIC,COMPLETED,55169720,16638953,25439,513.332842321442,55116223,16622032,28027,571.1144430134776
89385450,2026-08-01T19:58:55.827939500Z,2026-08-01T20:00:16.049692Z,EPISODE_TYPE_PUBLIC,COMPLETED,55116691,16621802,52024,841.7590159773796,55169486,16622338,93085,928.1153669284228
89387018,2026-08-01T20:10:58.779366200Z,2026-08-01T20:12:18.202895900Z,EPISODE_TYPE_PUBLIC,COMPLETED,55170053,16631609,54830,746.7927537952532,55118395,16654158,49303,628.3943450759232
89389677,2026-08-01T20:30:58.729579800Z,2026-08-01T20:32:06.604110200Z,EPISODE_TYPE_PUBLIC,COMPLETED,55117284,16622422,6220,400.1340272046401,55165150,16634952,30471,420.74475167427164
89390701,2026-08-01T20:38:55.289173900Z,2026-08-01T20:40:23.393736600Z,EPISODE_TYPE_PUBLIC,COMPLETED,55118395,16654158,44833,624.666597345521,55170276,16633179,82738,742.001609776317
89392276,2026-08-01T20:50:55.259832300Z,2026-08-01T20:52:14.018529200Z,EPISODE_TYPE_PUBLIC,COMPLETED,55118395,16654158,41423,616.0370938149578,55170647,16639155,94241,714.6830503929845
89392277,2026-08-01T20:50:55.264317Z,2026-08-01T20:51:56.099481300Z,EPISODE_TYPE_PUBLIC,COMPLETED,55118395,16654158,18361,620.302682356884,55170681,16638019,26000,715.9894240150478
89394388,2026-08-01T21:06:55.484192200Z,2026-08-01T21:08:17.629959200Z,EPISODE_TYPE_PUBLIC,COMPLETED,55170536,16638019,13437,475.82846598642885,55117284,16622422,5888,394.01904599292874
89395980,2026-08-01T21:18:59.834459700Z,2026-08-01T21:20:16.858044600Z,EPISODE_TYPE_PUBLIC,COMPLETED,55116608,16622251,3000,234.8600448310629,55134092,16629426,3000,242.70132769798187
89395981,2026-08-01T21:18:59.833941300Z,2026-08-01T21:20:18.517253100Z,EPISODE_TYPE_PUBLIC,COMPLETED,55168836,16633790,36142,625.7314941902176,55115388,16621402,30072,586.2372463753615
89401270,2026-08-01T21:58:54.186302600Z,2026-08-01T22:00:19.014100400Z,EPISODE_TYPE_PUBLIC,COMPLETED,55115388,16621402,48849,591.2018227143278,55165612,16629201,37938,533.8440084557784
89403347,2026-08-01T22:14:56.240103300Z,2026-08-01T22:16:18.163224Z,EPISODE_TYPE_PUBLIC,COMPLETED,55171072,16629165,82199,850.5762721510254,55116691,16621802,51502,837.2398947579468
89404408,2026-08-01T22:22:57.897319900Z,2026-08-01T22:24:00.507552700Z,EPISODE_TYPE_PUBLIC,COMPLETED,55168601,16634316,3000,223.59812752953326,55115641,16621519,2300,216.42861068293593
89405456,2026-08-01T22:30:54.249955500Z,2026-08-01T22:31:57.904238600Z,EPISODE_TYPE_PUBLIC,COMPLETED,55171527,16639280,35771,641.4721969648283,55118395,16654158,39545,622.1645561107001
89407051,2026-08-01T22:43:03.952137700Z,2026-08-01T22:44:27.154130700Z,EPISODE_TYPE_PUBLIC,COMPLETED,55115318,16621290,4104,341.11251835675597,55159302,16635248,3000,254.41193629382877
89408639,2026-08-01T22:55:05.719678900Z,2026-08-01T22:56:18.974059200Z,EPISODE_TYPE_PUBLIC,COMPLETED,55155682,16625434,22370,593.3244985944891,55115388,16621402,34079,597.1704676675976
89413382,2026-08-01T23:31:03.609925100Z,2026-08-01T23:32:21.828028500Z,EPISODE_TYPE_PUBLIC,COMPLETED,55159517,16635159,43574,610.0240626384295,55118395,16654158,45872,627.3597690779437
89414446,2026-08-01T23:39:03.442916300Z,2026-08-01T23:40:23.616110200Z,EPISODE_TYPE_PUBLIC,COMPLETED,55170223,16635681,12074,471.7122662726805,55117284,16622422,6232,388.1904396581678
89415497,2026-08-01T23:47:04.121280500Z,2026-08-01T23:48:05.134085400Z,EPISODE_TYPE_PUBLIC,COMPLETED,55171579,16633984,2340,179.0478175409322,55116608,16622251,3000,254.60858374613116
89420889,2026-08-02T00:27:04.006174400Z,2026-08-02T00:28:07.332411100Z,EPISODE_TYPE_PUBLIC,COMPLETED,55172159,16639280,93465,864.0079351603101,55116691,16621802,69479,833.0762752688042
89422500,2026-08-02T00:39:04.209477900Z,2026-08-02T00:40:22.974933500Z,EPISODE_TYPE_PUBLIC,COMPLETED,55173347,16634172,50835,686.5008516125326,55115388,16621402,49073,592.9654406898389
89423554,2026-08-02T00:47:07.094910700Z,2026-08-02T00:48:24.108752600Z,EPISODE_TYPE_PUBLIC,COMPLETED,55118395,16654158,29530,623.213565313891,55174028,16630797,167778,716.868271585225
89424073,2026-08-02T00:51:04.979772Z,2026-08-02T00:52:24.161661500Z,EPISODE_TYPE_PUBLIC,COMPLETED,55116223,16622032,49333,568.2346003781144,55174008,16637255,87284,799.6620395572918
89424098,2026-08-02T00:51:05.022896600Z,2026-08-02T00:52:07.691435200Z,EPISODE_TYPE_PUBLIC,COMPLETED,55116691,16621802,56959,836.419567940862,55173175,16632510,49043,747.4752455024634
89427319,2026-08-02T01:15:09.342847Z,2026-08-02T01:16:12.520529400Z,EPISODE_TYPE_PUBLIC,COMPLETED,55173268,16630752,51088,855.8250691731715,55116691,16621802,54292,841.383581964115
89431607,2026-08-02T01:47:12.451047300Z,2026-08-02T01:49:09.324395500Z,EPISODE_TYPE_PUBLIC,COMPLETED,55116691,16621802,48677,835.4827201719903,55174374,16639496,67162,772.0404347130597
89434819,2026-08-02T02:11:11.841647800Z,2026-08-02T02:12:25.282803300Z,EPISODE_TYPE_PUBLIC,COMPLETED,55116223,16622032,49482,573.9867750444614,55174792,16634246,28840,528.3303611484533
89438551,2026-08-02T02:39:11.555256400Z,2026-08-02T02:40:32.627820Z,EPISODE_TYPE_PUBLIC,COMPLETED,55115388,16621402,20453,588.9099225368622,55175639,16630896,28151,706.5467089698313
89440698,2026-08-02T02:55:13.151536200Z,2026-08-02T02:56:19.426664800Z,EPISODE_TYPE_PUBLIC,COMPLETED,55175863,16635029,71714,700.9662525001263,55116223,16622032,22249,569.6760982296337
89446662,2026-08-02T03:39:11.266779300Z,2026-08-02T03:40:18.490243500Z,EPISODE_TYPE_PUBLIC,COMPLETED,55176432,16639692,6992,477.33752588257374,55117284,16622422,6259,382.371031860352
89446665,2026-08-02T03:39:11.269093800Z,2026-08-02T03:40:34.210776600Z,EPISODE_TYPE_PUBLIC,COMPLETED,55115318,16621290,3879,335.35188474225487,55176384,16639692,6719,499.27278656050225
89447185,2026-08-02T03:43:11.015170700Z,2026-08-02T03:44:39.036879600Z,EPISODE_TYPE_PUBLIC,COMPLETED,55176638,16636148,129934,715.6214843370605,55118395,16654158,42609,619.1558516395393
89448794,2026-08-02T03:55:13.710487Z,2026-08-02T03:56:24.087241900Z,EPISODE_TYPE_PUBLIC,COMPLETED,55116691,16621802,70207,831.9049765554332,55176693,16623646,108482,925.5540168608237
89453119,2026-08-02T04:27:10.969391500Z,2026-08-02T04:28:19.708665200Z,EPISODE_TYPE_PUBLIC,COMPLETED,55177023,16630984,19098,506.7553160691367,55115388,16621402,35532,593.2676084055402
89453129,2026-08-02T04:27:10.981102300Z,2026-08-02T04:28:33.144590400Z,EPISODE_TYPE_PUBLIC,COMPLETED,55176693,16623646,92707,804.2044113207272,55116691,16621802,64413,826.7375950826063
89454725,2026-08-02T04:39:12.055743500Z,2026-08-02T04:40:34.522909100Z,EPISODE_TYPE_PUBLIC,COMPLETED,55177159,16639330,112720,996.0313821834521,55116691,16621802,64052,824.2778505392833
89456876,2026-08-02T04:55:15.521686900Z,2026-08-02T04:56:33.884664200Z,EPISODE_TYPE_PUBLIC,COMPLETED,55116223,16622032,32003,565.4690313681003,55177831,16623805,141048,699.7527751124351
89457419,2026-08-02T04:59:12.091720700Z,2026-08-02T05:00:11.200269900Z,EPISODE_TYPE_PUBLIC,COMPLETED,55118395,16654158,49078,621.8990654917199,55177834,16632006,8454,437.10543805028607
89459048,2026-08-02T05:11:12.141102700Z,2026-08-02T05:12:31.325621500Z,EPISODE_TYPE_PUBLIC,COMPLETED,55117284,16622422,6259,377.61817876638435,55177834,16632006,12825,510.1893261091965
89460654,2026-08-02T05:23:11.887602200Z,2026-08-02T05:24:28.297657300Z,EPISODE_TYPE_PUBLIC,COMPLETED,55118395,16654158,49182,618.1999953701901,55178199,16621683,54357,726.3555996963742
89466572,2026-08-02T06:07:11.704524700Z,2026-08-02T06:08:15.171961600Z,EPISODE_TYPE_PUBLIC,COMPLETED,55116223,16622032,48178,569.1866118335705,55178876,16639973,6834,412.0249983810967
89470325,2026-08-02T06:35:16.331757300Z,2026-08-02T06:36:41.537423500Z,EPISODE_TYPE_PUBLIC,COMPLETED,55179265,16622349,154915,895.808013697278,55115388,16621402,30597,591.5630287205187
89472522,2026-08-02T06:51:13.063639Z,2026-08-02T06:52:30.652882300Z,EPISODE_TYPE_PUBLIC,COMPLETED,55116223,16622032,31064,566.0939293184443,55179515,16636094,167425,767.3752577063943
89472528,2026-08-02T06:51:13.077012600Z,2026-08-02T06:52:21.477658500Z,EPISODE_TYPE_PUBLIC,COMPLETED,55115388,16621402,40400,588.4095531888764,55179299,16621354,58613,739.7440532221797
89472530,2026-08-02T06:51:13.079845500Z,2026-08-02T06:52:40.050456800Z,EPISODE_TYPE_PUBLIC,COMPLETED,55179110,16639973,84725,827.3846574741204,55116691,16621802,46268,819.6160907203698
89475209,2026-08-02T07:11:11.860377400Z,2026-08-02T07:12:26.959485700Z,EPISODE_TYPE_PUBLIC,COMPLETED,55179848,16624979,154178,924.8169977414015,55116691,16621802,47216,816.2377829765635
89475223,2026-08-02T07:11:11.877541400Z,2026-08-02T07:12:12.564620Z,EPISODE_TYPE_PUBLIC,COMPLETED,55115388,16621402,29134,591.5510233965856,55179919,16624990,5029,426.69696179635946
89481720,2026-08-02T07:59:12.338697200Z,2026-08-02T08:00:34.663268Z,EPISODE_TYPE_PUBLIC,COMPLETED,55180820,16638375,130268,698.7692986361001,55116223,16622032,34233,562.0682700760535
89486571,2026-08-02T08:35:16.622140Z,2026-08-02T08:36:24.319383800Z,EPISODE_TYPE_PUBLIC,COMPLETED,55181260,16621355,141697,915.0176707276833,55116691,16621802,52538,812.7756719042973
89486581,2026-08-02T08:35:16.630524200Z,2026-08-02T08:36:31.924748600Z,EPISODE_TYPE_PUBLIC,COMPLETED,55181343,16632867,164391,766.174402610018,55118395,16654158,30233,615.0356881740333
89486604,2026-08-02T08:35:16.662085400Z,2026-08-02T08:36:13.475600200Z,EPISODE_TYPE_PUBLIC,COMPLETED,55115318,16621290,3846,328.39899816023376,55181265,16632006,36411,443.94588330939854
89487116,2026-08-02T08:39:12.339476700Z,2026-08-02T08:40:52.194013400Z,EPISODE_TYPE_PUBLIC,COMPLETED,55116691,16621802,42710,808.302898605893,55181430,16639492,60050,840.3759918789709
89488222,2026-08-02T08:47:31.432489100Z,2026-08-02T08:48:30.678232600Z,EPISODE_TYPE_PUBLIC,COMPLETED,55116223,16622032,30529,558.1342060848694,55181641,16630713,172575,697.6455196004355
89488768,2026-08-02T08:51:18.311515900Z,2026-08-02T08:52:33.815384800Z,EPISODE_TYPE_PUBLIC,COMPLETED,55181696,16633934,25905,478.8229062840075,55116223,16622032,48934,562.9610885992583
89488772,2026-08-02T08:51:18.316367400Z,2026-08-02T08:52:30.060871100Z,EPISODE_TYPE_PUBLIC,COMPLETED,55181516,16631261,50641,659.3789492576932,55118395,16654158,48849,610.4847034549902
89492583,2026-08-02T09:19:11.986491700Z,2026-08-02T09:20:15.013660900Z,EPISODE_TYPE_PUBLIC,COMPLETED,55115388,16621402,49321,587.3315218902068,55181918,16634213,70320,671.0428147841087
89494733,2026-08-02T09:35:13.951840400Z,2026-08-02T09:36:17.802913700Z,EPISODE_TYPE_PUBLIC,COMPLETED,55115388,16621402,31148,583.5962619305672,55182448,16634312,129379,704.964655945026
89499636,2026-08-02T10:11:11.590507900Z,2026-08-02T10:12:32.809730900Z,EPISODE_TYPE_PUBLIC,COMPLETED,55182858,16633222,74452,873.6608184915667,55116691,16621802,51760,804.426393871683
89499670,2026-08-02T10:11:11.629167100Z,2026-08-02T10:12:10.003352100Z,EPISODE_TYPE_PUBLIC,COMPLETED,55115388,16621402,47094,587.6528475280584,55182503,16637340,41954,507.66313213126136
89502881,2026-08-02T10:35:14.592472600Z,2026-08-02T10:36:26.183721300Z,EPISODE_TYPE_PUBLIC,COMPLETED,55183328,16623990,160906,920.6106052426786,55116691,16621802,49112,801.188559383611
89504535,2026-08-02T10:47:13.793037800Z,2026-08-02T10:48:23.580581100Z,EPISODE_TYPE_PUBLIC,COMPLETED,55183406,16638031,60509,866.0708111074915,55116691,16621802,46811,797.3474036416728
89508911,2026-08-02T11:19:13.941405Z,2026-08-02T11:20:32.941008400Z,EPISODE_TYPE_PUBLIC,COMPLETED,55183975,16633982,4694,392.80462978321424,55118395,16654158,48993,612.5540795589802
89509415,2026-08-02T11:23:14.251563200Z,2026-08-02T11:24:19.065856300Z,EPISODE_TYPE_PUBLIC,COMPLETED,55184113,16630804,123249,1052.5597868241307,55116691,16621802,44517,795.5728201561702
89509435,2026-08-02T11:23:14.273276500Z,2026-08-02T11:24:13.503640700Z,EPISODE_TYPE_PUBLIC,COMPLETED,55118395,16654158,18883,609.3885986582858,55184146,16633097,46272,745.0154281375527
89513276,2026-08-02T11:51:13.887351600Z,2026-08-02T11:52:18.750558800Z,EPISODE_TYPE_PUBLIC,COMPLETED,55183955,16631772,20342,774.5996406321004,55116691,16621802,50340,799.8903231512986
89520328,2026-08-02T12:43:13.935035200Z,2026-08-02T12:44:19.191405800Z,EPISODE_TYPE_PUBLIC,COMPLETED,55116691,16621802,43733,796.6501828231737,55185800,16622198,139539,915.8919215032303
89523066,2026-08-02T13:03:14.083499600Z,2026-08-02T13:04:30.813991Z,EPISODE_TYPE_PUBLIC,COMPLETED,55185837,16633790,59224,823.7243701387894,55116691,16621802,56637,792.3233867334976
89523642,2026-08-02T13:07:14.259626900Z,2026-08-02T13:08:19.857631600Z,EPISODE_TYPE_PUBLIC,COMPLETED,55186058,16641288,3365,269.47724341838034,55117284,16622422,6259,382.76659219592534
89524186,2026-08-02T13:11:13.975633500Z,2026-08-02T13:12:16.214116Z,EPISODE_TYPE_PUBLIC,COMPLETED,55166107,16625029,2880,190.42852243087574,55116608,16622251,3000,272.4834220565177
89524704,2026-08-02T13:15:16.267376100Z,2026-08-02T13:16:17.671617300Z,EPISODE_TYPE_PUBLIC,COMPLETED,55116691,16621802,42897,788.9499098757216,55186350,16631090,132533,897.8973523161217
89526377,2026-08-02T13:27:14.215462800Z,2026-08-02T13:28:06.570109Z,EPISODE_TYPE_PUBLIC,COMPLETED,55161099,16634352,2740,179.69691028390199,55116608,16622251,3000,287.4822604560221
89528534,2026-08-02T13:43:14.386758300Z,2026-08-02T13:44:29.933952300Z,EPISODE_TYPE_PUBLIC,COMPLETED,55186895,16638031,95525,1019.5255577403562,55116691,16621802,41663,786.9581016636885
89530201,2026-08-02T13:55:18.452649800Z,2026-08-02T13:56:27.456534300Z,EPISODE_TYPE_PUBLIC,COMPLETED,55187348,16623298,14621,487.63815001488723,55115388,16621402,46682,591.5539081947549
89531301,2026-08-02T14:03:14.969333400Z,2026-08-02T14:04:31.839411Z,EPISODE_TYPE_PUBLIC,COMPLETED,55187297,16632493,160377,907.1489418663357,55116691,16621802,46595,783.7706051143938
89533527,2026-08-02T14:19:15.359174400Z,2026-08-02T14:20:27.361427500Z,EPISODE_TYPE_PUBLIC,COMPLETED,55187556,16625663,47647,609.5537728191409,55115388,16621402,42057,586.5056094041545
89536859,2026-08-02T14:43:14.836234400Z,2026-08-02T14:45:28.801464900Z,EPISODE_TYPE_PUBLIC,COMPLETED,55187124,16637025,4173,310.47991960700904,55115641,16621519,2300,201.01762217776002
89537410,2026-08-02T14:47:15.174364900Z,2026-08-02T14:48:17.575687200Z,EPISODE_TYPE_PUBLIC,COMPLETED,55187880,16627324,41284,694.1511505270784,55118395,16654158,30175,605.7927276055677
89537948,2026-08-02T14:51:14.724799900Z,2026-08-02T14:52:30.974824200Z,EPISODE_TYPE_PUBLIC,COMPLETED,55188031,16630501,29773,660.4593845106964,55116691,16621802,51475,786.7316191929082
89538487,2026-08-02T14:55:21.314123Z,2026-08-02T14:56:50.120143200Z,EPISODE_TYPE_PUBLIC,COMPLETED,55188416,16621294,157784,776.9966431818603,55116223,16622032,34555,560.2057285509549
89538534,2026-08-02T14:55:21.368414200Z,2026-08-02T14:56:11.486671800Z,EPISODE_TYPE_PUBLIC,COMPLETED,55188177,16641548,25627,472.5119388367123,55115318,16621290,3846,322.63357387362186
89540164,2026-08-02T15:07:15.316491100Z,2026-08-02T15:08:29.735150400Z,EPISODE_TYPE_PUBLIC,COMPLETED,55188310,16621572,68381,620.9157948169977,55116223,16622032,46029,555.4026847719649
89543465,2026-08-02T15:31:14.066948500Z,2026-08-02T15:32:30.536231200Z,EPISODE_TYPE_PUBLIC,COMPLETED,55189078,16623236,154485,865.9935958273982,55118395,16654158,29761,603.970614581485
89543497,2026-08-02T15:31:14.101283800Z,2026-08-02T15:32:26.138855700Z,EPISODE_TYPE_PUBLIC,COMPLETED,55116223,16622032,14293,550.6088643937813,55188852,16637762,56777,614.7721634390259
89547925,2026-08-02T16:03:15.816485200Z,2026-08-02T16:04:30.616638200Z,EPISODE_TYPE_PUBLIC,COMPLETED,55116223,16622032,27466,545.830696927836,55181185,16640472,31494,600.406569962113
89549543,2026-08-02T16:15:17.412350400Z,2026-08-02T16:16:39.275959100Z,EPISODE_TYPE_PUBLIC,COMPLETED,55118395,16654158,30903,600.454040387802,55190117,16637241,170233,709.9381611351793
89550118,2026-08-02T16:19:14.712642200Z,2026-08-02T16:20:33.293422500Z,EPISODE_TYPE_PUBLIC,COMPLETED,55189463,16623646,90205,820.3323400310272,55116691,16621802,66385,782.596088032627
89550661,2026-08-02T16:23:14.460950300Z,2026-08-02T16:24:25.377098600Z,EPISODE_TYPE_PUBLIC,COMPLETED,55115388,16621402,48898,589.798903921477,55190015,16641884,5013,466.29259303941006
89552879,2026-08-02T16:39:15.442658200Z,2026-08-02T16:40:18.904843900Z,EPISODE_TYPE_PUBLIC,COMPLETED,55116691,16621802,52041,778.9236000071547,55185695,16630689,84833,843.7468438454887
89552880,2026-08-02T16:39:15.444442800Z,2026-08-02T16:40:10.889421200Z,EPISODE_TYPE_PUBLIC,COMPLETED,55116223,16622032,49265,550.2545373016837,55164155,16623745,20382,485.7192866289785
89555615,2026-08-02T16:59:16.533171100Z,2026-08-02T17:00:18.831263700Z,EPISODE_TYPE_PUBLIC,COMPLETED,55115388,16621402,42143,587.1907344194292,55190904,16632510,114080,779.999116456538
89557826,2026-08-02T17:15:19.539882300Z,2026-08-02T17:16:37.562591Z,EPISODE_TYPE_PUBLIC,COMPLETED,55191319,16630964,160280,694.4234812278135,55116223,16622032,31904,546.8047019477164
89562770,2026-08-02T17:51:15.647489300Z,2026-08-02T17:52:18.870972900Z,EPISODE_TYPE_PUBLIC,COMPLETED,55191774,16632994,72715,818.3084503713239,55116691,16621802,63087,774.7074103126456
89567711,2026-08-02T18:27:15.176857700Z,2026-08-02T18:28:19.003920500Z,EPISODE_TYPE_PUBLIC,COMPLETED,55192546,16623298,178681,804.8837120800015,55115388,16621402,32188,584.9011766269657
89570456,2026-08-02T18:47:15.540287100Z,2026-08-02T18:48:20.003975200Z,EPISODE_TYPE_PUBLIC,COMPLETED,55192871,16626332,144705,824.9079221548711,55116691,16621802,41344,770.5715630047522
89577054,2026-08-02T19:35:20.335431200Z,2026-08-02T19:36:51.520397400Z,EPISODE_TYPE_PUBLIC,COMPLETED,55193638,16639492,90506,693.4770379277418,55116223,16622032,21778,543.4240092560885
89577599,2026-08-02T19:39:21.575226200Z,2026-08-02T19:40:34.575795600Z,EPISODE_TYPE_PUBLIC,COMPLETED,55116223,16622032,40080,547.9310445084975,55193681,16640504,12555,474.1239513041195
89577608,2026-08-02T19:39:21.588321500Z,2026-08-02T19:40:30.384330Z,EPISODE_TYPE_PUBLIC,COMPLETED,55115318,16621290,3883,330.5440920173699,55193582,16632841,0,255.43004765282978
89579245,2026-08-02T19:51:16.405151700Z,2026-08-02T19:52:34.629120300Z,EPISODE_TYPE_PUBLIC,COMPLETED,55116691,16621802,70738,773.6835352397667,55193617,16622242,64739,651.7812513333797
89579829,2026-08-02T19:55:18.123726100Z,2026-08-02T19:56:15.978768200Z,EPISODE_TYPE_PUBLIC,COMPLETED,55192075,16643453,23510,628.9455969193136,55118395,16654158,10998,596.1079542160346
89580888,2026-08-02T20:03:15.579649700Z,2026-08-02T20:04:31.352308300Z,EPISODE_TYPE_PUBLIC,COMPLETED,55118395,16654158,31133,592.7473850670004,55194016,16643095,172786,707.6348359208694
89585823,2026-08-02T20:39:15.328501100Z,2026-08-02T20:40:14.957869900Z,EPISODE_TYPE_PUBLIC,COMPLETED,55116223,16622032,49220,550.6877440713447,55194424,16644360,3358,367.3868073551286
89586375,2026-08-02T20:43:15.956405900Z,2026-08-02T20:44:11.207423900Z,EPISODE_TYPE_PUBLIC,COMPLETED,55194302,16641009,26584,485.6085270622723,55118395,16654158,33384,595.9098851181919
89586399,2026-08-02T20:43:15.988178400Z,2026-08-02T20:44:21.391283400Z,EPISODE_TYPE_PUBLIC,COMPLETED,55118395,16654158,31958,592.8347945321655,55191701,16642846,88560,699.3911075303567
89594082,2026-08-02T21:39:16.173592600Z,2026-08-02T21:40:26.860235300Z,EPISODE_TYPE_PUBLIC,COMPLETED,55116223,16622032,29315,554.735988090094,55189006,16632214,27717,478.8009230833085
89594600,2026-08-02T21:43:16.036115800Z,2026-08-02T21:44:22.189421100Z,EPISODE_TYPE_PUBLIC,COMPLETED,55195343,16632841,0,414.094322853884,55116223,16622032,49069,557.9912220375227
89597370,2026-08-02T22:03:16.460933100Z,2026-08-02T22:04:23.669210300Z,EPISODE_TYPE_PUBLIC,COMPLETED,55191624,16641884,6463,401.91489589043834,55115318,16621290,3926,323.24531238742384
89600659,2026-08-02T22:27:15.717861900Z,2026-08-02T22:28:22.504046700Z,EPISODE_TYPE_PUBLIC,COMPLETED,55117284,16622422,6242,389.1771126585486,55195721,16639125,5493,338.3939020329678
89601197,2026-08-02T22:31:15.969314800Z,2026-08-02T22:32:08.127429100Z,EPISODE_TYPE_PUBLIC,COMPLETED,55195913,16637031,31826,489.0765943827879,55118395,16654158,48399,596.2318238291925
89607274,2026-08-02T23:15:20.374896500Z,2026-08-02T23:16:23.269082100Z,EPISODE_TYPE_PUBLIC,COMPLETED,55118395,16654158,19344,592.4257085780401,55188188,16638645,41297,647.7651385782945
89609493,2026-08-02T23:31:17.885425400Z,2026-08-02T23:32:35.788611700Z,EPISODE_TYPE_PUBLIC,COMPLETED,55181912,16626159,2740,203.39319402117613,55116608,16622251,3000,302.2903080570624
89611126,2026-08-02T23:43:17.710621600Z,2026-08-02T23:44:29.432558300Z,EPISODE_TYPE_PUBLIC,COMPLETED,55116691,16621802,61178,768.9346887434622,55196631,16632612,88894,776.5691227487144
89613368,2026-08-02T23:59:20.128123Z,2026-08-03T00:00:32.895342800Z,EPISODE_TYPE_PUBLIC,COMPLETED,55118395,16654158,44661,596.9596252880251,55160065,16623189,43227,589.0131591039398
89615647,2026-08-03T00:15:21.470534900Z,2026-08-03T00:16:21.422800500Z,EPISODE_TYPE_PUBLIC,COMPLETED,55197315,16623390,62295,829.2742546297021,55116691,16621802,56340,764.986400818296
89615681,2026-08-03T00:15:21.716594500Z,2026-08-03T00:16:22.747213Z,EPISODE_TYPE_PUBLIC,COMPLETED,55196404,16622938,87076,804.2725965053386,55116691,16621802,56612,760.9953324814253
89616763,2026-08-03T00:23:18.311179300Z,2026-08-03T00:24:11.818565300Z,EPISODE_TYPE_PUBLIC,COMPLETED,55118395,16654158,28890,593.6551801641912,55197897,16623390,68199,707.9002489415178
89618430,2026-08-03T00:35:22.768263200Z,2026-08-03T00:36:23.249247400Z,EPISODE_TYPE_PUBLIC,COMPLETED,55118395,16654158,32090,591.2999122938188,55198090,16635747,169450,786.8773693418011
89619560,2026-08-03T00:43:19.118851900Z,2026-08-03T00:44:19.812904400Z,EPISODE_TYPE_PUBLIC,COMPLETED,55197648,16641009,38964,666.2853076796187,55116691,16621802,58946,764.2894889612011
89621241,2026-08-03T00:55:23.354567400Z,2026-08-03T00:56:20.803988800Z,EPISODE_TYPE_PUBLIC,COMPLETED,55197648,16641009,61314,707.087369703423,55116691,16621802,63848,768.0624444995161
89622339,2026-08-03T01:03:18.756090100Z,2026-08-03T01:04:21.165281900Z,EPISODE_TYPE_PUBLIC,COMPLETED,55198460,16621354,60291,836.2302049338306,55116691,16621802,48363,764.2682291439294
89623456,2026-08-03T01:11:18.371223500Z,2026-08-03T01:12:17.112280900Z,EPISODE_TYPE_PUBLIC,COMPLETED,55198464,16643554,31830,504.5929101597653,55116223,16622032,35433,562.3667985027429
89623464,2026-08-03T01:11:18.378222400Z,2026-08-03T01:12:12.157057800Z,EPISODE_TYPE_PUBLIC,COMPLETED,55115388,16621402,48229,580.116644248755,55198476,16644577,51915,602.0369644762334
89627356,2026-08-03T01:39:22.077198400Z,2026-08-03T01:40:21.686070100Z,EPISODE_TYPE_PUBLIC,COMPLETED,55118395,16654158,26434,587.0768248545762,55198942,16644410,28392,625.6868237530321
89629562,2026-08-03T01:55:24.377981Z,2026-08-03T01:56:51.454993900Z,EPISODE_TYPE_PUBLIC,COMPLETED,55115388,16621402,31312,576.7732360821168,55199544,16623458,119505,702.9481815177525
89632923,2026-08-03T02:19:22.429718400Z,2026-08-03T02:20:44.943266300Z,EPISODE_TYPE_PUBLIC,COMPLETED,55116223,16622032,30110,559.066469949242,55200044,16634078,155069,697.861770504265
89636843,2026-08-03T02:47:23.102118300Z,2026-08-03T02:48:24.202627300Z,EPISODE_TYPE_PUBLIC,COMPLETED,55115388,16621402,32203,574.3470497463313,55200421,16622919,165995,774.4088722697127
89637408,2026-08-03T02:51:38.652886800Z,2026-08-03T02:52:40.338580400Z,EPISODE_TYPE_PUBLIC,COMPLETED,55116223,16622032,40875,559.3686380978565,55200589,16638177,89676,697.9428065148077
89637409,2026-08-03T02:51:38.653510Z,2026-08-03T02:52:38.952644600Z,EPISODE_TYPE_PUBLIC,COMPLETED,55118395,16654158,32329,583.8609856224233,55200575,16627472,181667,705.0069953356073
89637420,2026-08-03T02:51:38.669384100Z,2026-08-03T02:52:32.705320Z,EPISODE_TYPE_PUBLIC,COMPLETED,55116223,16622032,46647,562.6066204052573,55200509,16644210,703,447.3250999077318
89640784,2026-08-03T03:15:24.511375Z,2026-08-03T03:16:37.202344900Z,EPISODE_TYPE_PUBLIC,COMPLETED,55201008,16633790,87780,787.246113160594,55115388,16621402,26031,572.0979653676775
89641348,2026-08-03T03:19:26.724980500Z,2026-08-03T03:20:42.791753600Z,EPISODE_TYPE_PUBLIC,COMPLETED,55201074,16637255,172198,697.0379369185429,55116223,16622032,32046,556.1904799921037
89644171,2026-08-03T03:39:22.798318500Z,2026-08-03T03:40:38.072954200Z,EPISODE_TYPE_PUBLIC,COMPLETED,55116223,16622032,42509,551.5616238516825,55201069,16637031,49647,578.2124316022082
89645828,2026-08-03T03:51:22.722625Z,2026-08-03T03:52:28.832873100Z,EPISODE_TYPE_PUBLIC,COMPLETED,55201507,16629699,162585,790.6200193376244,55115388,16621402,37594,569.9219300217596
89648652,2026-08-03T04:11:26.542860600Z,2026-08-03T04:12:44.599919500Z,EPISODE_TYPE_PUBLIC,COMPLETED,55116691,16621802,52619,760.9553990853742,55201211,16632686,85681,851.6661153911117
89651444,2026-08-03T04:31:22.271768100Z,2026-08-03T04:32:40.316622300Z,EPISODE_TYPE_PUBLIC,COMPLETED,55116691,16621802,46660,755.2326250757467,55201659,16640058,73578,700.7685670603305
89653649,2026-08-03T04:47:25.179378500Z,2026-08-03T04:48:39.053377900Z,EPISODE_TYPE_PUBLIC,COMPLETED,55116223,16622032,19791,547.3431656584795,55202366,16645426,21991,605.5964510070455
89658182,2026-08-03T05:19:25.672695700Z,2026-08-03T05:20:50.812341800Z,EPISODE_TYPE_PUBLIC,COMPLETED,55202818,16640399,57113,529.0009388129329,55117284,16622422,5971,384.74968814685633
89662693,2026-08-03T05:51:26.778033200Z,2026-08-03T05:52:44.402407100Z,EPISODE_TYPE_PUBLIC,COMPLETED,55116691,16621802,60888,752.477840322522,55203473,16623697,107439,911.6199460456589
89666119,2026-08-03T06:15:27.067800300Z,2026-08-03T06:17:03.845325200Z,EPISODE_TYPE_PUBLIC,COMPLETED,55116691,16621802,49293,749.2300297638893,55203384,16640540,96304,846.6152125742134
89666657,2026-08-03T06:19:24.950125100Z,2026-08-03T06:20:21.805742300Z,EPISODE_TYPE_PUBLIC,COMPLETED,55203946,16643453,28000,571.5078307060909,55117284,16622422,5300,381.27091303968706
89666681,2026-08-03T06:19:24.979651600Z,2026-08-03T06:20:45.171732600Z,EPISODE_TYPE_PUBLIC,COMPLETED,55116691,16621802,59816,745.5001325089077,55203478,16624309,87024,808.3483647301855
89666689,2026-08-03T06:19:25.007835100Z,2026-08-03T06:20:33.606462900Z,EPISODE_TYPE_PUBLIC,COMPLETED,55115318,16621290,3967,329.3190376252303,55161251,16634352,2740,217.83235793485682
89669492,2026-08-03T06:39:24.863066100Z,2026-08-03T06:40:58.073210900Z,EPISODE_TYPE_PUBLIC,COMPLETED,55204448,16639223,70218,839.7955325048654,55116691,16621802,56270,741.978759641405
89672348,2026-08-03T06:59:24.972746400Z,2026-08-03T07:00:56.462272600Z,EPISODE_TYPE_PUBLIC,COMPLETED,55204490,16630984,75970,635.1033722843489,55116223,16622032,36483,543.7962406299125
89673487,2026-08-03T07:07:25.192792300Z,2026-08-03T07:08:41.784278300Z,EPISODE_TYPE_PUBLIC,COMPLETED,55117284,16622422,6010,376.4922884435766,55204531,16641294,43526,484.06931740031337
89676314,2026-08-03T07:27:25.635359500Z,2026-08-03T07:29:40.642743900Z,EPISODE_TYPE_PUBLIC,COMPLETED,55115641,16621519,2300,215.96873675983102,55181628,16621735,0,117.48901711616674
89676322,2026-08-03T07:27:25.648694700Z,2026-08-03T07:28:32.729167100Z,EPISODE_TYPE_PUBLIC,COMPLETED,55117284,16622422,6259,381.90401298129876,55203084,16644861,3000,306.32682134752713
89677424,2026-08-03T07:35:28.472139100Z,2026-08-03T07:36:33.783735500Z,EPISODE_TYPE_PUBLIC,COMPLETED,55205731,16627600,46439,692.7366637619167,55116223,16622032,24208,540.8951425273651
89679698,2026-08-03T07:51:28.554046500Z,2026-08-03T07:52:56.659678100Z,EPISODE_TYPE_PUBLIC,COMPLETED,55205627,16627600,27283,471.12900958875986,55116223,16622032,29586,544.5937318055824
89679699,2026-08-03T07:51:28.554856400Z,2026-08-03T07:53:00.409572200Z,EPISODE_TYPE_PUBLIC,COMPLETED,55115388,16621402,46592,566.812457797139,55205319,16629308,72458,681.5108118736554
89680243,2026-08-03T07:55:31.077975500Z,2026-08-03T07:56:41.978897500Z,EPISODE_TYPE_PUBLIC,COMPLETED,55115388,16621402,49492,570.5012878062794,55206155,16650070,3000,481.22254919603927
89684193,2026-08-03T08:23:27.961400900Z,2026-08-03T08:24:36.757096600Z,EPISODE_TYPE_PUBLIC,COMPLETED,55206633,16632368,98075,812.6147455316998,55116691,16621802,74762,738.1348140586925
89687609,2026-08-03T08:47:38.203744900Z,2026-08-03T08:48:48.658372500Z,EPISODE_TYPE_PUBLIC,COMPLETED,55206884,16644481,98418,884.2178931031804,55116691,16621802,46904,735.3092498716196
89688755,2026-08-03T08:55:47.823120500Z,2026-08-03T08:57:09.056684800Z,EPISODE_TYPE_PUBLIC,COMPLETED,55207369,16627032,181008,692.9679343281475,55116223,16622032,32068,541.7457970324575
89689326,2026-08-03T08:59:42.901357400Z,2026-08-03T09:00:47.744803800Z,EPISODE_TYPE_PUBLIC,COMPLETED,55207215,16641501,36294,696.6046492376063,55116223,16622032,22248,539.1212610557659
89689910,2026-08-03T09:03:42.735956800Z,2026-08-03T09:05:03.025258500Z,EPISODE_TYPE_PUBLIC,COMPLETED,55206633,16632368,88012,736.3525796859333,55116691,16621802,70448,730.6402969644189
89696119,2026-08-03T09:47:28.208857600Z,2026-08-03T09:48:32.692694600Z,EPISODE_TYPE_PUBLIC,COMPLETED,55116223,16622032,48617,543.0229626284914,55208363,16651623,723,472.597499666105
89697248,2026-08-03T09:55:32.482480300Z,2026-08-03T09:56:38.381848800Z,EPISODE_TYPE_PUBLIC,COMPLETED,55118395,16654158,48994,587.3403195136493,55208518,16651623,4983,486.389097429354
89697850,2026-08-03T09:59:28.851290900Z,2026-08-03T10:00:39.787775700Z,EPISODE_TYPE_PUBLIC,COMPLETED,55115388,16621402,24604,566.4731531052637,55206898,16630837,41381,613.1135163643286
89704066,2026-08-03T10:43:27.670510500Z,2026-08-03T10:44:55.971948900Z,EPISODE_TYPE_PUBLIC,COMPLETED,55209495,16635314,180011,692.5357283633708,55116223,16622032,32235,540.1890559473632
89705783,2026-08-03T10:55:34.011333600Z,2026-08-03T10:56:47.742684300Z,EPISODE_TYPE_PUBLIC,COMPLETED,55209340,16651088,33450,652.9778409798731,55116223,16622032,24142,537.1321009864573
89705791,2026-08-03T10:55:34.021788800Z,2026-08-03T10:56:41.572216200Z,EPISODE_TYPE_PUBLIC,COMPLETED,55209523,16635663,6449,387.6917696109133,55115641,16621519,2300,205.70693320493507
89706331,2026-08-03T10:59:28.512417Z,2026-08-03T11:00:49.425548800Z,EPISODE_TYPE_PUBLIC,COMPLETED,55209777,16641109,3239,487.4343122316866,55118395,16654158,49182,590.7876437015539
89709183,2026-08-03T11:19:28.807039200Z,2026-08-03T11:20:37.795105300Z,EPISODE_TYPE_PUBLIC,COMPLETED,55115388,16621402,49347,569.284663493864,55210081,16652230,1620,419.19606221232505
89714884,2026-08-03T11:59:28.643717800Z,2026-08-03T12:00:57.800067700Z,EPISODE_TYPE_PUBLIC,COMPLETED,55210821,16642570,164788,847.4678386397153,55116691,16621802,44283,727.4105777366791
89724071,2026-08-03T13:03:26.598822400Z,2026-08-03T13:04:41.478851200Z,EPISODE_TYPE_PUBLIC,COMPLETED,55118395,16654158,30537,586.8322359152068,55211864,16644229,82658,640.0402162714688
89733244,2026-08-03T14:07:32.272631400Z,2026-08-03T14:08:48.338887800Z,EPISODE_TYPE_PUBLIC,COMPLETED,55116608,16622251,3000,286.1761449695138,55182296,16637342,3372,349.5695870168038
89735515,2026-08-03T14:23:33.034726400Z,2026-08-03T14:24:58.370968Z,EPISODE_TYPE_PUBLIC,COMPLETED,55116691,16621802,45876,724.6823023222993,55213815,16642662,136555,886.1295169978926
89738422,2026-08-03T14:43:32.856180500Z,2026-08-03T14:44:58.564630600Z,EPISODE_TYPE_PUBLIC,COMPLETED,55116691,16621802,69806,719.4694858267294,55213900,16632253,84441,695.4979573803106
89741276,2026-08-03T15:03:33.141281500Z,2026-08-03T15:04:50.865780300Z,EPISODE_TYPE_PUBLIC,COMPLETED,55116691,16621802,49232,716.0764100268614,55214936,16635681,163154,823.5319465687367
89741872,2026-08-03T15:07:33.746443300Z,2026-08-03T15:08:32.445361400Z,EPISODE_TYPE_PUBLIC,COMPLETED,55215118,16648589,26746,481.9666165109046,55115388,16621402,30572,572.8994358632175
89744232,2026-08-03T15:23:35.805137600Z,2026-08-03T15:24:33.868259500Z,EPISODE_TYPE_PUBLIC,COMPLETED,55117284,16622422,5995,377.2002822910383,55215087,16653068,43626,484.70893750249587
89744237,2026-08-03T15:23:35.811272600Z,2026-08-03T15:24:52.567595900Z,EPISODE_TYPE_PUBLIC,COMPLETED,55214671,16634246,78623,757.533270455783,55116691,16621802,61666,712.0603249832692
89748283,2026-08-03T15:51:32.815788900Z,2026-08-03T15:52:54.950462800Z,EPISODE_TYPE_PUBLIC,COMPLETED,55215504,16644145,92091,673.0362651437118,55118395,16654158,26052,583.4172787893157
89748820,2026-08-03T15:55:42.321645400Z,2026-08-03T15:57:12.015224700Z,EPISODE_TYPE_PUBLIC,COMPLETED,55215970,16629983,99448,701.2374940901022,55118395,16654158,18940,580.2462663420068
89751704,2026-08-03T16:15:36.336164100Z,2026-08-03T16:17:00.462805100Z,EPISODE_TYPE_PUBLIC,COMPLETED,55215813,16638909,114158,853.3794821612731,55116691,16621802,47541,709.4153460020692
89751723,2026-08-03T16:15:36.365151600Z,2026-08-03T16:16:35.601560300Z,EPISODE_TYPE_PUBLIC,COMPLETED,55201936,16621219,108,179.67938764639877,55115318,16621290,3912,334.4461431839785
89753412,2026-08-03T16:27:33.295036300Z,2026-08-03T16:28:48.797144900Z,EPISODE_TYPE_PUBLIC,COMPLETED,55116223,16622032,35153,540.75763453653,55216574,16650701,14630,456.9671285856857
89756356,2026-08-03T16:47:36.881258800Z,2026-08-03T16:48:53.320600800Z,EPISODE_TYPE_PUBLIC,COMPLETED,55216949,16623732,6121,444.78215816083576,55116608,16622251,3000,275.77717764570923
89759890,2026-08-03T17:11:35.734849400Z,2026-08-03T17:12:55.752641300Z,EPISODE_TYPE_PUBLIC,COMPLETED,55210999,16645705,8766,415.038975614286,55115318,16621290,3939,327.79662687462866
89760421,2026-08-03T17:15:41.908330100Z,2026-08-03T17:17:18.094591Z,EPISODE_TYPE_PUBLIC,COMPLETED,55116691,16621802,43352,707.750093707905,55217436,16622349,170133,977.8433909508813
89761024,2026-08-03T17:20:00.943928400Z,2026-08-03T17:22:29.876883500Z,EPISODE_TYPE_PUBLIC,COMPLETED,55118395,16654158,32097,577.0910543060166,55217784,16641077,180888,703.0273317874359
89765085,2026-08-03T17:47:35.200822600Z,2026-08-03T17:49:04.116660800Z,EPISODE_TYPE_PUBLIC,COMPLETED,55116691,16621802,63882,710.9296069248733,55218239,16653129,45006,586.920253548738
89765090,2026-08-03T17:47:35.209385Z,2026-08-03T17:48:42.035981Z,EPISODE_TYPE_PUBLIC,COMPLETED,55218337,16644150,177611,700.9165654803196,55115388,16621402,32096,569.8088660453827
89769197,2026-08-03T18:15:36.444989900Z,2026-08-03T18:17:08.263166300Z,EPISODE_TYPE_PUBLIC,COMPLETED,55116691,16621802,48287,708.2683389114698,55218685,16624979,175119,875.6081788148831
89772768,2026-08-03T18:39:34.663259400Z,2026-08-03T18:41:06.605893300Z,EPISODE_TYPE_PUBLIC,COMPLETED,55116691,16621802,47609,711.5159215549098,55218939,16621437,40149,606.8991794167258
89783954,2026-08-03T19:55:37.717469Z,2026-08-03T19:56:42.981200200Z,EPISODE_TYPE_PUBLIC,COMPLETED,55115318,16621290,3994,321.39365785058055,55220255,16654704,5244,412.8824147686032
89784512,2026-08-03T19:59:35.309023200Z,2026-08-03T20:00:55.537944300Z,EPISODE_TYPE_PUBLIC,COMPLETED,55220370,16621683,78025,435.897560099286,55116608,16622251,3000,265.7942047704042
89786898,2026-08-03T20:17:17.007741600Z,2026-08-03T20:18:16.548251900Z,EPISODE_TYPE_PUBLIC,COMPLETED,55115318,16621290,3939,315.88596061362966,55220692,16654373,8503,447.2719249475512
89786923,2026-08-03T20:17:17.047266700Z,2026-08-03T20:18:40.788524100Z,EPISODE_TYPE_PUBLIC,COMPLETED,55220446,16654196,19209,413.0106790179565,55116608,16622251,3000,256.0801335022509
89789938,2026-08-03T20:39:31.690908500Z,2026-08-03T20:40:50.908990700Z,EPISODE_TYPE_PUBLIC,COMPLETED,55115318,16621290,3809,323.3076015308418,55221010,16625663,2330,275.2355641609728
89796669,2026-08-03T21:28:10.368982700Z,2026-08-03T21:29:18.623107Z,EPISODE_TYPE_PUBLIC,COMPLETED,55117284,16622422,6259,372.92483412300953,55221573,16654267,50380,499.02053084536306
89811161,2026-08-03T23:04:11.160566100Z,2026-08-03T23:05:16.708655400Z,EPISODE_TYPE_PUBLIC,COMPLETED,55116691,16621802,61100,708.1567241882407,55222862,16654662,81762,811.2852387548784
89811221,2026-08-03T23:04:11.238420100Z,2026-08-03T23:05:06.149595100Z,EPISODE_TYPE_PUBLIC,COMPLETED,55220625,16654235,27,218.5159727166737,55115318,16621290,3968,328.87715447696905
89817962,2026-08-03T23:48:09.537119300Z,2026-08-03T23:49:23.054801900Z,EPISODE_TYPE_PUBLIC,COMPLETED,55217606,16653319,306,205.25138183177523,55115641,16621519,2300,224.4431162429267
89819678,2026-08-04T00:00:09.747096900Z,2026-08-04T00:01:38.696068300Z,EPISODE_TYPE_PUBLIC,COMPLETED,55116691,16621802,50613,704.1118986690255,55223334,16638645,81745,747.6549881407526
89821467,2026-08-04T00:12:09.979256800Z,2026-08-04T00:13:29.850342Z,EPISODE_TYPE_PUBLIC,COMPLETED,55223785,16654832,154493,858.3731448464405,55116691,16621802,43420,701.3327975001906
89821479,2026-08-04T00:12:09.991307100Z,2026-08-04T00:13:33.206535600Z,EPISODE_TYPE_PUBLIC,COMPLETED,55224265,16644577,80472,691.9138331554744,55116223,16622032,42985,537.9427733961436
89822074,2026-08-04T00:16:09.669047500Z,2026-08-04T00:17:13.345054700Z,EPISODE_TYPE_PUBLIC,COMPLETED,55116691,16621802,43413,697.7952761499947,55223531,16624026,78754,782.1421444930903
89823241,2026-08-04T00:24:10.532397600Z,2026-08-04T00:25:33.697250800Z,EPISODE_TYPE_PUBLIC,COMPLETED,55224314,16623368,51855,691.9318324424777,55116223,16622032,48968,535.3047676660021
89825600,2026-08-04T00:40:10.770967500Z,2026-08-04T00:41:27.076971600Z,EPISODE_TYPE_PUBLIC,COMPLETED,55224617,16655199,39182,665.1270864749941,55118395,16654158,30006,569.9030180865782
89825621,2026-08-04T00:40:10.833748700Z,2026-08-04T00:41:19.734035300Z,EPISODE_TYPE_PUBLIC,COMPLETED,55223747,16637031,60281,628.196012455103,55118395,16654158,44066,573.2455528565124
89826164,2026-08-04T00:44:12.982598400Z,2026-08-04T00:45:41.094372700Z,EPISODE_TYPE_PUBLIC,COMPLETED,55224902,16654373,178097,700.0612519918125,55118395,16654158,32073,566.838642244329
89826175,2026-08-04T00:44:12.995805900Z,2026-08-04T00:45:12.149638500Z,EPISODE_TYPE_PUBLIC,COMPLETED,55116223,16622032,26458,531.8744807019003,55224676,16644229,90786,629.7567481826908
89827950,2026-08-04T00:56:09.747529300Z,2026-08-04T00:57:09.748890300Z,EPISODE_TYPE_PUBLIC,COMPLETED,55224676,16644229,83779,679.9032886334194,55118395,16654158,26706,563.7712403282635
89829096,2026-08-04T01:04:13.759977100Z,2026-08-04T01:05:18.650178800Z,EPISODE_TYPE_PUBLIC,COMPLETED,55225034,16651804,93722,798.5085355100761,55116691,16621802,63711,694.4033169116866
89829713,2026-08-04T01:08:09.709118500Z,2026-08-04T01:09:33.152020700Z,EPISODE_TYPE_PUBLIC,COMPLETED,55225057,16654312,44566,527.6485910583572,55118395,16654158,20985,558.4276144623967
89830265,2026-08-04T01:12:09.965720600Z,2026-08-04T01:13:10.733330700Z,EPISODE_TYPE_PUBLIC,COMPLETED,55225323,16641138,90866,785.4980754443138,55118395,16654158,30735,556.4034613498095
89832674,2026-08-04T01:28:10.766248400Z,2026-08-04T01:29:06.813195500Z,EPISODE_TYPE_PUBLIC,COMPLETED,55225460,16655305,11505,344.073219092066,55115641,16621519,2300,212.7599229080667
89836149,2026-08-04T01:52:10.471833Z,2026-08-04T01:53:20.057971800Z,EPISODE_TYPE_PUBLIC,COMPLETED,55226052,16634312,145586,696.2483996442144,55118395,16654158,30588,553.4558541107054
89836743,2026-08-04T01:56:10.268727900Z,2026-08-04T01:57:25.764843700Z,EPISODE_TYPE_PUBLIC,COMPLETED,55225950,16630896,14685,594.3715482316577,55116691,16621802,58805,697.7590277360576
89837949,2026-08-04T02:04:12.384287700Z,2026-08-04T02:05:40.826848900Z,EPISODE_TYPE_PUBLIC,COMPLETED,55225844,16651804,76848,695.4941344370111,55116691,16621802,60630,692.9920257274836
89843886,2026-08-04T02:44:11.949703400Z,2026-08-04T02:45:36.698600100Z,EPISODE_TYPE_PUBLIC,COMPLETED,55226670,16633173,79306,638.8247555852249,55118395,16654158,42634,550.0254338834462
89845719,2026-08-04T02:56:32.243964900Z,2026-08-04T02:57:31.651594500Z,EPISODE_TYPE_PUBLIC,COMPLETED,55116691,16621802,34518,688.7754254691971,55227247,16641548,50339,737.6849063930264
89845769,2026-08-04T02:56:32.291935500Z,2026-08-04T02:57:37.646978200Z,EPISODE_TYPE_PUBLIC,COMPLETED,55226932,16634468,3000,225.75157582183977,55115318,16621290,4068,334.4967483555906
89849910,2026-08-04T03:24:10.741728300Z,2026-08-04T03:25:09.777712400Z,EPISODE_TYPE_PUBLIC,COMPLETED,55115388,16621402,48950,573.4187306630861,55227885,16639577,29044,482.12686962601424
89855274,2026-08-04T04:00:10.050535400Z,2026-08-04T04:01:27.047041800Z,EPISODE_TYPE_PUBLIC,COMPLETED,55228636,16650485,12972,379.81732072428525,55118395,16654158,30138,552.5252292437044
89855877,2026-08-04T04:04:11.655881800Z,2026-08-04T04:05:11.748916200Z,EPISODE_TYPE_PUBLIC,COMPLETED,55118395,16654158,15235,548.4988489186525,55228577,16641548,53319,604.6537016392109
89856444,2026-08-04T04:08:09.590157300Z,2026-08-04T04:09:29.227823Z,EPISODE_TYPE_PUBLIC,COMPLETED,55115388,16621402,31091,570.3236112124638,55228769,16656337,163632,701.06512491828
89858286,2026-08-04T04:20:11.431718700Z,2026-08-04T04:21:16.525946300Z,EPISODE_TYPE_PUBLIC,COMPLETED,55116691,16621802,56675,685.0689784025818,55228084,16655497,70813,749.1604822969576
89859412,2026-08-04T04:28:10.403867100Z,2026-08-04T04:29:29.792262400Z,EPISODE_TYPE_PUBLIC,COMPLETED,55116691,16621802,57915,680.9309436234456,55229077,16655588,87989,735.1195029922019
89868912,2026-08-04T05:32:09.903435300Z,2026-08-04T05:33:08.450257400Z,EPISODE_TYPE_PUBLIC,COMPLETED,55118395,16654158,25975,544.4554763915369,55230313,16634239,30483,602.2690050661326
89871928,2026-08-04T05:52:10.232887300Z,2026-08-04T05:53:44.202879700Z,EPISODE_TYPE_PUBLIC,COMPLETED,55230330,16655629,55878,641.5159663812511,55118395,16654158,31130,541.207208493272
89872488,2026-08-04T05:56:10.298401500Z,2026-08-04T05:57:30.063545800Z,EPISODE_TYPE_PUBLIC,COMPLETED,55116691,16621802,49997,677.4250914784781,55230625,16644229,58694,773.083488033779
89873677,2026-08-04T06:04:11.673293600Z,2026-08-04T06:05:25.060155900Z,EPISODE_TYPE_PUBLIC,COMPLETED,55118395,16654158,39761,538.7247226616583,55230808,16656496,49449,712.9778341052147
89874917,2026-08-04T06:12:10.269498500Z,2026-08-04T06:13:33.674358700Z,EPISODE_TYPE_PUBLIC,COMPLETED,55116691,16621802,61020,672.726049687249,55230667,16655072,72197,679.8405949194664
89877845,2026-08-04T06:32:11.872670100Z,2026-08-04T06:33:12.236610700Z,EPISODE_TYPE_PUBLIC,COMPLETED,55115388,16621402,47513,573.9286592882678,55231898,16657055,4079,482.2841444635412
89879672,2026-08-04T06:44:14.133399200Z,2026-08-04T06:45:27.878665Z,EPISODE_TYPE_PUBLIC,COMPLETED,55115318,16621290,3912,341.8183257537502,55231965,16656506,3368,303.6476308948345
89882034,2026-08-04T07:00:10.390998700Z,2026-08-04T07:01:25.469146600Z,EPISODE_TYPE_PUBLIC,COMPLETED,55116691,16621802,46592,669.4834400877544,55232554,16656514,117137,788.532180264697
89883841,2026-08-04T07:12:10.072369500Z,2026-08-04T07:13:17.942377100Z,EPISODE_TYPE_PUBLIC,COMPLETED,55232427,16655075,78408,894.5832150913153,55116691,16621802,58065,667.5460156851714
89884476,2026-08-04T07:16:11.177164800Z,2026-08-04T07:17:23.050820300Z,EPISODE_TYPE_PUBLIC,COMPLETED,55116608,16622251,3000,263.2479021133309,55232876,16637845,3000,336.0316184025388
89886897,2026-08-04T07:32:12.751410100Z,2026-08-04T07:33:24.408216900Z,EPISODE_TYPE_PUBLIC,COMPLETED,55233209,16656595,2946,312.13754413879025,55115318,16621290,4103,349.0339430715935
89887452,2026-08-04T07:36:10.602332400Z,2026-08-04T07:37:30.289261Z,EPISODE_TYPE_PUBLIC,COMPLETED,55233414,16734492,45457,483.3832030502884,55115388,16621402,46143,577.5000486948527
89888100,2026-08-04T07:40:10.033026600Z,2026-08-04T07:41:38.247767300Z,EPISODE_TYPE_PUBLIC,COMPLETED,55118395,16654158,25364,534.7359627156303,55233151,16734492,36754,585.472056328922
89888717,2026-08-04T07:44:18.858928300Z,2026-08-04T07:46:28.736561Z,EPISODE_TYPE_PUBLIC,COMPLETED,55115388,16621402,23583,573.7053573917068,55232943,16656709,36020,634.3368855503495
89891691,2026-08-04T08:04:12.611653Z,2026-08-04T08:05:26.830975200Z,EPISODE_TYPE_PUBLIC,COMPLETED,55116691,16621802,63172,670.291576341996,55234091,16657646,11535,510.349039777153
89891736,2026-08-04T08:04:12.664031400Z,2026-08-04T08:05:20.494521400Z,EPISODE_TYPE_PUBLIC,COMPLETED,55117284,16622422,6259,377.10674360684726,55233785,16663513,5677,245.7575561776986
89895358,2026-08-04T08:28:10.126894200Z,2026-08-04T08:29:23.238007800Z,EPISODE_TYPE_PUBLIC,COMPLETED,55118395,16654158,23236,532.014185688752,55234019,16656689,46892,675.297072733091
89897157,2026-08-04T08:40:10.721057900Z,2026-08-04T08:41:27.811831400Z,EPISODE_TYPE_PUBLIC,COMPLETED,55116691,16621802,53677,666.862522270373,55234655,16657807,87615,768.198317172634
89897193,2026-08-04T08:40:10.766035700Z,2026-08-04T08:41:08.404418900Z,EPISODE_TYPE_PUBLIC,COMPLETED,55117284,16622422,6247,381.6153761903497,55234732,16658319,6087,268.0622643957613
89897202,2026-08-04T08:40:10.773266600Z,2026-08-04T08:41:20.737120500Z,EPISODE_TYPE_PUBLIC,COMPLETED,55117284,16622422,6259,376.91984173076423,55234559,16656932,9892,470.3992680562702
89897203,2026-08-04T08:40:10.775446300Z,2026-08-04T08:41:34.058990900Z,EPISODE_TYPE_PUBLIC,COMPLETED,55116608,16622251,3000,252.73006063913923,55234597,16655811,19348,388.65594701547445
89898388,2026-08-04T08:48:13.128768400Z,2026-08-04T08:49:26.123047700Z,EPISODE_TYPE_PUBLIC,COMPLETED,55115388,16621402,35232,576.3035088326592,55234950,16658366,27284,407.8187957977642
89898417,2026-08-04T08:48:13.160446400Z,2026-08-04T08:49:17.195352300Z,EPISODE_TYPE_PUBLIC,COMPLETED,55234685,16656011,23590,418.06335235986865,55118395,16654158,26218,535.0955988773111
89902119,2026-08-04T09:12:10.688219600Z,2026-08-04T09:13:13.454064800Z,EPISODE_TYPE_PUBLIC,COMPLETED,55115388,16621402,26559,572.5776101154662,55235317,16628727,32604,643.3373738874556
89902736,2026-08-04T09:16:10.376710800Z,2026-08-04T09:17:18.678674900Z,EPISODE_TYPE_PUBLIC,COMPLETED,55115318,16621290,4018,344.13474620908823,55235617,16655689,7071,475.9964103983441
89902738,2026-08-04T09:16:10.379065Z,2026-08-04T09:17:18.719393Z,EPISODE_TYPE_PUBLIC,COMPLETED,55115318,16621290,3784,344.0138082430967,55235658,16656107,10392,470.02671555160566
89903302,2026-08-04T09:20:09.585066100Z,2026-08-04T09:21:16.706861700Z,EPISODE_TYPE_PUBLIC,COMPLETED,55235870,16656946,9513,470.30422763052013,55116223,16622032,48355,535.8464137307157
89903947,2026-08-04T09:24:16.713421Z,2026-08-04T09:25:31.268487600Z,EPISODE_TYPE_PUBLIC,COMPLETED,55116691,16621802,75747,668.9862818617217,55235902,16655519,4462,455.71922355311773
89905165,2026-08-04T09:32:10.823658Z,2026-08-04T09:33:26.304498800Z,EPISODE_TYPE_PUBLIC,COMPLETED,55116223,16622032,29216,533.0764193475429,55235832,16658213,106577,682.5588988863126
89907036,2026-08-04T09:44:12.537570Z,2026-08-04T09:45:21.667733900Z,EPISODE_TYPE_PUBLIC,COMPLETED,55235876,16658973,50228,664.9552588536744,55116691,16621802,51958,673.6805356042695
89910096,2026-08-04T10:04:13.993887600Z,2026-08-04T10:05:44.042308500Z,EPISODE_TYPE_PUBLIC,COMPLETED,55236363,16651613,60500,673.7504090819915,55116691,16621802,66234,678.4236924037328
89913827,2026-08-04T10:28:09.952514300Z,2026-08-04T10:29:11.473897Z,EPISODE_TYPE_PUBLIC,COMPLETED,55235775,16658801,58466,633.7717681488269,55116223,16622032,28453,529.8820654210625
89915074,2026-08-04T10:36:10.542926100Z,2026-08-04T10:37:21.249486500Z,EPISODE_TYPE_PUBLIC,COMPLETED,55115318,16621290,3784,339.1774599256684,55235365,16658569,26006,462.94025419899214
89917547,2026-08-04T10:52:10.825019900Z,2026-08-04T10:53:06.937553900Z,EPISODE_TYPE_PUBLIC,COMPLETED,55237495,16657276,11853,516.0067425080448,55117284,16622422,6259,373.21517523688044
89921860,2026-08-04T11:20:09.641663800Z,2026-08-04T11:21:40.299912600Z,EPISODE_TYPE_PUBLIC,COMPLETED,55116223,16622032,47431,533.8473098599898,55238329,16654704,41528,473.5801670315594
89925021,2026-08-04T11:40:10.062487800Z,2026-08-04T11:41:21.993450900Z,EPISODE_TYPE_PUBLIC,COMPLETED,55115641,16621519,2300,224.68490247028382,55141892,16624064,905,120.28177772479094
89926247,2026-08-04T11:48:10.170496200Z,2026-08-04T11:49:24.310023500Z,EPISODE_TYPE_PUBLIC,COMPLETED,55239001,16659688,23877,564.6323632783334,55117284,16622422,6220,370.11249935476184
89927531,2026-08-04T11:56:10.350486Z,2026-08-04T11:57:13.423186700Z,EPISODE_TYPE_PUBLIC,COMPLETED,55118395,16654158,41766,531.4153680041929,55238738,16659727,60938,603.1818043156267
89929340,2026-08-04T12:08:09.985848500Z,2026-08-04T12:09:04.776040100Z,EPISODE_TYPE_PUBLIC,COMPLETED,55239500,16655424,4697,470.93012696318317,55116223,16622032,48296,537.8000747217422
89931883,2026-08-04T12:24:14.179385900Z,2026-08-04T12:25:23.159351400Z,EPISODE_TYPE_PUBLIC,COMPLETED,55118395,16654158,48150,535.0726543333925,55239655,16655748,5879,450.397739990742
89933734,2026-08-04T12:36:10.336067800Z,2026-08-04T12:37:21.841580800Z,EPISODE_TYPE_PUBLIC,COMPLETED,55116691,16621802,44412,675.4878275193822,55239928,16650018,162138,819.2560014021856
89933763,2026-08-04T12:36:10.371800400Z,2026-08-04T12:37:37.669200600Z,EPISODE_TYPE_PUBLIC,COMPLETED,55116223,16622032,48190,541.9160332076257,55239859,16659951,14153,491.7251216558601
89939986,2026-08-04T13:16:09.851913800Z,2026-08-04T13:17:25.177854400Z,EPISODE_TYPE_PUBLIC,COMPLETED,55118395,16654158,48555,539.0135319422549,55240920,16659804,13715,471.31828215959536
89940609,2026-08-04T13:20:11.699950400Z,2026-08-04T13:21:18.907459300Z,EPISODE_TYPE_PUBLIC,COMPLETED,55241003,16658522,3000,482.9718113916282,55115388,16621402,48864,576.1615983915976
89943121,2026-08-04T13:36:11.503603200Z,2026-08-04T13:37:17.716373100Z,EPISODE_TYPE_PUBLIC,COMPLETED,55241288,16659890,96160,701.8514098238566,55115388,16621402,38949,573.042398965742
89944403,2026-08-04T13:44:12.517222300Z,2026-08-04T13:45:50.317312Z,EPISODE_TYPE_PUBLIC,COMPLETED,55116691,16621802,56646,667.958400320828,55241499,16659610,59834,730.9181544306623
89944472,2026-08-04T13:44:12.633261600Z,2026-08-04T13:45:45.660918Z,EPISODE_TYPE_PUBLIC,COMPLETED,55116691,16621802,62735,671.967768800267,55240624,16654855,77264,750.7914997201531
89946930,2026-08-04T14:00:11.185730600Z,2026-08-04T14:01:35.427826700Z,EPISODE_TYPE_PUBLIC,COMPLETED,55115388,16621402,27241,573.4988010099756,55241797,16656107,29716,701.9836699988654
89946939,2026-08-04T14:00:11.197245100Z,2026-08-04T14:01:08.514602900Z,EPISODE_TYPE_PUBLIC,COMPLETED,55241853,16660735,4945,483.11340610778876,55115388,16621402,42923,576.6220509036909
89949477,2026-08-04T14:16:10.030772Z,2026-08-04T14:17:18.275467400Z,EPISODE_TYPE_PUBLIC,COMPLETED,55242157,16661390,5879,472.56352625400996,55118395,16654158,47878,542.9162739507258
89950176,2026-08-04T14:20:10.360360700Z,2026-08-04T14:21:33.889248600Z,EPISODE_TYPE_PUBLIC,COMPLETED,55241784,16660121,34065,464.3119168075533,55116223,16622032,37179,545.4610323613748
89958509,2026-08-04T15:12:10.203998500Z,2026-08-04T15:13:24.287323700Z,EPISODE_TYPE_PUBLIC,COMPLETED,55115388,16621402,31667,570.4029797845601,55243479,16632493,152903,701.0880400135677
89960515,2026-08-04T15:24:13.987353Z,2026-08-04T15:25:18.965057800Z,EPISODE_TYPE_PUBLIC,COMPLETED,55116691,16621802,46702,663.9880924394612,55243705,16638909,174516,729.6427063303438
89961187,2026-08-04T15:28:11.085285200Z,2026-08-04T15:29:32.623194600Z,EPISODE_TYPE_PUBLIC,COMPLETED,55115388,16621402,32060,568.5771335966996,55243697,16653262,180508,819.6177358057686
89961885,2026-08-04T15:32:10.237953600Z,2026-08-04T15:33:30.441791300Z,EPISODE_TYPE_PUBLIC,COMPLETED,55115388,16621402,19773,564.7483954935526,55243475,16640399,65321,628.6289523400053
89965705,2026-08-04T15:56:42.057707700Z,2026-08-04T15:58:03.786483500Z,EPISODE_TYPE_PUBLIC,COMPLETED,55116691,16621802,53405,667.7063622677191,55244140,16644410,26816,590.4565289883312
89968946,2026-08-04T16:16:41.747014600Z,2026-08-04T16:17:50.709490200Z,EPISODE_TYPE_PUBLIC,COMPLETED,55115318,16621290,3955,334.01066752534115,55244698,16644519,6727,444.89471032926883
89972142,2026-08-04T16:36:43.947561900Z,2026-08-04T16:38:11.377308Z,EPISODE_TYPE_PUBLIC,COMPLETED,55116223,16622032,44377,549.3016986152876,55245281,16661002,10206,474.59048966815214
89972804,2026-08-04T16:40:43.139596600Z,2026-08-04T16:42:03.685680800Z,EPISODE_TYPE_PUBLIC,COMPLETED,55245298,16631609,56352,609.3592224300833,55115388,16621402,36557,560.5703557828581
89974117,2026-08-04T16:48:40.956535Z,2026-08-04T16:50:02.665349100Z,EPISODE_TYPE_PUBLIC,COMPLETED,55245040,16623112,35097,595.2381414243233,55116691,16621802,39329,671.29221600936
89978586,2026-08-04T17:16:41.162618800Z,2026-08-04T17:17:39.485693100Z,EPISODE_TYPE_PUBLIC,COMPLETED,55117284,16622422,6259,365.8146662697765,55245740,16654348,7264,471.0882514041983
89978591,2026-08-04T17:16:41.166525400Z,2026-08-04T17:17:59.435617400Z,EPISODE_TYPE_PUBLIC,COMPLETED,55245589,16659958,36139,615.3648779553222,55115388,16621402,15094,556.7204668099602
89981098,2026-08-04T17:32:42.117250500Z,2026-08-04T17:34:12.032649200Z,EPISODE_TYPE_PUBLIC,COMPLETED,55246436,16662167,44064,694.269537981777,55116223,16622032,28222,546.4146940145956
89982490,2026-08-04T17:40:40.767573300Z,2026-08-04T17:41:46.327612400Z,EPISODE_TYPE_PUBLIC,COMPLETED,55246353,16662230,6099,353.4539634418662,55115641,16621519,2300,214.31876170263513
89983664,2026-08-04T17:48:41.392862200Z,2026-08-04T17:49:44.657611800Z,EPISODE_TYPE_PUBLIC,COMPLETED,55246653,16659555,145755,814.9890722541068,55116691,16621802,49119,668.3902503472473
89983707,2026-08-04T17:48:41.439788Z,2026-08-04T17:49:38.303370400Z,EPISODE_TYPE_PUBLIC,COMPLETED,55246686,16662615,3101,388.0934889659635,55118395,16654158,49010,545.6399855865626
89984308,2026-08-04T17:52:45.127249600Z,2026-08-04T17:53:52.403300600Z,EPISODE_TYPE_PUBLIC,COMPLETED,55246630,16657877,79023,881.2925315878274,55116691,16621802,49204,666.2316569002882
89985006,2026-08-04T17:56:41.929654600Z,2026-08-04T17:57:55.074849900Z,EPISODE_TYPE_PUBLIC,COMPLETED,55117284,16622422,6259,371.2313846784012,55246726,16662547,3000,321.51966559961636
89990787,2026-08-04T18:32:41.808796200Z,2026-08-04T18:33:48.579332Z,EPISODE_TYPE_PUBLIC,COMPLETED,55116223,16622032,48959,552.3343761158538,55247419,16661810,3000,433.10337750399077
89990809,2026-08-04T18:32:41.830581100Z,2026-08-04T18:33:41.204073900Z,EPISODE_TYPE_PUBLIC,COMPLETED,55116223,16622032,44772,549.1407526036753,55247430,16662653,14632,396.03167792853554
89993347,2026-08-04T18:48:41.358952400Z,2026-08-04T18:50:03.661459700Z,EPISODE_TYPE_PUBLIC,COMPLETED,55115388,16621402,47844,560.1912642770824,55247664,16655424,4596,465.2702287274784
89994025,2026-08-04T18:52:43.812066300Z,2026-08-04T18:53:59.893729300Z,EPISODE_TYPE_PUBLIC,COMPLETED,55247292,16660613,80115,615.9535436861473,55116223,16622032,48641,548.6420601908536
89994702,2026-08-04T18:56:49.106853900Z,2026-08-04T18:58:09.158988800Z,EPISODE_TYPE_PUBLIC,COMPLETED,55115641,16621519,2300,224.93775167810085,55156607,16623953,933,113.72477848392077
90001785,2026-08-04T19:40:44.848899600Z,2026-08-04T19:41:58.140706200Z,EPISODE_TYPE_PUBLIC,COMPLETED,55115388,16621402,28383,562.9710305943321,55248367,16661432,4959,424.4625105916288
90003748,2026-08-04T19:52:44.054258100Z,2026-08-04T19:53:49.113333400Z,EPISODE_TYPE_PUBLIC,COMPLETED,55118395,16654158,38904,549.3810710274289,55248360,16656776,34319,485.3993276381419
90005008,2026-08-04T20:00:46.504014100Z,2026-08-04T20:02:00.151121200Z,EPISODE_TYPE_PUBLIC,COMPLETED,55248698,16654710,21742,461.65749830588413,55118395,16654158,43840,552.8144338716469
90006260,2026-08-04T20:08:42.772065Z,2026-08-04T20:10:00.100140200Z,EPISODE_TYPE_PUBLIC,COMPLETED,55249035,16662995,48686,509.99261419303656,55116691,16621802,63226,668.9881330906264
90008232,2026-08-04T20:20:41.405089700Z,2026-08-04T20:21:54.963787200Z,EPISODE_TYPE_PUBLIC,COMPLETED,55117284,16622422,4991,367.43288457263964,55249118,16654332,52400,502.20016377750056
90008304,2026-08-04T20:20:41.491851900Z,2026-08-04T20:21:56.538992500Z,EPISODE_TYPE_PUBLIC,COMPLETED,55117284,16622422,6212,371.582213578143,55243973,16661152,6049,270.1970271459568
90010141,2026-08-04T20:32:43.137148Z,2026-08-04T20:34:05.056143900Z,EPISODE_TYPE_PUBLIC,COMPLETED,55116223,16622032,40516,545.8863103692548,55249263,16655142,83600,700.6938651182185
90011497,2026-08-04T20:40:43.242149800Z,2026-08-04T20:41:41.465976600Z,EPISODE_TYPE_PUBLIC,COMPLETED,55115388,16621402,22538,559.5011457270434,55249035,16662995,53687,640.8057079054205
90016034,2026-08-04T21:08:43.532069400Z,2026-08-04T21:10:06.482203600Z,EPISODE_TYPE_PUBLIC,COMPLETED,55244780,16658202,20804,582.1319312158452,55115388,16621402,23403,564.5337375499666
90021218,2026-08-04T21:41:02.955216800Z,2026-08-04T21:42:14.060427400Z,EPISODE_TYPE_PUBLIC,COMPLETED,55116691,16621802,49622,673.2103494208662,55249912,16660268,48702,640.7933740131868
90021257,2026-08-04T21:41:02.996133Z,2026-08-04T21:42:00.667311500Z,EPISODE_TYPE_PUBLIC,COMPLETED,55235972,16658635,3000,239.44858421636104,55116608,16622251,3000,251.58264895974352
90025104,2026-08-04T22:04:58.534667500Z,2026-08-04T22:06:13.594528300Z,EPISODE_TYPE_PUBLIC,COMPLETED,55250608,16663658,13311,545.6381208340546,55116223,16622032,40689,550.6779603717946
90031349,2026-08-04T22:40:58.454830Z,2026-08-04T22:42:06.173079200Z,EPISODE_TYPE_PUBLIC,COMPLETED,55117284,16622422,6259,376.68635185501336,55240673,16660291,3938,334.44229353140065
90031991,2026-08-04T22:44:59.251865300Z,2026-08-04T22:46:05.202597600Z,EPISODE_TYPE_PUBLIC,COMPLETED,55115388,16621402,17324,559.913891133139,55250983,16663649,28040,568.5825088092415
90032032,2026-08-04T22:44:59.295682500Z,2026-08-04T22:46:08.494714Z,EPISODE_TYPE_PUBLIC,COMPLETED,55117284,16622422,6259,381.43033486015247,55247424,16661576,722,324.6565377987879
90032724,2026-08-04T22:48:58.632935300Z,2026-08-04T22:50:02.341368900Z,EPISODE_TYPE_PUBLIC,COMPLETED,55117284,16622422,6259,385.5897090098778,55237498,16659018,4724,299.5973566676888
90035382,2026-08-04T23:04:59.181962300Z,2026-08-04T23:05:54.960448100Z,EPISODE_TYPE_PUBLIC,COMPLETED,55116223,16622032,46688,554.1316947070567,55251371,16688294,18775,464.42554233540335
90044875,2026-08-05T00:00:58.918962700Z,2026-08-05T00:02:18.549790700Z,EPISODE_TYPE_PUBLIC,COMPLETED,55252364,16657172,93527,651.6908113982323,55115388,16621402,38909,556.4029910956945
90049834,2026-08-05T00:28:58.852955500Z,2026-08-05T00:30:11.213490300Z,EPISODE_TYPE_PUBLIC,COMPLETED,55252471,16659080,14062,508.82870156046187,55118395,16654158,32595,556.8074798489226
90054014,2026-08-05T00:53:00.900105800Z,2026-08-05T00:54:34.613791200Z,EPISODE_TYPE_PUBLIC,COMPLETED,55252528,16645426,48158,659.1882005585963,55116691,16621802,33998,668.32412236843
90059416,2026-08-05T01:25:00.213330200Z,2026-08-05T01:26:40.559149800Z,EPISODE_TYPE_PUBLIC,COMPLETED,55116691,16621802,44766,665.4027566006896,55254212,16653068,96787,798.5217429545445
90060102,2026-08-05T01:29:00.067181Z,2026-08-05T01:30:19.636983100Z,EPISODE_TYPE_PUBLIC,COMPLETED,55116691,16621802,43608,661.45726862513,55254603,16663946,159927,728.8322604264341
90066892,2026-08-05T02:08:59.435537400Z,2026-08-05T02:10:07.315394Z,EPISODE_TYPE_PUBLIC,COMPLETED,55255331,16662933,24274,585.5508113069858,55117284,16622422,5881,382.9249417283374
90070227,2026-08-05T02:29:00.329827200Z,2026-08-05T02:30:03.093142600Z,EPISODE_TYPE_PUBLIC,COMPLETED,55255758,16633173,88273,696.3615400975476,55118395,16654158,35937,553.8564076834352
90070882,2026-08-05T02:32:58.628887800Z,2026-08-05T02:34:08.579908800Z,EPISODE_TYPE_PUBLIC,COMPLETED,55116691,16621802,66370,665.0723927554286,55255806,16621683,61040,574.1652963274449
90072899,2026-08-05T02:45:00.027442700Z,2026-08-05T02:46:44.754320100Z,EPISODE_TYPE_PUBLIC,COMPLETED,55116691,16621802,46215,662.6591931432918,55255904,16658048,156756,852.7098310179525
90078310,2026-08-05T03:16:58.802910100Z,2026-08-05T03:18:18.669404500Z,EPISODE_TYPE_PUBLIC,COMPLETED,55256711,16657871,114242,695.6133451631933,55116223,16622032,36269,551.2035360114339
90078992,2026-08-05T03:20:58.440599300Z,2026-08-05T03:22:18.105817400Z,EPISODE_TYPE_PUBLIC,COMPLETED,55118395,16654158,31700,550.9306017296286,55256782,16624309,178437,695.5365209406235
90079671,2026-08-05T03:24:59.674085900Z,2026-08-05T03:25:57.059083300Z,EPISODE_TYPE_PUBLIC,COMPLETED,55116223,16622032,48877,554.9892479384874,55256836,16654067,3000,476.38491666763974
90079774,2026-08-05T03:24:59.814869600Z,2026-08-05T03:26:16.774885Z,EPISODE_TYPE_PUBLIC,COMPLETED,55256262,16656709,37568,566.6321720062773,55116691,16621802,43937,665.8757573875629
90086459,2026-08-05T04:05:01.336170200Z,2026-08-05T04:06:06.395699300Z,EPISODE_TYPE_PUBLIC,COMPLETED,55257353,16655339,87765,729.1461686655826,55116691,16621802,49199,662.0114565198546
90088549,2026-08-05T04:17:00.424514200Z,2026-08-05T04:18:18.443189100Z,EPISODE_TYPE_PUBLIC,COMPLETED,55115318,16621290,3757,340.7638068866788,55257773,16644210,1920,304.317923260106
90089262,2026-08-05T04:21:02.090205300Z,2026-08-05T04:21:56.085302700Z,EPISODE_TYPE_PUBLIC,COMPLETED,55257698,16664359,18507,438.473875077092,55117284,16622422,6237,378.3175248338033
90093320,2026-08-05T04:45:04.066532700Z,2026-08-05T04:46:40.740176800Z,EPISODE_TYPE_PUBLIC,COMPLETED,55257834,16657016,103362,642.4256425573533,55115388,16621402,32304,552.9784529450565
90098054,2026-08-05T05:13:00.058639600Z,2026-08-05T05:14:13.060941200Z,EPISODE_TYPE_PUBLIC,COMPLETED,55259083,16639810,42638,454.87790692357015,55116608,16622251,3000,244.18782958442083
90098711,2026-08-05T05:16:59.541081100Z,2026-08-05T05:18:09.446892600Z,EPISODE_TYPE_PUBLIC,COMPLETED,55118395,16654158,48882,554.0174955735682,55259243,16661393,5439,426.40936699320537
90100077,2026-08-05T05:24:59.173627Z,2026-08-05T05:25:55.555253900Z,EPISODE_TYPE_PUBLIC,COMPLETED,55115388,16621402,44193,556.5088679663056,55259188,16662428,17136,469.11084807065777
90102163,2026-08-05T05:37:00.388418100Z,2026-08-05T05:38:18.532335Z,EPISODE_TYPE_PUBLIC,COMPLETED,55259366,16660488,14884,445.77870482761483,55115318,16621290,3873,335.88580112869573
90102781,2026-08-05T05:41:00.237870Z,2026-08-05T05:42:18.120410Z,EPISODE_TYPE_PUBLIC,COMPLETED,55118395,16654158,32302,551.0903129860336,55259736,16623836,157812,695.5814722460273
90104875,2026-08-05T05:52:59.460827800Z,2026-08-05T05:54:06.185646900Z,EPISODE_TYPE_PUBLIC,COMPLETED,55117284,16622422,6259,383.39763592622216,55259947,16664875,3000,346.31963384816845
90107663,2026-08-05T06:08:58.989241300Z,2026-08-05T06:10:27.351493200Z,EPISODE_TYPE_PUBLIC,COMPLETED,55260102,16660340,1800,199.7292288112697,55115641,16621519,2300,239.1476753068331
90113035,2026-08-05T06:40:58.772693200Z,2026-08-05T06:42:01.611997600Z,EPISODE_TYPE_PUBLIC,COMPLETED,55261119,16632855,41056,622.9017964193204,55115388,16621402,38045,552.6470760248596
90115823,2026-08-05T06:56:59.515300600Z,2026-08-05T06:58:14.263741800Z,EPISODE_TYPE_PUBLIC,COMPLETED,55260971,16658960,22996,447.2156895940363,55115388,16621402,38653,555.7528555971528
90117843,2026-08-05T07:08:59.998902700Z,2026-08-05T07:10:31.745802600Z,EPISODE_TYPE_PUBLIC,COMPLETED,55117284,16622422,6223,380.03734897987476,55261308,16663990,44849,504.26181339853025
90118552,2026-08-05T07:12:59.322036300Z,2026-08-05T07:14:04.668909500Z,EPISODE_TYPE_PUBLIC,COMPLETED,55260122,16660259,86396,710.9621517253324,55118395,16654158,27602,548.7182609877888
90122501,2026-08-05T07:37:02.734652800Z,2026-08-05T07:38:22.969647300Z,EPISODE_TYPE_PUBLIC,COMPLETED,55116691,16621802,44887,658.0988098166897,55262696,16633269,152587,727.7598923482416
90122505,2026-08-05T07:37:02.738856100Z,2026-08-05T07:38:21.214246700Z,EPISODE_TYPE_PUBLIC,COMPLETED,55262718,16659465,100634,696.0663324303971,55115388,16621402,23668,552.8108241664719
90124583,2026-08-05T07:48:59.025269500Z,2026-08-05T07:50:23.095895800Z,EPISODE_TYPE_PUBLIC,COMPLETED,55262463,16661100,46221,581.456817696027,55116691,16621802,52144,661.7301409676238
90127986,2026-08-05T08:09:01.958734100Z,2026-08-05T08:10:10.962873Z,EPISODE_TYPE_PUBLIC,COMPLETED,55263498,16661685,36147,574.2003763118825,55117284,16622422,6259,377.48972993987365
90128056,2026-08-05T08:09:02.057604300Z,2026-08-05T08:10:17.101711200Z,EPISODE_TYPE_PUBLIC,COMPLETED,55263396,16657228,3000,282.8772969305133,55116608,16622251,3000,247.44405113271986
90130012,2026-08-05T08:20:59.085404600Z,2026-08-05T08:22:16.454355500Z,EPISODE_TYPE_PUBLIC,COMPLETED,55116691,16621802,64300,658.7984696431113,55263834,16654704,74538,802.9156752858405
90130084,2026-08-05T08:20:59.168424600Z,2026-08-05T08:22:16.442544600Z,EPISODE_TYPE_PUBLIC,COMPLETED,55116691,16621802,50266,658.7490236453267,55263060,16664134,68253,774.76856080477
90130119,2026-08-05T08:20:59.272760200Z,2026-08-05T08:21:59.335100700Z,EPISODE_TYPE_PUBLIC,COMPLETED,55249032,16632111,3000,277.10119763805636,55116608,16622251,3000,249.93775857563384
90134113,2026-08-05T08:45:07.135017900Z,2026-08-05T08:46:25.383532500Z,EPISODE_TYPE_PUBLIC,COMPLETED,55264516,16641171,11288,475.6095817760048,55118395,16654158,28238,552.5277175458987
90136269,2026-08-05T08:57:00.396398800Z,2026-08-05T08:58:25.913155600Z,EPISODE_TYPE_PUBLIC,COMPLETED,55118395,16654158,41717,555.4641233945404,55264209,16664293,29432,432.3840615463976
90138967,2026-08-05T09:12:58.428105400Z,2026-08-05T09:13:58.865694500Z,EPISODE_TYPE_PUBLIC,COMPLETED,55265040,16659720,2554,343.76241657789535,55117284,16622422,6259,382.32425733994666
90142379,2026-08-05T09:33:03.641721900Z,2026-08-05T09:34:13.478961400Z,EPISODE_TYPE_PUBLIC,COMPLETED,55116223,16622032,48463,558.7389052354999,55265698,16658677,3000,477.5622107097971
90143782,2026-08-05T09:41:01.034855300Z,2026-08-05T09:42:10.786455300Z,EPISODE_TYPE_PUBLIC,COMPLETED,55118395,16654158,48359,558.2867819736532,55265817,16659505,3963,409.1344892426964
90144452,2026-08-05T09:44:58.813183600Z,2026-08-05T09:46:12.567841800Z,EPISODE_TYPE_PUBLIC,COMPLETED,55116691,16621802,70358,661.6170581048507,55265999,16660340,648,507.9644583921837
90144576,2026-08-05T09:44:58.980126600Z,2026-08-05T09:46:06.508623600Z,EPISODE_TYPE_PUBLIC,COMPLETED,55249043,16652230,7806,398.69028241879874,55117284,16622422,6259,377.4726755370535
90148623,2026-08-05T10:08:58.189038400Z,2026-08-05T10:10:02.382511Z,EPISODE_TYPE_PUBLIC,COMPLETED,55117284,16622422,6255,374.15363672350793,55266536,16665988,6720,502.09204183240035
90149264,2026-08-05T10:12:58.376171Z,2026-08-05T10:14:09.778478500Z,EPISODE_TYPE_PUBLIC,COMPLETED,55266560,16653262,168807,770.8657137723123,55118395,16654158,31847,556.1250507315448
90149328,2026-08-05T10:12:58.470811200Z,2026-08-05T10:14:15.656999200Z,EPISODE_TYPE_PUBLIC,COMPLETED,55116691,16621802,67319,665.1968888895303,55265853,16665281,53849,588.5305027954878
90150648,2026-08-05T10:21:00.926695300Z,2026-08-05T10:22:31.333497900Z,EPISODE_TYPE_PUBLIC,COMPLETED,55266784,16630713,159648,794.2614866911096,55116691,16621802,44675,662.1191510095955
90150789,2026-08-05T10:21:01.157453Z,2026-08-05T10:22:31.383922300Z,EPISODE_TYPE_PUBLIC,COMPLETED,55266302,16666553,6099,402.37101656937296,55115318,16621290,3941,330.3715502205873
90154080,2026-08-05T10:40:58.818857400Z,2026-08-05T10:42:02.063424600Z,EPISODE_TYPE_PUBLIC,COMPLETED,55116223,16622032,31293,563.875238578484,55266890,16666637,22388,581.3393523487268
90154729,2026-08-05T10:45:05.035820600Z,2026-08-05T10:46:50.570267800Z,EPISODE_TYPE_PUBLIC,COMPLETED,55267338,16665898,67534,727.7938923640095,55116691,16621802,52488,658.2054630559477
90156929,2026-08-05T10:57:00.558995300Z,2026-08-05T10:58:31.969815400Z,EPISODE_TYPE_PUBLIC,COMPLETED,55260834,16659430,65506,688.9912716496178,55116691,16621802,57403,654.0689778927214
90157499,2026-08-05T11:01:00.277074400Z,2026-08-05T11:02:11.330964100Z,EPISODE_TYPE_PUBLIC,COMPLETED,55118395,16654158,47854,552.0005854375335,55267391,16666410,52080,598.9376385160474
90158277,2026-08-05T11:05:02.088960200Z,2026-08-05T11:06:18.172963600Z,EPISODE_TYPE_PUBLIC,COMPLETED,55116691,16621802,55856,650.2072565760665,55263834,16654704,87449,702.5444020095415
90161757,2026-08-05T11:25:02.152520500Z,2026-08-05T11:25:59.209235300Z,EPISODE_TYPE_PUBLIC,COMPLETED,55260316,16661393,2042,220.43870860742777,55115318,16621290,3994,334.93862647988107
90164454,2026-08-05T11:41:04.137228100Z,2026-08-05T11:43:07.810969300Z,EPISODE_TYPE_PUBLIC,COMPLETED,55115388,16621402,35987,556.5895461948792,55268044,16666648,31583,493.5277417128423
90165803,2026-08-05T11:49:01.517935500Z,2026-08-05T11:50:15.561779300Z,EPISODE_TYPE_PUBLIC,COMPLETED,55115388,16621402,36642,559.5443043818507,55268503,16658925,8012,429.07026963284875
90167880,2026-08-05T12:01:02.914679200Z,2026-08-05T12:02:29.479265600Z,EPISODE_TYPE_PUBLIC,COMPLETED,55268714,16661934,62945,648.681196083008,55118395,16654158,47537,548.6452285163161
90168592,2026-08-05T12:05:02.709253700Z,2026-08-05T12:06:03.806758200Z,EPISODE_TYPE_PUBLIC,COMPLETED,55117284,16622422,5695,370.52292391815064,55269131,16655737,28991,473.92081019097776
90170094,2026-08-05T12:13:01.522113800Z,2026-08-05T12:14:14.195737Z,EPISODE_TYPE_PUBLIC,COMPLETED,55265494,16659550,8563,359.6754901982639,55115318,16621290,3922,328.7022979406832
90171435,2026-08-05T12:21:00.499113800Z,2026-08-05T12:22:25.824573400Z,EPISODE_TYPE_PUBLIC,COMPLETED,55116691,16621802,42497,647.0949457015213,55268830,16663178,127242,754.8806268920323
90172190,2026-08-05T12:25:02.926598400Z,2026-08-05T12:26:04.343457500Z,EPISODE_TYPE_PUBLIC,COMPLETED,55116608,16622251,3000,262.07682822562833,55269280,16644474,5,180.43467782802438
90177095,2026-08-05T12:53:01.954273Z,2026-08-05T12:54:17.794003800Z,EPISODE_TYPE_PUBLIC,COMPLETED,55116223,16622032,39712,560.5602657615502,55269757,16661622,73983,655.4748764003441
90178505,2026-08-05T13:01:01.163646500Z,2026-08-05T13:02:21.994818800Z,EPISODE_TYPE_PUBLIC,COMPLETED,55116223,16622032,15054,557.7840792722711,55269738,16666826,54705,689.4684348611285
90184086,2026-08-05T13:33:01.954559200Z,2026-08-05T13:34:09.031011600Z,EPISODE_TYPE_PUBLIC,COMPLETED,55115318,16621290,3784,333.3876368067332,55270975,16667606,2190,227.77780035645785
90184759,2026-08-05T13:37:03.600500900Z,2026-08-05T13:38:22.645387700Z,EPISODE_TYPE_PUBLIC,COMPLETED,55271083,16662557,3000,332.44776538355853,55116608,16622251,3000,267.78363702629895
90185426,2026-08-05T13:41:05.678979Z,2026-08-05T13:42:28.454807400Z,EPISODE_TYPE_PUBLIC,COMPLETED,55115318,16621290,3873,339.6384793619058,55271288,16663448,3000,310.78992241031295
90187509,2026-08-05T13:53:01.393966800Z,2026-08-05T13:54:12.662555200Z,EPISODE_TYPE_PUBLIC,COMPLETED,55118395,16654158,48993,551.0894875373785,55271722,16668089,3364,373.3991477470899
90189683,2026-08-05T14:05:05.213519200Z,2026-08-05T14:06:16.384577400Z,EPISODE_TYPE_PUBLIC,COMPLETED,55116691,16621802,56441,643.5821267949814,55271324,16637031,57395,723.3072077418207
90193145,2026-08-05T14:25:00.937977Z,2026-08-05T14:26:20.454024900Z,EPISODE_TYPE_PUBLIC,COMPLETED,55272557,16655062,93265,799.7047053885251,55116691,16621802,52916,640.8243216088171
90194594,2026-08-05T14:33:00.486388600Z,2026-08-05T14:34:04.379169800Z,EPISODE_TYPE_PUBLIC,COMPLETED,55272787,16656393,181359,696.635274125655,55116223,16622032,28044,554.824624002173
90196148,2026-08-05T14:41:00.781024900Z,2026-08-05T14:42:10.209503800Z,EPISODE_TYPE_PUBLIC,COMPLETED,55116608,16622251,3000,270.5153743782953,55193874,16633466,3000,301.5791719184434
90198960,2026-08-05T14:57:02.726502Z,2026-08-05T14:58:25.853790300Z,EPISODE_TYPE_PUBLIC,COMPLETED,55273235,16668123,39992,483.89805160036383,55117284,16622422,5947,367.12161817040874
90205991,2026-08-05T15:38:21.635856900Z,2026-08-05T15:39:32.595269500Z,EPISODE_TYPE_PUBLIC,COMPLETED,55118395,16654158,37739,548.3153954204834,55274108,16667143,38384,693.3232891325717
90207408,2026-08-05T15:46:18.246065600Z,2026-08-05T15:47:45.179321900Z,EPISODE_TYPE_PUBLIC,COMPLETED,55116223,16622032,49333,558.57584626945,55274586,16661152,9,477.5111096399328
90211943,2026-08-05T16:10:18.114933200Z,2026-08-05T16:11:18.625356700Z,EPISODE_TYPE_PUBLIC,COMPLETED,55273381,16667025,25150,490.29980285084696,55115388,16621402,25174,563.1452322630581
90214061,2026-08-05T16:22:18.357497700Z,2026-08-05T16:23:27.930655700Z,EPISODE_TYPE_PUBLIC,COMPLETED,55117284,16622422,5770,364.0743022089177,55275263,16668123,41724,504.5933007494823
90231198,2026-08-05T18:00:55.770064Z,2026-08-05T18:01:56.673027200Z,EPISODE_TYPE_PUBLIC,COMPLETED,55277400,16668049,71482,617.4184921800482,55116223,16622032,40893,554.6892555114664
90231896,2026-08-05T18:04:56.106881900Z,2026-08-05T18:06:17.194560600Z,EPISODE_TYPE_PUBLIC,COMPLETED,55277362,16668761,31365,472.57522855473223,55116223,16622032,38330,558.2440169675468
90232696,2026-08-05T18:08:56.827334600Z,2026-08-05T18:10:12.148540800Z,EPISODE_TYPE_PUBLIC,COMPLETED,55277231,16663327,31471,574.7490659421327,55115388,16621402,13410,558.6592721507342
90234024,2026-08-05T18:16:56.543197700Z,2026-08-05T18:17:58.338707Z,EPISODE_TYPE_PUBLIC,COMPLETED,55118395,16654158,16374,545.0324398770279,55277798,16669434,26301,653.8604241151129
90234812,2026-08-05T18:20:56.629508Z,2026-08-05T18:21:56.393050200Z,EPISODE_TYPE_PUBLIC,COMPLETED,55277013,16654890,86971,754.0620707668579,55116691,16621802,49614,637.8720373774688
90236287,2026-08-05T18:28:55.850868600Z,2026-08-05T18:30:27.299994500Z,EPISODE_TYPE_PUBLIC,COMPLETED,55276191,16668298,73716,675.9263921812707,55115388,16621402,48384,555.7716942949054
90241872,2026-08-05T19:00:56.308609700Z,2026-08-05T19:02:30.055561300Z,EPISODE_TYPE_PUBLIC,COMPLETED,55116223,16622032,47526,560.0482829961904,55278527,16662914,0,318.62406387239196
90243231,2026-08-05T19:08:55.870220400Z,2026-08-05T19:10:24.989871500Z,EPISODE_TYPE_PUBLIC,COMPLETED,55118395,16654158,37322,542.1815889434489,55278827,16662060,73963,693.0890100760492
90244785,2026-08-05T19:16:55.817328200Z,2026-08-05T19:18:02.876435300Z,EPISODE_TYPE_PUBLIC,COMPLETED,55237091,16658969,3000,259.5643377966545,55115641,16621519,2300,225.59986687261866
90245359,2026-08-05T19:20:56.895082500Z,2026-08-05T19:22:13.760633600Z,EPISODE_TYPE_PUBLIC,COMPLETED,55116223,16622032,26620,559.3925215593596,55279009,16656480,25910,477.76696051700515
90245496,2026-08-05T19:20:57.048698900Z,2026-08-05T19:21:56.434887Z,EPISODE_TYPE_PUBLIC,COMPLETED,55220050,16638953,31414,571.576068610821,55116223,16622032,27578,555.6491347251929
90251775,2026-08-05T20:00:51.553898500Z,2026-08-05T20:02:02.696351500Z,EPISODE_TYPE_PUBLIC,COMPLETED,55279623,16666165,55138,562.9386953630325,55117284,16622422,4179,361.72072240785116
90253876,2026-08-05T20:12:50.939393100Z,2026-08-05T20:13:40.098888500Z,EPISODE_TYPE_PUBLIC,COMPLETED,55116223,16622032,49113,563.1004177515405,55279837,16660735,83,478.92583862266326
90266813,2026-08-05T21:24:51.863791400Z,2026-08-05T21:26:05.029060Z,EPISODE_TYPE_PUBLIC,COMPLETED,55280198,16656317,79220,689.2142894182525,55116691,16621802,55849,634.0650550650205
90267546,2026-08-05T21:28:53.738756500Z,2026-08-05T21:30:14.799343600Z,EPISODE_TYPE_PUBLIC,COMPLETED,55280606,16660957,2966,301.45697559275055,55115318,16621290,3873,345.24020953564235
90274652,2026-08-05T22:08:51.784718700Z,2026-08-05T22:10:11.399336400Z,EPISODE_TYPE_PUBLIC,COMPLETED,55281242,16670202,16658,404.4312637550856,55118395,16654158,29173,544.8509786152945
90279706,2026-08-05T22:36:58.147985900Z,2026-08-05T22:38:09.942891300Z,EPISODE_TYPE_PUBLIC,COMPLETED,55118395,16654158,32777,549.1495134766848,55278534,16660489,14373,524.8045518159983
90286830,2026-08-05T23:16:54.037792Z,2026-08-05T23:17:43.998974Z,EPISODE_TYPE_PUBLIC,COMPLETED,55282263,16665223,3000,275.621910386739,55117284,16622422,6259,365.25135623393146
90288982,2026-08-05T23:28:53.651074700Z,2026-08-05T23:29:59.870320200Z,EPISODE_TYPE_PUBLIC,COMPLETED,55282154,16665865,53452,583.4289403980835,55115388,16621402,49154,551.5825594745693
90289622,2026-08-05T23:32:50.756141300Z,2026-08-05T23:33:58.231730600Z,EPISODE_TYPE_PUBLIC,COMPLETED,55282917,16630779,40390,694.227338439771,55118395,16654158,15952,546.2638012369667
90293395,2026-08-05T23:52:50.847951800Z,2026-08-05T23:53:54.733555700Z,EPISODE_TYPE_PUBLIC,COMPLETED,55270981,16664439,32382,526.9786362176703,55115388,16621402,48229,555.800645961112
90293963,2026-08-05T23:56:50.210962400Z,2026-08-05T23:58:19.624469100Z,EPISODE_TYPE_PUBLIC,COMPLETED,55118395,16654158,30243,544.1380653031562,55283306,16670420,94671,762.5715236135162
90294826,2026-08-06T00:00:52.836821600Z,2026-08-06T00:02:25.575555400Z,EPISODE_TYPE_PUBLIC,COMPLETED,55266955,16666056,3000,254.45921206583762,55116608,16622251,3000,269.2187446602485
90294890,2026-08-06T00:00:52.894358400Z,2026-08-06T00:02:06.999Z,EPISODE_TYPE_PUBLIC,COMPLETED,55115318,16621290,3846,341.59748147941355,55268827,16656431,16804,477.02099410035584
90296405,2026-08-06T00:08:52.389199400Z,2026-08-06T00:09:53.281059400Z,EPISODE_TYPE_PUBLIC,COMPLETED,55118395,16654158,25067,548.8005486514767,55278375,16666958,22496,546.7808982016016
90298422,2026-08-06T00:20:50.447494500Z,2026-08-06T00:21:49.526951Z,EPISODE_TYPE_PUBLIC,COMPLETED,55283862,16668817,76987,694.1306064480639,55118395,16654158,48855,545.9177988290047
90302861,2026-08-06T00:44:50.785866Z,2026-08-06T00:45:53.394156Z,EPISODE_TYPE_PUBLIC,COMPLETED,55116691,16621802,56634,630.494568984066,55283862,16668817,83062,706.243046125581
90304988,2026-08-06T00:56:51.175850700Z,2026-08-06T00:58:11.835168900Z,EPISODE_TYPE_PUBLIC,COMPLETED,55116223,16622032,49334,560.0951384432276,55284484,16662618,85397,698.131569251034
90305046,2026-08-06T00:56:51.291803600Z,2026-08-06T00:57:56.729232800Z,EPISODE_TYPE_PUBLIC,COMPLETED,55284025,16670504,35678,693.460116059647,55115388,16621402,10802,553.0899623435901
90309502,2026-08-06T01:20:51.396130800Z,2026-08-06T01:22:10.606590300Z,EPISODE_TYPE_PUBLIC,COMPLETED,55118395,16654158,15762,541.5085306605595,55279227,16657681,21814,558.5461006156976
90317472,2026-08-06T02:04:54.707149Z,2026-08-06T02:06:09.344464700Z,EPISODE_TYPE_PUBLIC,COMPLETED,55285216,16664129,25348,437.5291005118285,55115388,16621402,28478,556.058712424993
90318911,2026-08-06T02:13:41.470289600Z,2026-08-06T02:14:42.881581700Z,EPISODE_TYPE_PUBLIC,COMPLETED,55116691,16621802,63346,633.9611353862003,55285333,16669191,27975,550.7280145473758
90319590,2026-08-06T02:17:37.136592500Z,2026-08-06T02:18:41.593817400Z,EPISODE_TYPE_PUBLIC,COMPLETED,55116223,16622032,15670,555.948532843071,55285812,16654710,19303,606.8292196475601
90321779,2026-08-06T02:29:39.748220500Z,2026-08-06T02:30:41.940515100Z,EPISODE_TYPE_PUBLIC,COMPLETED,55117284,16622422,6223,362.11819079741883,55285975,16663990,47184,488.67904280062885
90324109,2026-08-06T02:41:36.991396200Z,2026-08-06T02:42:33.793710900Z,EPISODE_TYPE_PUBLIC,COMPLETED,55115318,16621290,4044,337.2749132960182,55275456,16622943,19692,431.475890390919
90324686,2026-08-06T02:45:36.937323Z,2026-08-06T02:46:36.253210400Z,EPISODE_TYPE_PUBLIC,COMPLETED,55286217,16649077,43282,407.98790279151854,55116223,16622032,47012,558.7520175780385
90325423,2026-08-06T02:49:38.592086600Z,2026-08-06T02:50:58.007222400Z,EPISODE_TYPE_PUBLIC,COMPLETED,55286180,16655381,65327,757.6124039472792,55115388,16621402,40012,553.8396745002129
90329185,2026-08-06T03:09:40.171357900Z,2026-08-06T03:10:48.567310700Z,EPISODE_TYPE_PUBLIC,COMPLETED,55286098,16664439,42780,443.34086729199464,55115318,16621290,4055,333.2459288740321
90334258,2026-08-06T03:37:37.614512200Z,2026-08-06T03:38:42.933237600Z,EPISODE_TYPE_PUBLIC,COMPLETED,55286905,16666216,20809,520.6192042584844,55118395,16654158,22594,545.9324308318023
90343005,2026-08-06T04:25:36.551576600Z,2026-08-06T04:26:39.393173100Z,EPISODE_TYPE_PUBLIC,COMPLETED,55288198,16633982,340,416.8545298306535,55118395,16654158,49003,548.9629088648666
90343717,2026-08-06T04:29:40.865046400Z,2026-08-06T04:31:02.456473800Z,EPISODE_TYPE_PUBLIC,COMPLETED,55288071,16665224,91639,789.3144722821997,55116691,16621802,51967,631.2929585926987
90345915,2026-08-06T04:41:36.706777500Z,2026-08-06T04:42:55.994940300Z,EPISODE_TYPE_PUBLIC,COMPLETED,55288638,16663928,98458,757.9471223670555,55116223,16622032,45737,556.4576682711215
90346642,2026-08-06T04:45:37.056179200Z,2026-08-06T04:46:42.417779400Z,EPISODE_TYPE_PUBLIC,COMPLETED,55116691,16621802,42409,628.7636680895483,55288693,16627472,174304,808.00178173046
90346732,2026-08-06T04:45:37.164608300Z,2026-08-06T04:46:49.735133900Z,EPISODE_TYPE_PUBLIC,COMPLETED,55117284,16622422,5962,359.1732666705468,55288476,16656579,24603,491.33005321126745
90348920,2026-08-06T04:57:38.121867300Z,2026-08-06T04:58:33.627451500Z,EPISODE_TYPE_PUBLIC,COMPLETED,55288994,16664111,58157,632.4223289388095,55118395,16654158,28891,545.3391482690088
90357808,2026-08-06T05:45:36.572389700Z,2026-08-06T05:46:44.268145600Z,EPISODE_TYPE_PUBLIC,COMPLETED,55115641,16621519,2300,219.468108288844,55289765,16659286,6019,442.8062947535064
90360061,2026-08-06T05:57:36.553600100Z,2026-08-06T05:58:32.197778Z,EPISODE_TYPE_PUBLIC,COMPLETED,55116691,16621802,60251,625.150029092238,55289652,16672078,66665,697.1721020569091
90364490,2026-08-06T06:21:40.248636900Z,2026-08-06T06:23:02.636208500Z,EPISODE_TYPE_PUBLIC,COMPLETED,55116223,16622032,37668,553.0351012590515,55289986,16664267,70625,640.1863919776623
90364530,2026-08-06T06:21:40.313890100Z,2026-08-06T06:23:09.624869600Z,EPISODE_TYPE_PUBLIC,COMPLETED,55289979,16658960,28580,489.45419092736955,55118395,16654158,39070,549.1297584378996
90368197,2026-08-06T06:41:35.820336800Z,2026-08-06T06:42:26.778418400Z,EPISODE_TYPE_PUBLIC,COMPLETED,55115318,16621290,3757,329.673257254652,55290798,16672241,6579,479.70437366837416
90368875,2026-08-06T06:45:36.627818300Z,2026-08-06T06:46:50.481558900Z,EPISODE_TYPE_PUBLIC,COMPLETED,55116691,16621802,70986,628.257703260808,55291092,16659864,2670,498.52492510792115
90369775,2026-08-06T06:49:40.271648Z,2026-08-06T06:50:50.779263400Z,EPISODE_TYPE_PUBLIC,COMPLETED,55116691,16621802,64398,631.5824588345763,55290272,16653939,470,541.8748721736927
90371160,2026-08-06T06:57:37.548303200Z,2026-08-06T06:58:45.543257400Z,EPISODE_TYPE_PUBLIC,COMPLETED,55116691,16621802,61926,633.8863908535989,55291205,16658499,21282,438.34429945291765
90371222,2026-08-06T06:57:37.628323800Z,2026-08-06T06:58:52.547930800Z,EPISODE_TYPE_PUBLIC,COMPLETED,55290515,16658409,71345,692.6565630029907,55116691,16621802,52623,630.1484399444678
90371292,2026-08-06T06:57:37.711490400Z,2026-08-06T06:59:00.448000500Z,EPISODE_TYPE_PUBLIC,COMPLETED,55116691,16621802,45943,633.980821911138,55290638,16666242,45813,577.0683137602161
90380777,2026-08-06T07:49:43.395939300Z,2026-08-06T07:50:48.492361300Z,EPISODE_TYPE_PUBLIC,COMPLETED,55292788,16670304,121860,719.0336794903245,55116691,16621802,42993,630.3354154767469
90382268,2026-08-06T07:57:42.722865200Z,2026-08-06T07:59:09.339131600Z,EPISODE_TYPE_PUBLIC,COMPLETED,55293027,16651088,179466,717.9172295233908,55116691,16621802,42247,626.7242003225931
90385286,2026-08-06T08:13:40.496834400Z,2026-08-06T08:14:47.591458100Z,EPISODE_TYPE_PUBLIC,COMPLETED,55116691,16621802,64985,623.5913414936547,55292847,16671454,86231,731.8355405301371
90385948,2026-08-06T08:17:40.665121300Z,2026-08-06T08:18:50.393034900Z,EPISODE_TYPE_PUBLIC,COMPLETED,55116691,16621802,42126,621.555189568035,55293260,16701728,166939,849.3713778130615
90385981,2026-08-06T08:17:40.701926600Z,2026-08-06T08:18:50.384368700Z,EPISODE_TYPE_PUBLIC,COMPLETED,55116691,16621802,42242,620.0430309351768,55293533,16634179,166743,715.8632019094823
90386704,2026-08-06T08:21:40.832219300Z,2026-08-06T08:23:00.504610600Z,EPISODE_TYPE_PUBLIC,COMPLETED,55293548,16623736,108197,695.3074867504265,55116223,16622032,26679,550.1163094773198
90389693,2026-08-06T08:37:40.894567Z,2026-08-06T08:43:52.431325300Z,EPISODE_TYPE_PUBLIC,COMPLETED,55293834,16656420,601,497.05614879433216,55116691,16621802,75844,623.1956863783504
90390592,2026-08-06T08:41:41.807386300Z,2026-08-06T08:42:38.131711Z,EPISODE_TYPE_PUBLIC,COMPLETED,55115641,16621519,2300,206.44325735411184,55276534,16662023,3000,234.92648555277748
90391209,2026-08-06T08:45:54.547466500Z,2026-08-06T08:49:44.427560300Z,EPISODE_TYPE_PUBLIC,COMPLETED,55115318,16621290,3926,335.35145439402856,55293834,16656420,601,306.5977693486135
90392088,2026-08-06T08:49:42.942720500Z,2026-08-06T08:51:04.321304200Z,EPISODE_TYPE_PUBLIC,COMPLETED,55118395,16654158,20661,545.1290615360634,55293446,16659269,32589,591.2245754223527
90396530,2026-08-06T09:13:40.628215200Z,2026-08-06T09:14:50.718389400Z,EPISODE_TYPE_PUBLIC,COMPLETED,55294662,16658702,3170,393.46213172032856,55116691,16621802,63604,625.1426893709394
90397272,2026-08-06T09:17:41.128350300Z,2026-08-06T09:18:56.364540800Z,EPISODE_TYPE_PUBLIC,COMPLETED,55294574,16649077,62648,673.7036905945632,55118395,16654158,27951,542.1874879187286
90400239,2026-08-06T09:33:40.469136100Z,2026-08-06T09:35:10.484592300Z,EPISODE_TYPE_PUBLIC,COMPLETED,55294693,16659942,106518,778.0728962932357,55116691,16621802,53234,626.6551763706308
90400364,2026-08-06T09:33:40.653396900Z,2026-08-06T09:34:42.406990Z,EPISODE_TYPE_PUBLIC,COMPLETED,55116691,16621802,70466,629.3517887873753,55294151,16658909,62887,597.8067459104092
90403940,2026-08-06T09:53:40.550209Z,2026-08-06T09:54:43.281737200Z,EPISODE_TYPE_PUBLIC,COMPLETED,55116223,16622032,35625,548.0447355739446,55295241,16674324,86269,772.1172666284652
90404050,2026-08-06T09:53:40.724689400Z,2026-08-06T09:55:08.227505400Z,EPISODE_TYPE_PUBLIC,COMPLETED,55294874,16662730,83540,607.7261989208947,55118395,16654158,38040,538.4848436015117
90407772,2026-08-06T10:13:40.598847600Z,2026-08-06T10:14:39.287791600Z,EPISODE_TYPE_PUBLIC,COMPLETED,55295374,16668361,25183,442.97062519803285,55116223,16622032,32540,551.2428721881197
90409200,2026-08-06T10:21:40.833311900Z,2026-08-06T10:22:52.886101900Z,EPISODE_TYPE_PUBLIC,COMPLETED,55295841,16659771,169754,716.7945003010285,55116691,16621802,41679,623.0783447989118
90410020,2026-08-06T10:25:40.934800700Z,2026-08-06T10:26:39.544929700Z,EPISODE_TYPE_PUBLIC,COMPLETED,55118395,16654158,36019,541.7347545083013,55295594,16675385,29005,438.9137678258493
90410845,2026-08-06T10:29:45.799875800Z,2026-08-06T10:30:40.976438700Z,EPISODE_TYPE_PUBLIC,COMPLETED,55115641,16621519,2300,217.60541119051865,55248468,16662293,396,162.1549238207535
90415204,2026-08-06T10:53:46.519000900Z,2026-08-06T10:55:15.180643900Z,EPISODE_TYPE_PUBLIC,COMPLETED,55116223,16622032,31521,548.147643600156,55296220,16664352,37087,675.0952362834275
90417469,2026-08-06T11:05:46.520369300Z,2026-08-06T11:06:49.491119600Z,EPISODE_TYPE_PUBLIC,COMPLETED,55115388,16621402,22529,550.7438157011585,55296515,16661717,31682,673.900199327896
90421289,2026-08-06T11:25:46.404439600Z,2026-08-06T11:27:16.885470400Z,EPISODE_TYPE_PUBLIC,COMPLETED,55118395,16654158,47613,546.0670920228297,55296571,16673250,27384,518.722625737068
90421369,2026-08-06T11:25:46.436341200Z,2026-08-06T11:27:11.750495100Z,EPISODE_TYPE_PUBLIC,COMPLETED,55116223,16622032,27595,543.8093716474383,55296433,16658655,63152,568.9698918643778
90423663,2026-08-06T11:37:46.849625900Z,2026-08-06T11:39:06.880421100Z,EPISODE_TYPE_PUBLIC,COMPLETED,55115318,16621290,4020,340.3346242449875,55173656,16639465,3386,298.07165004595936
90424994,2026-08-06T11:45:47.008612900Z,2026-08-06T11:47:09.375045400Z,EPISODE_TYPE_PUBLIC,COMPLETED,55116691,16621802,57323,620.3662479699927,55297303,16658830,110245,783.2274544036762
90428854,2026-08-06T12:05:46.538537400Z,2026-08-06T12:07:13.058580900Z,EPISODE_TYPE_PUBLIC,COMPLETED,55116223,16622032,46709,546.2827796801841,55297599,16669703,25736,371.2165298885113
90429617,2026-08-06T12:09:48.996334500Z,2026-08-06T12:11:05.670281100Z,EPISODE_TYPE_PUBLIC,COMPLETED,55118395,16654158,42807,542.9999763881971,55297510,16658499,67006,661.1183407176643
90430391,2026-08-06T12:13:46.810375500Z,2026-08-06T12:15:03.940487Z,EPISODE_TYPE_PUBLIC,COMPLETED,55297599,16669703,13432,398.9578543833357,55115388,16621402,43954,553.3557101109628
90431224,2026-08-06T12:17:47.032253100Z,2026-08-06T12:18:48.238369800Z,EPISODE_TYPE_PUBLIC,COMPLETED,55297369,16670708,12067,481.32256325327177,55116223,16622032,32942,549.9396525073378
90434249,2026-08-06T12:33:49.709330200Z,2026-08-06T12:35:23.271172500Z,EPISODE_TYPE_PUBLIC,COMPLETED,55261645,16657578,3000,293.9768510935303,55116608,16622251,3000,271.21698275357124
90436425,2026-08-06T12:45:48.345998800Z,2026-08-06T12:46:58.736884800Z,EPISODE_TYPE_PUBLIC,COMPLETED,55298244,16658248,7068,396.86132695018927,55116608,16622251,3000,261.78033520112587
90437263,2026-08-06T12:49:53.341185Z,2026-08-06T12:50:55.955315900Z,EPISODE_TYPE_PUBLIC,COMPLETED,55116223,16622032,29428,545.5061086887371,55297713,16671837,55157,564.1025412660128
90438795,2026-08-06T12:57:49.434825600Z,2026-08-06T12:59:00.738746500Z,EPISODE_TYPE_PUBLIC,COMPLETED,55115641,16621519,2300,227.86959093288664,55270892,16659840,1540,161.10167663422843
90442509,2026-08-06T13:17:48.016891500Z,2026-08-06T13:18:55.438271900Z,EPISODE_TYPE_PUBLIC,COMPLETED,55298849,16675631,8867,410.9655280499129,55117284,16622422,6259,355.1612952026162
90447101,2026-08-06T13:41:46.801015500Z,2026-08-06T13:42:55.004780700Z,EPISODE_TYPE_PUBLIC,COMPLETED,55117284,16622422,6259,358.7203680373754,55299522,16661152,253,270.1833906116401
90448576,2026-08-06T13:49:49.455628900Z,2026-08-06T13:51:06.668123500Z,EPISODE_TYPE_PUBLIC,COMPLETED,55116223,16622032,46666,549.0902847700278,55299530,16624553,13453,465.5018312350283
90450846,2026-08-06T14:01:49.280182100Z,2026-08-06T14:02:51.339028400Z,EPISODE_TYPE_PUBLIC,COMPLETED,55300085,16669227,4871,475.725765992589,55116223,16622032,49382,552.8961831865047
90463308,2026-08-06T15:06:16.352638Z,2026-08-06T15:07:25.999773200Z,EPISODE_TYPE_PUBLIC,COMPLETED,55291374,16663945,3000,264.37096404387046,55116608,16622251,3000,261.98321914180235
90468501,2026-08-06T15:34:21.558315700Z,2026-08-06T15:35:33.971015900Z,EPISODE_TYPE_PUBLIC,COMPLETED,55301544,16675060,67784,618.7288654283253,55116223,16622032,39703,549.1529045711368
90480654,2026-08-06T16:54:23.354588800Z,2026-08-06T16:55:46.829966300Z,EPISODE_TYPE_PUBLIC,COMPLETED,55302643,16652212,28287,572.0899041917843,55115388,16621402,17719,548.9947538111429
90485196,2026-08-06T17:18:25.098340900Z,2026-08-06T17:19:37.213774400Z,EPISODE_TYPE_PUBLIC,COMPLETED,55303521,16675739,7928,486.364452849391,55118395,16654158,35017,546.8777505435833
90486646,2026-08-06T17:26:23.535262900Z,2026-08-06T17:27:30.115987500Z,EPISODE_TYPE_PUBLIC,COMPLETED,55303898,16668998,68929,772.7209365520116,55116691,16621802,54587,617.5652242273362
90487606,2026-08-06T17:30:23.477124500Z,2026-08-06T17:31:50.853383300Z,EPISODE_TYPE_PUBLIC,COMPLETED,55298240,16659720,2554,191.4778564905114,55115318,16621290,3988,343.55372137170133
90490669,2026-08-06T17:46:22.742124700Z,2026-08-06T17:47:36.435392800Z,EPISODE_TYPE_PUBLIC,COMPLETED,55261643,16659033,3000,288.48980077951273,55115318,16621290,3798,348.1392435014277
90494492,2026-08-06T18:09:47.865415600Z,2026-08-06T18:10:39.755253500Z,EPISODE_TYPE_PUBLIC,COMPLETED,55117284,16622422,6259,361.2779144055591,55304305,16663694,3000,202.30092328176536
90506612,2026-08-06T19:17:30.127811600Z,2026-08-06T19:18:24.003150900Z,EPISODE_TYPE_PUBLIC,COMPLETED,55305542,16667080,3000,343.68038565507464,55117284,16622422,6259,365.8671436323542
90511286,2026-08-06T19:41:26.485104600Z,2026-08-06T19:42:24.819152600Z,EPISODE_TYPE_PUBLIC,COMPLETED,55115388,16621402,33839,546.288788661265,55305466,16639507,88340,682.697738394546
90513462,2026-08-06T19:53:27.653888600Z,2026-08-06T19:54:39.339263500Z,EPISODE_TYPE_PUBLIC,COMPLETED,55116223,16622032,48923,552.9582042046451,55306054,16678647,4800,475.74531808952327
90514222,2026-08-06T19:57:26.960894Z,2026-08-06T19:58:34.517628500Z,EPISODE_TYPE_PUBLIC,COMPLETED,55306066,16665129,180482,814.9149553642051,55116691,16621802,45045,615.2521682526329
90514333,2026-08-06T19:57:27.176973100Z,2026-08-06T19:58:43.088129600Z,EPISODE_TYPE_PUBLIC,COMPLETED,55116223,16622032,35854,556.7816600104567,55305780,16658489,18305,498.98523253995796
90515178,2026-08-06T20:01:27.079359200Z,2026-08-06T20:03:08.659806700Z,EPISODE_TYPE_PUBLIC,COMPLETED,55290429,16641109,518,172.63983414795078,55115641,16621519,2300,237.94976850126264
90519037,2026-08-06T20:21:26.919013900Z,2026-08-06T20:22:40.620270800Z,EPISODE_TYPE_PUBLIC,COMPLETED,55306101,16678362,3000,297.0019294294068,55115641,16621519,2300,228.32680525166074
90520563,2026-08-06T20:29:26.903704800Z,2026-08-06T20:30:39.239774Z,EPISODE_TYPE_PUBLIC,COMPLETED,55118395,16654158,38905,542.7659206688676,55303758,16660364,54551,578.5425631553443
90521916,2026-08-06T20:37:27.378140200Z,2026-08-06T20:38:28.517199700Z,EPISODE_TYPE_PUBLIC,COMPLETED,55116223,16622032,31205,553.8308093352953,55306622,16677752,109432,696.3543077603717
90524340,2026-08-06T20:49:26.895696400Z,2026-08-06T20:50:49.829649400Z,EPISODE_TYPE_PUBLIC,COMPLETED,55306258,16668688,47452,579.7759582515768,55116223,16622032,42793,549.6107807655125
90530448,2026-08-06T21:21:28.033384200Z,2026-08-06T21:22:47.789595500Z,EPISODE_TYPE_PUBLIC,COMPLETED,55117284,16622422,6259,362.4483865382698,55306846,16677303,10770,448.73731327920837
90534273,2026-08-06T21:41:27.580810Z,2026-08-06T21:42:27.479803200Z,EPISODE_TYPE_PUBLIC,COMPLETED,55306862,16665865,31060,576.0255529056844,55116691,16621802,59871,619.2771260339823
90535017,2026-08-06T21:45:28.548011400Z,2026-08-06T21:46:40.780466100Z,EPISODE_TYPE_PUBLIC,COMPLETED,55307164,16679245,23816,572.9278868121056,55115388,16621402,8376,542.0302051721217
90535752,2026-08-06T21:49:27.213026400Z,2026-08-06T21:50:47.714851900Z,EPISODE_TYPE_PUBLIC,COMPLETED,55307387,16679347,24265,505.44713379728154,55118395,16654158,42255,546.9342557455129
90535805,2026-08-06T21:49:27.287991700Z,2026-08-06T21:50:39.173099800Z,EPISODE_TYPE_PUBLIC,COMPLETED,55307322,16662083,3000,361.8411035602352,55115641,16621519,2300,221.4095310771863
90537427,2026-08-06T21:57:27.755139400Z,2026-08-06T21:58:37.523462200Z,EPISODE_TYPE_PUBLIC,COMPLETED,55116608,16622251,3000,251.61477158666824,55298814,16667684,6099,345.05616517261643
90538861,2026-08-06T22:05:29.678005300Z,2026-08-06T22:06:27.521825300Z,EPISODE_TYPE_PUBLIC,COMPLETED,55117284,16622422,6259,366.03866635862755,55307551,16679250,3000,285.8045270871933
90551271,2026-08-06T23:09:37.513794900Z,2026-08-06T23:10:35.356343Z,EPISODE_TYPE_PUBLIC,COMPLETED,55116691,16621802,58073,622.8755413615793,55307768,16675708,2939,554.5498417077524
90555030,2026-08-06T23:30:09.535939200Z,2026-08-06T23:31:10.643640900Z,EPISODE_TYPE_PUBLIC,COMPLETED,55308543,16654970,9060,351.13169602553955,55118395,16654158,43685,549.1601457288667
90561257,2026-08-07T00:02:05.248052200Z,2026-08-07T00:03:35.729392100Z,EPISODE_TYPE_PUBLIC,COMPLETED,55116691,16621802,44374,619.3338805011606,55309049,16655559,193771,715.6460689116313
90561343,2026-08-07T00:02:05.360491200Z,2026-08-07T00:03:17.689174200Z,EPISODE_TYPE_PUBLIC,COMPLETED,55308662,16675708,60860,682.1339035278112,55116223,16622032,25893,546.8816383543704
90562165,2026-08-07T00:06:11.147972600Z,2026-08-07T00:07:25.835876200Z,EPISODE_TYPE_PUBLIC,COMPLETED,55308902,16665865,88976,685.151520987559,55115388,16621402,32043,539.3534148942229
90563010,2026-08-07T00:10:05.690188900Z,2026-08-07T00:11:32.092435100Z,EPISODE_TYPE_PUBLIC,COMPLETED,55116691,16621802,62397,624.2801605507308,55308662,16675708,2850,637.152265489538
90578767,2026-08-07T01:31:49.264500700Z,2026-08-07T01:33:21.408169100Z,EPISODE_TYPE_PUBLIC,COMPLETED,55116223,16622032,35999,544.0767671354706,55309954,16670218,78783,668.8480556655978
90586547,2026-08-07T02:11:49.669416800Z,2026-08-07T02:12:42.771782300Z,EPISODE_TYPE_PUBLIC,COMPLETED,55115318,16621290,3883,351.6354143583515,55311445,16668029,13,221.85242391593692
90590298,2026-08-07T02:31:49.616880500Z,2026-08-07T02:32:54.692743100Z,EPISODE_TYPE_PUBLIC,COMPLETED,55312093,16663187,157319,789.0161960111166,55116691,16621802,46072,621.6195333801717
90598913,2026-08-07T03:15:50.456608400Z,2026-08-07T03:16:53.072518700Z,EPISODE_TYPE_PUBLIC,COMPLETED,55116691,16621802,42380,618.0895281673376,55313042,16674385,172272,715.2654763374406
90599051,2026-08-07T03:15:50.671137300Z,2026-08-07T03:16:47.058127500Z,EPISODE_TYPE_PUBLIC,COMPLETED,55312303,16663976,15709,464.1587909694463,55116223,16622032,33052,547.505730854864
90602870,2026-08-07T03:35:51.415009600Z,2026-08-07T03:37:04.868173500Z,EPISODE_TYPE_PUBLIC,COMPLETED,55118395,16654158,40579,545.499671835291,55313212,16666988,82950,624.118329805343
90607670,2026-08-07T03:59:49.078134300Z,2026-08-07T04:00:57.570390800Z,EPISODE_TYPE_PUBLIC,COMPLETED,55118395,16654158,28387,541.5315732914883,55313056,16659588,33574,587.2558184210113
90617798,2026-08-07T04:51:55.626100300Z,2026-08-07T04:53:20.471417800Z,EPISODE_TYPE_PUBLIC,COMPLETED,55115388,16621402,38256,535.603496859479,55314569,16676320,50962,599.0664456914297
90621023,2026-08-07T05:07:54.960704Z,2026-08-07T05:09:18.031712500Z,EPISODE_TYPE_PUBLIC,COMPLETED,55305400,16677105,54024,613.1465949294595,55118395,16654158,22654,538.0590383428121
90625755,2026-08-07T05:31:55.245677400Z,2026-08-07T05:32:51.592047900Z,EPISODE_TYPE_PUBLIC,COMPLETED,55259947,16664875,3000,283.20685701449065,55116608,16622251,3000,254.00085755717734
90630504,2026-08-07T05:55:57.639919900Z,2026-08-07T05:57:08.217195800Z,EPISODE_TYPE_PUBLIC,COMPLETED,55261316,16663438,3382,284.58291154976376,55116608,16622251,3000,241.89221188598916
90634219,2026-08-07T06:15:56.487595400Z,2026-08-07T06:18:40.731740400Z,EPISODE_TYPE_PUBLIC,COMPLETED,55115388,16621402,42581,539.5392290459681,55316801,16662690,27483,471.48629595137845
90635836,2026-08-07T06:24:02.421976600Z,2026-08-07T06:25:20.691204Z,EPISODE_TYPE_PUBLIC,COMPLETED,55316835,16677855,66815,670.4231418953513,55118395,16654158,27136,535.0688516864831
90636660,2026-08-07T06:27:55.445324800Z,2026-08-07T06:29:08.311266500Z,EPISODE_TYPE_PUBLIC,COMPLETED,55316905,16681895,3000,389.1021087861167,55116223,16622032,49260,550.1387683255413
90636688,2026-08-07T06:27:55.479404600Z,2026-08-07T06:28:58.903076700Z,EPISODE_TYPE_PUBLIC,COMPLETED,55316745,16672105,35382,591.4864043014161,55118395,16654158,25856,531.2259463926606
90639834,2026-08-07T06:43:56.379646800Z,2026-08-07T06:44:54.875197300Z,EPISODE_TYPE_PUBLIC,COMPLETED,55116223,16622032,24332,547.0236358561611,55317034,16681369,39346,661.5059012869949
90643757,2026-08-07T07:03:57.313961500Z,2026-08-07T07:05:18.361258700Z,EPISODE_TYPE_PUBLIC,COMPLETED,55115388,16621402,41600,536.6048839206917,55317622,16666988,100864,676.5032170569176
90644656,2026-08-07T07:07:55.307302100Z,2026-08-07T07:09:08.042550600Z,EPISODE_TYPE_PUBLIC,COMPLETED,55118395,16654158,49177,533.5852728572146,55317644,16672284,4062,348.1315194803741
90650891,2026-08-07T07:39:56.065200800Z,2026-08-07T07:41:14.822857700Z,EPISODE_TYPE_PUBLIC,COMPLETED,55115388,16621402,23705,533.8247815914684,55318756,16677240,191624,690.7788515664755
90655827,2026-08-07T08:04:01.536545500Z,2026-08-07T08:05:16.213913900Z,EPISODE_TYPE_PUBLIC,COMPLETED,55157021,16632157,7358,364.31582588710415,55117284,16622422,6259,361.434506541311
90664516,2026-08-07T08:48:04.120131600Z,2026-08-07T08:49:16.320306200Z,EPISODE_TYPE_PUBLIC,COMPLETED,55320002,16664469,30056,394.00583784767537,55115318,16621290,3967,346.8461623650312
90665304,2026-08-07T08:52:07.223463100Z,2026-08-07T08:53:14.162741Z,EPISODE_TYPE_PUBLIC,COMPLETED,55320194,16679389,2142,178.41942575823197,55115641,16621519,2300,231.282124587127
90668432,2026-08-07T09:07:59.655883600Z,2026-08-07T09:09:08.674705900Z,EPISODE_TYPE_PUBLIC,COMPLETED,55320452,16667177,5558,475.05169665196246,55115318,16621290,3950,343.4583274343593
90669361,2026-08-07T09:11:59.551759600Z,2026-08-07T09:13:24.676066700Z,EPISODE_TYPE_PUBLIC,COMPLETED,55116691,16621802,68473,614.4633966833627,55303348,16655353,84624,679.3462082527938
90672319,2026-08-07T09:27:59.629938300Z,2026-08-07T09:29:17.957058900Z,EPISODE_TYPE_PUBLIC,COMPLETED,55116691,16621802,63458,617.6655210352906,55321151,16677945,13450,495.4408374880694
90673910,2026-08-07T09:35:59.046976600Z,2026-08-07T09:37:29.802416900Z,EPISODE_TYPE_PUBLIC,COMPLETED,55118395,16654158,31012,537.540581600945,55321332,16670755,29566,470.84706142921186
90677094,2026-08-07T09:52:01.249901300Z,2026-08-07T09:52:56.660245700Z,EPISODE_TYPE_PUBLIC,COMPLETED,55115388,16621402,42685,537.7777651347583,55321652,16673234,17215,470.9229863415542
90682826,2026-08-07T10:20:00.356001100Z,2026-08-07T10:21:05.880424800Z,EPISODE_TYPE_PUBLIC,COMPLETED,55115388,16621402,32770,534.2759775362395,55321360,16682183,83820,610.6656539638473
90692326,2026-08-07T11:07:59.146095100Z,2026-08-07T11:09:26.231011900Z,EPISODE_TYPE_PUBLIC,COMPLETED,55322309,16655881,32695,596.3066744825531,55116691,16621802,47350,621.968972570067
90696391,2026-08-07T11:27:59.434948500Z,2026-08-07T11:29:05.075449Z,EPISODE_TYPE_PUBLIC,COMPLETED,55115641,16621519,2300,222.69587006014783,55315526,16658522,3000,295.0126624350416
90698788,2026-08-07T11:39:59.339439800Z,2026-08-07T11:41:23.668362500Z,EPISODE_TYPE_PUBLIC,COMPLETED,55115641,16621519,2300,230.64369527994583,55235006,16658100,1650,149.46596599896216
90705908,2026-08-07T12:15:58.685436Z,2026-08-07T12:16:50.128152Z,EPISODE_TYPE_PUBLIC,COMPLETED,55324115,16657628,0,229.9552778771887,55115318,16621290,3967,347.0600841705507
90712197,2026-08-07T12:47:59.820395600Z,2026-08-07T12:49:12.772672400Z,EPISODE_TYPE_PUBLIC,COMPLETED,55324931,16672247,29963,497.6111452223462,55116691,16621802,70277,625.1046312476326
90714764,2026-08-07T12:59:59.477935100Z,2026-08-07T13:01:03.963539500Z,EPISODE_TYPE_PUBLIC,COMPLETED,55324164,16624941,65615,699.4865526499276,55116691,16621802,53463,621.6323285009821
90718004,2026-08-07T13:15:59.611673Z,2026-08-07T13:17:15.288000500Z,EPISODE_TYPE_PUBLIC,COMPLETED,55116691,16621802,38133,618.148300895179,55324174,16624941,82105,693.9206158139077
90718648,2026-08-07T13:20:01.286555300Z,2026-08-07T13:21:21.919409300Z,EPISODE_TYPE_PUBLIC,COMPLETED,55325239,16684947,29729,639.6060621505267,55118395,16654158,27234,534.3023246175788
90725055,2026-08-07T13:51:59.129736300Z,2026-08-07T13:53:02.137228100Z,EPISODE_TYPE_PUBLIC,COMPLETED,55326026,16672103,51131,631.9481570062986,55115388,16621402,37551,530.8888453629663
90728271,2026-08-07T14:07:59.420490200Z,2026-08-07T14:09:00.446695200Z,EPISODE_TYPE_PUBLIC,COMPLETED,55326369,16654099,62626,596.3253274323865,55115388,16621402,47329,527.0134585075494
90732322,2026-08-07T14:28:01.511355400Z,2026-08-07T14:29:19.890704500Z,EPISODE_TYPE_PUBLIC,COMPLETED,55116691,16621802,64153,614.0506151839721,55326573,16679364,80993,665.4522800995275
90734799,2026-08-07T14:39:59.636122600Z,2026-08-07T14:40:58.164370800Z,EPISODE_TYPE_PUBLIC,COMPLETED,55116608,16622251,3000,233.07464939097198,55326869,16632493,4075,356.66858667134323
90736398,2026-08-07T14:47:59.413319600Z,2026-08-07T14:49:15.622854100Z,EPISODE_TYPE_PUBLIC,COMPLETED,55117284,16622422,6259,357.99729770409994,55327009,16658278,29902,449.29123684264033
90739583,2026-08-07T15:04:01.338189700Z,2026-08-07T15:05:20.865667Z,EPISODE_TYPE_PUBLIC,COMPLETED,55115388,16621402,48914,529.8445855273825,55327475,16670462,600,381.401970714194
90740401,2026-08-07T15:08:00.320224400Z,2026-08-07T15:09:00.432432100Z,EPISODE_TYPE_PUBLIC,COMPLETED,55116691,16621802,53471,610.7238095134854,55327194,16664457,74848,707.8512839758905
90744576,2026-08-07T15:28:02.016672300Z,2026-08-07T15:29:09.024550100Z,EPISODE_TYPE_PUBLIC,COMPLETED,55327623,16670464,6099,291.0899389609288,55115641,16621519,2300,222.30395756860096
90745207,2026-08-07T15:31:59.283700900Z,2026-08-07T15:33:23.391312100Z,EPISODE_TYPE_PUBLIC,COMPLETED,55328104,16661304,137617,711.9858991389096,55116691,16621802,45199,607.2942413523564
90747717,2026-08-07T15:44:00.832214800Z,2026-08-07T15:45:34.988776500Z,EPISODE_TYPE_PUBLIC,COMPLETED,55328006,16673034,23252,390.6987048561765,55115388,16621402,40544,532.6082540188787
90755734,2026-08-07T16:24:00.778975100Z,2026-08-07T16:25:14.006568500Z,EPISODE_TYPE_PUBLIC,COMPLETED,55115388,16621402,36439,529.62693543358,55328943,16685615,46102,661.814003195827
90761315,2026-08-07T16:51:59.068119600Z,2026-08-07T16:53:03.740176900Z,EPISODE_TYPE_PUBLIC,COMPLETED,55115388,16621402,28664,527.7997971172135,55329422,16684762,133720,778.6920634030389
90761494,2026-08-07T16:51:59.375056200Z,2026-08-07T16:53:22.054714500Z,EPISODE_TYPE_PUBLIC,COMPLETED,55118395,16654158,44341,537.3266315313556,55328931,16679470,12409,424.49275916166016
90763776,2026-08-07T17:04:02.601376Z,2026-08-07T17:05:28.495565600Z,EPISODE_TYPE_PUBLIC,COMPLETED,55329728,16650485,1960,469.00775525578695,55115388,16621402,36489,531.8114346125051
90763821,2026-08-07T17:04:02.662998900Z,2026-08-07T17:04:57.471440600Z,EPISODE_TYPE_PUBLIC,COMPLETED,55117284,16622422,5890,354.71798746915323,55329499,16672247,21122,463.8204255666029
90782039,2026-08-07T18:37:02.462984700Z,2026-08-07T18:38:32.149666Z,EPISODE_TYPE_PUBLIC,COMPLETED,55331586,16654710,114849,710.9618569819875,55116691,16621802,40290,603.896034482283
90787881,2026-08-07T19:04:40.230929700Z,2026-08-07T19:06:15.587183100Z,EPISODE_TYPE_PUBLIC,COMPLETED,55332006,16672315,157190,690.9756393984454,55118395,16654158,20631,534.5405025747782
90792932,2026-08-07T19:28:40.576978700Z,2026-08-07T19:30:06.474206200Z,EPISODE_TYPE_PUBLIC,COMPLETED,55332150,16667767,52707,654.353351339298,55118395,16654158,22201,531.4884095309932
90793737,2026-08-07T19:32:40.183126700Z,2026-08-07T19:33:42.879765500Z,EPISODE_TYPE_PUBLIC,COMPLETED,55332505,16682869,45783,689.476956365332,55115388,16621402,36663,529.0712028238167
90798016,2026-08-07T19:52:47.857266100Z,2026-08-07T19:54:32.316570400Z,EPISODE_TYPE_PUBLIC,COMPLETED,55332441,16663407,17106,428.64568798626635,55115318,16621290,3722,343.1396808642521
90798072,2026-08-07T19:52:47.958628200Z,2026-08-07T19:54:14.931644100Z,EPISODE_TYPE_PUBLIC,COMPLETED,55332116,16684748,13588,440.07846558110197,55115388,16621402,32454,532.3460766251854
90798982,2026-08-07T19:56:49.470706Z,2026-08-07T19:57:39.823168500Z,EPISODE_TYPE_PUBLIC,COMPLETED,55115641,16621519,2300,214.76560677020964,55331758,16660073,3754,297.4012408596075
90799823,2026-08-07T20:00:48.169260100Z,2026-08-07T20:01:59.173395200Z,EPISODE_TYPE_PUBLIC,COMPLETED,55322297,16664566,46089,476.3648206612712,55116691,16621802,60468,606.6189069019631
90804573,2026-08-07T20:24:47.304624200Z,2026-08-07T20:26:22.880345700Z,EPISODE_TYPE_PUBLIC,COMPLETED,55116691,16621802,38668,603.226861172492,55333255,16671012,145681,710.7606768806876
90808885,2026-08-07T20:47:13.744293800Z,2026-08-07T20:48:34.459771800Z,EPISODE_TYPE_PUBLIC,COMPLETED,55332697,16671421,3759,522.9596150417963,55115388,16621402,26924,536.810322159005
90813980,2026-08-07T21:11:14.367433600Z,2026-08-07T21:12:43.514299400Z,EPISODE_TYPE_PUBLIC,COMPLETED,55329437,16659720,8212,380.4554663399426,55117284,16622422,5898,350.49770787213106
90815378,2026-08-07T21:19:13.190930Z,2026-08-07T21:20:38.064126Z,EPISODE_TYPE_PUBLIC,COMPLETED,55116691,16621802,47516,599.3146774072382,55333522,16662375,70804,653.6563671792013
90815617,2026-08-07T21:19:13.499437900Z,2026-08-07T21:20:53.258065500Z,EPISODE_TYPE_PUBLIC,COMPLETED,55118395,16654158,23765,534.935147154621,55332678,16670986,12282,456.44882198307215
90817983,2026-08-07T21:31:14.532148100Z,2026-08-07T21:32:33.078959200Z,EPISODE_TYPE_PUBLIC,COMPLETED,55115388,16621402,26135,532.4161161168006,55333356,16670155,27150,550.7613386232555
90826168,2026-08-07T22:11:14.792764Z,2026-08-07T22:12:12.613243600Z,EPISODE_TYPE_PUBLIC,COMPLETED,55116691,16621802,61828,603.081605707699,55334184,16663922,53032,543.4416589174234
90828544,2026-08-07T22:23:13.176636200Z,2026-08-07T22:24:39.928519700Z,EPISODE_TYPE_PUBLIC,COMPLETED,55334749,16671738,153119,690.3243532879167,55118395,16654158,23925,532.1689638351785
90834395,2026-08-07T22:51:17.878143700Z,2026-08-07T22:52:35.667001300Z,EPISODE_TYPE_PUBLIC,COMPLETED,55117284,16622422,6117,354.1557997482349,55334781,16630380,4547,284.58774783922263
90838418,2026-08-07T23:11:16.350180100Z,2026-08-07T23:12:34.637979400Z,EPISODE_TYPE_PUBLIC,COMPLETED,55335055,16660089,56682,673.692618790584,55116691,16621802,45041,599.4485994407564
90841849,2026-08-07T23:27:40.201658100Z,2026-08-07T23:29:02.492162300Z,EPISODE_TYPE_PUBLIC,COMPLETED,55115388,16621402,36543,527.8681576743887,55334728,16662647,36933,536.080479741976
90841863,2026-08-07T23:27:40.215955700Z,2026-08-07T23:28:57.559441700Z,EPISODE_TYPE_PUBLIC,COMPLETED,55242541,16656210,3000,239.52947333589833,55116608,16622251,3000,233.53035151444408
90842745,2026-08-07T23:31:41.590629100Z,2026-08-07T23:32:50.137617100Z,EPISODE_TYPE_PUBLIC,COMPLETED,55333697,16663161,5982,264.35347860976765,55117284,16622422,6062,357.42305572069387
90849177,2026-08-08T00:03:39.992931300Z,2026-08-08T00:04:57.639923900Z,EPISODE_TYPE_PUBLIC,COMPLETED,55336177,16663783,153936,688.4125946556484,55115388,16621402,16432,525.1605219630595
90852618,2026-08-08T00:19:39.790581200Z,2026-08-08T00:20:58.928591200Z,EPISODE_TYPE_PUBLIC,COMPLETED,55336447,16688153,5445,302.93617231967085,55115388,16621402,33805,527.1250825910928
90856050,2026-08-08T00:35:40.707445900Z,2026-08-08T00:36:43.779318800Z,EPISODE_TYPE_PUBLIC,COMPLETED,55336395,16660146,3250,286.0816956410032,55115318,16621290,4102,347.36461048821377
90859497,2026-08-08T00:51:43.446478700Z,2026-08-08T00:52:36.685284400Z,EPISODE_TYPE_PUBLIC,COMPLETED,55289889,16671985,408,318.0114481607875,55115318,16621290,3916,351.932368809213
90861152,2026-08-08T00:59:39.823105800Z,2026-08-08T01:00:43.485115Z,EPISODE_TYPE_PUBLIC,COMPLETED,55335956,16655080,20722,513.5108577330687,55115388,16621402,27218,531.5100898059364
90866341,2026-08-08T01:23:40.625386100Z,2026-08-08T01:24:48.670739Z,EPISODE_TYPE_PUBLIC,COMPLETED,55314326,16624553,8050,395.73121427928663,55117284,16622422,5964,353.43031736179944
90868014,2026-08-08T01:31:45.006235300Z,2026-08-08T01:32:44.421464600Z,EPISODE_TYPE_PUBLIC,COMPLETED,55333236,16686613,23319,518.9242312892878,55118395,16654158,25413,536.5527433563285
90872909,2026-08-08T01:55:39.813869600Z,2026-08-08T01:56:54.704687300Z,EPISODE_TYPE_PUBLIC,COMPLETED,55116691,16621802,41166,604.3984261926975,55338082,16663678,1300,608.8478060618419
90873799,2026-08-08T01:59:39.888375100Z,2026-08-08T02:00:29.084657500Z,EPISODE_TYPE_PUBLIC,COMPLETED,55117284,16622422,6117,356.98408833443,55338107,16688288,3000,271.24508025538427
90874781,2026-08-08T02:03:40.026161400Z,2026-08-08T02:04:50.084649600Z,EPISODE_TYPE_PUBLIC,COMPLETED,55324593,16675686,3000,287.8644225094547,55115318,16621290,4060,355.86754852872673
90881551,2026-08-08T02:35:40.137959700Z,2026-08-08T02:36:30.665130300Z,EPISODE_TYPE_PUBLIC,COMPLETED,55318425,16656351,12176,395.10695082497637,55117284,16622422,5918,352.98459807210673
90889045,2026-08-08T03:11:41.229236700Z,2026-08-08T03:12:56.125435300Z,EPISODE_TYPE_PUBLIC,COMPLETED,55298720,16666084,26462,558.3120292271057,55118395,16654158,22415,532.3294287844368
90897314,2026-08-08T03:51:42.209010800Z,2026-08-08T03:52:57.462167400Z,EPISODE_TYPE_PUBLIC,COMPLETED,55118395,16654158,13170,527.729236078517,55339306,16671622,18746,534.8929483807483
90913256,2026-08-08T05:07:48.591430300Z,2026-08-08T05:08:53.143796500Z,EPISODE_TYPE_PUBLIC,COMPLETED,55115388,16621402,16220,528.7723554889154,55341538,16664242,115253,689.3954062700734
90913366,2026-08-08T05:07:48.774376600Z,2026-08-08T05:09:34.660020700Z,EPISODE_TYPE_PUBLIC,COMPLETED,55340724,16688220,16923,576.6922006029861,55115388,16621402,7896,524.887405251543
90919381,2026-08-08T05:35:47.989012300Z,2026-08-08T05:36:50.620400100Z,EPISODE_TYPE_PUBLIC,COMPLETED,55315739,16681895,3000,255.75710456572605,55115641,16621519,2300,206.4547637234794
90920892,2026-08-08T05:43:47.738211100Z,2026-08-08T05:44:57.551296300Z,EPISODE_TYPE_PUBLIC,COMPLETED,55115318,16621290,3890,352.43772426950693,55341923,16662267,21647,457.4560800185505
90921683,2026-08-08T05:47:47.382807100Z,2026-08-08T05:49:01.331494600Z,EPISODE_TYPE_PUBLIC,COMPLETED,55115388,16621402,25408,522.0208120974692,55341939,16668698,55496,655.6948999986834
90921758,2026-08-08T05:47:47.504108800Z,2026-08-08T05:49:03.672665400Z,EPISODE_TYPE_PUBLIC,COMPLETED,55341827,16667767,13678,403.3767443128057,55115318,16621290,3735,348.33447742855736
90938593,2026-08-08T07:07:48.127149500Z,2026-08-08T07:08:58.416047500Z,EPISODE_TYPE_PUBLIC,COMPLETED,55115318,16621290,3877,344.3519805126565,55342966,16660246,11642,399.3829032330432
90942639,2026-08-08T07:27:47.651684600Z,2026-08-08T07:29:03.540410Z,EPISODE_TYPE_PUBLIC,COMPLETED,55116691,16621802,53927,599.635280087509,55343748,16670527,70371,601.3783487159621
90942803,2026-08-08T07:27:47.907462700Z,2026-08-08T07:29:11.019367800Z,EPISODE_TYPE_PUBLIC,COMPLETED,55318166,16671694,73470,671.7952071433253,55116691,16621802,44077,596.1890978072425
90945299,2026-08-08T07:39:48.815596Z,2026-08-08T07:41:10.450000100Z,EPISODE_TYPE_PUBLIC,COMPLETED,55326795,16675493,19899,523.0206141996242,55118395,16654158,10640,523.0548706934501
90949285,2026-08-08T07:59:49.695445900Z,2026-08-08T08:01:05.647460800Z,EPISODE_TYPE_PUBLIC,COMPLETED,55344470,16668357,5550,367.12740050190354,55115318,16621290,3890,339.87096363719024
90951891,2026-08-08T08:11:52.077275500Z,2026-08-08T08:13:04.576960100Z,EPISODE_TYPE_PUBLIC,COMPLETED,55299442,16656235,2940,242.2012288281463,55116608,16622251,3000,246.50637848418188
90953484,2026-08-08T08:19:49.393156Z,2026-08-08T08:21:11.325954100Z,EPISODE_TYPE_PUBLIC,COMPLETED,55344167,16658535,26214,511.1460316035562,55118395,16654158,36376,527.4885887826348
90954994,2026-08-08T08:27:49.280299900Z,2026-08-08T08:29:22.419388100Z,EPISODE_TYPE_PUBLIC,COMPLETED,55345315,16671980,138368,688.970220564564,55118395,16654158,22179,527.2121261127332
90955016,2026-08-08T08:27:49.318994700Z,2026-08-08T08:28:57.251644200Z,EPISODE_TYPE_PUBLIC,COMPLETED,55118395,16654158,37341,529.936839117523,55345137,16689681,3000,352.60700012925486
90957701,2026-08-08T08:39:49.595052500Z,2026-08-08T08:41:14.510275300Z,EPISODE_TYPE_PUBLIC,COMPLETED,55308429,16654623,59111,708.8598559804509,55116691,16621802,37312,593.3194605555143
90964205,2026-08-08T09:11:51.776714800Z,2026-08-08T09:12:57.082970Z,EPISODE_TYPE_PUBLIC,COMPLETED,55115318,16621290,3735,343.5036001012864,55345948,16659961,260,259.82767362010253
90973304,2026-08-08T09:55:49.002805200Z,2026-08-08T09:57:45.465339400Z,EPISODE_TYPE_PUBLIC,COMPLETED,55115388,16621402,33175,519.1419458945745,55346781,16688220,59219,655.6537227440539
90978351,2026-08-08T10:19:49.186526700Z,2026-08-08T10:21:02.349450600Z,EPISODE_TYPE_PUBLIC,COMPLETED,55116608,16622251,3000,240.52891533079196,55347430,16690286,7827,439.62791205740155
90984994,2026-08-08T10:51:53.890755700Z,2026-08-08T10:53:07.655312Z,EPISODE_TYPE_PUBLIC,COMPLETED,55116691,16621802,65525,598.1605919811486,55347953,16676254,14385,596.1057295359034
90990187,2026-08-08T11:15:49.675586600Z,2026-08-08T11:16:48.487178Z,EPISODE_TYPE_PUBLIC,COMPLETED,55347695,16668340,6943,466.55060909869786,55115388,16621402,21020,522.9272061051945
90992667,2026-08-08T11:27:49.087934800Z,2026-08-08T11:29:16.370008300Z,EPISODE_TYPE_PUBLIC,COMPLETED,55116691,16621802,50147,602.5827955973805,55347769,16661249,13200,586.0059330924262
91003571,2026-08-08T12:19:50.450544500Z,2026-08-08T12:21:05.556121300Z,EPISODE_TYPE_PUBLIC,COMPLETED,55115318,16621290,4183,339.0233350479798,55345356,16622943,5407,353.6757308968109
91019255,2026-08-08T13:35:48.638449800Z,2026-08-08T13:37:01.097184900Z,EPISODE_TYPE_PUBLIC,COMPLETED,55351324,16654258,6526,455.06968376107824,55115388,16621402,33328,526.6089155630331
91036240,2026-08-08T14:55:56.527653900Z,2026-08-08T14:57:17.179050800Z,EPISODE_TYPE_PUBLIC,COMPLETED,55338157,16671425,28292,536.5431311465794,55118395,16654158,16252,522.7746444418431
91040222,2026-08-08T15:15:56.432788400Z,2026-08-08T15:17:19.011043500Z,EPISODE_TYPE_PUBLIC,COMPLETED,55353992,16659286,11855,468.62789631278713,55115388,16621402,23104,530.632186238454
91042966,2026-08-08T15:27:56.275582600Z,2026-08-08T15:29:17.743330700Z,EPISODE_TYPE_PUBLIC,COMPLETED,55353070,16690812,15223,476.9541425426703,55118395,16654158,32545,526.6623255125489
91043722,2026-08-08T15:31:59.394881700Z,2026-08-08T15:33:15.664243400Z,EPISODE_TYPE_PUBLIC,COMPLETED,55115388,16621402,24122,534.2592803979933,55353602,16689286,2791,463.66377582812714
91045287,2026-08-08T15:39:55.984311200Z,2026-08-08T15:41:23.531524Z,EPISODE_TYPE_PUBLIC,COMPLETED,55118395,16654158,13280,523.1703120826242,55354395,16664221,33112,619.8462605018713
91054806,2026-08-08T16:23:57.076143Z,2026-08-08T16:25:05.576848100Z,EPISODE_TYPE_PUBLIC,COMPLETED,55118574,16621770,2883,205.12139259351738,55115641,16621519,2300,197.15395223489256
91056489,2026-08-08T16:31:59.708798Z,2026-08-08T16:33:29.687079800Z,EPISODE_TYPE_PUBLIC,COMPLETED,55350029,16624253,35480,552.5343291861032,55118395,16654158,11907,519.0439891456989
91060548,2026-08-08T16:52:02.440031800Z,2026-08-08T16:53:30.217352100Z,EPISODE_TYPE_PUBLIC,COMPLETED,55115388,16621402,34112,530.7707332372611,55355318,16677565,40420,613.3433052087258
91060619,2026-08-08T16:52:02.570692400Z,2026-08-08T16:53:37.157686500Z,EPISODE_TYPE_PUBLIC,COMPLETED,55115388,16621402,7654,527.855387121477,55355012,16689183,69330,646.2187640936509
91064869,2026-08-08T17:12:02.779251600Z,2026-08-08T17:13:28.872980500Z,EPISODE_TYPE_PUBLIC,COMPLETED,55355925,16665400,10604,488.4472853497465,55115388,16621402,24702,531.9926033097644
91067692,2026-08-08T17:23:59.505820400Z,2026-08-08T17:24:56.028660800Z,EPISODE_TYPE_PUBLIC,COMPLETED,55346238,16658042,47121,591.2767474728753,55116691,16621802,43383,597.7976033352456
91077178,2026-08-08T18:07:59.137871700Z,2026-08-08T18:09:14.796132800Z,EPISODE_TYPE_PUBLIC,COMPLETED,55115388,16621402,28585,528.228453728965,55356243,16662647,52252,586.7442564985552
91079057,2026-08-08T18:16:00.038745Z,2026-08-08T18:17:11.140632300Z,EPISODE_TYPE_PUBLIC,COMPLETED,55349465,16690221,24378,585.6276832788177,55115388,16621402,11265,524.540815676312
91092962,2026-08-08T19:19:58.572127200Z,2026-08-08T19:21:45.925018700Z,EPISODE_TYPE_PUBLIC,COMPLETED,55357487,16623370,48647,578.7353176805668,55116691,16621802,45201,592.8608618282627
91093797,2026-08-08T19:23:58.699458700Z,2026-08-08T19:25:18.807242400Z,EPISODE_TYPE_PUBLIC,COMPLETED,55115388,16621402,18664,528.9682463669022,55357781,16661576,13494,512.6911985454756
91093857,2026-08-08T19:23:58.788615700Z,2026-08-08T19:24:53.321437300Z,EPISODE_TYPE_PUBLIC,COMPLETED,55116608,16622251,3000,250.75184905973688,55258758,16656485,2100,201.6523116498806
91105859,2026-08-08T20:20:05.590970200Z,2026-08-08T20:21:01.429625300Z,EPISODE_TYPE_PUBLIC,COMPLETED,55359200,16663238,30087,426.2326942443726,55118395,16654158,37240,522.3478652967061
91109385,2026-08-08T20:36:05.987220600Z,2026-08-08T20:38:04.701966800Z,EPISODE_TYPE_PUBLIC,COMPLETED,55359435,16668095,30073,554.5166413887614,55115388,16621402,7259,524.6739027629252
91109569,2026-08-08T20:36:06.275451900Z,2026-08-08T20:37:06.892450100Z,EPISODE_TYPE_PUBLIC,COMPLETED,55115318,16621290,3709,335.07941354009586,55248260,16662861,8383,378.01794150329414
91114829,2026-08-08T21:00:05.976226600Z,2026-08-08T21:01:18.636900300Z,EPISODE_TYPE_PUBLIC,COMPLETED,55294407,16674093,3346,308.025011138661,55115318,16621290,3826,339.231263296954
91118098,2026-08-08T21:16:05.134815600Z,2026-08-08T21:17:22.234876900Z,EPISODE_TYPE_PUBLIC,COMPLETED,55115318,16621290,3657,336.241317970128,55360228,16661095,4007,460.27347618633814
91119822,2026-08-08T21:24:05.287102100Z,2026-08-08T21:24:58.638051100Z,EPISODE_TYPE_PUBLIC,COMPLETED,55118395,16654158,37231,524.9100551000358,55360495,16692825,2000,357.7157384421103
91130359,2026-08-08T22:12:10.231026900Z,2026-08-08T22:13:05.265077900Z,EPISODE_TYPE_PUBLIC,COMPLETED,55118395,16654158,21004,529.0421460558459,55360834,16671217,17947,491.92534767072266
91137401,2026-08-08T22:44:08.389901800Z,2026-08-08T22:45:04.362737800Z,EPISODE_TYPE_PUBLIC,COMPLETED,55360838,16671217,18203,490.69458565396224,55115388,16621402,20510,528.7360516222976
91140863,2026-08-08T23:00:08.350641800Z,2026-08-08T23:01:12.203629700Z,EPISODE_TYPE_PUBLIC,COMPLETED,55116691,16621802,36568,589.1422738709243,55360961,16687604,43039,648.8549745861584
91145070,2026-08-08T23:20:07.942473200Z,2026-08-08T23:22:16.950486600Z,EPISODE_TYPE_PUBLIC,COMPLETED,55362011,16656470,23047,469.4035750241947,55118395,16654158,36816,533.04166157073
91157518,2026-08-09T00:16:08.276254900Z,2026-08-09T00:17:14.611353300Z,EPISODE_TYPE_PUBLIC,COMPLETED,55118395,16654158,20435,536.3365978448966,55362957,16668159,1808,424.9008525594135
91160116,2026-08-09T00:28:08.182779Z,2026-08-09T00:29:26.215795Z,EPISODE_TYPE_PUBLIC,COMPLETED,55118395,16654158,17448,533.5587341637977,55363234,16660333,165820,690.705752852208
91165552,2026-08-09T00:52:10.219245100Z,2026-08-09T00:53:24.690597100Z,EPISODE_TYPE_PUBLIC,COMPLETED,55115388,16621402,26159,524.895893658866,55362511,16687925,57869,577.6723494229899
91168239,2026-08-09T01:04:08.925433800Z,2026-08-09T01:05:11.953308500Z,EPISODE_TYPE_PUBLIC,COMPLETED,55240790,16640965,32196,570.3116202635244,55115388,16621402,21314,521.0642305274174
91188487,2026-08-09T02:36:10.945796100Z,2026-08-09T02:37:22.293036500Z,EPISODE_TYPE_PUBLIC,COMPLETED,55115641,16621519,2300,203.47334668626496,55362002,16677470,1,99.82710613891066
91202531,2026-08-09T03:40:08.838303400Z,2026-08-09T03:41:15.922279200Z,EPISODE_TYPE_PUBLIC,COMPLETED,55116608,16622251,3000,240.97597890241482,55343691,16668506,3663,291.62083040723707
91205139,2026-08-09T03:52:13.236790700Z,2026-08-09T03:53:17.356330Z,EPISODE_TYPE_PUBLIC,COMPLETED,55115318,16621290,3838,331.9229395589048,55365906,16658644,5957,356.1870136100989
91205199,2026-08-09T03:52:13.331210200Z,2026-08-09T03:53:31.989895Z,EPISODE_TYPE_PUBLIC,COMPLETED,55295165,16666257,11836,500.24522793213873,55118395,16654158,26049,537.5947377965601
91205826,2026-08-09T03:56:08.412854700Z,2026-08-09T03:57:10.005040300Z,EPISODE_TYPE_PUBLIC,COMPLETED,55366919,16656990,128842,691.0487904660399,55118395,16654158,16590,534.8063685885377
91213018,2026-08-09T04:28:09.041166400Z,2026-08-09T04:29:05.541425100Z,EPISODE_TYPE_PUBLIC,COMPLETED,55116691,16621802,47818,593.6282507867359,55366433,16669778,40974,580.6817999663937
91213120,2026-08-09T04:28:09.195699100Z,2026-08-09T04:29:24.730934800Z,EPISODE_TYPE_PUBLIC,COMPLETED,55236372,16658366,13358,513.6753722266783,55118395,16654158,30768,539.0239266108674
91218227,2026-08-09T04:52:10.581358100Z,2026-08-09T04:53:36.116832500Z,EPISODE_TYPE_PUBLIC,COMPLETED,55367862,16623732,80944,733.4937162474727,55115388,16621402,26716,518.9530369590865
91218247,2026-08-09T04:52:10.604822600Z,2026-08-09T04:53:04.323707300Z,EPISODE_TYPE_PUBLIC,COMPLETED,55367914,16671150,6579,455.22899628383095,55118395,16654158,36900,542.5992703713041
91229737,2026-08-09T05:44:07.509600200Z,2026-08-09T05:45:32.602269200Z,EPISODE_TYPE_PUBLIC,COMPLETED,55369027,16645297,75572,717.1912660425123,55116691,16621802,44950,594.8223042156866
91229837,2026-08-09T05:44:07.642249900Z,2026-08-09T05:45:29.364066500Z,EPISODE_TYPE_PUBLIC,COMPLETED,55367945,16661564,25234,569.5971016849401,55116691,16621802,41461,597.8808071135851
91231499,2026-08-09T05:52:10.586479900Z,2026-08-09T05:53:32.283273400Z,EPISODE_TYPE_PUBLIC,COMPLETED,55116691,16621802,59830,591.9470787158049,55369138,16662486,87588,732.6898319241322
91233483,2026-08-09T06:00:08.127748500Z,2026-08-09T06:01:24.846398100Z,EPISODE_TYPE_PUBLIC,COMPLETED,55115388,16621402,23780,514.543594537054,55368147,16693045,25391,531.0487785014495
91240336,2026-08-09T06:32:12.441729400Z,2026-08-09T06:33:39.814807200Z,EPISODE_TYPE_PUBLIC,COMPLETED,55370143,16662313,46071,440.13961924301356,55116691,16621802,47549,594.7056650240446
91242276,2026-08-09T06:40:07.838075500Z,2026-08-09T06:41:21.110362800Z,EPISODE_TYPE_PUBLIC,COMPLETED,55369307,16693522,40663,561.6025363331005,55115388,16621402,36916,510.67491321015
91255422,2026-08-09T07:40:09.036229500Z,2026-08-09T07:41:01.926228600Z,EPISODE_TYPE_PUBLIC,COMPLETED,55115388,16621402,36866,513.8114117552993,55371613,16669314,3000,390.1184673946844
91259204,2026-08-09T07:56:08.629956400Z,2026-08-09T07:57:17.029195900Z,EPISODE_TYPE_PUBLIC,COMPLETED,55371284,16640077,5183,274.34214756610686,55115641,16621519,2300,196.6470128536399
91283885,2026-08-09T09:48:08.236409900Z,2026-08-09T09:49:19.147045300Z,EPISODE_TYPE_PUBLIC,COMPLETED,55116691,16621802,47662,598.0856403402922,55374509,16692568,3000,489.63345906130075
91287604,2026-08-09T10:04:10.837369800Z,2026-08-09T10:05:50.344058900Z,EPISODE_TYPE_PUBLIC,COMPLETED,55118395,16654158,7400,538.8797621948944,55373976,16622898,37581,602.2366622769667
91292830,2026-08-09T10:28:07.980170500Z,2026-08-09T10:29:34.890200300Z,EPISODE_TYPE_PUBLIC,COMPLETED,55118395,16654158,16358,533.7364408476731,55375317,16659525,148288,839.2913896557155
91293017,2026-08-09T10:28:08.298118400Z,2026-08-09T10:29:26.923173300Z,EPISODE_TYPE_PUBLIC,COMPLETED,55374308,16684024,43830,594.3024792227718,55118395,16654158,14276,535.1304468766302
91294863,2026-08-09T10:36:07.979156500Z,2026-08-09T10:37:20.740591Z,EPISODE_TYPE_PUBLIC,COMPLETED,55373976,16622898,22057,549.8355896069547,55116691,16621802,44363,601.9225992285433
91298464,2026-08-09T10:52:11.225154200Z,2026-08-09T10:53:15.718218900Z,EPISODE_TYPE_PUBLIC,COMPLETED,55374308,16684024,39738,596.3969996748502,55116691,16621802,30575,597.2234038610638
91301818,2026-08-09T11:08:09.737871500Z,2026-08-09T11:09:07.189533800Z,EPISODE_TYPE_PUBLIC,COMPLETED,55115388,16621402,13472,509.7849122410973,55376220,16690988,41002,563.1648526089939
91303734,2026-08-09T11:16:08.713368600Z,2026-08-09T11:17:39.855799700Z,EPISODE_TYPE_PUBLIC,COMPLETED,55375561,16682869,13134,509.7322910233312,55118395,16654158,14806,537.9803434731398
91312557,2026-08-09T11:56:08.127966300Z,2026-08-09T11:57:04.508420500Z,EPISODE_TYPE_PUBLIC,COMPLETED,55377308,16630520,24167,558.9011122876896,55115388,16621402,9756,505.7953244121161
91315297,2026-08-09T12:08:10.480456700Z,2026-08-09T12:09:33.044413900Z,EPISODE_TYPE_PUBLIC,COMPLETED,55377236,16685938,97161,647.4826298610556,55115388,16621402,25211,503.1539695653619
91319104,2026-08-09T12:24:08.291384Z,2026-08-09T12:25:01.386816700Z,EPISODE_TYPE_PUBLIC,COMPLETED,55219811,16654306,6307,351.3606215798797,55115318,16621290,3861,327.6694691766247
91320726,2026-08-09T12:32:11.636524700Z,2026-08-09T12:33:29.939688100Z,EPISODE_TYPE_PUBLIC,COMPLETED,55118395,16654158,31724,533.799516850422,55378043,16695102,39091,572.1235353057932
91322676,2026-08-09T12:40:08.794677400Z,2026-08-09T12:41:26.236463900Z,EPISODE_TYPE_PUBLIC,COMPLETED,55377460,16685785,46634,535.9644488502707,55118395,16654158,36884,529.2123351735944
91328830,2026-08-09T13:08:08.698280Z,2026-08-09T13:09:04.963852500Z,EPISODE_TYPE_PUBLIC,COMPLETED,55378829,16685904,20172,436.8644362437544,55115388,16621402,27633,506.8058955193888
91332569,2026-08-09T13:24:07.924922700Z,2026-08-09T13:25:03.917609200Z,EPISODE_TYPE_PUBLIC,COMPLETED,55324760,16633083,3151,256.5297198427049,55116608,16622251,3000,230.59470976976758
91334330,2026-08-09T13:32:10.312459100Z,2026-08-09T13:33:15.012695500Z,EPISODE_TYPE_PUBLIC,COMPLETED,55115641,16621519,2300,203.83483720380153,55379601,16661570,8,140.34044233780298
91336783,2026-08-09T13:44:09.696793600Z,2026-08-09T13:45:34.495895100Z,EPISODE_TYPE_PUBLIC,COMPLETED,55116691,16621802,44549,593.9165795483667,55380297,16676885,80013,707.9779367411293
91337741,2026-08-09T13:48:09.603291700Z,2026-08-09T13:49:08.363381Z,EPISODE_TYPE_PUBLIC,COMPLETED,55380008,16657887,22116,506.63182766626596,55115388,16621402,19913,502.0073749366893
91361427,2026-08-09T15:32:11.517262400Z,2026-08-09T15:33:27.753445600Z,EPISODE_TYPE_PUBLIC,COMPLETED,55382253,16675066,9686,396.7266376496613,55115318,16621290,4290,324.06763913403074
91374052,2026-08-09T16:28:09.312827300Z,2026-08-09T16:29:36.118532700Z,EPISODE_TYPE_PUBLIC,COMPLETED,55383851,16669165,22070,517.3529287934794,55116691,16621802,41766,597.4387431758041
91376046,2026-08-09T16:36:09.792238Z,2026-08-09T16:37:18.774958500Z,EPISODE_TYPE_PUBLIC,COMPLETED,55159302,16635248,3000,233.5873058969782,55115641,16621519,2300,196.32497206813105
91378741,2026-08-09T16:48:09.873561600Z,2026-08-09T16:50:39.444938100Z,EPISODE_TYPE_PUBLIC,COMPLETED,55328006,16673034,12806,464.67408644366816,55118395,16654158,24950,532.7713721972824
91410956,2026-08-09T19:12:10.548090600Z,2026-08-09T19:13:31.946754700Z,EPISODE_TYPE_PUBLIC,COMPLETED,55388027,16654995,60061,681.5832035241513,55115388,16621402,27352,499.50888932876217
91430748,2026-08-09T20:40:14.059535900Z,2026-08-09T20:41:27.682944500Z,EPISODE_TYPE_PUBLIC,COMPLETED,55118395,16654158,22951,530.0231775479442,55389250,16697458,143909,689.7369681416563
91440691,2026-08-09T21:24:11.738710900Z,2026-08-09T21:25:35.235154700Z,EPISODE_TYPE_PUBLIC,COMPLETED,55389819,16664024,110319,757.7389581106391,55116691,16621802,42996,594.7283520730999
91440971,2026-08-09T21:24:12.215392300Z,2026-08-09T21:26:01.992879500Z,EPISODE_TYPE_PUBLIC,COMPLETED,55375669,16685349,39352,601.2758767861282,55116691,16621802,48439,599.4313026206249
91443457,2026-08-09T21:36:11.008387700Z,2026-08-09T21:37:04.134154400Z,EPISODE_TYPE_PUBLIC,COMPLETED,55389854,16697736,12772,374.6433669795425,55115641,16621519,2300,192.10771248892803
91443711,2026-08-09T21:36:11.319725200Z,2026-08-09T21:37:17.522269500Z,EPISODE_TYPE_PUBLIC,COMPLETED,55338433,16660146,4429,224.10544470476907,55115641,16621519,2300,184.94404206509154
91458721,2026-08-09T22:44:11.122698300Z,2026-08-09T22:45:31.133200400Z,EPISODE_TYPE_PUBLIC,COMPLETED,55390846,16660020,145244,708.6291460237495,55116691,16621802,37715,596.1045350236476
91470670,2026-08-09T23:36:11.917715Z,2026-08-09T23:37:04.798514400Z,EPISODE_TYPE_PUBLIC,COMPLETED,55235191,16658700,5957,332.60418783898683,55115318,16621290,3735,319.635512323711
91484257,2026-08-10T00:36:11.220483600Z,2026-08-10T00:37:38.989709Z,EPISODE_TYPE_PUBLIC,COMPLETED,55116691,16621802,60263,599.4717827330763,55392545,16633475,6439,490.0490543859994
91489726,2026-08-10T01:00:11.795229700Z,2026-08-10T01:01:21.570371800Z,EPISODE_TYPE_PUBLIC,COMPLETED,55392968,16689447,0,491.04670030475427,55116691,16621802,52477,602.8084775362432
91490701,2026-08-10T01:04:11.372401600Z,2026-08-10T01:05:27.277050600Z,EPISODE_TYPE_PUBLIC,COMPLETED,55116691,16621802,39776,607.5753831276578,55392572,16693193,34925,606.77104444138
91492486,2026-08-10T01:12:13.635869300Z,2026-08-10T01:13:38.691173200Z,EPISODE_TYPE_PUBLIC,COMPLETED,55393154,16692954,63557,680.9374906670076,55115388,16621402,20316,497.0301786770851
91492490,2026-08-10T01:12:13.639610900Z,2026-08-10T01:13:31.023427400Z,EPISODE_TYPE_PUBLIC,COMPLETED,55393194,16691946,104384,711.0456538949522,55116691,16621802,36741,604.1746099771249
91499059,2026-08-10T01:40:12.110673300Z,2026-08-10T01:41:26.256047200Z,EPISODE_TYPE_PUBLIC,COMPLETED,55116691,16621802,55897,608.132737218738,55392803,16672168,32661,562.406659184916
91505448,2026-08-10T02:08:11.016840100Z,2026-08-10T02:09:48.103401Z,EPISODE_TYPE_PUBLIC,COMPLETED,55116691,16621802,44674,612.8429130940868,55392946,16665622,38690,613.9760208872756
91507168,2026-08-10T02:16:11.003266700Z,2026-08-10T02:17:19.770798800Z,EPISODE_TYPE_PUBLIC,COMPLETED,55115318,16621290,3822,316.4710986451675,55394098,16693227,24560,430.73234638908735
91510118,2026-08-10T02:28:11.504724900Z,2026-08-10T02:29:23.048081200Z,EPISODE_TYPE_PUBLIC,COMPLETED,55118395,16654158,36921,534.1163504364204,55380614,16668260,29389,499.0123891503149
91512849,2026-08-10T02:40:11.074970400Z,2026-08-10T02:41:23.329155900Z,EPISODE_TYPE_PUBLIC,COMPLETED,55115318,16621290,3657,312.07842069819617,55250285,16663003,5957,327.4138812083057
91515360,2026-08-10T02:52:13.703914500Z,2026-08-10T02:53:34.232372400Z,EPISODE_TYPE_PUBLIC,COMPLETED,55115388,16621402,22758,494.3440124142995,55394876,16677303,46086,655.1266404696008
91535675,2026-08-10T04:20:11.612851800Z,2026-08-10T04:21:27.923678800Z,EPISODE_TYPE_PUBLIC,COMPLETED,55395384,16698308,59478,629.5845542081013,55115388,16621402,9872,491.72451245319024
91538205,2026-08-10T04:32:13.281404700Z,2026-08-10T04:33:31.990407800Z,EPISODE_TYPE_PUBLIC,COMPLETED,55396584,16665700,69822,785.7216761759404,55116691,16621802,37259,610.2720814082975
91546492,2026-08-10T05:08:10.756594300Z,2026-08-10T05:09:23.477206100Z,EPISODE_TYPE_PUBLIC,COMPLETED,55116691,16621802,59837,606.255068576141,55396933,16652904,75990,660.2633540515978
91546725,2026-08-10T05:08:11.093593Z,2026-08-10T05:09:30.211214Z,EPISODE_TYPE_PUBLIC,COMPLETED,55115388,16621402,25713,496.6381028877438,55172458,16627313,25675,511.98860302841166
91546760,2026-08-10T05:08:11.131534200Z,2026-08-10T05:09:18.165825800Z,EPISODE_TYPE_PUBLIC,COMPLETED,55269285,16667231,3000,232.90692427923045,55115641,16621519,2300,178.4021927170972
91549522,2026-08-10T05:20:11.413516600Z,2026-08-10T05:21:29.416406400Z,EPISODE_TYPE_PUBLIC,COMPLETED,55118395,16654158,31236,530.3805048410215,55393343,16663919,43994,588.0306087022616
91554736,2026-08-10T05:44:11.041051200Z,2026-08-10T05:45:21.539696200Z,EPISODE_TYPE_PUBLIC,COMPLETED,55116691,16621802,46198,609.5305775621081,55397864,16672670,3997,493.04460453984746
91561350,2026-08-10T06:12:16.052575400Z,2026-08-10T06:13:13.526931100Z,EPISODE_TYPE_PUBLIC,COMPLETED,55397849,16658365,3000,209.55087011781282,55115318,16621290,3917,315.22265963688784
91562197,2026-08-10T06:16:11.235860300Z,2026-08-10T06:17:32.596949100Z,EPISODE_TYPE_PUBLIC,COMPLETED,55118395,16654158,14949,526.3456154467796,55397773,16675631,28165,568.6649378828135
91565829,2026-08-10T06:32:13.789211900Z,2026-08-10T06:33:23.458656400Z,EPISODE_TYPE_PUBLIC,COMPLETED,55115318,16621290,3774,311.688870916363,55398497,16698739,12198,398.84686970486325
91568710,2026-08-10T06:44:10.841965100Z,2026-08-10T06:45:34.697421700Z,EPISODE_TYPE_PUBLIC,COMPLETED,55398023,16667105,23980,443.6788033100611,55115388,16621402,24830,500.43033232025357
91572434,2026-08-10T07:00:13.728446Z,2026-08-10T07:01:23.639136500Z,EPISODE_TYPE_PUBLIC,COMPLETED,55116691,16621802,53178,613.6520703182497,55397963,16658718,0,580.0296374783815
91573143,2026-08-10T07:04:10.790275800Z,2026-08-10T07:05:17.753352200Z,EPISODE_TYPE_PUBLIC,COMPLETED,55399343,16697021,80477,593.614422397324,55115388,16621402,22988,496.938320968818
91576849,2026-08-10T07:20:10.731946600Z,2026-08-10T07:21:28.774034100Z,EPISODE_TYPE_PUBLIC,COMPLETED,55115388,16621402,16738,493.4146394477828,55399661,16698822,84067,581.2921001901691
91581491,2026-08-10T07:40:14.143041900Z,2026-08-10T07:41:33.188590500Z,EPISODE_TYPE_PUBLIC,COMPLETED,55118395,16654158,24139,523.184270045877,55399592,16657887,43897,629.014453710408
91586162,2026-08-10T08:00:12.142993500Z,2026-08-10T08:01:28.099723200Z,EPISODE_TYPE_PUBLIC,COMPLETED,55115388,16621402,22428,488.373837558274,55400075,16698942,52323,471.8603415934601
91606402,2026-08-10T09:28:12.314949700Z,2026-08-10T09:29:15.003667900Z,EPISODE_TYPE_PUBLIC,COMPLETED,55118395,16654158,34694,526.4940885101532,55401776,16671607,32443,434.4465360005236
91609911,2026-08-10T09:44:12.104559800Z,2026-08-10T09:45:07.377843200Z,EPISODE_TYPE_PUBLIC,COMPLETED,55116691,16621802,47516,616.8614159271884,55402715,16700360,4084,495.2050413407751
91619476,2026-08-10T10:24:13.638601200Z,2026-08-10T10:25:17.503256100Z,EPISODE_TYPE_PUBLIC,COMPLETED,55401975,16663238,55901,629.7478762249942,55116691,16621802,33631,612.4716782130259
91623882,2026-08-10T10:44:19.122169900Z,2026-08-10T10:45:40.750741100Z,EPISODE_TYPE_PUBLIC,COMPLETED,55403423,16685582,47584,551.5938725815955,55115388,16621402,27763,484.69362538869876
91624721,2026-08-10T10:48:18.728581900Z,2026-08-10T10:49:38.300466600Z,EPISODE_TYPE_PUBLIC,COMPLETED,55118395,16654158,33928,529.6439019398008,55404000,16693033,15160,406.9953829386368
91626589,2026-08-10T10:56:13.971788500Z,2026-08-10T10:57:33.324428Z,EPISODE_TYPE_PUBLIC,COMPLETED,55116691,16621802,40913,614.9800300192704,55404165,16667872,10317,438.4606139218466
91636118,2026-08-10T11:36:13.409493800Z,2026-08-10T11:37:33.804367200Z,EPISODE_TYPE_PUBLIC,COMPLETED,55115318,16621290,3993,313.941361742425,55397750,16685888,0,136.69716492462936
91643312,2026-08-10T12:08:13.132719200Z,2026-08-10T12:09:33.836449100Z,EPISODE_TYPE_PUBLIC,COMPLETED,55115388,16621402,32355,487.5349346980023,55405085,16653105,4652,360.1648205865676
91647114,2026-08-10T12:24:12.686688100Z,2026-08-10T12:25:38.795641100Z,EPISODE_TYPE_PUBLIC,COMPLETED,55115318,16621290,4008,310.221465351217,55405099,16659533,14355,371.8123302607871
91660010,2026-08-10T13:20:20.134599500Z,2026-08-10T13:21:54.105696Z,EPISODE_TYPE_PUBLIC,COMPLETED,55116691,16621802,35831,618.1837435467885,55406514,16667324,9713,520.2401744402808
91662025,2026-08-10T13:28:13.433491200Z,2026-08-10T13:29:14.226105900Z,EPISODE_TYPE_PUBLIC,COMPLETED,55400644,16689266,70944,620.9992829686155,55116691,16621802,47837,613.6345049512568
91667409,2026-08-10T13:54:41.405314900Z,2026-08-10T13:55:47.932552600Z,EPISODE_TYPE_PUBLIC,COMPLETED,55115388,16621402,18557,491.0623117266061,55407854,16697223,12662,411.2657731190449
91669184,2026-08-10T14:02:48.608809800Z,2026-08-10T14:04:11.163092Z,EPISODE_TYPE_PUBLIC,COMPLETED,55408658,16692851,1605,495.19993374725277,55116691,16621802,45155,616.8440069802472
91680613,2026-08-10T14:50:42.733392200Z,2026-08-10T14:51:57.818689200Z,EPISODE_TYPE_PUBLIC,COMPLETED,55115388,16621402,36956,487.1142408405669,55408294,16693092,55175,532.4429809376254
91695409,2026-08-10T15:54:43.057222800Z,2026-08-10T15:56:00.098316200Z,EPISODE_TYPE_PUBLIC,COMPLETED,55116691,16621802,45353,620.3704022955415,55410492,16679771,37869,542.8726000445516
91699266,2026-08-10T16:10:43.652030500Z,2026-08-10T16:12:03.454212700Z,EPISODE_TYPE_PUBLIC,COMPLETED,55118395,16654158,20513,533.161569709089,55383411,16658795,12161,461.7802484628918
91706561,2026-08-10T16:51:18.375391100Z,2026-08-10T16:52:33.277388100Z,EPISODE_TYPE_PUBLIC,COMPLETED,55115641,16621519,2300,172.1050335835683,55396008,16685128,2454,234.26351861205293
91707512,2026-08-10T16:55:17.421774500Z,2026-08-10T16:56:45.774657900Z,EPISODE_TYPE_PUBLIC,COMPLETED,55118395,16654158,36692,529.6106268544947,55411149,16687159,49398,602.0504042699877
91709488,2026-08-10T17:03:17.778922900Z,2026-08-10T17:05:08.801308300Z,EPISODE_TYPE_PUBLIC,COMPLETED,55411117,16679096,17259,477.586840878404,55115388,16621402,36689,491.5742156495093
91717868,2026-08-10T17:39:17.087959800Z,2026-08-10T17:40:28.924192Z,EPISODE_TYPE_PUBLIC,COMPLETED,55115388,16621402,15113,486.7526882728241,55358037,16662081,18933,477.3159599257199
91723180,2026-08-10T18:03:17.874202500Z,2026-08-10T18:04:33.238267700Z,EPISODE_TYPE_PUBLIC,COMPLETED,55115388,16621402,16111,482.94176039161476,55412862,16701024,18032,542.2006396995251
91726987,2026-08-10T18:19:16.901416Z,2026-08-10T18:20:36.369541700Z,EPISODE_TYPE_PUBLIC,COMPLETED,55412592,16702281,21222,526.3236804161434,55118395,16654158,12983,524.9354060656959
91728615,2026-08-10T18:27:19.028121500Z,2026-08-10T18:28:28.570681600Z,EPISODE_TYPE_PUBLIC,COMPLETED,55115388,16621402,23013,480.826887247391,55413548,16692548,86003,684.5523963711756
91738017,2026-08-10T19:11:49.823136900Z,2026-08-10T19:12:50.265619200Z,EPISODE_TYPE_PUBLIC,COMPLETED,55116691,16621802,53447,624.3649589400267,55413598,16692128,3499,581.0045966231363
91739085,2026-08-10T19:16:19.055643500Z,2026-08-10T19:17:30.972986600Z,EPISODE_TYPE_PUBLIC,COMPLETED,55115318,16621290,3735,305.82763127595047,55293553,16660144,5599,321.3858106290232
91739714,2026-08-10T19:20:15.542630300Z,2026-08-10T19:21:52.783308200Z,EPISODE_TYPE_PUBLIC,COMPLETED,55115388,16621402,26265,484.6229477067829,55414569,16691807,20431,409.7824726322519
91740803,2026-08-10T19:24:14.934673500Z,2026-08-10T19:25:23.347975600Z,EPISODE_TYPE_PUBLIC,COMPLETED,55414170,16701060,4922,307.56992394520887,55115641,16621519,2300,167.67327461430042
91764767,2026-08-10T21:10:19.302601300Z,2026-08-10T21:11:26.179526Z,EPISODE_TYPE_PUBLIC,COMPLETED,55415761,16670504,60405,647.284720661209,55116691,16621802,42072,620.0755220343635
91767695,2026-08-10T21:22:20.563589600Z,2026-08-10T21:24:14.754526900Z,EPISODE_TYPE_PUBLIC,COMPLETED,55149762,16633507,22175,531.3431094892749,55118395,16654158,11045,520.4758896408479
91772237,2026-08-10T21:42:20.747582500Z,2026-08-10T21:43:21.331456900Z,EPISODE_TYPE_PUBLIC,COMPLETED,55415635,16678773,35499,536.51843674305,55115388,16621402,26777,480.84241795697216
91797899,2026-08-10T23:37:39.703580400Z,2026-08-10T23:38:37.970308700Z,EPISODE_TYPE_PUBLIC,COMPLETED,55417619,16680858,3000,221.75899084493005,55115318,16621290,3877,309.31172703266196
91811917,2026-08-11T00:41:56.403817100Z,2026-08-11T00:45:03.299502100Z,EPISODE_TYPE_PUBLIC,COMPLETED,55116691,16621802,38794,617.5487521869909,55419081,16671588,159719,797.0180745175021
91827942,2026-08-11T01:49:56.871204200Z,2026-08-11T01:51:27.895070600Z,EPISODE_TYPE_PUBLIC,COMPLETED,55116691,16621802,27220,613.1790191151676,55419353,16645426,59623,632.899606620282
91849498,2026-08-11T03:21:57.151228300Z,2026-08-11T03:22:57.369173100Z,EPISODE_TYPE_PUBLIC,COMPLETED,55118395,16654158,24860,514.6992648869739,55245111,16656135,27989,452.18137607198065
91853156,2026-08-11T03:37:56.720294200Z,2026-08-11T03:39:21.465017900Z,EPISODE_TYPE_PUBLIC,COMPLETED,55118395,16654158,19236,518.2093709554265,55420977,16693003,11434,444.2314629498134
91858748,2026-08-11T04:01:58.471919100Z,2026-08-11T04:03:18.045563600Z,EPISODE_TYPE_PUBLIC,COMPLETED,55115388,16621402,19119,477.2738236400641,55313056,16659588,29641,543.6607425023805
91866890,2026-08-11T04:37:56.186469900Z,2026-08-11T04:39:42.607747400Z,EPISODE_TYPE_PUBLIC,COMPLETED,55116691,16621802,29996,608.6916500714865,55422889,16659286,50823,630.0622359263274
91873678,2026-08-11T05:05:58.244129300Z,2026-08-11T05:07:02.559022600Z,EPISODE_TYPE_PUBLIC,COMPLETED,55393296,16664450,27038,516.0664713396603,55118395,16654158,20144,513.5842788767417
91874442,2026-08-11T05:09:56.634556200Z,2026-08-11T05:10:59.553104100Z,EPISODE_TYPE_PUBLIC,COMPLETED,55118395,16654158,31378,509.9097122419417,55423191,16699699,34146,576.3481322310535
91875565,2026-08-11T05:13:56.964079300Z,2026-08-11T05:15:24.776439300Z,EPISODE_TYPE_PUBLIC,COMPLETED,55416907,16691270,29323,552.4306908639849,55118395,16654158,8554,506.0016399184893
91888357,2026-08-11T06:09:55.332575100Z,2026-08-11T06:11:40.060554800Z,EPISODE_TYPE_PUBLIC,COMPLETED,55425078,16660121,93835,682.6207013492559,55118395,16654158,23752,503.47138093966834
91895067,2026-08-11T06:37:56.146141200Z,2026-08-11T06:39:08.895009900Z,EPISODE_TYPE_PUBLIC,COMPLETED,55424943,16705242,16170,384.49367349672775,55115318,16621290,3826,305.81821365827585
91900746,2026-08-11T07:01:57.145461600Z,2026-08-11T07:03:54.835725300Z,EPISODE_TYPE_PUBLIC,COMPLETED,55424555,16668361,51690,612.3037657194523,55116691,16621802,37686,604.1488291181277
91902669,2026-08-11T07:09:56.786024900Z,2026-08-11T07:11:03.284675300Z,EPISODE_TYPE_PUBLIC,COMPLETED,55422971,16694016,3000,226.63480341931535,55115641,16621519,2300,161.70140577354198
91905197,2026-08-11T07:21:56.853701200Z,2026-08-11T07:23:08.692668800Z,EPISODE_TYPE_PUBLIC,COMPLETED,55426214,16695903,34963,473.18284354989186,55115318,16621290,4073,303.2867218758424
91910995,2026-08-11T07:46:00.526517200Z,2026-08-11T07:47:16.596227400Z,EPISODE_TYPE_PUBLIC,COMPLETED,55425752,16702590,33630,560.4852132659169,55116691,16621802,56032,608.0671467752019
91922088,2026-08-11T08:33:56.416497800Z,2026-08-11T08:35:02.621368400Z,EPISODE_TYPE_PUBLIC,COMPLETED,55427227,16702429,29256,492.56884714140284,55116691,16621802,56987,611.0354747920783
91922090,2026-08-11T08:33:56.419677300Z,2026-08-11T08:35:12.824622300Z,EPISODE_TYPE_PUBLIC,COMPLETED,55427103,16665471,27279,613.3250362795052,55116691,16621802,47425,615.735913777864
91922902,2026-08-11T08:37:55.976067700Z,2026-08-11T08:39:17.634458800Z,EPISODE_TYPE_PUBLIC,COMPLETED,55427828,16690152,32941,538.119197120708,55116691,16621802,45222,619.4829570990573
91930359,2026-08-11T09:09:55.874309600Z,2026-08-11T09:11:12.890465400Z,EPISODE_TYPE_PUBLIC,COMPLETED,55428510,16692680,67499,681.3125408392016,55118395,16654158,16927,498.47107573187566
91930373,2026-08-11T09:09:55.884155400Z,2026-08-11T09:11:00.923037800Z,EPISODE_TYPE_PUBLIC,COMPLETED,55118395,16654158,11952,500.9612722950762,55428542,16659125,70038,681.9627312519884
91930410,2026-08-11T09:09:55.967136900Z,2026-08-11T09:11:01.391952100Z,EPISODE_TYPE_PUBLIC,COMPLETED,55116691,16621802,41737,622.7763674603401,55428137,16706257,12951,521.5194293289197
91932381,2026-08-11T09:17:56.317049600Z,2026-08-11T09:18:51.643649900Z,EPISODE_TYPE_PUBLIC,COMPLETED,55115318,16621290,3904,299.1124248283928,55428286,16690161,6701,337.76829654116216
91944515,2026-08-11T10:09:57.053876Z,2026-08-11T10:11:17.516567100Z,EPISODE_TYPE_PUBLIC,COMPLETED,55428348,16676254,101984,685.8281743259979,55116691,16621802,40566,619.1581577030246
91944625,2026-08-11T10:09:57.228548700Z,2026-08-11T10:10:59.038246500Z,EPISODE_TYPE_PUBLIC,COMPLETED,55226208,16655482,3380,261.717985214063,55115318,16621290,3709,303.08517017009615
91951147,2026-08-11T10:37:57.120513300Z,2026-08-11T10:39:21.454353200Z,EPISODE_TYPE_PUBLIC,COMPLETED,55340596,16682984,40068,527.9553625867704,55115388,16621402,33286,473.5185301694003
91954900,2026-08-11T10:54:00.451153600Z,2026-08-11T10:55:28.085430300Z,EPISODE_TYPE_PUBLIC,COMPLETED,55349272,16661249,21104,522.6391018477764,55118395,16654158,13555,494.29687560890085
91964022,2026-08-11T11:33:57.616504500Z,2026-08-11T11:35:01.693649500Z,EPISODE_TYPE_PUBLIC,COMPLETED,55115318,16621290,3657,299.9989079870772,55431066,16707092,5871,420.22700287732573
91990433,2026-08-11T13:26:01.478182100Z,2026-08-11T13:27:03.393580300Z,EPISODE_TYPE_PUBLIC,COMPLETED,55432031,16707437,39960,559.2136461840523,55115388,16621402,18771,470.24111592454057
91992343,2026-08-11T13:33:57.345007600Z,2026-08-11T13:35:12.125216200Z,EPISODE_TYPE_PUBLIC,COMPLETED,55118395,16654158,12142,489.70547573804373,55273479,16661990,19126,492.910770559286
91999808,2026-08-11T14:05:59.556680600Z,2026-08-11T14:06:54.293244600Z,EPISODE_TYPE_PUBLIC,COMPLETED,55115641,16621519,2300,168.01339859558354,55248949,16632111,1720,127.0470353479274
92043014,2026-08-11T17:09:56.137057500Z,2026-08-11T17:11:01.996052500Z,EPISODE_TYPE_PUBLIC,COMPLETED,55115318,16621290,3956,296.13848081258993,55363833,16671911,5957,345.30023121056047
92061687,2026-08-11T18:29:56.151496100Z,2026-08-11T18:31:28.308721700Z,EPISODE_TYPE_PUBLIC,COMPLETED,55438777,16656420,43154,585.3546268488601,55115388,16621402,20069,467.3446370462724
92068374,2026-08-11T18:57:56.650135700Z,2026-08-11T18:58:56.809687500Z,EPISODE_TYPE_PUBLIC,COMPLETED,55439485,16668068,5166,331.55977113032515,55115318,16621290,3904,292.0577251029002
92081663,2026-08-11T19:53:57.566012100Z,2026-08-11T19:55:47.186425500Z,EPISODE_TYPE_PUBLIC,COMPLETED,55118395,16654158,23479,494.27853127896407,55242016,16660228,12341,490.07189833894967
92100142,2026-08-11T21:18:13.136654500Z,2026-08-11T21:19:24.882010500Z,EPISODE_TYPE_PUBLIC,COMPLETED,55441554,16660601,16286,422.6054860286552,55118395,16654158,19633,497.8209456245242
92123369,2026-08-11T22:59:24.315911100Z,2026-08-11T23:00:37.299005400Z,EPISODE_TYPE_PUBLIC,COMPLETED,55115388,16621402,29944,463.78733428745886,55443063,16668368,49977,543.2316014575283
92160400,2026-08-12T01:35:19.095300900Z,2026-08-12T01:36:30.515257900Z,EPISODE_TYPE_PUBLIC,COMPLETED,55115641,16621519,2300,162.79935899512395,55394567,16675956,8485,245.12888844361083
92162124,2026-08-12T01:43:21.584342500Z,2026-08-12T01:44:35.838031200Z,EPISODE_TYPE_PUBLIC,COMPLETED,55445685,16704597,54082,584.2336713258856,55118395,16654158,17087,494.45098686819983
92175074,2026-08-12T02:39:18.278705300Z,2026-08-12T02:40:26.681634700Z,EPISODE_TYPE_PUBLIC,COMPLETED,55115388,16621402,26432,461.67375717769517,55446846,16705183,59384,670.678441750498
92188200,2026-08-12T03:35:42.179421200Z,2026-08-12T03:36:37.384315600Z,EPISODE_TYPE_PUBLIC,COMPLETED,55447500,16658577,3000,244.16272842160168,55115318,16621290,4047,296.0622209450844
92188432,2026-08-12T03:35:42.598373500Z,2026-08-12T03:36:38.311214400Z,EPISODE_TYPE_PUBLIC,COMPLETED,55115318,16621290,3841,291.93642623847074,55325355,16658357,7909,323.82776517224096
92194741,2026-08-12T04:03:41.311578500Z,2026-08-12T04:04:48.012170200Z,EPISODE_TYPE_PUBLIC,COMPLETED,55447885,16657796,3000,286.4241610208585,55115641,16621519,2300,158.42112292527506
92208905,2026-08-12T05:03:41.590243500Z,2026-08-12T05:04:35.637020200Z,EPISODE_TYPE_PUBLIC,COMPLETED,55156607,16623953,1146,141.57372023231684,55115641,16621519,2300,164.76571329433733
92232514,2026-08-12T06:43:48.294282300Z,2026-08-12T06:45:05.363188300Z,EPISODE_TYPE_PUBLIC,COMPLETED,55115388,16621402,24925,457.6510986275044,55329425,16657520,37845,495.0877458996859
92242795,2026-08-12T07:28:05.113266900Z,2026-08-12T07:29:04.704767700Z,EPISODE_TYPE_PUBLIC,COMPLETED,55115388,16621402,22960,453.8160890365164,55450728,16663976,38424,506.30986930798736
92248390,2026-08-12T07:51:49.327147500Z,2026-08-12T07:53:05.416527900Z,EPISODE_TYPE_PUBLIC,COMPLETED,55451691,16691275,2628,300.17408845193916,55115641,16621519,2300,160.8753595347325
92250311,2026-08-12T07:59:48.996151100Z,2026-08-12T08:00:45.683779100Z,EPISODE_TYPE_PUBLIC,COMPLETED,55118395,16654158,29981,490.72117526858995,55411249,16629002,31320,547.286276192958
92253977,2026-08-12T08:15:50.903847800Z,2026-08-12T08:17:02.798101300Z,EPISODE_TYPE_PUBLIC,COMPLETED,55115388,16621402,25449,457.4969923314594,55451943,16709339,2714,393.0055607401733
92291212,2026-08-12T10:55:49.594087800Z,2026-08-12T10:57:05.232771400Z,EPISODE_TYPE_PUBLIC,COMPLETED,55115388,16621402,30677,461.33674735907044,55455972,16707987,20161,405.00256187048547
92299456,2026-08-12T11:31:41.245947600Z,2026-08-12T11:32:56.888890700Z,EPISODE_TYPE_PUBLIC,COMPLETED,55115318,16621290,3815,290.8099734134578,55457233,16702754,150779,636.7821330616475
92331305,2026-08-12T13:47:41.192206800Z,2026-08-12T13:48:53.277358500Z,EPISODE_TYPE_PUBLIC,COMPLETED,55118395,16654158,21460,487.1515528390627,55459185,16711918,31220,561.4901169118777
92349058,2026-08-12T15:03:44.053618400Z,2026-08-12T15:04:48.486604300Z,EPISODE_TYPE_PUBLIC,COMPLETED,55118395,16654158,27591,490.25904526393947,55461151,16684436,18278,375.2004155106905
92387590,2026-08-12T17:50:11.957731900Z,2026-08-12T17:51:32.451827Z,EPISODE_TYPE_PUBLIC,COMPLETED,55409722,16655316,28292,521.2728973143332,55115388,16621402,19173,457.7211542120206
92388584,2026-08-12T17:54:11.304503200Z,2026-08-12T17:55:25.156624500Z,EPISODE_TYPE_PUBLIC,COMPLETED,55436875,16659720,11671,385.9340138820974,55115318,16621290,3890,287.66281830801233
92391257,2026-08-12T18:06:11.313938300Z,2026-08-12T18:07:35.928814Z,EPISODE_TYPE_PUBLIC,COMPLETED,55118395,16654158,26562,485.956029379118,55463878,16691807,41758,510.1128445442392
92392238,2026-08-12T18:10:09.698416500Z,2026-08-12T18:11:10.195192900Z,EPISODE_TYPE_PUBLIC,COMPLETED,55115388,16621402,16463,454.93440500837346,55463508,16712902,31105,579.3655777830279
92408892,2026-08-12T19:22:10.333742800Z,2026-08-12T19:23:25.915077600Z,EPISODE_TYPE_PUBLIC,COMPLETED,55115388,16621402,18640,459.84873309742204,55445666,16663040,10521,473.7480800620349
92413312,2026-08-12T19:42:09.334524Z,2026-08-12T19:43:23.851363300Z,EPISODE_TYPE_PUBLIC,COMPLETED,55465861,16702771,14194,495.4627312414682,55115388,16621402,25484,465.1486177437324
92418211,2026-08-12T20:02:10.554169500Z,2026-08-12T20:03:02.797751Z,EPISODE_TYPE_PUBLIC,COMPLETED,55115641,16621519,2300,155.5959340661279,55431547,16707062,3000,217.6924734272345
92447643,2026-08-12T22:10:09.201204Z,2026-08-12T22:11:24.323775Z,EPISODE_TYPE_PUBLIC,COMPLETED,55467595,16705907,71963,588.4224216453008,55115388,16621402,33013,462.25387240922413
92458833,2026-08-12T22:59:42.642051Z,2026-08-12T23:00:55.771528Z,EPISODE_TYPE_PUBLIC,COMPLETED,55467629,16663707,33538,511.55887339709824,55115388,16621402,37087,467.7257133143722
92477608,2026-08-13T00:19:43.501188800Z,2026-08-13T00:21:03.657803800Z,EPISODE_TYPE_PUBLIC,COMPLETED,55118395,16654158,37087,489.4785296132584,55400174,16690947,24809,419.4136455389578
92491495,2026-08-13T01:19:43.748966100Z,2026-08-13T01:20:58.743885600Z,EPISODE_TYPE_PUBLIC,COMPLETED,55470475,16660470,6211,326.38259819322417,55115318,16621290,3644,283.6003675395155
92549233,2026-08-13T05:27:43.245549100Z,2026-08-13T05:28:45.526675500Z,EPISODE_TYPE_PUBLIC,COMPLETED,55156492,16632503,15425,404.95619041286113,55115388,16621402,36274,471.29084450127544
92560389,2026-08-13T06:15:43.842278400Z,2026-08-13T06:16:53.215714600Z,EPISODE_TYPE_PUBLIC,COMPLETED,55432839,16698953,740,75.44525672658916,55115641,16621519,2300,160.32453454148003
92566010,2026-08-13T06:39:45.075780200Z,2026-08-13T06:41:08.924571100Z,EPISODE_TYPE_PUBLIC,COMPLETED,55475036,16711918,31385,546.856745444272,55118395,16654158,20492,485.7881898658531
92567832,2026-08-13T06:47:45.754242300Z,2026-08-13T06:49:04.791899Z,EPISODE_TYPE_PUBLIC,COMPLETED,55428800,16692138,79123,580.5157547501561,55118395,16654158,36983,482.6736662595823
92592988,2026-08-13T08:35:43.864252500Z,2026-08-13T08:36:46.707902Z,EPISODE_TYPE_PUBLIC,COMPLETED,55477489,16712257,18710,415.84532831832104,55118395,16654158,36087,486.26715678161054
92624749,2026-08-13T10:51:43.749003800Z,2026-08-13T10:52:52.160756Z,EPISODE_TYPE_PUBLIC,COMPLETED,55115318,16621290,3644,279.9343288772042,55457114,16673009,16234,342.81524125998584
92633908,2026-08-13T11:31:50.129285100Z,2026-08-13T11:32:48.940053900Z,EPISODE_TYPE_PUBLIC,COMPLETED,55118395,16654158,19082,489.49710803860427,55481149,16710417,12740,390.21006432877095
92643137,2026-08-13T12:11:49.232002500Z,2026-08-13T12:12:49.352870100Z,EPISODE_TYPE_PUBLIC,COMPLETED,55482457,16717114,12655,364.070196861103,55118395,16654158,23587,492.52544115359706
92672298,2026-08-13T14:15:53.571977200Z,2026-08-13T14:17:04.103885800Z,EPISODE_TYPE_PUBLIC,COMPLETED,55115318,16621290,3696,276.81628481813794,55484178,16675897,9746,380.2413216902436
92729168,2026-08-13T18:23:41.624746800Z,2026-08-13T18:24:42.331622900Z,EPISODE_TYPE_PUBLIC,COMPLETED,55115318,16621290,3749,272.44554343537465,55440568,16687620,4441,290.8398912936693
92731880,2026-08-13T18:36:57.130562400Z,2026-08-13T18:38:14.028422700Z,EPISODE_TYPE_PUBLIC,COMPLETED,55182253,16626159,2750,180.52078082731137,55115641,16621519,2300,154.52770405207488
92732795,2026-08-13T18:40:56.451895300Z,2026-08-13T18:41:53.658862900Z,EPISODE_TYPE_PUBLIC,COMPLETED,55325848,16677945,14440,474.6694767765107,55118395,16654158,15951,496.7959257048124
92746483,2026-08-13T19:43:02.747755700Z,2026-08-13T19:43:52.049303700Z,EPISODE_TYPE_PUBLIC,COMPLETED,55115318,16621290,4075,276.458736432153,55490046,16676977,3310,224.90268699407312
92817156,2026-08-14T00:52:49.837802600Z,2026-08-14T00:53:58.616660500Z,EPISODE_TYPE_PUBLIC,COMPLETED,55388310,16644415,12144,493.06365616224815,55118395,16654158,23887,501.3037180482896
92820888,2026-08-14T01:08:49.082696300Z,2026-08-14T01:10:06.197048900Z,EPISODE_TYPE_PUBLIC,COMPLETED,55118395,16654158,25674,496.86014174481636,55491999,16718202,33148,511.0666064350584
92832899,2026-08-14T02:00:57.986642900Z,2026-08-14T02:02:06.702234100Z,EPISODE_TYPE_PUBLIC,COMPLETED,55393271,16677517,6865,338.1690910330155,55115318,16621290,4001,272.86512554926713
92874601,2026-08-14T05:00:55.422459800Z,2026-08-14T05:02:10.163857700Z,EPISODE_TYPE_PUBLIC,COMPLETED,55115318,16621290,3657,269.4704912070703,55497739,16662875,8801,356.90010238199227
92876462,2026-08-14T05:08:54.216734600Z,2026-08-14T05:10:01.306704400Z,EPISODE_TYPE_PUBLIC,COMPLETED,55115641,16621519,2300,160.57022471677644,55497980,16719745,1099,141.6999154047762
92938041,2026-08-14T09:33:02.187595500Z,2026-08-14T09:34:22.791451800Z,EPISODE_TYPE_PUBLIC,COMPLETED,55115641,16621519,2300,165.29064277714164,55502083,16707144,1972,86.83614686817918
93003122,2026-08-14T14:13:06.521025800Z,2026-08-14T14:14:16.078632200Z,EPISODE_TYPE_PUBLIC,COMPLETED,55115318,16621290,3787,273.4911385168314,55484348,16652805,3583,232.08287711190977
93030160,2026-08-14T16:10:49.787891500Z,2026-08-14T16:11:56.501537300Z,EPISODE_TYPE_PUBLIC,COMPLETED,55509048,16708625,1150,152.67292913030872,55115318,16621290,3774,276.44120613751636
93078491,2026-08-14T19:38:46.084626100Z,2026-08-14T19:39:57.500418400Z,EPISODE_TYPE_PUBLIC,COMPLETED,55115318,16621290,3644,280.679222608851,55387155,16695951,2769,255.7516580426514
93081102,2026-08-14T19:50:51.284416Z,2026-08-14T19:51:59.307628100Z,EPISODE_TYPE_PUBLIC,COMPLETED,55115318,16621290,4060,276.63134722014496,55512094,16684891,5253,318.1558383426785
93101473,2026-08-14T21:18:52.274587400Z,2026-08-14T21:20:07.008260Z,EPISODE_TYPE_PUBLIC,COMPLETED,55348449,16655621,541,177.84724955549396,55115641,16621519,2300,171.47727845779355
93145041,2026-08-15T00:32:22.354329600Z,2026-08-15T00:33:14.446614400Z,EPISODE_TYPE_PUBLIC,COMPLETED,55324390,16683220,2930,178.34517005906724,55115641,16621519,2300,165.82452493373614
93200036,2026-08-15T04:36:21.540341900Z,2026-08-15T04:37:37.417253800Z,EPISODE_TYPE_PUBLIC,COMPLETED,55115641,16621519,2300,170.47805961674405,55514284,16660988,150,106.12600088468302
93202667,2026-08-15T04:48:19.940827300Z,2026-08-15T04:49:36.293250600Z,EPISODE_TYPE_PUBLIC,COMPLETED,55382449,16670812,4576,257.78957733593,55115318,16621290,3749,271.7289469124135
93214099,2026-08-15T05:40:21.928320200Z,2026-08-15T05:41:49.546241200Z,EPISODE_TYPE_PUBLIC,COMPLETED,55115318,16621290,4090,275.57163081300564,55520653,16668559,2974,212.71031224731496
93284036,2026-08-15T10:52:20.729051900Z,2026-08-15T10:53:33.736891800Z,EPISODE_TYPE_PUBLIC,COMPLETED,55231965,16656506,3347,252.94544367403762,55115318,16621290,3943,279.766497330321
93285813,2026-08-15T11:00:19.759078900Z,2026-08-15T11:01:27.442432300Z,EPISODE_TYPE_PUBLIC,COMPLETED,55290962,16668018,3000,229.03730629325878,55115318,16621290,4143,283.53485447086854
93356551,2026-08-15T16:16:59.170070Z,2026-08-15T16:18:00.989018700Z,EPISODE_TYPE_PUBLIC,COMPLETED,55530187,16677403,3000,190.59786410836006,55115318,16621290,4250,286.7968053673697
93358360,2026-08-15T16:24:52.093076500Z,2026-08-15T16:25:58.791555100Z,EPISODE_TYPE_PUBLIC,COMPLETED,55115641,16621519,2300,165.34479413055033,55491497,16662230,2960,196.0761539326413
93378950,2026-08-15T17:56:55.458073600Z,2026-08-15T17:58:12.391337500Z,EPISODE_TYPE_PUBLIC,COMPLETED,55495205,16667550,355,96.55810583615704,55115641,16621519,2300,169.59725903698907
93380683,2026-08-15T18:04:56.002816200Z,2026-08-15T18:06:09.586765300Z,EPISODE_TYPE_PUBLIC,COMPLETED,55115318,16621290,4090,290.92465508542654,55317644,16672284,3994,259.74096494364306
93447090,2026-08-15T23:04:52.232696400Z,2026-08-15T23:05:49.040692900Z,EPISODE_TYPE_PUBLIC,COMPLETED,55537074,16686411,11151,324.7391142245526,55115318,16621290,3735,286.7835255711786
93458769,2026-08-15T23:56:53.933095900Z,2026-08-15T23:57:48.100819400Z,EPISODE_TYPE_PUBLIC,COMPLETED,55115641,16621519,2300,165.2638144084459,55537794,16622943,3000,234.58930221751234
93469662,2026-08-16T00:44:52.231572900Z,2026-08-16T00:46:01.711205900Z,EPISODE_TYPE_PUBLIC,COMPLETED,55538686,16679872,15677,380.2876157674603,55115318,16621290,3774,283.54525251646874
93520404,2026-08-16T04:32:56.751845400Z,2026-08-16T04:34:05.199383500Z,EPISODE_TYPE_PUBLIC,COMPLETED,55542976,16665139,9,130.4097541569098,55115318,16621290,3644,286.0938594105057
93529382,2026-08-16T05:12:56.436915100Z,2026-08-16T05:14:02.915630200Z,EPISODE_TYPE_PUBLIC,COMPLETED,55158878,16633003,3000,232.6757242026611,55115318,16621290,3954,289.8072005253948
93549057,2026-08-16T06:40:56.467922600Z,2026-08-16T06:42:05.816774100Z,EPISODE_TYPE_PUBLIC,COMPLETED,55115318,16621290,3787,285.3765594003786,55541982,16658577,11207,302.7008528972511
93594604,2026-08-16T10:05:04.036902Z,2026-08-16T10:06:18.966175100Z,EPISODE_TYPE_PUBLIC,COMPLETED,55115318,16621290,3826,289.2959393665479,55549552,16707144,1205,228.7739537107542
93622472,2026-08-16T12:09:32.932454500Z,2026-08-16T12:10:25.341625100Z,EPISODE_TYPE_PUBLIC,COMPLETED,55115641,16621519,2300,169.64980463772403,55466079,16714192,600,112.43467141031498
93638600,2026-08-16T13:21:33.178110900Z,2026-08-16T13:23:46.508504300Z,EPISODE_TYPE_PUBLIC,COMPLETED,55115318,16621290,3774,295.8407589753107,55411692,16665353,0,397.9936044968543
93748703,2026-08-16T21:34:07.212062100Z,2026-08-16T21:35:15.095975200Z,EPISODE_TYPE_PUBLIC,COMPLETED,55115318,16621290,3641,292.48397862098346,55563108,16644398,4856,392.4156838883898
93773877,2026-08-16T23:26:10.056521800Z,2026-08-16T23:27:07.134557Z,EPISODE_TYPE_PUBLIC,COMPLETED,55115318,16621290,3828,289.2088540737772,55564416,16730060,27020,384.378969467754
93779504,2026-08-16T23:50:09.999326Z,2026-08-16T23:51:22.009970800Z,EPISODE_TYPE_PUBLIC,COMPLETED,55314312,16656771,3461,243.7407317096679,55115641,16621519,2300,165.75822597216617
93818960,2026-08-17T05:10:39.844980300Z,2026-08-17T05:11:33.650585500Z,EPISODE_TYPE_PUBLIC,COMPLETED,55570624,16729800,4253,329.6966808487054,55115318,16621290,3644,285.16789756297834
93819393,2026-08-17T05:14:39.153234400Z,2026-08-17T05:15:52.197533900Z,EPISODE_TYPE_PUBLIC,COMPLETED,55115318,16621290,3878,288.52950887280144,55570850,16712562,374,192.22399137100447
93831700,2026-08-17T06:22:40.536359300Z,2026-08-17T06:23:47.811183800Z,EPISODE_TYPE_PUBLIC,COMPLETED,55115318,16621290,3644,283.44345997230204,55466782,16714263,4607,259.46485042883563
93910979,2026-08-17T12:22:42.900128Z,2026-08-17T12:23:51.574388500Z,EPISODE_TYPE_PUBLIC,COMPLETED,55115641,16621519,2300,160.99852557587948,55219822,16654559,2720,186.23272149813408
93955821,2026-08-17T15:46:45.057951100Z,2026-08-17T15:47:42.307325Z,EPISODE_TYPE_PUBLIC,COMPLETED,55115318,16621290,3895,280.51162990818136,55276174,16660471,13436,390.38476823345127
94040192,2026-08-17T22:18:44.701373400Z,2026-08-17T22:19:50.523534300Z,EPISODE_TYPE_PUBLIC,COMPLETED,55243227,16661419,1836,108.78794780952057,55115641,16621519,2300,165.1184568389575
94071858,2026-08-18T00:42:45.180651900Z,2026-08-18T00:43:42.850349800Z,EPISODE_TYPE_PUBLIC,COMPLETED,55115318,16621290,3657,276.4648631676455,55119357,16623099,5957,312.2133542619677
94116019,2026-08-18T04:02:44.557254200Z,2026-08-18T04:03:57.054112600Z,EPISODE_TYPE_PUBLIC,COMPLETED,55115318,16621290,4065,273.0034075611736,55369395,16671959,12498,346.17949362010717
94221472,2026-08-18T16:33:35.766021200Z,2026-08-18T16:34:29.896134300Z,EPISODE_TYPE_PUBLIC,COMPLETED,55316569,16660340,2500,175.92608167171272,55115641,16621519,2300,160.34237577164103
94229205,2026-08-18T17:09:35.622153200Z,2026-08-18T17:10:43.094937300Z,EPISODE_TYPE_PUBLIC,COMPLETED,55115318,16621290,3969,275.9301917681546,55486775,16713002,3000,162.00402949204243
94289254,2026-08-18T19:34:52.243758300Z,2026-08-18T19:37:59.863025400Z,EPISODE_TYPE_PUBLIC,COMPLETED,55115318,16621290,3644,272.14803323634425,55598306,16728863,6224,331.22520762421254
94412400,2026-08-19T04:57:25.604123100Z,2026-08-19T04:58:21.881840700Z,EPISODE_TYPE_PUBLIC,COMPLETED,55115318,16621290,3644,268.233080942949,55573114,16659865,4298,314.7669900745727
94414171,2026-08-19T05:05:21.912165Z,2026-08-19T05:06:14.756447800Z,EPISODE_TYPE_PUBLIC,COMPLETED,55149109,16623274,2886,179.42368891303005,55115641,16621519,2300,155.80201099767123
94417670,2026-08-19T05:21:22.392663300Z,2026-08-19T05:22:32.618060900Z,EPISODE_TYPE_PUBLIC,COMPLETED,55612061,16656023,3000,255.4835746202998,55115641,16621519,2300,152.47858248973688
94459120,2026-08-19T08:29:24.600260300Z,2026-08-19T08:30:50.796812Z,EPISODE_TYPE_PUBLIC,COMPLETED,55278326,16662403,4078,309.72900121591675,55115318,16621290,3683,264.3412415678693
94502366,2026-08-19T11:45:24.096461900Z,2026-08-19T11:46:38.738998200Z,EPISODE_TYPE_PUBLIC,COMPLETED,55115318,16621290,3644,268.07316886938867,55333628,16660568,3000,211.91241586351669
94519772,2026-08-19T13:05:53.398439800Z,2026-08-19T13:07:29.037786400Z,EPISODE_TYPE_PUBLIC,COMPLETED,55115318,16621290,3815,271.72750663104483,55623644,16716702,296,193.06287608995865
94550724,2026-08-19T15:25:54.922553500Z,2026-08-19T15:26:57.481464400Z,EPISODE_TYPE_PUBLIC,COMPLETED,55115318,16621290,3877,268.16970679643384,55626184,16674612,3936,350.53779451435037
94554419,2026-08-19T15:41:54.233262700Z,2026-08-19T15:43:03.387302600Z,EPISODE_TYPE_PUBLIC,COMPLETED,55115641,16621519,2300,155.4337496421559,55463434,16660939,640,37.1989022278215
94749196,2026-08-20T00:30:05.190213500Z,2026-08-20T00:34:20.453904300Z,EPISODE_TYPE_PUBLIC,COMPLETED,55380914,16695799,4032,277.5738056148609,55115318,16621290,3943,263.75585960540394
94876946,2026-08-20T04:14:15.277358600Z,2026-08-20T04:17:10.330864600Z,EPISODE_TYPE_PUBLIC,COMPLETED,55235941,16656278,3000,221.70484598555825,55115641,16621519,2300,148.08712840574827
94877040,2026-08-20T04:14:15.405352800Z,2026-08-20T04:15:42.779855Z,EPISODE_TYPE_PUBLIC,COMPLETED,55303685,16662023,3000,204.66666561085148,55115641,16621519,2300,151.57024454596535
94970486,2026-08-20T06:58:13.463031700Z,2026-08-20T07:01:41.297164700Z,EPISODE_TYPE_PUBLIC,COMPLETED,55627818,16671827,1839,269.8786913568171,55115318,16621290,3864,268.4803816677556
95018539,2026-08-20T08:22:17.683957300Z,2026-08-20T08:26:58.302916100Z,EPISODE_TYPE_PUBLIC,COMPLETED,55115641,16621519,2300,151.92246333673768,55156607,16623953,389,102.66537625234974
95093609,2026-08-20T10:34:16.306250800Z,2026-08-20T10:38:43.237156200Z,EPISODE_TYPE_PUBLIC,COMPLETED,55115318,16621290,3812,273.45451507173067,55644115,16658702,2240,277.2023186663932
95415721,2026-08-20T19:59:23.085329900Z,2026-08-20T20:01:21.554953400Z,EPISODE_TYPE_PUBLIC,COMPLETED,55115318,16621290,3683,269.16998566867596,55552410,16728350,5957,291.6557953929113
95456717,2026-08-20T21:11:21.411376800Z,2026-08-20T21:15:15.702793600Z,EPISODE_TYPE_PUBLIC,COMPLETED,55592161,16735237,1607,94.65317277431349,55115641,16621519,2300,155.62236237398756
95730404,2026-08-21T05:11:50.172966900Z,2026-08-21T05:17:03.777833500Z,EPISODE_TYPE_PUBLIC,COMPLETED,55115318,16621290,4013,264.6952346023142,55511900,16723047,5957,275.097549227493
95901308,2026-08-21T10:11:51.985054500Z,2026-08-21T10:15:48.378230100Z,EPISODE_TYPE_PUBLIC,COMPLETED,55115318,16621290,3826,261.63204373453107,55666397,16747670,13713,383.63865149367246
95901537,2026-08-21T10:11:52.349579100Z,2026-08-21T10:13:48.949305400Z,EPISODE_TYPE_PUBLIC,COMPLETED,55115641,16621519,2300,152.16303660001066,55658932,16738279,2920,232.5266965696507
96230102,2026-08-21T19:54:34.530301300Z,2026-08-21T19:57:45.559336Z,EPISODE_TYPE_PUBLIC,COMPLETED,55517099,16697020,4203,290.53930087512964,55115318,16621290,3657,257.52751124788693
96325739,2026-08-21T22:48:00.000701700Z,2026-08-21T22:50:18.740160400Z,EPISODE_TYPE_PUBLIC,COMPLETED,55298906,16668039,3000,208.1676501888914,55115641,16621519,2300,148.4862108884938
96510443,2026-08-22T04:12:00.148624900Z,2026-08-22T04:14:21.895338900Z,EPISODE_TYPE_PUBLIC,COMPLETED,55385049,16695951,1480,101.63763324105169,55115641,16621519,2300,152.3042579948692
96546942,2026-08-22T05:16:02.394153800Z,2026-08-22T05:20:40.178246100Z,EPISODE_TYPE_PUBLIC,COMPLETED,55425148,16697466,3000,176.98689513320227,55115318,16621290,3932,260.8569495913003
96667800,2026-08-22T08:48:07.000066300Z,2026-08-22T08:50:54.043325600Z,EPISODE_TYPE_PUBLIC,COMPLETED,55667513,16738279,5581,302.2946738361374,55115318,16621290,3644,256.9044836980527
96729454,2026-08-22T10:36:02.553405400Z,2026-08-22T10:37:09.841412700Z,EPISODE_TYPE_PUBLIC,COMPLETED,55115641,16621519,2300,148.82487189750327,55682806,16661476,3000,229.30018067021888
96729458,2026-08-22T10:36:02.555823400Z,2026-08-22T10:40:54.834582300Z,EPISODE_TYPE_PUBLIC,COMPLETED,55273743,16666072,1281,120.59343788502534,55115641,16621519,2300,152.9320567092087
96731635,2026-08-22T10:40:04.739737300Z,2026-08-22T10:45:05.999112300Z,EPISODE_TYPE_PUBLIC,COMPLETED,55115641,16621519,2300,157.41988478398585,55688675,16756875,1040,137.7374979858443
96775070,2026-08-22T11:56:02.597883600Z,2026-08-22T12:00:29.678742600Z,EPISODE_TYPE_PUBLIC,COMPLETED,55131901,16625029,3000,173.61241229510378,55115318,16621290,3877,260.1684153122874
96925569,2026-08-22T16:20:04.553947100Z,2026-08-22T16:21:48.697970Z,EPISODE_TYPE_PUBLIC,COMPLETED,55694696,16689697,420,211.99199014867065,55115318,16621290,3902,264.1720940836925
97055808,2026-08-22T20:08:31.374939900Z,2026-08-22T20:11:32.560545600Z,EPISODE_TYPE_PUBLIC,COMPLETED,55115318,16621290,3786,267.1450244065291,55684701,16681125,3000,148.6883711548179
97160562,2026-08-22T23:12:33.584253100Z,2026-08-22T23:17:06.171702400Z,EPISODE_TYPE_PUBLIC,COMPLETED,55614589,16666365,2275,110.40535033781052,55115641,16621519,2300,161.26556438252172
97199364,2026-08-23T00:20:37.076703600Z,2026-08-23T00:24:30.584026800Z,EPISODE_TYPE_PUBLIC,COMPLETED,55115318,16621290,3826,271.17101358888084,55294407,16674093,3337,234.13994550590274
97274559,2026-08-23T02:32:36.937312300Z,2026-08-23T02:34:34.490852Z,EPISODE_TYPE_PUBLIC,COMPLETED,55115641,16621519,2300,163.72478100377,55691399,16756592,0,6.595612381765797
97527907,2026-08-23T09:56:45.652371200Z,2026-08-23T09:57:56.816622800Z,EPISODE_TYPE_PUBLIC,COMPLETED,55673695,16723050,5637,289.9517694257654,55115318,16621290,3826,266.87664192506287
97589436,2026-08-23T11:44:52.187731400Z,2026-08-23T11:49:19.300427500Z,EPISODE_TYPE_PUBLIC,COMPLETED,55115641,16621519,2300,168.05202870090554,55713337,16761007,1197,138.76316051947703
97628355,2026-08-23T12:52:57.398628Z,2026-08-23T12:55:21.184141600Z,EPISODE_TYPE_PUBLIC,COMPLETED,55517836,16655573,3000,204.53984351992696,55115641,16621519,2300,164.05783376550806
97710390,2026-08-23T15:16:53.005952Z,2026-08-23T15:21:03.734184400Z,EPISODE_TYPE_PUBLIC,COMPLETED,55717883,16662643,17742,405.50371458678063,55115318,16621290,3735,264.10410372713136
97808730,2026-08-23T18:08:54.056813100Z,2026-08-23T18:11:14.843241600Z,EPISODE_TYPE_PUBLIC,COMPLETED,55115641,16621519,2300,167.86444004476547,55330150,16658898,1800,116.64444104699707
97826789,2026-08-23T18:40:57.359660700Z,2026-08-23T18:44:20.946213700Z,EPISODE_TYPE_PUBLIC,COMPLETED,55115318,16621290,3644,261.7162599310723,55722308,16662833,29228,431.68851124900584
98162167,2026-08-24T04:29:09.957746600Z,2026-08-24T04:30:41.915272700Z,EPISODE_TYPE_PUBLIC,COMPLETED,55115318,16621290,3657,266.31172679316757,55343691,16668506,3537,263.41117841283346
98171109,2026-08-24T04:45:04.574107100Z,2026-08-24T04:48:00.639613500Z,EPISODE_TYPE_PUBLIC,COMPLETED,55732711,16661276,593,201.91055669338215,55115318,16621290,3774,270.0386159551276
98235130,2026-08-24T06:37:02.479393300Z,2026-08-24T06:40:13.778916700Z,EPISODE_TYPE_PUBLIC,COMPLETED,55115641,16621519,2300,164.40856972803587,55329863,16684237,3278,237.95609116608614
98488289,2026-08-24T14:01:07.452362300Z,2026-08-24T14:05:33.916715400Z,EPISODE_TYPE_PUBLIC,COMPLETED,55115641,16621519,2300,161.97474588461148,55744469,16738778,3000,331.6047460586857
98529577,2026-08-24T15:13:08.295787200Z,2026-08-24T15:15:18.114639800Z,EPISODE_TYPE_PUBLIC,COMPLETED,55115318,16621290,3569,266.27271832732515,55320651,16659581,8559,319.63089974914254
98718322,2026-08-24T21:01:56.418372500Z,2026-08-24T21:04:07.794290200Z,EPISODE_TYPE_PUBLIC,COMPLETED,55752820,16627032,3000,214.38092937567762,55115641,16621519,2300,158.06741546152233
98759442,2026-08-24T22:17:28.226146700Z,2026-08-24T22:20:03.326406Z,EPISODE_TYPE_PUBLIC,COMPLETED,55115641,16621519,2300,162.30418764218626,55750989,16731678,0,129.0733359367572
98836862,2026-08-25T00:33:27.237476400Z,2026-08-25T00:39:57.432691700Z,EPISODE_TYPE_PUBLIC,COMPLETED,55483624,16684223,14152,316.4523877020078,55115318,16621290,3826,262.51588174167097
99092389,2026-08-25T08:01:33.685268200Z,2026-08-25T08:05:45.938019Z,EPISODE_TYPE_PUBLIC,COMPLETED,55115318,16621290,3649,259.0039971521807,55253726,16663600,5768,328.8398397566416
99204178,2026-08-25T11:17:34.662228600Z,2026-08-25T11:18:57.939546800Z,EPISODE_TYPE_PUBLIC,COMPLETED,55602877,16667968,3000,221.1889703587663,55115641,16621519,2300,158.64339733378603
99441404,2026-08-25T18:19:26.611430700Z,2026-08-25T18:23:32.189629400Z,EPISODE_TYPE_PUBLIC,COMPLETED,55776046,16728863,3000,136.97477612533606,55115318,16621290,3774,261.9124989785407
99512078,2026-08-25T20:25:03.254708400Z,2026-08-25T20:26:38.288353200Z,EPISODE_TYPE_PUBLIC,COMPLETED,55775027,16686743,2299,207.54685222294586,55115318,16621290,3864,265.7356658943024
99607735,2026-08-25T23:13:06.664297700Z,2026-08-25T23:15:51.062945300Z,EPISODE_TYPE_PUBLIC,COMPLETED,55115641,16621519,2300,153.82756759831807,55498604,16719809,2810,144.52652620296536
99842702,2026-08-26T06:06:05.759327500Z,2026-08-26T06:08:20.788151300Z,EPISODE_TYPE_PUBLIC,COMPLETED,55611771,16734670,5890,285.4980741215559,55115318,16621290,4282,261.4876420625917
