episode_id,seat,turns,stream_h24,stream_h100,stream_h200,stream_h400,stream_h719
89004648,0,719,d481bce64b4d11ae,981fd4c34e47b2fe,da3671bb6868d8a0,23b7292cb3779e52,56b676bb5ece1b72
89004648,1,719,d481bce64b4d11ae,981fd4c34e47b2fe,da3671bb6868d8a0,dea011b18cdbbc05,3f5601b5e36a92ba
89005103,0,719,3a651cfe55ca7c53,cce3069f1e804cd1,1721e809bf2c48d4,287337f09db38952,236d6bf8e81ca34a
89005103,1,719,3a651cfe55ca7c53,cce3069f1e804cd1,1721e809bf2c48d4,287337f09db38952,236d6bf8e81ca34a
89006005,0,719,321a8b289975167a,21240a2bc8ebc963,37b6703c72ada9c6,b176e574cd59a1fb,3215cdffde06c331
89006005,1,719,d481bce64b4d11ae,981fd4c34e47b2fe,da3671bb6868d8a0,dea011b18cdbbc05,7dfa48f1d0d9a42d
89006016,0,719,c489d91a7fa0e344,b4d83c02e2f4e74a,ed028e1007a38cf8,37a4b050bc6c4278,edcc3ad187720499
89006016,1,719,c489d91a7fa0e344,b4d83c02e2f4e74a,ed028e1007a38cf8,37a4b050bc6c4278,1db26e4e45db1f64
89006021,0,719,321a8b289975167a,21240a2bc8ebc963,37b6703c72ada9c6,b176e574cd59a1fb,3215cdffde06c331
89006021,1,719,321a8b289975167a,21240a2bc8ebc963,37b6703c72ada9c6,b176e574cd59a1fb,3215cdffde06c331
89006464,0,719,c489d91a7fa0e344,788046426cc44ae8,24abd412e7dc318d,5720f24dcb43f557,4f1b7a103685feec
89006464,1,719,89ff8c0065d0a600,bec95bf3572da71b,82d152d3d4a37764,dfda6c103cf06fce,79cb6227fa54a8d9
89006914,0,719,c2b73e3bb202761d,3660f1f1faf8d833,3b3154c4b75210b6,3cd8a5c69f194cca,90845194d528cf95
89006914,1,719,c2b73e3bb202761d,3660f1f1faf8d833,3b3154c4b75210b6,3cd8a5c69f194cca,c0581474c96316fc
89007360,0,719,d374ee6a8a685f78,4857131b4066875a,7512a8e17ba86661,24e7eb1e1334fa6b,7fcec4e870cbff0d
89007360,1,719,3a651cfe55ca7c53,cce3069f1e804cd1,1721e809bf2c48d4,287337f09db38952,236d6bf8e81ca34a
89007807,0,719,321a8b289975167a,21240a2bc8ebc963,37b6703c72ada9c6,b176e574cd59a1fb,3215cdffde06c331
89007807,1,719,a3224476063ff612,ccb81520f20e502b,4fa1d38da2fcd072,763212a37e613567,2b7f5a5c0e63b9ef
89007813,0,719,89ff8c0065d0a600,d94a0092b3dffbdb,468873a3504c594c,906895ce2ededd4a,9805f77ea9858264
89007813,1,719,89ff8c0065d0a600,94ae12c1ae7bd00c,d7ab78910ec4893a,c3dbcf15458aad5d,b0da6b94c492a333
89008254,0,719,d374ee6a8a685f78,4857131b4066875a,7512a8e17ba86661,24e7eb1e1334fa6b,feb6b48009cbcd1e
89008254,1,719,c2b73e3bb202761d,3660f1f1faf8d833,3b3154c4b75210b6,3cd8a5c69f194cca,0a2e0dcecae6c4a8
89009154,0,719,89ff8c0065d0a600,ea51b627da295b20,caa3090c65673943,79314aa434ce4e2a,86ca91c78164fe09
89009154,1,719,c489d91a7fa0e344,788046426cc44ae8,d03039c405f7f540,db103256592b5b65,b408bb04ab67715d
89009207,0,719,3a651cfe55ca7c53,cce3069f1e804cd1,1721e809bf2c48d4,287337f09db38952,236d6bf8e81ca34a
89009207,1,719,3a651cfe55ca7c53,cce3069f1e804cd1,1721e809bf2c48d4,287337f09db38952,236d6bf8e81ca34a
89010550,0,719,9a0a5fe47f032095,98d309136b310ead,c1a7318a6a2b1dd1,cc0e596fb4bce326,e834ce7c25341ea7
89010550,1,719,3a651cfe55ca7c53,cce3069f1e804cd1,1721e809bf2c48d4,287337f09db38952,236d6bf8e81ca34a
89011010,0,719,d251fddd86a9beff,afff90b7b205e561,b8849f3fc458f35b,15525914d15298f8,4fbf7faa94007789
89011010,1,719,d251fddd86a9beff,afff90b7b205e561,b8849f3fc458f35b,e4bf1528dba0ff1a,6ea58715e9f7e364
89011450,0,719,3a651cfe55ca7c53,cce3069f1e804cd1,1721e809bf2c48d4,287337f09db38952,236d6bf8e81ca34a
89011450,1,719,b7f81f6734c0b1c2,cf929fa719dbaef0,06b8965b7b6a3cdd,d1d0c6f6f42aebbd,6621f31d7887adb9
89011452,0,719,56326ce59b29b227,120133281e230bf7,4a51b51ec89a000a,120ff1b1dde04d8a,6eeef3d4091c73c2
89011452,1,719,56326ce59b29b227,120133281e230bf7,4a51b51ec89a000a,120ff1b1dde04d8a,6eeef3d4091c73c2
89011900,0,719,5633511a3cca9483,9c54859c97fe938e,68cd82dc2665ed84,7e95dea0fab1cc49,094dd7ba4af5eb7c
89011900,1,719,5633511a3cca9483,9c54859c97fe938e,68cd82dc2665ed84,044ebd78b165b3ff,c53197a03b71b7aa
89012344,0,719,adc51d3909227c77,3ce4643a4c4197b1,ea8f8a680c2224a2,971f33d4715e564d,7ed5d334d1e783a2
89012344,1,719,9ee5ef2fc43de9bb,c1a0a45ead35eb7b,ecb3ee2abd6ac773,eda3f20c8a63c57e,d559e8117ba61326
89012792,0,719,d481bce64b4d11ae,981fd4c34e47b2fe,da3671bb6868d8a0,dea011b18cdbbc05,3f5601b5e36a92ba
89012792,1,719,56326ce59b29b227,120133281e230bf7,4a51b51ec89a000a,120ff1b1dde04d8a,6eeef3d4091c73c2
89013236,0,719,8e0e0bbe436c697f,17916cf9ea18af41,409ad6a7f41851ff,0d715207516acd4e,d46ffa1eda01f248
89013236,1,719,56326ce59b29b227,120133281e230bf7,4a51b51ec89a000a,120ff1b1dde04d8a,6eeef3d4091c73c2
89013685,0,719,8960bd2a3c88dfc9,ef102836645d10b6,b1f3e92dcc96e3f6,691e3b8d4181003a,a16c3bee57c87d3d
89013685,1,719,56326ce59b29b227,120133281e230bf7,4a51b51ec89a000a,120ff1b1dde04d8a,6eeef3d4091c73c2
89014132,0,719,8960bd2a3c88dfc9,ef102836645d10b6,b1f3e92dcc96e3f6,3b5d86305855e5bd,6cec863816eb6059
89014132,1,719,8960bd2a3c88dfc9,ef102836645d10b6,b1f3e92dcc96e3f6,57edf2445c6b0df9,cc3dc794df3e91d1
89014574,0,719,b7f81f6734c0b1c2,cf929fa719dbaef0,06b8965b7b6a3cdd,7d1ccd374330daad,1d7853ea59e30dd8
89014574,1,719,5633511a3cca9483,9c54859c97fe938e,68cd82dc2665ed84,8ef9b28156921c25,1db68d09f3383f5f
89015470,0,719,010419279f407f09,214c71dfd4d77cde,0c884555712adec3,76fc31ce901f3f08,172ca6463f45f9d2
89015470,1,719,010419279f407f09,214c71dfd4d77cde,0c884555712adec3,76fc31ce901f3f08,172ca6463f45f9d2
89015471,0,719,5a5d6622eb827e24,c09dc6acb4a16f7a,31b5f34ec43c1ad0,d0b5ac7dca9c6d45,84aaeda8dbcbc895
89015471,1,719,5a5d6622eb827e24,c09dc6acb4a16f7a,31b5f34ec43c1ad0,d0b5ac7dca9c6d45,84aaeda8dbcbc895
89015472,0,719,ca616fa228a2eecb,cf2bd81b156547b0,34ee1cdfd70950e3,79a28da33ab47fc1,71b6cdbb4e7868ff
89015472,1,719,ca616fa228a2eecb,cf2bd81b156547b0,34ee1cdfd70950e3,79a28da33ab47fc1,71b6cdbb4e7868ff
89015911,0,719,d481bce64b4d11ae,981fd4c34e47b2fe,da3671bb6868d8a0,dea011b18cdbbc05,82c9bab338c30086
89015911,1,719,043bc107f4141918,c45803c20cce44e0,1af68d6d0f79a11e,16571af9e00e52c1,64e92980f40b8273
89015915,0,719,88129dab896e13e8,40233f8e360a2964,a5cefe84bf5d1ae4,83bad85744895cf2,dc460358d8c14f9e
89015915,1,719,88129dab896e13e8,6e5a8367aca5bbe0,f2b9d94abab881a9,b20127d31f68c152,eaaf57272a0e8263
89016360,0,719,3586bef2779ec245,141cebeee5e1c9b1,ac0477f776b52676,5f8bfc490994cdf1,0bf9d62a3b8ab6b2
89016360,1,719,adc51d3909227c77,3ce4643a4c4197b1,9b2e372a7177b9dc,8861aacf2a894662,262b2388f835a6be
89016361,0,719,88129dab896e13e8,0510456e0e5598cf,88d2e8834e0db853,4116a2154d19d26b,201bf70d88386c93
89016361,1,719,8960bd2a3c88dfc9,ef102836645d10b6,b1f3e92dcc96e3f6,3b5d86305855e5bd,7ba8be301dd001bc
89016817,0,719,010419279f407f09,214c71dfd4d77cde,0c884555712adec3,76fc31ce901f3f08,172ca6463f45f9d2
89016817,1,719,ca616fa228a2eecb,cf2bd81b156547b0,34ee1cdfd70950e3,79a28da33ab47fc1,71b6cdbb4e7868ff
89016818,0,719,8960bd2a3c88dfc9,ef102836645d10b6,b1f3e92dcc96e3f6,3b5d86305855e5bd,4127743dc2cd685b
89016818,1,719,ca616fa228a2eecb,cf2bd81b156547b0,34ee1cdfd70950e3,79a28da33ab47fc1,71b6cdbb4e7868ff
89017267,0,719,e5cbcea58cedf57d,bae7a5261a205598,fd073412fa2e4839,910e863a70038180,a134c1e69be5dad7
89017267,1,719,5a5d6622eb827e24,c09dc6acb4a16f7a,31b5f34ec43c1ad0,d0b5ac7dca9c6d45,84aaeda8dbcbc895
89017268,0,719,2c6a04292fa97843,9f26340f32c94853,c665d89b68de178f,9d902c4812cda001,ff22b5777a41641a
89017268,1,719,2c6a04292fa97843,f1fc048dc9d7e40c,164496978f31022a,2e9beaf686f909b8,32c8e263ea26e72d
89017721,0,719,89ff8c0065d0a600,bec95bf3572da71b,82d152d3d4a37764,2d6a324cf256b583,bbcd8077d5f950cc
89017721,1,719,c2b73e3bb202761d,3660f1f1faf8d833,3b3154c4b75210b6,3cd8a5c69f194cca,90845194d528cf95
89017722,0,719,321a8b289975167a,21240a2bc8ebc963,37b6703c72ada9c6,b176e574cd59a1fb,3215cdffde06c331
89017722,1,719,f04bd93487674817,3f6f480354f7e1e1,11407c7c275c760b,d3fe15da770e7741,68f94aacf1d9041a
89017723,0,719,2c6a04292fa97843,9f26340f32c94853,1e524440437e35ff,059de2201d8d65d0,a6ae78d271ed33b4
89017723,1,719,7a17bc57e972ffd4,b5aa1c1cffff4b4e,76a2cf3f437ea4ec,681b57992650ab2a,929c7adead21f3d5
89017724,0,719,010419279f407f09,214c71dfd4d77cde,0c884555712adec3,76fc31ce901f3f08,172ca6463f45f9d2
89017724,1,719,2c6a04292fa97843,9f26340f32c94853,c7297e6015e65f4f,1cebd9e8959bdb8a,68ac2b084731a8e3
89017725,0,719,bfd5b1d9841272b6,7a91d7cc77ef889e,9d31e0e497a7d463,a2c5a416f911c412,453068b780f1da51
89017725,1,719,321a8b289975167a,21240a2bc8ebc963,37b6703c72ada9c6,b176e574cd59a1fb,3215cdffde06c331
89017726,0,719,ca616fa228a2eecb,cf2bd81b156547b0,34ee1cdfd70950e3,b7144fc0f96561ed,4e730650ad9d8e9e
89017726,1,719,adc51d3909227c77,3ce4643a4c4197b1,2a8581bd0adc798d,14e1d81a4df00bb1,6647414446781907
89018168,0,719,88129dab896e13e8,1ff83152a9a11231,756241e729d179c2,5395a8867b02cc1f,512e9a08759e6c93
89018168,1,719,4ecf6d224cb15e0a,7282500b3fbe02b7,69783a5bb2a46a0a,da5ce375fd87333c,4c84f0488b696bb9
89018169,0,719,c2b73e3bb202761d,3660f1f1faf8d833,3b3154c4b75210b6,3cd8a5c69f194cca,90845194d528cf95
89018169,1,719,8960bd2a3c88dfc9,ef102836645d10b6,b1f3e92dcc96e3f6,3b5d86305855e5bd,5c98424d4e842ca7
89018171,0,719,4ecf6d224cb15e0a,7282500b3fbe02b7,69783a5bb2a46a0a,da5ce375fd87333c,75bc02082b9bc734
89018171,1,719,2c6a04292fa97843,9f26340f32c94853,9e14fe06a1f4e052,aed72e15baf57d35,259455ce7e586f87
89018172,0,719,3a651cfe55ca7c53,cce3069f1e804cd1,1721e809bf2c48d4,287337f09db38952,236d6bf8e81ca34a
89018172,1,719,f04bd93487674817,3f6f480354f7e1e1,11407c7c275c760b,ff522f40111807ce,fcf7f3dd58b336b8
89018173,0,719,043bc107f4141918,c45803c20cce44e0,1af68d6d0f79a11e,16571af9e00e52c1,64e92980f40b8273
89018173,1,719,5633511a3cca9483,9c54859c97fe938e,68cd82dc2665ed84,abfc9809e6e83650,1c8218b341c49237
89018174,0,719,bfd5b1d9841272b6,7a91d7cc77ef889e,9d31e0e497a7d463,a2c5a416f911c412,453068b780f1da51
89018174,1,719,88129dab896e13e8,dabc55fecd45fae3,e97b51ba7c2a4fa9,4e1d7eebf686a7dd,c93fb48eb9a36e77
89018623,0,719,3a651cfe55ca7c53,cce3069f1e804cd1,1721e809bf2c48d4,287337f09db38952,fc5633306445f050
89018623,1,719,e5cbcea58cedf57d,108fc935897cc620,c42d28a305a515d5,c47d3b79928c38c0,cd0b26d8161e4dee
89018624,0,719,d481bce64b4d11ae,981fd4c34e47b2fe,da3671bb6868d8a0,dea011b18cdbbc05,316df712d4ad2269
89018624,1,719,8960bd2a3c88dfc9,ef102836645d10b6,b1f3e92dcc96e3f6,691e3b8d4181003a,210e43093cd8bacc
89018625,0,719,3a651cfe55ca7c53,cce3069f1e804cd1,1721e809bf2c48d4,287337f09db38952,236d6bf8e81ca34a
89018625,1,719,c489d91a7fa0e344,5f3119062a9a9e46,c313e85b0b2c5b48,c6dfbf1f2202a448,a536ba0e76cf1425
89018627,0,719,adc51d3909227c77,3ce4643a4c4197b1,8b08a94bb30ec05b,6d4fc6d61c47437c,f492b58023c97e7c
89018627,1,719,5633511a3cca9483,9c54859c97fe938e,68cd82dc2665ed84,05449331e6c37dce,a6698dc717ca0348
89018628,0,719,83152263a30ea206,6eaa3fbb5e253865,9bba960c5a6a34c8,5540a3c124248532,407d78c88121733c
89018628,1,719,adc51d3909227c77,3ce4643a4c4197b1,43d6a72a54cdcc99,d90dd0612da0131c,1d1b8d43ec848a62
89019077,0,719,3a651cfe55ca7c53,cce3069f1e804cd1,1721e809bf2c48d4,287337f09db38952,236d6bf8e81ca34a
89019077,1,719,adc51d3909227c77,3ce4643a4c4197b1,8aeaa04672ec9f63,a1f074a584f029f4,041dd2537edb9d1e
89019078,0,719,8960bd2a3c88dfc9,74e0f0cb01a38a47,6a6c329fadb93413,d4fe607a1f2d97aa,a03cd7d502d69522
89019078,1,719,2c6a04292fa97843,9f26340f32c94853,2f103a9e7bbc6dc4,8964a41fa8a892a6,e86da5c5549e8e65
89019079,0,719,adc51d3909227c77,3ce4643a4c4197b1,f98fb963d7661f9d,78c08af9cda177a2,fd68ed56230ba607
89019079,1,719,83152263a30ea206,6eaa3fbb5e253865,a5cf5cbe9c21b7b3,2b6974f68c1227a4,ce6b7dd6941ecc9b
89019080,0,719,bfd5b1d9841272b6,25a088578c031861,9ec1590f0319b5e2,3069de7db6481c88,cd41ba540db2cb71
89019080,1,719,89ff8c0065d0a600,bec95bf3572da71b,82d152d3d4a37764,4eb45478c2797166,92a5e7cb442021f3
89019082,0,719,8960bd2a3c88dfc9,ef102836645d10b6,b1f3e92dcc96e3f6,f8ea02409b66fe22,a6ed88624df2c450
89019082,1,719,adc51d3909227c77,3ce4643a4c4197b1,2a8581bd0adc798d,9e2ac6d8b5ab4626,dce83fd77f5892c4
89019083,0,719,adc51d3909227c77,3ce4643a4c4197b1,cac03ec3b1be4ac8,4e6c0a3de598f4c6,96b3e9a1714a301f
89019083,1,719,d481bce64b4d11ae,981fd4c34e47b2fe,da3671bb6868d8a0,dea011b18cdbbc05,3f5601b5e36a92ba
89019569,0,719,1d79a73a518f03e7,4b57b5c852b4f263,629b92647e636103,7543c0670c6058b8,568eda585b645fea
89019569,1,719,1d79a73a518f03e7,4b57b5c852b4f263,629b92647e636103,832ff3043c58ecc5,bdd3c453d8334a48
89019570,0,719,777b64735df926de,e206e712691e9818,47e2cfe6ad77c0e1,f1da7c7bf1d58011,40d00774976a0a97
89019570,1,719,3a651cfe55ca7c53,cce3069f1e804cd1,1721e809bf2c48d4,287337f09db38952,e83f7fa39269765a
89019571,0,719,5a5d6622eb827e24,c09dc6acb4a16f7a,31b5f34ec43c1ad0,d0b5ac7dca9c6d45,84aaeda8dbcbc895
89019571,1,719,e18d1a368941e7df,15aa0ac66da2f027,645bcec205051b86,5e22dbfc859bf725,62c29f52eeccd140
89019572,0,719,3a651cfe55ca7c53,cce3069f1e804cd1,1721e809bf2c48d4,287337f09db38952,236d6bf8e81ca34a
89019572,1,719,2c6a04292fa97843,9f26340f32c94853,3ec66bd59993601c,0abc9dd2571aa9e7,53829037089b027d
89019574,0,719,89ff8c0065d0a600,bec95bf3572da71b,9fe22abed6443427,23a4927e92f4ad5e,84cc7c42cfdb1e25
89019574,1,719,56e4cf247a84ac50,a152156a25625b44,ecf059716148c015,ee8212df4ec59792,daf1223572b4f226
89019576,0,719,b8891e1e4fcdb11b,49bfcdf849035a22,ec9869af75d3090a,58dfb93d0adf75b0,b7fd7fb8c93d9843
89019576,1,719,5a5d6622eb827e24,c09dc6acb4a16f7a,31b5f34ec43c1ad0,d0b5ac7dca9c6d45,84aaeda8dbcbc895
89020019,0,719,e5cbcea58cedf57d,ca6c2e709949df0e,47a743b1b066c26e,782758940964a197,dcafc23437cac570
89020019,1,719,1d79a73a518f03e7,4b57b5c852b4f263,629b92647e636103,f1723109ae85babf,4d59602ee4f0c525
89020021,0,719,8960bd2a3c88dfc9,ef102836645d10b6,b1f3e92dcc96e3f6,b3da38c1761745c2,ee4cfeaeb6dbbb67
89020021,1,719,bfd5b1d9841272b6,7a91d7cc77ef889e,8734ca838bfaa823,2e6f494ca7163434,60988361d24354ae
89020022,0,719,3a651cfe55ca7c53,cce3069f1e804cd1,1721e809bf2c48d4,287337f09db38952,236d6bf8e81ca34a
89020022,1,719,e18d1a368941e7df,0468a561bb285f21,febf8f34798f0361,7ac70ab7acfabc00,30daefa56cd82134
89020024,0,719,ca616fa228a2eecb,cf2bd81b156547b0,34ee1cdfd70950e3,79a28da33ab47fc1,71b6cdbb4e7868ff
89020024,1,719,b2daca769de5ecea,a26a12497dce3e34,87da346da98a3d6e,0108f1107970af52,8fe487f16c900096
89020030,0,719,3da3b60f95985443,791d2e3d7028757c,42ae1ceb60175e0a,652260e1aaa21773,01a0fcbbe8e084b3
89020030,1,719,3da3b60f95985443,aa880d541a4a0c9b,39701fdbc796eaf6,aedf7e52579f430e,fd44eb356f0eb777
89020473,0,719,010419279f407f09,214c71dfd4d77cde,0c884555712adec3,76fc31ce901f3f08,172ca6463f45f9d2
89020473,1,719,1d79a73a518f03e7,4b57b5c852b4f263,629b92647e636103,e1dc081fdcab9c38,6357034cd8475812
89020474,0,719,6ad16f463893ae7d,fb4e01413dc974a7,a16254cfadf0bead,39b8b847a094d061,b7c8edbc24f209e4
89020474,1,719,5a5d6622eb827e24,c09dc6acb4a16f7a,31b5f34ec43c1ad0,d0b5ac7dca9c6d45,84aaeda8dbcbc895
89020475,0,719,8960bd2a3c88dfc9,ef102836645d10b6,9c0a04655cec6c4e,0bdbb2f289585849,6e6b5bd3049b8bb1
89020475,1,719,e18d1a368941e7df,62635f7e98f1d957,30336d44ee19b523,d4d24e8b9b62be90,4a5c0c4d4f014bab
89020476,0,719,89ff8c0065d0a600,bedde5986e20fd6f,b6fa5e1f3f61d641,980d53220b57c975,116d27cc332bc4cb
89020476,1,719,4ecf6d224cb15e0a,7282500b3fbe02b7,dc775d33e809de3c,d7236a8269ef914a,697ef641fab2121e
89020921,0,719,3da3b60f95985443,aa880d541a4a0c9b,39701fdbc796eaf6,532d7c550e8820ec,3fd2ff5a5cf12816
89020921,1,719,4ecf6d224cb15e0a,7282500b3fbe02b7,69783a5bb2a46a0a,da5ce375fd87333c,442f0994aa07a303
89020922,0,719,8960bd2a3c88dfc9,ef102836645d10b6,6ec334e66757715e,3a602df4071424d9,d68eefe4bcb785d8
89020922,1,719,88129dab896e13e8,0510456e0e5598cf,422006c78c2eaabf,4ce2e543e90198db,d7f3541bb8c4058c
89020924,0,719,b8891e1e4fcdb11b,49bfcdf849035a22,ec9869af75d3090a,18b616fa2a3e9450,c63279345d4ef4cf
89020924,1,719,1d79a73a518f03e7,4b57b5c852b4f263,629b92647e636103,27b9eff6677cf48d,a6103d992717e389
89020925,0,719,8e0e0bbe436c697f,c1ffa37cc647dd9d,66c935e985501349,bfc96b734e837d19,e30b1d7815ae2cdf
89020925,1,719,88129dab896e13e8,31bd8f2bd17d42b2,b289757b8efb8f9b,45d5bdfb055bf57a,e32f98c5e1a0a3ed
89020926,0,719,a95b6a09d4a24ae2,e1d66d97b8b1d212,93edb14c7c7f47b5,c67ff45f14158ad3,1abe94c9409b5954
89020926,1,719,8960bd2a3c88dfc9,84c1af91c444908d,d6b00a5995896b56,00dfac49663001aa,ed6e469efa83fb1d
89020936,0,719,0acdbec04bb891c1,4752da5c06504afb,9d8ed8f3be199940,a303be2c2feb673f,1704a213b7559553
89020936,1,719,0acdbec04bb891c1,2617bc97d506d024,87d34a1407887cfe,431b6a5397be9fac,a1da4ec06cd44f7d
89020940,0,719,72d7e4662681dab8,f7d8d9a730171eab,4daf1cddbf70c287,1060b5dfddbf4115,1241ef6d43be75eb
89020940,1,719,72d7e4662681dab8,926d02c5a075d0a1,e2ea90abc2fd07aa,dec3176b77a2fa25,04d8371de2e8f833
89021381,0,719,e5cbcea58cedf57d,ca6c2e709949df0e,e8b218aa1b3b2791,5624503f3d66dafe,c94b569d6985aa19
89021381,1,719,3da3b60f95985443,bb630262118908ac,3290f0232bf16f37,983672cb431a8141,c836fb0072662ccd
89021382,0,719,3da3b60f95985443,aa880d541a4a0c9b,39701fdbc796eaf6,e062ac8340411e02,d51d92ee87d664ad
89021382,1,719,0acdbec04bb891c1,b194023446537970,a18e6a9d69104036,b4707bf7d423eb6f,7ba2cb054139976b
89021383,0,719,8960bd2a3c88dfc9,ef102836645d10b6,b1f3e92dcc96e3f6,3b5d86305855e5bd,6483cfbe3e68444c
89021383,1,719,0acdbec04bb891c1,1e195e7e91c4b7f2,6896bf726b2e08b7,8aead50c544984c7,87bcee1eb7a49c8a
89021384,0,719,8c26094c517bd2eb,aec09393615b25e1,10fac75eae0b26d2,b90cd5e30013ebd7,af976b258767ac50
89021384,1,719,5a5d6622eb827e24,c09dc6acb4a16f7a,31b5f34ec43c1ad0,d0b5ac7dca9c6d45,84aaeda8dbcbc895
89021385,0,719,c489d91a7fa0e344,8a2663f8dc17a69f,79f5877563b3acae,2e0d68f9f86c6a81,3e2ea917a998bbfa
89021385,1,719,777b64735df926de,4485344159f57c2c,fa4ff52220c17613,7c99b87201d6d6bb,da97b30b167e8fad
89021386,0,719,5633511a3cca9483,9c54859c97fe938e,68cd82dc2665ed84,9e2551e9943bd665,915f6996a7594db2
89021386,1,719,8960bd2a3c88dfc9,ef102836645d10b6,b1f3e92dcc96e3f6,3b5d86305855e5bd,ca267f922707ce39
89021387,0,719,8960bd2a3c88dfc9,ef102836645d10b6,b1f3e92dcc96e3f6,3b5d86305855e5bd,ccd44533bac43993
89021387,1,719,3a651cfe55ca7c53,cce3069f1e804cd1,1721e809bf2c48d4,9e7ca77ed6815039,ece8080bb913e210
89021388,0,719,c2b73e3bb202761d,3660f1f1faf8d833,3b3154c4b75210b6,3cd8a5c69f194cca,c790dd5491206e8a
89021388,1,719,e18d1a368941e7df,15aa0ac66da2f027,645bcec205051b86,ece3ae3617cae975,da76e815c2a48a9e
89021832,0,719,4111b900c4c22014,85978da7754f3340,7d71169c53b62bda,17b26b5ca16b31d9,0df189c3e068c5af
89021832,1,719,e5cbcea58cedf57d,ae4fc38f6c26c561,d39c0f3cc4ef6b43,44f2d73e89ac011b,b210a446f2e069e9
89021833,0,719,0acdbec04bb891c1,99a43749b2396457,53efdfe9a9300390,83c9173aea63dfae,0058fe4d72b64d5f
89021833,1,719,c489d91a7fa0e344,b4d83c02e2f4e74a,196fe43a48064a37,ae0a32d68e480404,32b15e32ad42c3b4
89021835,0,719,043bc107f4141918,c45803c20cce44e0,1af68d6d0f79a11e,16571af9e00e52c1,64e92980f40b8273
89021835,1,719,3da3b60f95985443,791d2e3d7028757c,42ae1ceb60175e0a,4c68084793937fe5,b849d128df27f303
89021837,0,719,1d79a73a518f03e7,4b57b5c852b4f263,629b92647e636103,dddc311a9e88c543,feee1c9ce4617f48
89021837,1,719,8e0e0bbe436c697f,17916cf9ea18af41,7b3f646c9df60e42,c741d8fc75f4194f,abc5a8edeee79d8a
89021838,0,719,2c6a04292fa97843,9f26340f32c94853,9e14fe06a1f4e052,aed72e15baf57d35,259455ce7e586f87
89021838,1,719,89ff8c0065d0a600,bec95bf3572da71b,279e14aaffba8c39,302ece0bb181be9e,983e76c71ca86411
89021839,0,719,8960bd2a3c88dfc9,ef102836645d10b6,b1f3e92dcc96e3f6,3b5d86305855e5bd,4153c254f02fccc9
89021839,1,719,adc51d3909227c77,3ce4643a4c4197b1,2a8581bd0adc798d,82b456fb1337cd0e,2678d0f4f425d593
89022286,0,719,4111b900c4c22014,85978da7754f3340,362218964c1379db,efc49d94f8dd2485,566be3f6ed67d47c
89022286,1,719,8960bd2a3c88dfc9,ef102836645d10b6,b1f3e92dcc96e3f6,3b5d86305855e5bd,4ad8cea67f132e6b
89022287,0,719,a04af22b7c78b8d0,bd75fdf09209fdcb,440ff9a4463a9b95,c3b6fa6123274eb5,12c4e2b0563b16d9
89022287,1,719,4111b900c4c22014,42ffc5a7d1fde732,5f38e11cc4410f95,518a2fccccc6fc3b,8d21cff388301e4c
89022288,0,719,5633511a3cca9483,9c54859c97fe938e,68cd82dc2665ed84,9cca31279c3f9388,66a21ab77d00fc83
89022288,1,719,3da3b60f95985443,aa880d541a4a0c9b,39701fdbc796eaf6,6c0fe03d81f8c32c,39db71b78132ec6b
89022289,0,719,adc51d3909227c77,3ce4643a4c4197b1,d0187a57291a7b9d,444bd7e5457baabd,655714ac0e3de371
89022289,1,719,b4e614757435d34e,f1b8d197b7f855a2,c34cc1057d3b048f,7561f36cc44ff504,9ac22dff58d0a6df
89022290,0,719,8960bd2a3c88dfc9,ef102836645d10b6,b1f3e92dcc96e3f6,3b5d86305855e5bd,38472021fa42002b
89022290,1,719,89ff8c0065d0a600,bec95bf3572da71b,82d152d3d4a37764,c0adbf25c538112e,82f56852e5dd53bb
89022291,0,719,8e0e0bbe436c697f,420ca4d237d2a5a3,da40bd7ee9529d54,abb8eefe4d9424a0,b7ee53660ed3e782
89022291,1,719,5633511a3cca9483,9c54859c97fe938e,68cd82dc2665ed84,103109e9cb02a43a,6354f8046e7c44c6
89022293,0,719,3a651cfe55ca7c53,cce3069f1e804cd1,1721e809bf2c48d4,287337f09db38952,236d6bf8e81ca34a
89022293,1,719,3a651cfe55ca7c53,cce3069f1e804cd1,1721e809bf2c48d4,287337f09db38952,236d6bf8e81ca34a
89022294,0,719,777b64735df926de,3d09b44daef70d9b,df70adf8ba388096,6287b2f1e2170766,b1f2dd0945290be0
89022294,1,719,777b64735df926de,fa1de51155e897f7,a4f7d79c2d7906b9,1bb8cb9faca45056,141a65670777dd01
89022737,0,719,b5724cd15ac1abe6,e83b507c45816211,34c811bdd02ec4be,4b889037cc0a381d,5456ebfc4afcad31
89022737,1,719,b5724cd15ac1abe6,fd2ed0409ae855f2,16985164cfc40ca6,c89f4e4d70413377,d22d5dd32164dd11
89022738,0,719,c2b73e3bb202761d,3660f1f1faf8d833,3b3154c4b75210b6,3cd8a5c69f194cca,90845194d528cf95
89022738,1,719,66d5c054c5165a0c,5b0ef905b68ccef6,b97bb978785818a6,a022859d87b61493,5e3625c64e12b99b
89022739,0,719,8e0e0bbe436c697f,17916cf9ea18af41,dbe24ae05e798e23,b4755a860d07ee49,f408a9caa864b6e9
89022739,1,719,3a651cfe55ca7c53,cce3069f1e804cd1,a0afb7e720feca0d,940faf9c7812cca2,0dac6660d90c1c54
89022740,0,719,66d5c054c5165a0c,5b0ef905b68ccef6,b97bb978785818a6,98bdeadfb31fb4b3,3648aeabd28889f8
89022740,1,719,777b64735df926de,79dabb8c5d248669,7e0b5d313e3697c5,5a0ef2e84ce8b49f,cffd0a9133da4f5a
89022741,0,719,4111b900c4c22014,85978da7754f3340,d3c91f303911cfce,a93cd5f480b23b05,37c7c38a3775339a
89022741,1,719,0acdbec04bb891c1,b194023446537970,a18e6a9d69104036,4b4ec22fa39f747b,48d79ae022726eb5
89022745,0,719,8e0e0bbe436c697f,3f3d5ec9da7102e0,f066846d6a7a46ea,f25fb1d9cbefe040,d32ddf2e1c4c3fd5
89022745,1,719,0acdbec04bb891c1,b66df4205babfced,1048048f2c8da252,78cde79050e52ec4,11a13a40ecafadc4
89023203,0,719,5a5d6622eb827e24,c09dc6acb4a16f7a,31b5f34ec43c1ad0,d0b5ac7dca9c6d45,84aaeda8dbcbc895
89023203,1,719,3a651cfe55ca7c53,cce3069f1e804cd1,1721e809bf2c48d4,287337f09db38952,90da1dc399e886e9
89023204,0,719,04063d04c7b75fc6,f1cb901e1a04b382,143fa9515f31bd5b,55163a997203f277,8367634c07cbfb65
89023204,1,719,4ecf6d224cb15e0a,7282500b3fbe02b7,69783a5bb2a46a0a,7d844f5ecba8981d,c3f3cb7ed2703fbd
89023206,0,719,89ff8c0065d0a600,bec95bf3572da71b,82d152d3d4a37764,6d17253b0fdb6c71,468db4493c836d32
89023206,1,719,4111b900c4c22014,85978da7754f3340,65fe82a395e58288,10b2b951ec6d9102,79957734c9d4cf13
89023207,0,719,777b64735df926de,d9df3fa078a41bc7,8c06fd89ea976e9e,8b127526346dc0f2,a32a6dad69ecdf9a
89023207,1,719,56326ce59b29b227,120133281e230bf7,4a51b51ec89a000a,120ff1b1dde04d8a,6eeef3d4091c73c2
89023208,0,719,ca616fa228a2eecb,cf2bd81b156547b0,34ee1cdfd70950e3,79a28da33ab47fc1,71b6cdbb4e7868ff
89023208,1,719,66d5c054c5165a0c,5b0ef905b68ccef6,afb80da50a96ba00,b128f362ab6f55c4,418902d82a137da6
89023210,0,719,3a651cfe55ca7c53,cce3069f1e804cd1,1721e809bf2c48d4,287337f09db38952,4309185ff8faf9ef
89023210,1,719,4111b900c4c22014,85978da7754f3340,229df70691c1a559,e44121be85190518,d2378c760e27b2b7
89023657,0,719,1d79a73a518f03e7,4b57b5c852b4f263,629b92647e636103,af1360bb750de1d3,87507e533b1d8a14
89023657,1,719,56326ce59b29b227,120133281e230bf7,4a51b51ec89a000a,120ff1b1dde04d8a,6eeef3d4091c73c2
89023658,0,719,b9779da90b0cfc61,05eaaba8ea2ee83e,f30d01c99c5b274a,6eeecb41266ee13c,ace90fa51de56fa4
89023658,1,719,56326ce59b29b227,120133281e230bf7,4a51b51ec89a000a,120ff1b1dde04d8a,6eeef3d4091c73c2
89023659,0,719,fb0ee2f8d512a283,392199bfa4d45ec1,8566f95472362dae,6f19b3ad0f00418d,6d21e96442f4183f
89023659,1,719,5a5d6622eb827e24,c09dc6acb4a16f7a,31b5f34ec43c1ad0,d0b5ac7dca9c6d45,84aaeda8dbcbc895
89023661,0,719,0acdbec04bb891c1,1e195e7e91c4b7f2,aefa86919cec5dfc,858c78d642e8af46,3fd17a89dad0c0dc
89023661,1,719,8d50a36cdd257a1d,c0b200507f628c84,cc272db7921f1530,230af678f5ff467b,7025aa672caeb095
89023662,0,719,04063d04c7b75fc6,f1cb901e1a04b382,598c28d745b46775,517dc586562124f7,00939e3b7987edbe
89023662,1,719,b9779da90b0cfc61,05eaaba8ea2ee83e,f30d01c99c5b274a,19648cf52e576a8a,7ca97fb35ef23fe7
89023663,0,719,8960bd2a3c88dfc9,ef102836645d10b6,b1f3e92dcc96e3f6,3b5d86305855e5bd,3eea1de35e763676
89023663,1,719,3a651cfe55ca7c53,cce3069f1e804cd1,1721e809bf2c48d4,287337f09db38952,126bc75452a144c0
89023664,0,719,8960bd2a3c88dfc9,ef102836645d10b6,b1f3e92dcc96e3f6,3b5d86305855e5bd,47f2b5ffdeb19e6f
89023664,1,719,d481bce64b4d11ae,981fd4c34e47b2fe,da3671bb6868d8a0,dea011b18cdbbc05,af20dd9c412ed127
89023665,0,719,777b64735df926de,86a4f868fa1833b2,577f7e65271e6afe,fd4e54b930ed5c03,13589806cf9d4013
89023665,1,719,9ee5ef2fc43de9bb,c1a0a45ead35eb7b,ecb3ee2abd6ac773,0b7bfa1258d1dd63,14076c0e15719271
89023667,0,719,3a651cfe55ca7c53,c47f9ab84547534a,1c64080859fb4f25,e102d2ab5a660948,068830e7b225de14
89023667,1,719,3a651cfe55ca7c53,c47f9ab84547534a,1c64080859fb4f25,e102d2ab5a660948,068830e7b225de14
89024110,0,719,b399b209ae7291f7,9d4d87d50263e3ce,b9b6a8d9c39eaa76,8ca0a3ae3cd808ed,f8b3ed6e5a0a18a4
89024110,1,719,c2b73e3bb202761d,3660f1f1faf8d833,3b3154c4b75210b6,3cd8a5c69f194cca,90845194d528cf95
89024111,0,719,8960bd2a3c88dfc9,ef102836645d10b6,b1f3e92dcc96e3f6,3b5d86305855e5bd,60b01c7cc6a7f599
89024111,1,719,b5724cd15ac1abe6,e83b507c45816211,34c811bdd02ec4be,978636dbd6e65350,7c51433e8ea027b9
89024113,0,719,e18d1a368941e7df,15aa0ac66da2f027,645bcec205051b86,bc756fe635e08333,dc05c9833763cfa1
89024113,1,719,3a651cfe55ca7c53,c47f9ab84547534a,1c64080859fb4f25,3aeaf9ca5a3ac18c,5bf6df851e4df056
89024118,0,719,3a651cfe55ca7c53,473c2836462ab844,e5c8a280c9728d99,746839f607fc4a06,4815e8cd444792c9
89024118,1,719,89ff8c0065d0a600,bec95bf3572da71b,17ce1a7c00e30283,2dd1c7b3912eab04,67eedf31ee2c9380
89024122,0,719,d508e6862a59df70,d5e5865a24f5c02c,cf30b1744b9c4b99,8b001f414dae32aa,ee0dca0d8e5f29f7
89024122,1,719,d508e6862a59df70,d5e5865a24f5c02c,ac67cb6e60315052,3f5c031f5a5b3009,3fd29711fa036e94
89024561,0,719,3a651cfe55ca7c53,c47f9ab84547534a,1c64080859fb4f25,e102d2ab5a660948,068830e7b225de14
89024561,1,719,5a5d6622eb827e24,c09dc6acb4a16f7a,31b5f34ec43c1ad0,d0b5ac7dca9c6d45,84aaeda8dbcbc895
89024562,0,719,d481bce64b4d11ae,981fd4c34e47b2fe,da3671bb6868d8a0,dea011b18cdbbc05,3767bc20a7f63acd
89024562,1,719,8c0d896676a8fd91,ee57d5ccefe399e0,49406ed7db03cf34,8d59082a438615f9,1fe133a34d5b0601
89024563,0,719,2c6a04292fa97843,9f26340f32c94853,64f0f3e4b7496a9e,22de308888d75443,adc7cee284ca53f7
89024563,1,719,7c401bbbaeff7b11,9e79702f00804227,74aee3559c7c4ade,639d1289e9c554ff,2375ca4f25821613
89024565,0,719,4111b900c4c22014,85978da7754f3340,8fdb1b8c93edc332,0e5f4a2211245788,c3b5be33c0f0eb41
89024565,1,719,8960bd2a3c88dfc9,74e0f0cb01a38a47,6a6c329fadb93413,9153ebb3ba5b46ac,3a40d5db4ec63c9b
89024566,0,719,66d5c054c5165a0c,79ee77fbc61b3adb,7487add5f05fa122,56a39ad7ee25b6f8,bef91fba4ce64f8a
89024566,1,719,2c6a04292fa97843,9f26340f32c94853,d6872e3e74fa8c8d,0acfc69adee33e0d,6036f6185d6d51a7
89024567,0,719,3a651cfe55ca7c53,cce3069f1e804cd1,1721e809bf2c48d4,287337f09db38952,236d6bf8e81ca34a
89024567,1,719,66d5c054c5165a0c,79ee77fbc61b3adb,5a4e21966740be7c,cc26b0cdec483b01,2b7b34dd0d25e94f
89024568,0,719,c489d91a7fa0e344,8ff0a073095ff367,c44ea78519d0cf4b,3e169fbbf27ec879,38b0cfcf569ac44d
89024568,1,719,777b64735df926de,79dabb8c5d248669,d607dfbe795efba4,25f8693fece01b9a,35c2ab6421b4e5cd
89024569,0,719,8960bd2a3c88dfc9,ef102836645d10b6,b1f3e92dcc96e3f6,3b5d86305855e5bd,07d36cf66168e806
89024569,1,719,3a651cfe55ca7c53,cce3069f1e804cd1,1721e809bf2c48d4,287337f09db38952,236d6bf8e81ca34a
89024576,0,719,2713675d60acaf36,3036c96bdbc55fe1,cc3e83090a02db82,71d892e42881a90d,4fe1ef2d9596af51
89024576,1,719,2713675d60acaf36,3036c96bdbc55fe1,cc3e83090a02db82,71d892e42881a90d,4fe1ef2d9596af51
89025017,0,719,0acdbec04bb891c1,b194023446537970,94a9d96436b8d8f4,b4688150e254fc29,3b1a3576b5cc0523
89025017,1,719,8c0d896676a8fd91,ee57d5ccefe399e0,49406ed7db03cf34,9bdb6a114f55df45,06660a8cae715485
89025018,0,719,d508e6862a59df70,d5e5865a24f5c02c,a93a8b6aeaf4cd24,2d1c30d1bcbda81d,410f3f1e7d22debc
89025018,1,719,a04af22b7c78b8d0,bd75fdf09209fdcb,440ff9a4463a9b95,c3b6fa6123274eb5,46cc447ed414c900
89025019,0,719,2713675d60acaf36,88ef484efb9f700c,ee5824445342b4cd,844f309804c64f4e,a580de81b6f61cd3
89025019,1,719,3a651cfe55ca7c53,cce3069f1e804cd1,1721e809bf2c48d4,799460382898c106,b9401609ae8d7d69
89025020,0,719,3a651cfe55ca7c53,cce3069f1e804cd1,1721e809bf2c48d4,287337f09db38952,236d6bf8e81ca34a
89025020,1,719,3a651cfe55ca7c53,c47f9ab84547534a,1c64080859fb4f25,55390451ca17188b,f27cfa48d66871af
89025021,0,719,66d5c054c5165a0c,79ee77fbc61b3adb,2e8d0e100093a46f,0a6ea76719d1b435,518b0625700a6827
89025021,1,719,0858c551d2cbb4e4,7ad216fbf4f7b40f,eb7c002a1e1357ae,c78f734fe1b51497,0fdb1a61364a7ff5
89025022,0,719,adc51d3909227c77,1dc305fda14bdbf1,0b67459b0b7124ec,b771862e178603fc,82cb6d38c27b47d8
89025022,1,719,4111b900c4c22014,92b95f9d61fd4324,9d091625622a38b4,e1ce1f6d59f2eee6,bd426c0a1a21a1ec
89025023,0,719,1773e40b51642228,b45ef40c61ff6308,3a018bc3cee617c7,2e47e4334c6676a2,bdf6b6026e4db066
89025023,1,719,c2b73e3bb202761d,3660f1f1faf8d833,3b3154c4b75210b6,3cd8a5c69f194cca,90845194d528cf95
89025024,0,719,4111b900c4c22014,92b95f9d61fd4324,e98bcccca5d0f95b,a12acca600a11cc5,a8ef85e9e8e31689
89025024,1,719,adc51d3909227c77,1dc305fda14bdbf1,b9e01a3a7f00e993,e9560b3a36e9d707,24d82a2be34c2ae1
89025025,0,719,8960bd2a3c88dfc9,ef102836645d10b6,b1f3e92dcc96e3f6,57edf2445c6b0df9,49cf8083b162ca69
89025025,1,719,777b64735df926de,79dabb8c5d248669,30e3e0875276606d,deb675d480688275,44aa03534bce06ff
89025028,0,719,56326ce59b29b227,120133281e230bf7,4a51b51ec89a000a,120ff1b1dde04d8a,6eeef3d4091c73c2
89025028,1,719,56326ce59b29b227,120133281e230bf7,4a51b51ec89a000a,120ff1b1dde04d8a,6eeef3d4091c73c2
89025471,0,719,56326ce59b29b227,120133281e230bf7,4a51b51ec89a000a,120ff1b1dde04d8a,6eeef3d4091c73c2
89025471,1,719,c2b73e3bb202761d,3660f1f1faf8d833,3b3154c4b75210b6,3cd8a5c69f194cca,6e25fe459563cf4d
89025472,0,719,c489d91a7fa0e344,b4d83c02e2f4e74a,196fe43a48064a37,68fdd092bf0ebd8f,fc8a00c675599c3d
89025472,1,719,8c0d896676a8fd91,ee57d5ccefe399e0,49406ed7db03cf34,726bd99fee450819,43f3529a82a20e4c
89025473,0,719,777b64735df926de,79dabb8c5d248669,7e0b5d313e3697c5,39f7c61a9f593a4f,531126f60ecd2968
89025473,1,719,2713675d60acaf36,88ef484efb9f700c,ee5824445342b4cd,95014b4c8c859a95,55cdc0db813a52b1
89025474,0,719,d508e6862a59df70,d5e5865a24f5c02c,a93a8b6aeaf4cd24,2d1c30d1bcbda81d,410f3f1e7d22debc
89025474,1,719,9ee5ef2fc43de9bb,c1a0a45ead35eb7b,ecb3ee2abd6ac773,45a9daaf2ecc1965,d346050967a6ae4b
89025475,0,719,5cf669870df0653b,e11b9632c751d622,10f3188e1bb12322,8803311311e48977,afbcad07d0f3ac23
89025475,1,719,3a651cfe55ca7c53,c47f9ab84547534a,1c64080859fb4f25,e102d2ab5a660948,068830e7b225de14
89025476,0,719,3a651cfe55ca7c53,cce3069f1e804cd1,1721e809bf2c48d4,287337f09db38952,236d6bf8e81ca34a
89025476,1,719,3a651cfe55ca7c53,c47f9ab84547534a,1c64080859fb4f25,e102d2ab5a660948,087d0926e8d5008e
89025478,0,719,8960bd2a3c88dfc9,ef102836645d10b6,b1f3e92dcc96e3f6,3b5d86305855e5bd,07d36cf66168e806
89025478,1,719,8960bd2a3c88dfc9,ef102836645d10b6,b1f3e92dcc96e3f6,3b5d86305855e5bd,07d36cf66168e806
89025479,0,719,ca616fa228a2eecb,cf2bd81b156547b0,34ee1cdfd70950e3,79a28da33ab47fc1,71b6cdbb4e7868ff
89025479,1,719,56326ce59b29b227,120133281e230bf7,4a51b51ec89a000a,120ff1b1dde04d8a,6eeef3d4091c73c2
89025480,0,719,8960bd2a3c88dfc9,ef102836645d10b6,b1f3e92dcc96e3f6,f25f58a9627454a7,f34c3ec365287b9d
89025480,1,719,3a651cfe55ca7c53,cce3069f1e804cd1,1721e809bf2c48d4,287337f09db38952,236d6bf8e81ca34a
89025486,0,719,6200cb8fb5d71863,d428c63dbdb89613,201f7ba284f4afcb,f2d0b890f677653c,62464a19be1e0707
89025486,1,719,6200cb8fb5d71863,d428c63dbdb89613,201f7ba284f4afcb,f2d0b890f677653c,1124aeb677bf9f78
89025925,0,719,1d79a73a518f03e7,4b57b5c852b4f263,629b92647e636103,cef78463d7e42a9c,ea8d49cb96e81d7b
89025925,1,719,6200cb8fb5d71863,d428c63dbdb89613,201f7ba284f4afcb,0b4e240ae09ed3c1,f206f72e03c98166
89025926,0,719,2713675d60acaf36,88ef484efb9f700c,ee5824445342b4cd,c05ac3a252e3721d,419d48ad4e879f9c
89025926,1,719,5a5d6622eb827e24,c09dc6acb4a16f7a,31b5f34ec43c1ad0,d0b5ac7dca9c6d45,84aaeda8dbcbc895
89025927,0,719,56326ce59b29b227,120133281e230bf7,4a51b51ec89a000a,120ff1b1dde04d8a,6eeef3d4091c73c2
89025927,1,719,56326ce59b29b227,120133281e230bf7,4a51b51ec89a000a,120ff1b1dde04d8a,6eeef3d4091c73c2
89025931,0,719,66d5c054c5165a0c,79ee77fbc61b3adb,2e8d0e100093a46f,62545e8d3711ac41,ae28313fef67fb70
89025931,1,719,0858c551d2cbb4e4,e2547ff8ef6e61ab,206ae7275dcc2383,f786ee1d15665137,fa78062aa327265a
89025934,0,719,5633511a3cca9483,9c54859c97fe938e,68cd82dc2665ed84,6edd06bf35c874b8,34f29d883935dd7f
89025934,1,719,8960bd2a3c88dfc9,ef102836645d10b6,b1f3e92dcc96e3f6,3b5d86305855e5bd,6f55033efa6f339f
89026383,0,719,6200cb8fb5d71863,d428c63dbdb89613,201f7ba284f4afcb,f2d0b890f677653c,5ea82636f834a2c6
89026383,1,719,9ee5ef2fc43de9bb,c1a0a45ead35eb7b,b5dbd30e4b3fb95a,7422947dd389e51c,45cf405e51d92104
89026385,0,719,56326ce59b29b227,120133281e230bf7,4a51b51ec89a000a,120ff1b1dde04d8a,6eeef3d4091c73c2
89026385,1,719,56326ce59b29b227,120133281e230bf7,4a51b51ec89a000a,120ff1b1dde04d8a,6eeef3d4091c73c2
89026386,0,719,777b64735df926de,85d9bda1aee92853,184b5fa8a100ec14,a895ae1c04c960be,7e11abd436938d8a
89026386,1,719,2713675d60acaf36,88ef484efb9f700c,ee5824445342b4cd,05f58e5b429daf8d,3c35d20bc820084f
89026388,0,719,7f7deff9a3ddc520,8e29c4295cd97768,c10d6cbaa3da15a1,a5e5f1781d476c2a,bcce98f001cf4f7e
89026388,1,719,56326ce59b29b227,120133281e230bf7,4a51b51ec89a000a,120ff1b1dde04d8a,6eeef3d4091c73c2
89026389,0,719,56326ce59b29b227,120133281e230bf7,4a51b51ec89a000a,120ff1b1dde04d8a,6eeef3d4091c73c2
89026389,1,719,fb0ee2f8d512a283,392199bfa4d45ec1,61956e0628da0b9c,fa8c959c9a8a7fcc,36e6bdaa6fec0770
89026390,0,719,3da3b60f95985443,791d2e3d7028757c,833b9cc7f837247a,e0744291ed7093ca,b7676e3908a784bc
89026390,1,719,c489d91a7fa0e344,b4d83c02e2f4e74a,5850a8befeae8388,06ea9d21668c59b8,c389e4c00373c7e6
89026392,0,719,3a651cfe55ca7c53,c47f9ab84547534a,1c64080859fb4f25,e102d2ab5a660948,068830e7b225de14
89026392,1,719,6200cb8fb5d71863,d428c63dbdb89613,201f7ba284f4afcb,f2d0b890f677653c,d32d9105c31bb865
89026836,0,719,a04af22b7c78b8d0,bd75fdf09209fdcb,440ff9a4463a9b95,c3b6fa6123274eb5,2fbd8609c723c6f8
89026836,1,719,6200cb8fb5d71863,d428c63dbdb89613,201f7ba284f4afcb,f2d0b890f677653c,075cb8057b068c67
89026837,0,719,56326ce59b29b227,120133281e230bf7,4a51b51ec89a000a,120ff1b1dde04d8a,6eeef3d4091c73c2
89026837,1,719,8e0e0bbe436c697f,17916cf9ea18af41,da6fe858753b2253,e7de84e62b326dde,c1b32949cb4c1e6b
89026838,0,719,2713675d60acaf36,88ef484efb9f700c,ee5824445342b4cd,c723f98b48a43648,ac5059e4ac705786
89026838,1,719,89ff8c0065d0a600,f9e6a88a47b6ded7,8e73bf90bf9a4cbb,bd5bdea4e1f86d28,a38b0b15fc3dd2e5
89026839,0,719,2713675d60acaf36,88ef484efb9f700c,ee5824445342b4cd,c723f98b48a43648,5b905cfc0c4c0651
89026839,1,719,89ff8c0065d0a600,d87429e11a068b4e,9418c113dc09c612,b370934c5d5ecbf7,d0146a9272240fb3
89026840,0,719,adc51d3909227c77,1dc305fda14bdbf1,0b67459b0b7124ec,375f2cc92e28e4ea,937029e5b35f9380
89026840,1,719,4111b900c4c22014,92b95f9d61fd4324,55620c9922f84504,9ce8b765df9e94ee,326f7ce98cfad0de
89026841,0,719,010419279f407f09,214c71dfd4d77cde,0c884555712adec3,76fc31ce901f3f08,172ca6463f45f9d2
89026841,1,719,b9779da90b0cfc61,05eaaba8ea2ee83e,f30d01c99c5b274a,07b58c44447ff193,b813bccfe0f458b4
89026842,0,719,0acdbec04bb891c1,b194023446537970,94a9d96436b8d8f4,c0b08975f206a466,5f9a13c5a217d317
89026842,1,719,5633511a3cca9483,9c54859c97fe938e,68cd82dc2665ed84,fb683223bd3c02a4,462589964c816af2
89026843,0,719,a04af22b7c78b8d0,bd75fdf09209fdcb,440ff9a4463a9b95,c3b6fa6123274eb5,46cc447ed414c900
89026843,1,719,777b64735df926de,eb4f3d363d2e9436,7928cbfa63090a8b,0ddfd0bec8a7ffdc,e5f0b820d620eefb
89026845,0,719,adc51d3909227c77,3ce4643a4c4197b1,8f404f5a24127731,ac31078a37ecd258,92e09ba697494849
89026845,1,719,66d5c054c5165a0c,5b0ef905b68ccef6,9e4e6929c5ea35eb,ce514d580ba3b742,7497bde7ddd14487
89026857,0,719,21dc9bef6a00f923,366e131cedd3a146,a7b0053b2501ccb5,d26a628f249f4d2f,c6bcb2585f1ea9af
89026857,1,719,21dc9bef6a00f923,366e131cedd3a146,a7b0053b2501ccb5,a7fc9cb560161787,50237eccda203188
89027297,0,719,3a651cfe55ca7c53,c47f9ab84547534a,1c64080859fb4f25,e102d2ab5a660948,068830e7b225de14
89027297,1,719,6200cb8fb5d71863,d428c63dbdb89613,201f7ba284f4afcb,f2d0b890f677653c,081db3bcc0801ddc
89027298,0,719,8960bd2a3c88dfc9,ef102836645d10b6,b1f3e92dcc96e3f6,3b5d86305855e5bd,07d36cf66168e806
89027298,1,719,2713675d60acaf36,2683afd3c917efe6,a3c8d1c1accc06c9,a25e394b9646b8af,8e39c121ee91258f
89027299,0,719,3586bef2779ec245,fa414548707f50ba,c18a84e47114526a,a1095912249f34cc,bdeb01059a2cef2f
89027299,1,719,010419279f407f09,214c71dfd4d77cde,0c884555712adec3,76fc31ce901f3f08,172ca6463f45f9d2
89027300,0,719,56326ce59b29b227,120133281e230bf7,4a51b51ec89a000a,120ff1b1dde04d8a,6eeef3d4091c73c2
89027300,1,719,89ff8c0065d0a600,bec95bf3572da71b,82d152d3d4a37764,f4db8c64e79d6985,b365bc4f7e989802
89027301,0,719,8adad4f685317346,1e132c4ccbd4ddda,6eae2d9c32d4b169,77fc9268a2e4d012,7328ff55e62ac92c
89027301,1,719,d508e6862a59df70,d5e5865a24f5c02c,a93a8b6aeaf4cd24,2d1c30d1bcbda81d,410f3f1e7d22debc
89027302,0,719,321a8b289975167a,21240a2bc8ebc963,37b6703c72ada9c6,b176e574cd59a1fb,3215cdffde06c331
89027302,1,719,22e1d1441c641287,79090f4177744813,31461807241f22a2,416c9e557af2c949,a747f16e8a92294c
89027303,0,719,28beaa5efa11fda2,cbb017af8417d000,34d4d21212a91f45,bbecf8c29739493a,5f43dcdce1de38a2
89027303,1,719,56326ce59b29b227,120133281e230bf7,4a51b51ec89a000a,120ff1b1dde04d8a,6eeef3d4091c73c2
89027304,0,719,88129dab896e13e8,1ff83152a9a11231,af00886364171021,7b8756d9094344d9,4b21b15598172f0f
89027304,1,719,89ff8c0065d0a600,bec95bf3572da71b,f31b9508bb1ca7ff,5f631a8a01757132,4bb849e4760f34f4
89027305,0,719,3a651cfe55ca7c53,cce3069f1e804cd1,1721e809bf2c48d4,287337f09db38952,236d6bf8e81ca34a
89027305,1,719,5cf669870df0653b,0e41748f5f0d09fa,83aef05433a05156,3906d08865959aea,97a2407f86b6a9b5
89027753,0,719,6200cb8fb5d71863,d428c63dbdb89613,201f7ba284f4afcb,f93343d403459880,1f48a68de7296e21
89027753,1,719,3a651cfe55ca7c53,cce3069f1e804cd1,c99cde986c0525c8,c6a0adefb24d1f2c,10165bfabf9fc87f
89027754,0,719,8c26094c517bd2eb,aec09393615b25e1,10fac75eae0b26d2,b90cd5e30013ebd7,af976b258767ac50
89027754,1,719,d508e6862a59df70,d5e5865a24f5c02c,a93a8b6aeaf4cd24,f779634ca08e92fb,5be1363ce37010cd
89027755,0,719,827fb41bc996ce29,61f23e65dabcd9af,a4abc08228566429,145f0604398b24d8,b6d468e79c1a50c4
89027755,1,719,777b64735df926de,89ffa0d3e2f9272f,7b963c0c4861fc77,4035ec7117b4133a,83eb8e605e576af8
89027756,0,719,5633511a3cca9483,9c54859c97fe938e,68cd82dc2665ed84,7c5711abf9238666,b474dec8f5f87776
89027756,1,719,6200cb8fb5d71863,d428c63dbdb89613,201f7ba284f4afcb,f2d0b890f677653c,3906101f7ade2c8c
89027757,0,719,2c6a04292fa97843,9f26340f32c94853,f6a47fca582d0170,61f8692f68ae204d,91e3aa80235f8f79
89027757,1,719,8960bd2a3c88dfc9,ef102836645d10b6,b1f3e92dcc96e3f6,3b5d86305855e5bd,762e1d1d5bdf7e4f
89027758,0,719,9a0a5fe47f032095,7a6e7be1af3de62a,499e9de635e29be3,0ad53aa0d4724ed9,215baeb7fe83ec76
89027758,1,719,56326ce59b29b227,120133281e230bf7,4a51b51ec89a000a,120ff1b1dde04d8a,6eeef3d4091c73c2
89027759,0,719,c489d91a7fa0e344,b4d83c02e2f4e74a,93db6910ae7b504a,0c56bce616887c2f,dbb00f06f8fbb442
89027759,1,719,88129dab896e13e8,0510456e0e5598cf,3a09574fe5aa0de7,03dd000b8ce9e4b9,7813f880b9af14fc
89027760,0,719,2713675d60acaf36,88ef484efb9f700c,ee5824445342b4cd,536788c0243cfc84,b0535b9da1c3389b
89027760,1,719,f9f450298c6e95df,1315e95d3ffbdf22,9bd1ca833a746076,18e34c53cc9bbe16,a668e1e6ab70ebc8
89027761,0,719,4111b900c4c22014,92b95f9d61fd4324,d6e2c153243f12bb,f2fb4ef212df97d9,557bcf086f9edcda
89027761,1,719,adc51d3909227c77,1dc305fda14bdbf1,2f35f440f2a8909e,35e373028d642797,983b560586108f9d
89027762,0,719,331effc635a68dd4,9c4dee2727673bf5,c24d345b768d4143,d279e7480d2b391a,ad6009feb23ae42c
89027762,1,719,89ff8c0065d0a600,bec95bf3572da71b,82d152d3d4a37764,69ae796e0bcd2493,e64787a35d9d20f7
89028207,0,719,d481bce64b4d11ae,981fd4c34e47b2fe,da3671bb6868d8a0,dea011b18cdbbc05,82c9bab338c30086
89028207,1,719,d508e6862a59df70,d5e5865a24f5c02c,a93a8b6aeaf4cd24,a788c01a641836d7,16c22c8c2cdc5a37
89028208,0,719,3a651cfe55ca7c53,cce3069f1e804cd1,1721e809bf2c48d4,287337f09db38952,236d6bf8e81ca34a
89028208,1,719,6200cb8fb5d71863,d428c63dbdb89613,201f7ba284f4afcb,f2d0b890f677653c,5ea82636f834a2c6
89028210,0,719,89ff8c0065d0a600,bec95bf3572da71b,82d152d3d4a37764,f4db8c64e79d6985,b03dcc2bdf7760c4
89028210,1,719,0acdbec04bb891c1,b194023446537970,94a9d96436b8d8f4,2a217672da80f929,27c475679ee7456c
89028211,0,719,3a651cfe55ca7c53,cce3069f1e804cd1,1721e809bf2c48d4,287337f09db38952,236d6bf8e81ca34a
89028211,1,719,c489d91a7fa0e344,b4d83c02e2f4e74a,5850a8befeae8388,d2e8c8c8ce66cd5e,0bca5fc80c31b4f7
89028212,0,719,827fb41bc996ce29,61f23e65dabcd9af,a4abc08228566429,a33fc92010f344ad,6e49eb481a6f5d08
89028212,1,719,777b64735df926de,79dabb8c5d248669,7e0b5d313e3697c5,fec80f8cfb85cc03,3b9d7152c1b8493d
89028213,0,719,b5724cd15ac1abe6,e83b507c45816211,34c811bdd02ec4be,63e630877a8ceda8,d7347176d430fa2b
89028213,1,719,8960bd2a3c88dfc9,ef102836645d10b6,b1f3e92dcc96e3f6,41fecfebe25015de,96b484d7a688b48e
89028214,0,719,5633511a3cca9483,9c54859c97fe938e,68cd82dc2665ed84,7ae14746d52962a4,64ff70d83d8c86b4
89028214,1,719,88129dab896e13e8,1ff83152a9a11231,af00886364171021,90f1d339b98a33a0,34a760311e10f685
89028215,0,719,56326ce59b29b227,120133281e230bf7,4a51b51ec89a000a,120ff1b1dde04d8a,6eeef3d4091c73c2
89028215,1,719,321a8b289975167a,21240a2bc8ebc963,37b6703c72ada9c6,b176e574cd59a1fb,3215cdffde06c331
89028663,0,719,3a651cfe55ca7c53,cce3069f1e804cd1,1721e809bf2c48d4,287337f09db38952,236d6bf8e81ca34a
89028663,1,719,78be5c69ac7a18eb,4ea4dc48202cb922,3e38d6beb4de9dec,e01599e5fe36119e,4d37de86d198d763
89028664,0,719,c6a2d394f907dee9,8b76bc5934152110,126ef05cdbef7d13,89e95c9a46e7e242,ccbb40f21f4446ad
89028664,1,719,ca616fa228a2eecb,cf2bd81b156547b0,34ee1cdfd70950e3,79a28da33ab47fc1,71b6cdbb4e7868ff
89028665,0,719,ca616fa228a2eecb,cf2bd81b156547b0,34ee1cdfd70950e3,79a28da33ab47fc1,71b6cdbb4e7868ff
89028665,1,719,827fb41bc996ce29,61f23e65dabcd9af,a4abc08228566429,41fac1bd83a48df8,91ab34c958d975af
89028667,0,719,d508e6862a59df70,d5e5865a24f5c02c,a93a8b6aeaf4cd24,5a90faeefbf4e8e5,5ff8e7f3628074cf
89028667,1,719,3da3b60f95985443,9b76e6ef5624755a,3c2a1c621f2c910e,8bdfaf911f093617,c57de73b97beb22d
89028669,0,719,777b64735df926de,ca6c38101792705f,7eca3df1a915ddb6,390d180a796ea230,3b6c7f54bf0d12fd
89028669,1,719,ca616fa228a2eecb,cf2bd81b156547b0,34ee1cdfd70950e3,79a28da33ab47fc1,71b6cdbb4e7868ff
89028670,0,719,2c6a04292fa97843,9f26340f32c94853,ca4989532b2150e1,05a2bc2524f4c9d7,eaeb37cf95770c53
89028670,1,719,3a651cfe55ca7c53,cce3069f1e804cd1,1721e809bf2c48d4,287337f09db38952,236d6bf8e81ca34a
89028671,0,719,c489d91a7fa0e344,e62e148906d39810,a5ff1713ebaa5c1e,70b70b5bbe8472b2,a7c7404e654797da
89028671,1,719,3da3b60f95985443,aa880d541a4a0c9b,39701fdbc796eaf6,c9083a3b659b710a,2caeea628527a84c
89028672,0,719,8960bd2a3c88dfc9,ef102836645d10b6,b1f3e92dcc96e3f6,3b5d86305855e5bd,6c7c85bcee631266
89028672,1,719,6200cb8fb5d71863,d428c63dbdb89613,201f7ba284f4afcb,f2d0b890f677653c,5ea82636f834a2c6
89029119,0,719,1d79a73a518f03e7,4b57b5c852b4f263,629b92647e636103,7543c0670c6058b8,9723a4de5eff5cdc
89029119,1,719,78be5c69ac7a18eb,4ea4dc48202cb922,bf4874f0f013e4fd,99f9ab4086e66414,1f76aaca87c91c08
89029120,0,719,75e6093b34606a5a,cb22d0280966525d,24bad2bdee356fb3,cebd6fa23d36d2a8,1a86299548c6e020
89029120,1,719,c489d91a7fa0e344,b4d83c02e2f4e74a,5850a8befeae8388,f80e72e01b3a7833,3c856435007a9513
89029121,0,719,4111b900c4c22014,6fc3ce0b29ce87db,8a44300f618f48a1,6dc208264dffb282,15972b0919bce694
89029121,1,719,adc51d3909227c77,1dc305fda14bdbf1,5690fcae476aa4ed,48ff2e1a5464dad4,e72e19b44c36bc6b
89029122,0,719,56326ce59b29b227,120133281e230bf7,4a51b51ec89a000a,120ff1b1dde04d8a,6eeef3d4091c73c2
89029122,1,719,321a8b289975167a,21240a2bc8ebc963,37b6703c72ada9c6,b176e574cd59a1fb,3215cdffde06c331
89029124,0,719,0acdbec04bb891c1,c152e319ac41a532,ea131cd9664ad2d4,b7fd78f8a1d0f4ad,296eb84a17bee08e
89029124,1,719,8960bd2a3c88dfc9,ef102836645d10b6,b1f3e92dcc96e3f6,3b5d86305855e5bd,fd20f49dd3bfd6f7
89029125,0,719,5633511a3cca9483,9c54859c97fe938e,68cd82dc2665ed84,0753795a22d88463,dd848bfab07c275d
89029125,1,719,66d5c054c5165a0c,79ee77fbc61b3adb,9638ed8c2d859bfe,111fcc87c6a8df61,720dd552226b9cd9
89029127,0,719,78be5c69ac7a18eb,e5ee5dd9b8bec3cb,129c55f3826bdf72,94781882c644a4cb,95b38dfda798f705
89029127,1,719,56326ce59b29b227,120133281e230bf7,4a51b51ec89a000a,120ff1b1dde04d8a,6eeef3d4091c73c2
89029591,0,719,d508e6862a59df70,3d002a271d3fd3f9,fad47e6af4c85b2d,61dd52b724facd70,155f137095197ee1
89029591,1,719,d481bce64b4d11ae,981fd4c34e47b2fe,da3671bb6868d8a0,dea011b18cdbbc05,f5f49a33aecd4bad
89029593,0,719,3a651cfe55ca7c53,cce3069f1e804cd1,1721e809bf2c48d4,287337f09db38952,236d6bf8e81ca34a
89029593,1,719,c6a2d394f907dee9,8b76bc5934152110,126ef05cdbef7d13,ff92bb492d557ebf,b39d50f18bb52c0d
89029595,0,719,78be5c69ac7a18eb,3c40b4ba83b2c328,e2db8b443458c84c,e15aa633fe28f99b,a7c5d06c5f0f0019
89029595,1,719,777b64735df926de,90ea4d5f6622875e,bfe739109d02f38c,86f4353a29cd7694,08be9d79c02d46d9
89029596,0,719,d481bce64b4d11ae,981fd4c34e47b2fe,da3671bb6868d8a0,23b7292cb3779e52,56b676bb5ece1b72
89029596,1,719,827fb41bc996ce29,61f23e65dabcd9af,9e62b3375eb6baae,8c964e581052b988,f95c0c2525f91f0f
89029597,0,719,56326ce59b29b227,120133281e230bf7,4a51b51ec89a000a,120ff1b1dde04d8a,6eeef3d4091c73c2
89029597,1,719,d508e6862a59df70,d5e5865a24f5c02c,a93a8b6aeaf4cd24,5a90faeefbf4e8e5,5ff8e7f3628074cf
89029598,0,719,3a651cfe55ca7c53,cce3069f1e804cd1,1721e809bf2c48d4,287337f09db38952,8a538b899ef3e6c4
89029598,1,719,0acdbec04bb891c1,56efddd327892652,4295a534c820ed71,15e7c7a6fa7b6eee,0a63d0446a12af6b
89029600,0,719,0acdbec04bb891c1,432e9b2115e4e7f3,3cf24c025e0a3a7a,d6ff625ccede2abf,a7ed23d1f9ef8d66
89029600,1,719,423d505549ccac92,281e4fd0fb5efc1a,f0d04261d1886123,c1789f50e8428d5b,ea71e4fbc2a032b3
89030049,0,719,5a5d6622eb827e24,c09dc6acb4a16f7a,31b5f34ec43c1ad0,d0b5ac7dca9c6d45,84aaeda8dbcbc895
89030049,1,719,6200cb8fb5d71863,d428c63dbdb89613,201f7ba284f4afcb,84b31209a2d9929b,1316a1a123898ea0
89030052,0,719,d508e6862a59df70,3d002a271d3fd3f9,fad47e6af4c85b2d,61dd52b724facd70,155f137095197ee1
89030052,1,719,89ff8c0065d0a600,bec95bf3572da71b,82d152d3d4a37764,2a363fc12821adee,a494ed423700934e
89030053,0,719,c6a2d394f907dee9,8b76bc5934152110,126ef05cdbef7d13,ae309b062f5e7482,833969d10f2e8c62
89030053,1,719,8960bd2a3c88dfc9,ef102836645d10b6,b1f3e92dcc96e3f6,ea71aa041e338e4c,63e48c21ac1c5d7c
89030055,0,719,ca616fa228a2eecb,570b03f4e47b7c47,1ca67c3f531a691e,8e3cbdb2fc23ba10,83021d3312664d0f
89030055,1,719,56326ce59b29b227,120133281e230bf7,4a51b51ec89a000a,120ff1b1dde04d8a,6eeef3d4091c73c2
89030057,0,719,827fb41bc996ce29,61f23e65dabcd9af,1e21e92beb7f1f0e,ca1d1a7f06b71265,85d005d09de8419b
89030057,1,719,a04af22b7c78b8d0,bd75fdf09209fdcb,440ff9a4463a9b95,c3b6fa6123274eb5,caa012d910d971d3
89030058,0,719,5633511a3cca9483,9c54859c97fe938e,68cd82dc2665ed84,4a3d21983ef5dc5d,e7a82d6dc48ddf96
89030058,1,719,4111b900c4c22014,85978da7754f3340,7d71169c53b62bda,98e2ed91cad28857,a015d9da380b8467
89030059,0,719,fab7ecbd2e5f3bcb,6710e02aa5751765,11575f9da66f7caa,6c302bdf2ee40487,f171d4d699f3f739
89030059,1,719,89ff8c0065d0a600,bec95bf3572da71b,82d152d3d4a37764,0ec71074072bda45,763aeeaa309c98d8
89030516,0,719,8960bd2a3c88dfc9,ef102836645d10b6,b1f3e92dcc96e3f6,e81b5d327e2c0c30,33336dca62833d41
89030516,1,719,3a651cfe55ca7c53,cce3069f1e804cd1,1721e809bf2c48d4,287337f09db38952,e21a96ed1b862a69
89030517,0,719,777b64735df926de,79dabb8c5d248669,7e0b5d313e3697c5,d15f8023604d6e27,0fe33c684c0b9372
89030517,1,719,6200cb8fb5d71863,d428c63dbdb89613,201f7ba284f4afcb,84b31209a2d9929b,e0d83b4c2ec2a1a0
89030518,0,719,010419279f407f09,214c71dfd4d77cde,0c884555712adec3,76fc31ce901f3f08,172ca6463f45f9d2
89030518,1,719,b450ef4588c10145,a5043cbad0462d08,c53b1cc528ad6d3b,f103e5f4272a8a9c,9b3a6d397e805ca8
89030519,0,719,5633511a3cca9483,9c54859c97fe938e,68cd82dc2665ed84,25cb555e0ca2460c,41eb81856229a34b
89030519,1,719,c6a2d394f907dee9,8b76bc5934152110,3e66fd4871534a97,71c55e9efa998030,e204f203c31cdfc4
89030520,0,719,d508e6862a59df70,3d002a271d3fd3f9,fad47e6af4c85b2d,61dd52b724facd70,b3c0589d1f760cea
89030520,1,719,c2b73e3bb202761d,3660f1f1faf8d833,3b3154c4b75210b6,3cd8a5c69f194cca,90845194d528cf95
89030521,0,719,78be5c69ac7a18eb,96bfcc3155a4d843,011053d4233a0a76,0f7ad021a1775cf2,dbca88bdefb3f23a
89030521,1,719,89ff8c0065d0a600,bec95bf3572da71b,82d152d3d4a37764,e675237aa659dee3,def650fab6f54af4
89030522,0,719,75e6093b34606a5a,cb22d0280966525d,cb547c62beace4be,79f8c4f5e681b8f9,f0099dc206de9901
89030522,1,719,c489d91a7fa0e344,788046426cc44ae8,51fb9b4bbcbe0880,2fb9b302cf2321bc,36027aed5493a7cd
89030523,0,719,c2b73e3bb202761d,3660f1f1faf8d833,3b3154c4b75210b6,3cd8a5c69f194cca,c61f813f82a67365
89030523,1,719,3a651cfe55ca7c53,cce3069f1e804cd1,1721e809bf2c48d4,287337f09db38952,236d6bf8e81ca34a
89030524,0,719,6200cb8fb5d71863,d428c63dbdb89613,201f7ba284f4afcb,f2d0b890f677653c,5ea82636f834a2c6
89030524,1,719,88129dab896e13e8,ec4c044d170406fd,5e80a56268f830a5,4e431ce5edc338ee,2545dc6e16dd1d91
89030525,0,719,8960bd2a3c88dfc9,ef102836645d10b6,b1f3e92dcc96e3f6,3b5d86305855e5bd,c7b8cdb407d2ce2d
89030525,1,719,2713675d60acaf36,88ef484efb9f700c,ee5824445342b4cd,844f309804c64f4e,efaa0f83094b487f
89030975,0,719,c489d91a7fa0e344,2228b638bd74e9e7,4c718c34220ed8e4,43427363142a9e8b,b7b1e501b6473a52
89030975,1,719,8960bd2a3c88dfc9,ef102836645d10b6,b1f3e92dcc96e3f6,3b5d86305855e5bd,9fef397689d3f9c3
89030979,0,719,0acdbec04bb891c1,eb596673546ffd89,429f74b8bb5daeda,01616b75dbbf641f,81e4f512a20dfcef
89030979,1,719,c6a2d394f907dee9,8b76bc5934152110,126ef05cdbef7d13,d958dbe800dc643a,beb2e3add7d94764
89030982,0,719,d508e6862a59df70,3d002a271d3fd3f9,fad47e6af4c85b2d,05dce0bacf53480c,3a6cf2ae4a5d309d
89030982,1,719,2c6a04292fa97843,9f26340f32c94853,41dc7cc3f97292c0,a2cb35c343846e61,a819f261eb6d72eb
89031428,0,719,fe386651c21fe223,80801a8d66a3ae10,7ffda3765eb6fa23,1ffb92ec66cf410e,b7e996b73cf06cb2
89031428,1,719,d481bce64b4d11ae,981fd4c34e47b2fe,da3671bb6868d8a0,dea011b18cdbbc05,82c9bab338c30086
89031430,0,719,8960bd2a3c88dfc9,ef102836645d10b6,b1f3e92dcc96e3f6,3b5d86305855e5bd,49a09e4516693588
89031430,1,719,88129dab896e13e8,0510456e0e5598cf,422006c78c2eaabf,4a367abca8ec660c,982b9cdfecfe4a2c
89031431,0,719,b450ef4588c10145,09de2f04a74de5e9,4694f1880dccbdb0,35c10fe130d0f808,958f18d609be41f3
89031431,1,719,c489d91a7fa0e344,e62e148906d39810,a5ff1713ebaa5c1e,aea40407cbd1b8ff,105113a65a6a9194
89031433,0,719,78be5c69ac7a18eb,3c40b4ba83b2c328,932dce1af84df4b9,ae4c698279f59dd6,e07be520f4197ad2
89031433,1,719,2713675d60acaf36,88ef484efb9f700c,ee5824445342b4cd,844f309804c64f4e,6ed3cd57cadb0163
89031434,0,719,c6a2d394f907dee9,8b76bc5934152110,b7a47640f4b490da,6f8df9982fc47cb0,283365abf43a05dc
89031434,1,719,04063d04c7b75fc6,9be21360762683e3,267731ab9bab77c8,f087b8769ac17479,65176e4e04c7343d
89031436,0,719,ca616fa228a2eecb,cf2bd81b156547b0,34ee1cdfd70950e3,417a84501ca9a937,5b640c4a5d4986c9
89031436,1,719,6ad16f463893ae7d,fb4e01413dc974a7,9dbc3616ae773270,d7863a8b0eedd7c2,e4ce290f015bc856
89031437,0,719,3a651cfe55ca7c53,cce3069f1e804cd1,1721e809bf2c48d4,287337f09db38952,236d6bf8e81ca34a
89031437,1,719,c2b73e3bb202761d,3660f1f1faf8d833,3b3154c4b75210b6,3cd8a5c69f194cca,bbdb6b45cb98d344
89031438,0,719,3a651cfe55ca7c53,c47f9ab84547534a,868f0de59eb18143,d5e8e48eef66a3f4,d7cb781084359726
89031438,1,719,2c6a04292fa97843,9f26340f32c94853,5306253a4101b35b,e4086babb9af0204,ceecfd970f6370c4
89031889,0,719,3a651cfe55ca7c53,cce3069f1e804cd1,1721e809bf2c48d4,287337f09db38952,236d6bf8e81ca34a
89031889,1,719,a85951e0c887a2be,885b5695e7ec3d88,c1d2fe10cda27b46,6c05cd6d150459e9,de0497f2d9734ee1
89031890,0,719,4111b900c4c22014,92b95f9d61fd4324,e6c01fc3b5e59d60,37486e90fc699379,9f24061f0d1ce024
89031890,1,719,adc51d3909227c77,1dc305fda14bdbf1,920394903744b850,fd37629ccef48ee8,58d784b52abda224
89031892,0,719,88129dab896e13e8,0510456e0e5598cf,4dc916460358de00,3f0c256d06a5eeed,933c7f1d214a7c37
89031892,1,719,8960bd2a3c88dfc9,ef102836645d10b6,3aaa1cdcb3d85616,bf7689a37de8478c,bdcf66842146ef0b
89031898,0,719,010419279f407f09,214c71dfd4d77cde,0c884555712adec3,76fc31ce901f3f08,172ca6463f45f9d2
89031898,1,719,fb0ee2f8d512a283,392199bfa4d45ec1,61956e0628da0b9c,fa8c959c9a8a7fcc,62a34be61674af9f
89032348,0,719,a1d1d80591830570,0e09cf41e42478b6,44257f9638065fc2,90ad323ad842e137,79cf099cce55e132
89032348,1,719,3a651cfe55ca7c53,cce3069f1e804cd1,1721e809bf2c48d4,287337f09db38952,b6d83b62aac88555
89032349,0,719,8960bd2a3c88dfc9,ef102836645d10b6,b1f3e92dcc96e3f6,3b5d86305855e5bd,8e9e36c2d4fa627a
89032349,1,719,b5724cd15ac1abe6,4d69c65f7c951113,7af7ecf0c0eafaf6,4a085d625bbb2a30,3eabac52b0a14920
89032351,0,719,88129dab896e13e8,f3c4d8bd5bdda5e0,06e71f02db9d3d6d,38e37524319598bc,40f702acf5dd17e8
89032351,1,719,6200cb8fb5d71863,d428c63dbdb89613,201f7ba284f4afcb,84b31209a2d9929b,83b188e48e023789
89032353,0,719,11f59a4d91ad962c,9a879e601d6eab43,14c9e1cfec9b1544,cae8c3ec5d8c8681,ad92d7ab114e2ef4
89032353,1,719,2c6a04292fa97843,9f26340f32c94853,df0596f9fce152c7,4f5bde046b6f313c,baa331a5e3fa094d
89032354,0,719,321a8b289975167a,21240a2bc8ebc963,37b6703c72ada9c6,b176e574cd59a1fb,3215cdffde06c331
89032354,1,719,56326ce59b29b227,120133281e230bf7,4a51b51ec89a000a,120ff1b1dde04d8a,6eeef3d4091c73c2
89032812,0,719,ab9e04d906d26313,4e58cf1bede1023c,933ab5c088aedc1c,a3c9e3d25438c688,e2c9a06007342d18
89032812,1,719,d481bce64b4d11ae,981fd4c34e47b2fe,da3671bb6868d8a0,dea011b18cdbbc05,316df712d4ad2269
89032813,0,719,11f59a4d91ad962c,9a879e601d6eab43,bd9dc2530511495e,2bcf3ca83182c31c,e6e493eeccc015cf
89032813,1,719,c2b73e3bb202761d,3660f1f1faf8d833,3b3154c4b75210b6,3cd8a5c69f194cca,90845194d528cf95
89032815,0,719,8960bd2a3c88dfc9,ef102836645d10b6,b1f3e92dcc96e3f6,07e3e38236627d0d,eea2d071a5df2e42
89032815,1,719,5a5d6622eb827e24,c09dc6acb4a16f7a,31b5f34ec43c1ad0,d0b5ac7dca9c6d45,84aaeda8dbcbc895
89032817,0,719,6a07955d90350092,000bd3c127521f00,abab3c81c928fb02,d79a071d18f86ae8,df1dd58c852cf89c
89032817,1,719,a85951e0c887a2be,c16eaa84be252f39,690bee4e0551a23e,62cbcdaf6464bd35,50bd9f586b0fca03
89032821,0,719,c489d91a7fa0e344,b4d83c02e2f4e74a,196fe43a48064a37,f4cde49ebc8fd0b0,5dc90658d96bfa84
89032821,1,719,8960bd2a3c88dfc9,ef102836645d10b6,b1f3e92dcc96e3f6,3b5d86305855e5bd,07d36cf66168e806
89033267,0,719,ab9e04d906d26313,4e58cf1bede1023c,933ab5c088aedc1c,db21033a2a6acc17,c447d6d9a40eb6ff
89033267,1,719,c489d91a7fa0e344,e62e148906d39810,fb03156944d4d991,447a93ef56bcd47d,56b6a9bfaed7e0cf
89033269,0,719,11f59a4d91ad962c,9a879e601d6eab43,bd9dc2530511495e,7a1b0f4fcaaa4494,1680e30b7fc17ade
89033269,1,719,8960bd2a3c88dfc9,ef102836645d10b6,b1f3e92dcc96e3f6,1c4c5f165e093fdc,e59ac1b20c4de453
89033270,0,719,04063d04c7b75fc6,ee74c219692bb3d0,612420481548eb57,fa48be81f1322b36,cc13cecc7a9ca599
89033270,1,719,a85951e0c887a2be,c16eaa84be252f39,690bee4e0551a23e,e8ebc655a8532ff2,7dd8b42d3992f63d
89033271,0,719,498922f390f1dd2b,3148ccb69876bfb9,eecf951f4d7ea0c0,1bbaa5e089ab161c,1290d2ad7a6db179
89033271,1,719,777b64735df926de,79dabb8c5d248669,5668db6e85e74cf3,4287bff93efa18ae,ff7badd82cfb9922
89033272,0,719,6a1faab9c4882bd2,dec8e7d33d304a74,7cae5b80ffaf69c6,d26cdadb7fc9ffed,f26d7ee2588bc434
89033272,1,719,56326ce59b29b227,120133281e230bf7,4a51b51ec89a000a,120ff1b1dde04d8a,6eeef3d4091c73c2
89033274,0,719,c489d91a7fa0e344,788046426cc44ae8,24abd412e7dc318d,55cd8a8f6425f1cd,fbbaf94267af8a81
89033274,1,719,fe386651c21fe223,e4a821a093dc1f59,77b33770ed5dfeb0,7692d888be23347b,619e40426b500f38
89033275,0,719,6200cb8fb5d71863,d428c63dbdb89613,201f7ba284f4afcb,f2d0b890f677653c,c01cc936fdefd0ab
89033275,1,719,38f7e30a1f670744,85f00cc0bee4b6ec,146db2fd11a37098,eb318f562822d88d,15e788e343fef011
89033277,0,719,5633511a3cca9483,9c54859c97fe938e,68cd82dc2665ed84,bed55c85abb7a487,5dbe25653e329e97
89033277,1,719,4111b900c4c22014,85978da7754f3340,e2188ebd23b53c1b,8dc833711be96f64,61e5e4394267c725
89033722,0,719,0acdbec04bb891c1,3d7c5e364225b2bf,27c5f6b5f327b244,79a06311265c753c,0711f5ce5ec3c28a
89033722,1,719,3da3b60f95985443,aa880d541a4a0c9b,39701fdbc796eaf6,919c82544ed12446,ed562afd48b8b5ed
89033724,0,719,8960bd2a3c88dfc9,ef102836645d10b6,b1f3e92dcc96e3f6,07e3e38236627d0d,d69b5a7bfa937395
89033724,1,719,89ff8c0065d0a600,bec95bf3572da71b,82d152d3d4a37764,1b8c19c2d29befb8,25bd94ac32dbec0d
89033727,0,719,11f59a4d91ad962c,9a879e601d6eab43,112a260a7f1277d2,5d6d03223c8a6453,92d664f8b0305960
89033727,1,719,777b64735df926de,cc1e769b8b998477,b9a18a9fbfaabc80,2ac4c648168415c9,d304c6046ca677b1
89033730,0,719,6200cb8fb5d71863,d428c63dbdb89613,201f7ba284f4afcb,84b31209a2d9929b,43083288e5420817
89033730,1,719,adc51d3909227c77,3ce4643a4c4197b1,8aeaa04672ec9f63,ed408252e1056160,ab52e9c2532b1d6d
89033732,0,719,3a651cfe55ca7c53,cce3069f1e804cd1,1721e809bf2c48d4,287337f09db38952,236d6bf8e81ca34a
89033732,1,719,f9856cdb8f647e8a,8708eb610261a1fb,647b5989509298ff,6d0453ad866f993f,3d943e8561a2fa85
89033733,0,719,3da3b60f95985443,aa880d541a4a0c9b,39701fdbc796eaf6,a179752b331b9996,e9007353fcc0cd18
89033733,1,719,56326ce59b29b227,120133281e230bf7,4a51b51ec89a000a,120ff1b1dde04d8a,6eeef3d4091c73c2
89034176,0,719,3a651cfe55ca7c53,cce3069f1e804cd1,1721e809bf2c48d4,287337f09db38952,60cdfd1f97e8bd85
89034176,1,719,0acdbec04bb891c1,b194023446537970,a18e6a9d69104036,96c4132198545c28,583c685c42c90e25
89034180,0,719,1d79a73a518f03e7,4b57b5c852b4f263,629b92647e636103,b79c7b3496b8bc0f,6239472747d930ed
89034180,1,719,e1ff67771d64af23,021ea1ecf9858c21,b97cb86f264b9206,a393e8398fd4b431,bad193e7c6c16cd6
89034181,0,719,3a651cfe55ca7c53,cce3069f1e804cd1,1721e809bf2c48d4,287337f09db38952,236d6bf8e81ca34a
89034181,1,719,8960bd2a3c88dfc9,ef102836645d10b6,b1f3e92dcc96e3f6,8401e7c8cc7e6406,34f04a5317db2296
89034182,0,719,777b64735df926de,a922fb8d24519f2b,9515b14b54aac150,6d2fc80a0c5cf51a,dee9ea98ddbdf63c
89034182,1,719,ab9e04d906d26313,4e58cf1bede1023c,933ab5c088aedc1c,a3c9e3d25438c688,4fbaedb910a65510
89034183,0,719,4111b900c4c22014,0e6f2f43ecb9d791,47792837e2eb4885,51e2de244151b299,380097dba7ad31d0
89034183,1,719,a85951e0c887a2be,c16eaa84be252f39,bc2837924d695698,af4229977e6e4676,dc6c624899bd3fa3
89034184,0,719,498922f390f1dd2b,3148ccb69876bfb9,eecf951f4d7ea0c0,9b84772c017094e8,380f941ae4189336
89034184,1,719,3da3b60f95985443,aa880d541a4a0c9b,39701fdbc796eaf6,5f70779066952aa3,f862f6022633f6a4
89034635,0,719,3a651cfe55ca7c53,cce3069f1e804cd1,1721e809bf2c48d4,287337f09db38952,236d6bf8e81ca34a
89034635,1,719,dcd216b1be086b57,34d7a416d44e27ef,5d1295dc26e5d32f,fbebe43ca8214de9,9ac2380cf7062615
89034636,0,719,e1ff67771d64af23,9cebccf068f49d1c,2852a985c79cf103,deed83d597749698,75c6af6d1d45a5a1
89034636,1,719,0347e9d25b5b7515,d1f15b313f50158a,6d003cda1993fbdb,bfb49b4c14c8c24d,7d1761c32b98c507
89034637,0,719,0acdbec04bb891c1,b194023446537970,a3e3ab390ff55110,7e2251292a8ce8bf,ab524d405a703418
89034637,1,719,8960bd2a3c88dfc9,ef102836645d10b6,b1f3e92dcc96e3f6,3b5d86305855e5bd,693fc174e912d508
89034641,0,719,adc51d3909227c77,ab2eb8e19cbc5dc0,a27742c19e16a83c,bf9ef431886a4d17,3ad804a497957403
89034641,1,719,a85951e0c887a2be,6799bab08de9860d,a5b0bbbbb8a487b5,f7ef162aceb54776,4c7d61ee942a026e
89034644,0,719,2c6a04292fa97843,9f26340f32c94853,6a644fb155601084,6ee326f9fde28cab,6e5b4062c4f3c54e
89034644,1,719,ab9e04d906d26313,4e58cf1bede1023c,933ab5c088aedc1c,25ceecfe78e7ba69,a347b72e1344c853
89035093,0,719,8960bd2a3c88dfc9,ef102836645d10b6,b1f3e92dcc96e3f6,07e3e38236627d0d,97547a409ce4eaf4
89035093,1,719,88129dab896e13e8,31bd8f2bd17d42b2,b289757b8efb8f9b,39a01113c0e18aa0,7502d25b3ad3ed29
89035094,0,719,ab9e04d906d26313,4e58cf1bede1023c,933ab5c088aedc1c,cfe85d955ed50c6f,c8a8eba28a3c799c
89035094,1,719,3a4792914aba0e3e,322f633128185d61,e54b2b4db01552ff,c689c10dcb917cd7,65c5b207c590bfb6
89035096,0,719,c489d91a7fa0e344,788046426cc44ae8,24abd412e7dc318d,62e558b773a39640,86cdd4e2fe3ac1c7
89035096,1,719,e1ff67771d64af23,a10533ef1eecc974,246d6d055767a3d2,f1abce64aca898d5,585df8b984efe78f
89035098,0,719,6200cb8fb5d71863,d428c63dbdb89613,201f7ba284f4afcb,84b31209a2d9929b,4e68e966b0fd7acd
89035098,1,719,5633511a3cca9483,9c54859c97fe938e,68cd82dc2665ed84,13c8c017a5ff9c9e,724eaa20293920ed
89035099,0,719,adc51d3909227c77,ab2eb8e19cbc5dc0,a27742c19e16a83c,6fc76ee6e141c04c,9a31d08eaba2bf45
89035099,1,719,a85951e0c887a2be,6799bab08de9860d,a5b0bbbbb8a487b5,ae2dcf2a4f18eb9b,1bc4d7975a7c513c
89035101,0,719,f9856cdb8f647e8a,8708eb610261a1fb,a551f926ea9f0631,f376746198251d3a,531a9207fc797d30
89035101,1,719,3a651cfe55ca7c53,cce3069f1e804cd1,1721e809bf2c48d4,287337f09db38952,065f5f835169180a
89035551,0,719,0384a2b18ae2ae87,e8410935886f855a,6b2d9eb6ae757772,7629ce3c116a9664,825183b1e1216816
89035551,1,719,45d02eeeca4b125f,f649aa47e3e06ae7,87a0ab69aad58f8d,1933ecab8f677121,d05cc276c903e82e
89035555,0,719,2c6a04292fa97843,9f26340f32c94853,19587844e0988f8c,32725c178457b561,eb9a06a7795284a4
89035555,1,719,010419279f407f09,214c71dfd4d77cde,0c884555712adec3,76fc31ce901f3f08,172ca6463f45f9d2
89035557,0,719,ab9e04d906d26313,d2ee826b72a727de,e5d67c06f763d2bf,d5bed2fe0aaafa1e,fa99db9c831dccf7
89035557,1,719,2713675d60acaf36,88ef484efb9f700c,ee5824445342b4cd,844f309804c64f4e,f6d28eadc726b4b6
89035558,0,719,88129dab896e13e8,143811ab7ab9ec98,3fea12de9b3a6f5d,94bb8a40383ea96d,31980612840e5283
89035558,1,719,54fcd6ab45704466,31a3424cea026663,a173c2b8c5318578,4477e76391d09233,ebe5b09b835db914
89035559,0,719,f9856cdb8f647e8a,8708eb610261a1fb,fc80cd61535009b4,a8c00c9c960675bd,d17f2abbd7af8b01
89035559,1,719,88129dab896e13e8,0510456e0e5598cf,1fa8a6ceacc3986d,b035f4192aef544c,e6c5fdab8e2b4005
89035560,0,719,8960bd2a3c88dfc9,ef102836645d10b6,b1f3e92dcc96e3f6,3b5d86305855e5bd,d1ba763cfb8b796e
89035560,1,719,8960bd2a3c88dfc9,ef102836645d10b6,b1f3e92dcc96e3f6,07e3e38236627d0d,808332726101e22b
89035561,0,719,11f59a4d91ad962c,dcb96aa7b9d21721,892cfed730230300,49563e37deba3ddb,2192b4c61a30030e
89035561,1,719,3a651cfe55ca7c53,cce3069f1e804cd1,1721e809bf2c48d4,287337f09db38952,aa767fe0709e16bd
89035563,0,719,c6a2d394f907dee9,8b76bc5934152110,126ef05cdbef7d13,a77a8a9a5aed99bf,21337e4b450a7084
89035563,1,719,c489d91a7fa0e344,5f3119062a9a9e46,cc9e7c3d1dafdeb7,410ffb8aca283ab8,8a4a182c0131e479
89036010,0,719,3a651cfe55ca7c53,cce3069f1e804cd1,1721e809bf2c48d4,287337f09db38952,236d6bf8e81ca34a
89036010,1,719,0384a2b18ae2ae87,e8410935886f855a,9307ce0d9ae4ba4a,8ca234f865cb3e3a,dfd6a863db7c3189
89036011,0,719,0666e4a19b9537a1,9f96e05313ba9fe3,de85c3a1bf1337e9,0f4f455b0bf0f70c,cd857ade89b2d422
89036011,1,719,3a651cfe55ca7c53,cce3069f1e804cd1,1721e809bf2c48d4,287337f09db38952,236d6bf8e81ca34a
89036012,0,719,f9b1e08a478f8b49,c1929f48fdabab6f,02c7c2da641aac31,2742e553cf4da478,4712046ee71008cb
89036012,1,719,3a651cfe55ca7c53,cce3069f1e804cd1,1721e809bf2c48d4,287337f09db38952,236d6bf8e81ca34a
89036014,0,719,2713675d60acaf36,88ef484efb9f700c,ee5824445342b4cd,844f309804c64f4e,f6d28eadc726b4b6
89036014,1,719,b450ef4588c10145,a5043cbad0462d08,c31262c81b087c01,3dd203178cc4c780,6044ed599c883891
89036016,0,719,88129dab896e13e8,143811ab7ab9ec98,141ef00deeba60f9,4cebb30ea7a1484e,74ec534007bc62b7
89036016,1,719,54fcd6ab45704466,c673b2be115f3837,1bc927a32b0a5220,796a7f191d06e09a,644d309c3f32e745
89036020,0,719,fe386651c21fe223,0666ba8086795edb,0fc09eb4ec7f914a,75b79c3346b76991,8770f220b9d63c4e
89036020,1,719,3da3b60f95985443,aa880d541a4a0c9b,39701fdbc796eaf6,ad7c484fe9d0ecc0,2b7a376f63bf282a
89036021,0,719,c489d91a7fa0e344,788046426cc44ae8,24abd412e7dc318d,6ee3472d6aee7eb7,256aa1a0c74ecc38
89036021,1,719,f9856cdb8f647e8a,8708eb610261a1fb,1a2438fac1c7ec6b,c374ef9a9ca17be2,14a71804b72e1b27
89036476,0,719,e1ff67771d64af23,021ea1ecf9858c21,0a5f3785fb24f5c3,c5958b6ff25544ec,00f450a88ef4c89c
89036476,1,719,b399b209ae7291f7,941aa36dd5dd8cea,c4d5779b763cb5d4,e086d556e5d4cace,18274148ae4b971a
89036936,0,719,f8a739710d265b61,12c90463c56063b5,cc9424c3a6f6d343,829a652966811234,7cf2e6c7d5bcb5fa
89036936,1,719,c3ba2059648a8f62,e0046d935cfefac0,7e1453c0c8f01c0b,0f0c27dfe42c1388,4218517c0494ab3e
89036938,0,719,c489d91a7fa0e344,2228b638bd74e9e7,252507046abe31e9,bd4f56af9f7c8c5b,6876d76721d23990
89036938,1,719,f9b1e08a478f8b49,c1929f48fdabab6f,02c7c2da641aac31,f79677c3cf9ec8a1,ffbd7ffbba1bb75b
89036940,0,719,8960bd2a3c88dfc9,ef102836645d10b6,b1f3e92dcc96e3f6,3b5d86305855e5bd,8fda82d3cbde0d14
89036940,1,719,0666e4a19b9537a1,d5eb393d3ab40955,c5e03d0982e7d043,3da78c45edacae9c,843ae1a09a0e238d
89036941,0,719,3a651cfe55ca7c53,cce3069f1e804cd1,1721e809bf2c48d4,287337f09db38952,236d6bf8e81ca34a
89036941,1,719,ea97538a8b4fc36c,06819e70713a533a,3439767c38ac372c,b6680cf68b783378,c74297d88ec1c186
89036942,0,719,0384a2b18ae2ae87,e8410935886f855a,ba23afe06d7321dc,884840757605ad4f,a4965066c4a59c09
89036942,1,719,88129dab896e13e8,52206ed1d745efbf,f7dc230252625ca5,cb023b6488c06770,bd9a8713885eea60
89036944,0,719,777b64735df926de,79dabb8c5d248669,f2e3ac05c278d6ae,5f1d054ea67c5cd6,6e07322bd0359a41
89036944,1,719,b450ef4588c10145,a5043cbad0462d08,fae4a5ffe9f4c824,92196f2d3828c9e0,535ba849e8909189
89036945,0,719,e1ff67771d64af23,021ea1ecf9858c21,879c59a9befafa7a,a35b99f848f623d8,94554998bb598d2c
89036945,1,719,0347e9d25b5b7515,8ad158f9f0747aa3,4c19e94227c21fc2,6bdc4cf3d5c42b65,1c1a6b62a4b3e8a3
89036947,0,719,5633511a3cca9483,9c54859c97fe938e,68cd82dc2665ed84,228772604c2c81b4,5c9c10c7f07b3fce
89036947,1,719,0acdbec04bb891c1,0236d3fe6d06b379,918a6e0e1c474b2b,68a3973e5a759ca8,e9bdd21d48c79274
89036948,0,719,1d79a73a518f03e7,4b57b5c852b4f263,629b92647e636103,af1360bb750de1d3,6ef81950249f61fa
89036948,1,719,f9b1e08a478f8b49,c1929f48fdabab6f,02c7c2da641aac31,f79677c3cf9ec8a1,51fd9f6a4af6d874
89037405,0,719,d2393147d3f19636,3d68fbd763b486c8,9a52cfe22d610cc6,7463dc1f98896287,fef2808c6602eec9
89037405,1,719,c2b73e3bb202761d,3660f1f1faf8d833,3b3154c4b75210b6,3cd8a5c69f194cca,90ca317688fa4cb4
89037408,0,719,f9b1e08a478f8b49,c1929f48fdabab6f,02c7c2da641aac31,e70ba277f9856cc3,6b45073d817a37db
89037408,1,719,ca616fa228a2eecb,cf2bd81b156547b0,34ee1cdfd70950e3,79a28da33ab47fc1,71b6cdbb4e7868ff
89037410,0,719,c489d91a7fa0e344,788046426cc44ae8,72221e54b39a5160,7f8ec1169fafd3ad,e4a83f90cea227ee
89037410,1,719,ea97538a8b4fc36c,06819e70713a533a,3439767c38ac372c,a301ae0c68667c68,f475b3b3a7099c15
89037412,0,719,dcd216b1be086b57,34d7a416d44e27ef,5d1295dc26e5d32f,314fed550681639f,a4e3b59cad155316
89037412,1,719,4111b900c4c22014,85978da7754f3340,ae9d828a96d094a7,b6d229a9427c35ed,6516ea05560b0b4d
89037413,0,719,b450ef4588c10145,a5043cbad0462d08,271ad2a5604ed3eb,6f802d922ebdc58c,96b9ecc787add701
89037413,1,719,89ff8c0065d0a600,a9faa8249c2d3deb,33db27d817d4d23c,70ec591bc6b9845a,845406a587b04311
89037416,0,719,4111b900c4c22014,85978da7754f3340,ba3a3434a6a32a83,fabb023b1e777d4c,2de80e121084e8e6
89037416,1,719,dcd216b1be086b57,34d7a416d44e27ef,5d1295dc26e5d32f,291cbadaeb9c0d54,523810cd15970428
89037417,0,719,423d505549ccac92,281e4fd0fb5efc1a,5c998ba522f60094,9f7c49eea64abe00,961c66d18be3e302
89037417,1,719,0acdbec04bb891c1,8370359e34ddd67c,33c5e04538c1554f,b482fc0f6065351b,6c694a2f48fc4e87
89037863,0,719,89ff8c0065d0a600,bec95bf3572da71b,82d152d3d4a37764,0ea402075d4a8edb,2895c96d8a8170d2
89037863,1,719,8960bd2a3c88dfc9,ef102836645d10b6,53fa5cf603d55cb5,990e68fa7ae6dfd5,1299454dc1cbec6b
89037864,0,719,adc51d3909227c77,3ce4643a4c4197b1,8fe03aad2eac3be4,a652e05519a1fceb,0483ab1d8717b549
89037864,1,719,0384a2b18ae2ae87,e8410935886f855a,1975b92ea7f89cc4,7e26d949536f970e,c09505cc7993e5df
89037865,0,719,3a651cfe55ca7c53,cce3069f1e804cd1,1721e809bf2c48d4,287337f09db38952,236d6bf8e81ca34a
89037865,1,719,f8a739710d265b61,12c90463c56063b5,cc9424c3a6f6d343,b4991437cd9ffe82,8e9c7b93d2bf629b
89037872,0,719,adc51d3909227c77,3ce4643a4c4197b1,d44c87ee39099267,e944bb83e570e17f,6f3be3cd8fc1e7ff
89037872,1,719,b4e614757435d34e,d88aea26b680e00d,3d39174e27d600cd,1d9780981a4a71bf,1307b342ea1769b8
89038327,0,719,8960bd2a3c88dfc9,ef102836645d10b6,b1f3e92dcc96e3f6,9e0dfa977b2b26a1,61b7863915586303
89038327,1,719,8960bd2a3c88dfc9,ef102836645d10b6,1ec846f63cdd1548,c6947d68a9704bb1,d34e31d1e855b3c2
89038329,0,719,0e903126acf42ba9,bd1a043392cf825d,153bb5cdfa6fdfce,37fb1a582c0e60c1,71c792a27c6b7ec8
89038329,1,719,0384a2b18ae2ae87,e8410935886f855a,ba23afe06d7321dc,4ba6017ee13f7a42,8c5b7bea2f0e4b76
89038331,0,719,d2393147d3f19636,3d68fbd763b486c8,9a52cfe22d610cc6,d683738ac9c7b3d4,02f934a0b4bedee6
89038331,1,719,827fb41bc996ce29,61f23e65dabcd9af,f07b23517a812eb2,d197b684a6a69b61,22f8b3557751d085
89038336,0,719,11f59a4d91ad962c,9a879e601d6eab43,bd9dc2530511495e,4f3d720a0c418cc6,92af17dae41aab85
89038336,1,719,3da3b60f95985443,aa880d541a4a0c9b,39701fdbc796eaf6,393d95bf4b0a12f7,f33caa74f3db67d3
89038337,0,719,3a651cfe55ca7c53,cce3069f1e804cd1,1721e809bf2c48d4,287337f09db38952,236d6bf8e81ca34a
89038337,1,719,b450ef4588c10145,a5043cbad0462d08,c84b6d219790fe4c,6f3dda71deac4487,4a021c2892ab40e7
89038778,0,719,010419279f407f09,214c71dfd4d77cde,0c884555712adec3,76fc31ce901f3f08,172ca6463f45f9d2
89038778,1,719,4a575c17e346c31f,7ac3a1025dcb09fb,b2b67c8c4f95125a,f0660aadbc1d09dd,7f2ded3bfb3a4ba0
89038788,0,719,010419279f407f09,214c71dfd4d77cde,0c884555712adec3,76fc31ce901f3f08,172ca6463f45f9d2
89038788,1,719,d2393147d3f19636,0b11acab2d5b025a,c016052e9be94e3d,1f20a58344b13a73,1330466b78f25f5a
89038791,0,719,6a1faab9c4882bd2,796017061d05a9f4,1df31e0e7fac6ec0,8890bb750c754611,0dc9a29d54f3d686
89038791,1,719,c2b73e3bb202761d,3660f1f1faf8d833,3b3154c4b75210b6,3cd8a5c69f194cca,90845194d528cf95
89039236,0,719,e95863fa3f33074f,741004f30d056eda,d4afe05b907c5bc1,e021ab33e1f898ae,4e96d52478c0ea4a
89039236,1,719,2c6a04292fa97843,9f26340f32c94853,ef7d687f4631a2e6,5a4bdbf5850c32ea,484a6388a265ad25
89039237,0,719,f9b1e08a478f8b49,c1929f48fdabab6f,02c7c2da641aac31,ecd5ad723c8d198d,d3c31936994e173a
89039237,1,719,3a651cfe55ca7c53,2ad231328d2c5a20,c97c0385dab48b35,4458a2009fbf7386,e381312b493533c8
89039238,0,719,d481bce64b4d11ae,981fd4c34e47b2fe,da3671bb6868d8a0,0adfe975d3268885,54d18c0426b855b9
89039238,1,719,e2e7bd8db1a7ee62,64183519431fb3df,71dcd8966058bbe9,5c937c488df99c27,8e0a7bb218b481ab
89039239,0,719,d481bce64b4d11ae,981fd4c34e47b2fe,da3671bb6868d8a0,dea011b18cdbbc05,82c9bab338c30086
89039239,1,719,4a575c17e346c31f,7ac3a1025dcb09fb,b2b67c8c4f95125a,2f042efdf6a71ab6,9e9bf39b33bf9a25
89039240,0,719,3551048cca68eeeb,aa1dda1f73a82c27,34bdc09e46fc2ef6,42f6d3c241647c25,da18cd1e068fe109
89039240,1,719,0666e4a19b9537a1,994ac7d7163ea2d7,b9dd3676128aa066,c1bc3403ecddd515,29569a7dea7f4801
89039247,0,719,dcd216b1be086b57,34d7a416d44e27ef,5d1295dc26e5d32f,01f69255b05baf5c,86dfd5c31474effa
89039247,1,719,adc51d3909227c77,3ce4643a4c4197b1,8aeaa04672ec9f63,22b5e1fabe31761a,13c2e79108add3db
89039691,0,719,e95863fa3f33074f,741004f30d056eda,d4afe05b907c5bc1,091524d3a900ea0b,26e725836231b16f
89039691,1,719,56326ce59b29b227,120133281e230bf7,4a51b51ec89a000a,120ff1b1dde04d8a,6eeef3d4091c73c2
89039700,0,719,dcd216b1be086b57,34d7a416d44e27ef,5d1295dc26e5d32f,dfc7e1ecab66b47e,1da342ba718b2951
89039700,1,719,4111b900c4c22014,85978da7754f3340,ae9d828a96d094a7,832243181c2f054b,979516891c1a66db
89040152,0,719,e2e7bd8db1a7ee62,64183519431fb3df,71dcd8966058bbe9,9be53141ae49001b,50ea0c98ad59de5b
89040152,1,719,5a5d6622eb827e24,c09dc6acb4a16f7a,31b5f34ec43c1ad0,d0b5ac7dca9c6d45,84aaeda8dbcbc895
89040155,0,719,4a575c17e346c31f,7ac3a1025dcb09fb,b2b67c8c4f95125a,f0660aadbc1d09dd,2e3cc8d38ca19139
89040155,1,719,1d79a73a518f03e7,4b57b5c852b4f263,629b92647e636103,baa3ec92854eafca,015e5658652b1884
89040157,0,719,88129dab896e13e8,0510456e0e5598cf,e9a93ef0a525515a,b2a598b29e19d198,8a166a120ffde3fd
89040157,1,719,ea97538a8b4fc36c,06819e70713a533a,3439767c38ac372c,b06bba9296baa630,4226cdee7423b4c4
89040158,0,719,2713675d60acaf36,88ef484efb9f700c,ee5824445342b4cd,f05c0e019beab01d,b545b24f7587f53f
89040158,1,719,f8a739710d265b61,12c90463c56063b5,cc9424c3a6f6d343,bf758e20a625ac51,e838064338b4a45c
89040159,0,719,321a8b289975167a,21240a2bc8ebc963,37b6703c72ada9c6,b176e574cd59a1fb,3215cdffde06c331
89040159,1,719,56326ce59b29b227,120133281e230bf7,4a51b51ec89a000a,120ff1b1dde04d8a,6eeef3d4091c73c2
89040163,0,719,4111b900c4c22014,92b95f9d61fd4324,d6e2c153243f12bb,642182e3ae2a8270,c75f0b8255635a7e
89040163,1,719,adc51d3909227c77,1dc305fda14bdbf1,2f35f440f2a8909e,2ce5c4aa752f320f,f934a80885028bf8
89040607,0,719,51fea40f17e4e0a1,a13d1c028a74b417,bbf238240961ddef,90f93d50396c7835,a1007b9258c29bd3
89040607,1,719,ca616fa228a2eecb,cf2bd81b156547b0,34ee1cdfd70950e3,79a28da33ab47fc1,71b6cdbb4e7868ff
89040611,0,719,e2e7bd8db1a7ee62,64183519431fb3df,71dcd8966058bbe9,5bd919d3a4d6aa2b,ae074653e76cb826
89040611,1,719,2713675d60acaf36,88ef484efb9f700c,ee5824445342b4cd,844f309804c64f4e,f6d28eadc726b4b6
89040620,0,719,5633511a3cca9483,9c54859c97fe938e,68cd82dc2665ed84,6ba8e40867de43fe,6ecb91e42727f4d2
89040620,1,719,0acdbec04bb891c1,0c97af92a4526e68,57785139f04ab238,6f67d09a84ebe331,f660c528af2e1ccd
89041065,0,719,827fb41bc996ce29,61f23e65dabcd9af,a8fe4c69939edc09,40abe02dd40abab7,ac49e50c7b7cb5f3
89041065,1,719,51fea40f17e4e0a1,a13d1c028a74b417,bbf238240961ddef,90f93d50396c7835,a1007b9258c29bd3
89041068,0,719,7229d338e5e30835,0057cbc8c3031b75,9193081cd7fd5752,e18a7c3578c0c48d,f242f6e8953f6aee
89041068,1,719,3da3b60f95985443,aa880d541a4a0c9b,39701fdbc796eaf6,cfeba00b916bb150,85df5367cd617129
89041071,0,719,c5e39d62b5fdb60f,20392da5e5778802,409440b2741fd925,290ccd829c1aef34,6e1f06b9841e3a3f
89041071,1,719,4a575c17e346c31f,7ac3a1025dcb09fb,b2b67c8c4f95125a,2fa2b1d84312e256,2eab774e0edf4e5c
89041072,0,719,f8a739710d265b61,12c90463c56063b5,cc9424c3a6f6d343,7feafeb9a40a2f84,1c2bc659aea4f66a
89041072,1,719,8960bd2a3c88dfc9,ef102836645d10b6,b1f3e92dcc96e3f6,3b5d86305855e5bd,ab23a59312201642
89041073,0,719,e95863fa3f33074f,741004f30d056eda,d4afe05b907c5bc1,f51608d9f505223d,5d156e9682d9008c
89041073,1,719,1d79a73a518f03e7,4b57b5c852b4f263,629b92647e636103,b8f4ea4bba93961f,1d86899a1ac45487
89041075,0,719,fe386651c21fe223,e4a821a093dc1f59,263bb37ca5fbe042,e475faae2da77459,bbab7299028ffe84
89041075,1,719,9330e961136e72ce,66da1d13c1fbdd6d,8504a35a6ebb83a9,8cbbcb12011461ec,d5f327b9289be59f
89041077,0,719,11f59a4d91ad962c,9a879e601d6eab43,bd9dc2530511495e,7a1b0f4fcaaa4494,d1ee01f89deb593d
89041077,1,719,8960bd2a3c88dfc9,ef102836645d10b6,b1f3e92dcc96e3f6,3b5d86305855e5bd,07d36cf66168e806
89041078,0,719,5633511a3cca9483,9c54859c97fe938e,68cd82dc2665ed84,a62d044ab059378e,06c914a752d2fa17
89041078,1,719,adc51d3909227c77,3ce4643a4c4197b1,ea8f8a680c2224a2,ee9c7086d5cb5455,24dafb977576cc4a
89041530,0,719,3a651cfe55ca7c53,cce3069f1e804cd1,1721e809bf2c48d4,fb2cbc450afced78,25d43211e519b9e8
89041530,1,719,02feffb9eb65db60,f3afa813d565b31e,95a4fd6feed67f22,9ddfbd4adb61402c,c203d76645b1b30a
89041531,0,719,51fea40f17e4e0a1,a13d1c028a74b417,bbf238240961ddef,90f93d50396c7835,a1007b9258c29bd3
89041531,1,719,d481bce64b4d11ae,981fd4c34e47b2fe,da3671bb6868d8a0,dea011b18cdbbc05,3f5601b5e36a92ba
89041533,0,719,d481bce64b4d11ae,981fd4c34e47b2fe,da3671bb6868d8a0,dea011b18cdbbc05,82c9bab338c30086
89041533,1,719,7229d338e5e30835,0057cbc8c3031b75,6335d7ef96da2177,b6ead07a9e4e6839,42cc19d22277e9a5
89041535,0,719,4a575c17e346c31f,7ac3a1025dcb09fb,b2b67c8c4f95125a,bfab4246c5851e8d,8c226d742b850c43
89041535,1,719,3a651cfe55ca7c53,cce3069f1e804cd1,1721e809bf2c48d4,287337f09db38952,236d6bf8e81ca34a
89041986,0,719,3a651cfe55ca7c53,cce3069f1e804cd1,1721e809bf2c48d4,287337f09db38952,236d6bf8e81ca34a
89041986,1,719,89ff8c0065d0a600,bec95bf3572da71b,aa5e5cc8ff46c7d0,25de8595d3a5e3e0,8841f019a9dd8d9c
89041987,0,719,2713675d60acaf36,88ef484efb9f700c,ee5824445342b4cd,c05ac3a252e3721d,d6a125d0397aaa64
89041987,1,719,56326ce59b29b227,120133281e230bf7,4a51b51ec89a000a,120ff1b1dde04d8a,6eeef3d4091c73c2
89041989,0,719,777b64735df926de,c936f38b4adcf5ca,96eca4cd948c2e8f,ab73591c2a841282,6e8e87d202c3e7ad
89041989,1,719,5852b425a4d01d9e,81d5133efea67490,172e3f57670207dd,8d371f161a3fd385,00af3ed7a50f2543
89041991,0,719,7229d338e5e30835,0057cbc8c3031b75,9193081cd7fd5752,610ac4845751fc73,7fae90d6ea2dea52
89041991,1,719,2c6a04292fa97843,9f26340f32c94853,562b3c84c835d6b5,3cc604dd667c17dd,630406c2f0731974
89041992,0,719,3a651cfe55ca7c53,cce3069f1e804cd1,1721e809bf2c48d4,287337f09db38952,5eea9debaadbd24e
89041992,1,719,e2e7bd8db1a7ee62,64183519431fb3df,71dcd8966058bbe9,0be7a9097ad63ace,9bf0d3a7728cbd32
89041993,0,719,4111b900c4c22014,92b95f9d61fd4324,9e3fd6035fbf2a0e,98519ef7e0d3fc19,d75e44076546541b
89041993,1,719,adc51d3909227c77,1dc305fda14bdbf1,5690fcae476aa4ed,2c5198499f71b949,2551fc251f6f620a
89041994,0,719,4111b900c4c22014,92b95f9d61fd4324,201c910f846fae58,1405f7600ab1f095,44c6599f5887084f
89041994,1,719,adc51d3909227c77,1dc305fda14bdbf1,0b67459b0b7124ec,494cc5cd72a279c0,0c5c21f017938713
89041995,0,719,5a5d6622eb827e24,c09dc6acb4a16f7a,31b5f34ec43c1ad0,d0b5ac7dca9c6d45,84aaeda8dbcbc895
89041995,1,719,043bc107f4141918,98f2ef61311459b0,2aca43fbb15b8c71,a5f602767ea058f3,fccc6f29bd830ddf
89041996,0,719,dcd216b1be086b57,34d7a416d44e27ef,5d1295dc26e5d32f,3fd8df78a646840a,41b84a214edfea82
89041996,1,719,5633511a3cca9483,9c54859c97fe938e,68cd82dc2665ed84,88153f5d957ce7be,e1961b16f730991f
89041997,0,719,fe386651c21fe223,e4a821a093dc1f59,2066b54a3242bf54,c3f6ffc544b0f3b4,85ba20433ffaa644
89041997,1,719,777b64735df926de,695a5a0435ad6c39,66e0db3b35ac731c,fa4b55b2b5bde1f7,56ea68af02678b7d
89042440,0,719,89ff8c0065d0a600,bec95bf3572da71b,82d152d3d4a37764,43a6b8bdb8c4bfa8,bdb077cb1a970b48
89042440,1,719,88129dab896e13e8,1ff83152a9a11231,756241e729d179c2,b974ce9b8729dc46,7f198470fae23cec
89042444,0,719,e95863fa3f33074f,741004f30d056eda,3f86a77321a46d93,483d7530b069127b,a43716267ebd186f
89042444,1,719,3a651cfe55ca7c53,cce3069f1e804cd1,1721e809bf2c48d4,287337f09db38952,236d6bf8e81ca34a
89042448,0,719,f9b1e08a478f8b49,c1929f48fdabab6f,02c7c2da641aac31,1bc31e3e005ac73f,809c95748b00dab0
89042448,1,719,321a8b289975167a,21240a2bc8ebc963,37b6703c72ada9c6,b176e574cd59a1fb,3215cdffde06c331
89042450,0,719,b450ef4588c10145,a5043cbad0462d08,63643c3ca44be7a9,d44ab997491b2adc,80da6d7301063287
89042450,1,719,3a651cfe55ca7c53,cce3069f1e804cd1,1721e809bf2c48d4,287337f09db38952,236d6bf8e81ca34a
89042451,0,719,8960bd2a3c88dfc9,ef102836645d10b6,b1f3e92dcc96e3f6,818435c202ad3269,9efde47d1d2777b3
89042451,1,719,b450ef4588c10145,a5043cbad0462d08,6a054d9070b018d7,ce96e0443b68b94c,824989f61f6ebe02
89042905,0,719,1d79a73a518f03e7,4b57b5c852b4f263,629b92647e636103,af1360bb750de1d3,3342443a18d92005
89042905,1,719,56326ce59b29b227,120133281e230bf7,4a51b51ec89a000a,120ff1b1dde04d8a,6eeef3d4091c73c2
89042907,0,719,3da3b60f95985443,aa880d541a4a0c9b,39701fdbc796eaf6,a179752b331b9996,bdb558d815813cac
89042907,1,719,e95863fa3f33074f,741004f30d056eda,d4afe05b907c5bc1,24fabd2c837ff626,776ab3024abeedd8
89042912,0,719,010419279f407f09,214c71dfd4d77cde,0c884555712adec3,76fc31ce901f3f08,172ca6463f45f9d2
89042912,1,719,f9b1e08a478f8b49,c1929f48fdabab6f,02c7c2da641aac31,172ca7c07f317d41,e83526c13b7fcde4
89042914,0,719,2713675d60acaf36,88ef484efb9f700c,ee5824445342b4cd,4b2c3a38ec004dd6,347b99e5c708dd26
89042914,1,719,f8a739710d265b61,12c90463c56063b5,cc9424c3a6f6d343,69a309d6db2c33b3,21ecce486411892d
89043360,0,719,2c6a04292fa97843,9f26340f32c94853,2759fe09e1bc29b3,5f3080aea337b4f5,3a9293e95693db1e
89043360,1,719,bcad1fbf818668dd,dfe127dae2caf893,06c2e61a898612a7,df3d12bc27a9209f,db389d0aa21cee7a
89043361,0,719,2713675d60acaf36,88ef484efb9f700c,ee5824445342b4cd,8bad3a5e0e9cda0e,3156fe08ff8ed6e1
89043361,1,719,7a0d8a9c9c7ca9e4,412634ef94d6e245,ca5c7d0d21453cb0,2fa16806742e5c2b,1d1031405e97416b
89043364,0,719,89ff8c0065d0a600,bec95bf3572da71b,279e14aaffba8c39,091c44a007c440c5,906677c752223805
89043364,1,719,cfdb02b7b16efca6,4fd4d7b520ba8ff4,c451acb0aabec8f0,dd315e8b353bd80d,d1663c58a231aa88
89043368,0,719,8960bd2a3c88dfc9,ef102836645d10b6,b1f3e92dcc96e3f6,7d7557097b7cf27c,1e86be2156bf9f49
89043368,1,719,e2e7bd8db1a7ee62,64183519431fb3df,7d0408fc704bf28e,2d69fabde61d8fda,957641f6409c90ed
89043848,0,719,bba58ad0fa3431b0,a1a3cadd3c617435,77fbbb0e48643fc2,cfb6fc90029de018,713ba5215cbc4e70
89043848,1,719,d481bce64b4d11ae,981fd4c34e47b2fe,da3671bb6868d8a0,c5b2ae11ec975b4f,4d93e3d95b927245
89043854,0,719,5a5d6622eb827e24,c09dc6acb4a16f7a,31b5f34ec43c1ad0,d0b5ac7dca9c6d45,84aaeda8dbcbc895
89043854,1,719,5852b425a4d01d9e,57a980383be60ac5,9d8b71cce4df673e,b02c6e523d71f784,50f9a434724841c8
89043856,0,719,5a5d6622eb827e24,c09dc6acb4a16f7a,31b5f34ec43c1ad0,d0b5ac7dca9c6d45,84aaeda8dbcbc895
89043856,1,719,fcae98232a189584,8fc20b60873bd705,b43086fac512a7b3,fb127bb9d3e6784b,72366fb188e24823
89043858,0,719,04063d04c7b75fc6,ee74c219692bb3d0,0e4f44c2d0ff2928,b2f59eccde37d271,a3c18938c6789269
89043858,1,719,c6a2d394f907dee9,45f7ebd9bacdbddf,0bc3080f34e52d9b,b18c6a7c93ddca4b,1fc2ddd5e4697303
89043859,0,719,5633511a3cca9483,9c54859c97fe938e,68cd82dc2665ed84,5add617ceb9e142a,b4871aa0220d23dd
89043859,1,719,dcd216b1be086b57,34d7a416d44e27ef,5d1295dc26e5d32f,36c3f5e41d88e661,598a2768fd0a3915
89044346,0,719,3a651cfe55ca7c53,cce3069f1e804cd1,1721e809bf2c48d4,287337f09db38952,b2c0302dfe1477d5
89044346,1,719,159e67f449aa1aab,c31fe35ba64c503f,8a0945f15a04fb8a,91fb89cf903997a6,36f4a99815c72477
89044348,0,719,bba58ad0fa3431b0,a1a3cadd3c617435,77fbbb0e48643fc2,b73c4ecfea24b8f6,785040ec3307be2a
89044348,1,719,3a651cfe55ca7c53,cce3069f1e804cd1,1721e809bf2c48d4,287337f09db38952,236d6bf8e81ca34a
89044351,0,719,ca616fa228a2eecb,cf2bd81b156547b0,34ee1cdfd70950e3,79a28da33ab47fc1,71b6cdbb4e7868ff
89044351,1,719,2806a19ccf8a3258,d300e91531047d43,7c4dc7bf2da92b94,b8f6d4a939ae36b9,3e8bb10738d6e1b4
89044352,0,719,010419279f407f09,214c71dfd4d77cde,0c884555712adec3,76fc31ce901f3f08,172ca6463f45f9d2
89044352,1,719,56326ce59b29b227,120133281e230bf7,4a51b51ec89a000a,120ff1b1dde04d8a,6eeef3d4091c73c2
89044353,0,719,56326ce59b29b227,120133281e230bf7,4a51b51ec89a000a,120ff1b1dde04d8a,6eeef3d4091c73c2
89044353,1,719,8c26094c517bd2eb,aec09393615b25e1,10fac75eae0b26d2,b90cd5e30013ebd7,af976b258767ac50
89044354,0,719,c0a49a9d88d4f1b6,1ca84cab18bd5275,70df4f35c4a40660,516849cd2c624508,6b35559696e1669e
89044354,1,719,2713675d60acaf36,88ef484efb9f700c,ee5824445342b4cd,c05ac3a252e3721d,a8b20ccda6debc5e
89044358,0,719,c2b73e3bb202761d,3660f1f1faf8d833,3b3154c4b75210b6,3cd8a5c69f194cca,38ac60cf63366eba
89044358,1,719,89ff8c0065d0a600,bec95bf3572da71b,f491c19fedbc3914,84d47e325aa06ae5,924a270f986bb7c5
89044835,0,719,159e67f449aa1aab,c31fe35ba64c503f,9aa9752d1ae83eda,0b99ce62959045ec,422f69784f8f2a6e
89044835,1,719,04063d04c7b75fc6,f1cb901e1a04b382,143fa9515f31bd5b,66355e517c8f8733,dc58387499f18fa7
89044837,0,719,2713675d60acaf36,88ef484efb9f700c,ee5824445342b4cd,e28bd279832a1798,24a2e4095ae79e2e
89044837,1,719,6d9909498440a732,ba98f36ffb7e81fb,e5ccf9b2c64511f2,d89376c8857424f8,2ed277dfbf366fb5
89044838,0,719,c489d91a7fa0e344,788046426cc44ae8,51fb9b4bbcbe0880,a8e54aadbd6d39d4,8c34f968f04752b5
89044838,1,719,bba58ad0fa3431b0,a1a3cadd3c617435,77fbbb0e48643fc2,b73c4ecfea24b8f6,532cd7ceeb562654
89044841,0,719,f8a739710d265b61,12c90463c56063b5,cc9424c3a6f6d343,38e06ed5bcbdb75b,d7bb2feada852e1d
89044841,1,719,2713675d60acaf36,88ef484efb9f700c,ee5824445342b4cd,d563188c57abe91c,93927a75947a12ce
89044845,0,719,4111b900c4c22014,92b95f9d61fd4324,d6e2c153243f12bb,8a0e37289ae1874e,645a3f63383c6a34
89044845,1,719,adc51d3909227c77,1dc305fda14bdbf1,2f35f440f2a8909e,7f076380fa165c22,4baed4113e8c9548
89045322,0,719,bc9035ec4c5fb9fa,f484bb9298cb16d6,91bd084271bc5f66,3e639ca324422b2d,0743a421ffab8a4f
89045322,1,719,3da3b60f95985443,aa880d541a4a0c9b,39701fdbc796eaf6,cee5ed79b8233654,c5acf1805bb6ef56
89045323,0,719,5a5d6622eb827e24,c09dc6acb4a16f7a,31b5f34ec43c1ad0,d0b5ac7dca9c6d45,84aaeda8dbcbc895
89045323,1,719,ea97538a8b4fc36c,06819e70713a533a,3439767c38ac372c,7299e7da1b8e2b84,266fde1f79286982
89045327,0,719,2806a19ccf8a3258,d300e91531047d43,1f85db23ede878b1,2b6c2ec403317e1b,9cb9f43738181a8f
89045327,1,719,2c6a04292fa97843,9f26340f32c94853,9e14fe06a1f4e052,fe5b325f54af0c95,ffbe81c2496f8fc2
89045330,0,719,4111b900c4c22014,92b95f9d61fd4324,e6c01fc3b5e59d60,0241cfd45df0278a,8a2e02f421506ea1
89045330,1,719,adc51d3909227c77,1dc305fda14bdbf1,920394903744b850,66aafac8b812333d,f2f17972bda496d5
89045335,0,719,adc51d3909227c77,3ce4643a4c4197b1,ea8f8a680c2224a2,8b00fe8522903597,e7b6819018989dc1
89045335,1,719,5633511a3cca9483,9c54859c97fe938e,68cd82dc2665ed84,497f2c73575d5863,c9cacbfc0c6f8d2f
89045816,0,719,8c26094c517bd2eb,aec09393615b25e1,10fac75eae0b26d2,b90cd5e30013ebd7,af976b258767ac50
89045816,1,719,2c6a04292fa97843,f1fc048dc9d7e40c,b719cd3eb8b83343,216946fd3d9707f8,3872022fecd8b0b2
89045817,0,719,159e67f449aa1aab,c31fe35ba64c503f,ce80b2d435ed3d93,5a575c7f1b1de5ee,31d53532af9f5a75
89045817,1,719,5633511a3cca9483,9c54859c97fe938e,68cd82dc2665ed84,e5a822ec15101ab1,4d4e85a747932f81
89045820,0,719,bba58ad0fa3431b0,a1a3cadd3c617435,77fbbb0e48643fc2,55ccf425b2b24d3a,0bb8867432ee63bd
89045820,1,719,8960bd2a3c88dfc9,ef102836645d10b6,b1f3e92dcc96e3f6,3b5d86305855e5bd,07d36cf66168e806
89045822,0,719,2806a19ccf8a3258,d300e91531047d43,72d9555386d2b796,afbb038686b1a33e,c657f26fac019b94
89045822,1,719,3a651cfe55ca7c53,cce3069f1e804cd1,1721e809bf2c48d4,287337f09db38952,236d6bf8e81ca34a
89045823,0,719,2713675d60acaf36,88ef484efb9f700c,ee5824445342b4cd,86e6d0e87adfa3ea,a8e9ced694d84dce
89045823,1,719,777b64735df926de,60307df904434647,6276f89f336a0a1b,7f1b65294484280b,cf5eca75e60a1c04
89045825,0,719,3a651cfe55ca7c53,cce3069f1e804cd1,1721e809bf2c48d4,287337f09db38952,c20b862ed6cefe0e
89045825,1,719,c2b73e3bb202761d,3660f1f1faf8d833,3b3154c4b75210b6,3cd8a5c69f194cca,53934679cf4ec372
89046308,0,719,c66e9ffa1665891e,85dc5064342a456b,1722802c3dd7ab2f,e7b58ecb5fd72370,dfe62145fdd98710
89046308,1,719,827fb41bc996ce29,61f23e65dabcd9af,f07b23517a812eb2,dcb049316f808441,5c9b99e6dee72042
89046311,0,719,1d79a73a518f03e7,4b57b5c852b4f263,629b92647e636103,0ddf73aaef3ee362,87d51ec8a9496a7c
89046311,1,719,eeb1d33d34e74f6b,c2a63bccf4d465dd,5ff3dc56c1ba3b54,6a3dd72c0bfd4dce,27216b3c2fecfc54
89046314,0,719,010419279f407f09,214c71dfd4d77cde,0c884555712adec3,76fc31ce901f3f08,172ca6463f45f9d2
89046314,1,719,8c26094c517bd2eb,aec09393615b25e1,10fac75eae0b26d2,b90cd5e30013ebd7,af976b258767ac50
89046321,0,719,11f59a4d91ad962c,9a879e601d6eab43,bd9dc2530511495e,7a1b0f4fcaaa4494,8e2232ac215d88bf
89046321,1,719,777b64735df926de,79dabb8c5d248669,83447cd9add9393b,2feffb84ef58bddf,4cdea6482bcc42ad
89046802,0,719,c489d91a7fa0e344,788046426cc44ae8,57e97631e43f3bb2,25d25d7d4fd3aa0c,5d4730fd8a8f6796
89046802,1,719,8960bd2a3c88dfc9,ef102836645d10b6,b1f3e92dcc96e3f6,77a7b4f6d1fd751b,3e0beaa260896b7b
89046803,0,719,3a651cfe55ca7c53,cce3069f1e804cd1,1721e809bf2c48d4,287337f09db38952,17fb84e6f49d5b89
89046803,1,719,bc9035ec4c5fb9fa,f484bb9298cb16d6,91bd084271bc5f66,3e639ca324422b2d,a5ed54d0d6390f2e
89047289,0,719,3da3b60f95985443,aa880d541a4a0c9b,39701fdbc796eaf6,a179752b331b9996,2ed80724aa1663b7
89047289,1,719,b9b6c15723e8a9b3,fcd882c02deed2ab,701155e846ffc1ee,349d558712d271df,c366258952ed6118
89047290,0,719,83152263a30ea206,2cbf33ccd5675139,bba85eee1616fdcc,22e4efb8eade1e72,f9635b0e2e915ca2
89047290,1,719,4abd4d3ef650e810,94e94578a561b5fe,6d9bed64265d2c46,8f9478f03bad2ca1,885c966f36ce9f60
89047291,0,719,b42741fa0cce45d0,4040cd27fc6f97ea,e36b8711a15e6653,e7c962f74bb465c2,9ecf6c7032b78e5d
89047291,1,719,777b64735df926de,79dabb8c5d248669,7e0b5d313e3697c5,e2ec73a0e273f17e,4ba2f3be667c770b
89047293,0,719,eeb1d33d34e74f6b,c2a63bccf4d465dd,5ff3dc56c1ba3b54,a6718458d3d567a8,fbdcceedbcd8b201
89047293,1,719,ca616fa228a2eecb,cf2bd81b156547b0,34ee1cdfd70950e3,79a28da33ab47fc1,71b6cdbb4e7868ff
89047298,0,719,6d9909498440a732,4c4259da0cdb0a80,fd651496dbaf0fd4,d6766188c02a1788,18115da6e6266540
89047298,1,719,3a651cfe55ca7c53,cce3069f1e804cd1,1721e809bf2c48d4,287337f09db38952,6de397e1f2dc4bcd
89047299,0,719,8960bd2a3c88dfc9,ef102836645d10b6,b1f3e92dcc96e3f6,3b5d86305855e5bd,f1d718c39c07ff05
89047299,1,719,ea97538a8b4fc36c,06819e70713a533a,3439767c38ac372c,a301ae0c68667c68,a73627a5171b78fa
89047301,0,719,bcad1fbf818668dd,c38126c80373123c,11a9a7c406561b5f,25847d0ef068910f,3ebcf5a210b90f3d
89047301,1,719,777b64735df926de,0260fa4d41342a1e,e61b0c8e1234620d,3fb1b6efc63b15c7,37faf6b7a2c1b680
89047302,0,719,8960bd2a3c88dfc9,ef102836645d10b6,b1f3e92dcc96e3f6,3b5d86305855e5bd,fe0d4fcc6bb8c3bd
89047302,1,719,e1ff67771d64af23,021ea1ecf9858c21,cd8fde02f9575b3b,191d7ab2dc60c5b0,fd5add4e50e6946b
89047305,0,719,adc51d3909227c77,1dc305fda14bdbf1,2f35f440f2a8909e,8f29497303abf296,88ab002a84a6421f
89047305,1,719,4111b900c4c22014,92b95f9d61fd4324,d6e2c153243f12bb,2a3ac03853c71f5e,ae3c9b544e040cca
89047825,0,719,3da3b60f95985443,aa880d541a4a0c9b,2dc4f0a69157b49b,243d0b4475e610bb,7946130a64b16887
89047825,1,719,bc9035ec4c5fb9fa,f484bb9298cb16d6,91bd084271bc5f66,6ae2c491ef783d78,01d327865c7da6a0
89047834,0,719,a04af22b7c78b8d0,bd75fdf09209fdcb,440ff9a4463a9b95,c3b6fa6123274eb5,145bbc6df968f235
89047834,1,719,3a651cfe55ca7c53,cce3069f1e804cd1,1721e809bf2c48d4,287337f09db38952,38ffb0fc6474b7db
89048387,0,719,3a651cfe55ca7c53,cce3069f1e804cd1,1721e809bf2c48d4,287337f09db38952,523f0328562f4763
89048387,1,719,6d9909498440a732,be67c4e9b87216e9,06d96833b5f7c84c,a7f9bc54300472af,b92034ff48a96456
89048388,0,719,56326ce59b29b227,120133281e230bf7,4a51b51ec89a000a,120ff1b1dde04d8a,6eeef3d4091c73c2
89048388,1,719,8c26094c517bd2eb,aec09393615b25e1,10fac75eae0b26d2,b90cd5e30013ebd7,af976b258767ac50
89048883,0,719,c2b73e3bb202761d,3660f1f1faf8d833,3b3154c4b75210b6,3cd8a5c69f194cca,90845194d528cf95
89048883,1,719,eeb1d33d34e74f6b,c2a63bccf4d465dd,5ff3dc56c1ba3b54,02e20e9a2161f296,28da25f64f38f154
89048891,0,719,4111b900c4c22014,92b95f9d61fd4324,9d091625622a38b4,9488a14a537d15af,9d2a40e6a4179699
89048891,1,719,adc51d3909227c77,1dc305fda14bdbf1,0b67459b0b7124ec,1749746098f51f77,ff065503d24d88f4
89049374,0,719,2713675d60acaf36,88ef484efb9f700c,ee5824445342b4cd,844f309804c64f4e,431d276b99d66189
89049374,1,719,bc9035ec4c5fb9fa,f484bb9298cb16d6,91bd084271bc5f66,3e639ca324422b2d,0a83cb62ad170945
89049378,0,719,b9b6c15723e8a9b3,fcd882c02deed2ab,701155e846ffc1ee,349d558712d271df,8d6de6bc51f9ae0b
89049378,1,719,010419279f407f09,214c71dfd4d77cde,0c884555712adec3,76fc31ce901f3f08,172ca6463f45f9d2
89049385,0,719,5633511a3cca9483,9c54859c97fe938e,68cd82dc2665ed84,0bae3130c2364f09,297af3e1db65211a
89049385,1,719,159e67f449aa1aab,c31fe35ba64c503f,4ac6118277a77be3,9a8ab97e010ff112,956d1a8d4e5d88b6
89049869,0,719,bc9035ec4c5fb9fa,f484bb9298cb16d6,91bd084271bc5f66,3e639ca324422b2d,e5a012100b645a49
89049869,1,719,777b64735df926de,d26fdb05968bf5cc,47a221e20e1ef65d,809e2fc82b811d82,bc087ad71e76e852
89049873,0,719,dcd216b1be086b57,34d7a416d44e27ef,5d1295dc26e5d32f,d25388fe61e28f7f,c28e3d762160a36e
89049873,1,719,adc51d3909227c77,3ce4643a4c4197b1,5a746f50bc8e1cf6,fab5e0b2a1797b03,2e6c96a0a644fa75
89049877,0,719,8960bd2a3c88dfc9,ef102836645d10b6,b1f3e92dcc96e3f6,5c2392b0ba1f0c52,fd376011d638ce20
89049877,1,719,8960bd2a3c88dfc9,ef102836645d10b6,b1f3e92dcc96e3f6,3b5d86305855e5bd,fd1c067b86e52822
89049878,0,719,8c26094c517bd2eb,aec09393615b25e1,10fac75eae0b26d2,b90cd5e30013ebd7,af976b258767ac50
89049878,1,719,827fb41bc996ce29,61f23e65dabcd9af,f07b23517a812eb2,512e99fc04a4dace,929fe4811e0ed8ee
89049879,0,719,4111b900c4c22014,92b95f9d61fd4324,6f5f49f5d7117466,430f621ab2c57739,281d4c2eaeee1f67
89049879,1,719,adc51d3909227c77,1dc305fda14bdbf1,b9e01a3a7f00e993,197a1435ab0aad41,42a6187dac4e81a0
89049882,0,719,dcd216b1be086b57,0f726cb5c4c7ab87,e795e466914d6a6d,2bf33869549b445c,00d2bf1aa89191df
89049882,1,719,5633511a3cca9483,9c54859c97fe938e,68cd82dc2665ed84,20d96010926520f3,2c1167b7fe28825e
89050373,0,719,c630225de68aa5ad,f38bb1329f9c288a,e0a812600db89658,70226f55c340a513,8ce6582ce7145212
89050373,1,719,ebdc0d9f03958039,c3d3060e91205f36,c1fea641788ad74f,2063e577fc5cdb93,c01ef7a1dd4f9219
89050375,0,719,c489d91a7fa0e344,788046426cc44ae8,c68a5b83e832f99b,cf8fbd05019af90b,3bde7d850db20449
89050375,1,719,bc9035ec4c5fb9fa,f484bb9298cb16d6,91bd084271bc5f66,3e639ca324422b2d,1a80e2e57251c567
89050376,0,719,8960bd2a3c88dfc9,ef102836645d10b6,b1f3e92dcc96e3f6,3b5d86305855e5bd,b6629862ce6ab507
89050376,1,719,8960bd2a3c88dfc9,ef102836645d10b6,b1f3e92dcc96e3f6,3b5d86305855e5bd,6f36a55b9168398b
89050379,0,719,777b64735df926de,79dabb8c5d248669,840f2152d04c136a,c129dd76b38d27a4,476ec3b43c196e42
89050379,1,719,eeb1d33d34e74f6b,1aa506af0f59effe,58f31454a331ffaf,55b9baf6170f0236,b4bc17a3f308fad4
89050381,0,719,2c6a04292fa97843,9f26340f32c94853,7d6bc24f5f196d4d,b773b2414da12cfc,63ae08be49a9eb36
89050381,1,719,bcad1fbf818668dd,02ae29ed75e300af,7b116aeadb189981,bd9bef9ca72cb80b,59233fd55af57862
89050384,0,719,5a5d6622eb827e24,c09dc6acb4a16f7a,31b5f34ec43c1ad0,d0b5ac7dca9c6d45,84aaeda8dbcbc895
89050384,1,719,8c26094c517bd2eb,aec09393615b25e1,10fac75eae0b26d2,b90cd5e30013ebd7,af976b258767ac50
89050386,0,719,adc51d3909227c77,1dc305fda14bdbf1,920394903744b850,3c5211d626353fca,6db756da78ce0d87
89050386,1,719,4111b900c4c22014,92b95f9d61fd4324,e6c01fc3b5e59d60,f50608216abcbbaf,989ce31de5ad815f
89050877,0,719,83152263a30ea206,2cbf33ccd5675139,79e3b3f2b4f8ddcb,6f0863e335a43bec,da172a6e6f1ee7a6
89050877,1,719,4abd4d3ef650e810,94e94578a561b5fe,6d9bed64265d2c46,42f2c59dc7c1a452,e52fd74d0d58aa28
89050881,0,719,5a5d6622eb827e24,c09dc6acb4a16f7a,31b5f34ec43c1ad0,d0b5ac7dca9c6d45,84aaeda8dbcbc895
89050881,1,719,eeb1d33d34e74f6b,c2a63bccf4d465dd,5ff3dc56c1ba3b54,6293e94dcf286b48,360e05f7315144e8
89050885,0,719,b9b6c15723e8a9b3,fcd882c02deed2ab,701155e846ffc1ee,72e28c9c9c467fa6,296ff8d93df87da8
89050885,1,719,321a8b289975167a,21240a2bc8ebc963,37b6703c72ada9c6,b176e574cd59a1fb,3215cdffde06c331
89051368,0,719,5cf669870df0653b,47ad39078ed75c09,6355c44ea049dc1e,295f7670b4273943,1af3d3589a684595
89051368,1,719,bba58ad0fa3431b0,a1a3cadd3c617435,77fbbb0e48643fc2,b73c4ecfea24b8f6,532cd7ceeb562654
89051369,0,719,bba58ad0fa3431b0,a1a3cadd3c617435,77fbbb0e48643fc2,b73c4ecfea24b8f6,0a6982c1fc3b8daa
89051369,1,719,c2b73e3bb202761d,3660f1f1faf8d833,3b3154c4b75210b6,3cd8a5c69f194cca,2ae853a2cec7ae7c
89051375,0,719,8960bd2a3c88dfc9,ef102836645d10b6,b1f3e92dcc96e3f6,def963e45b952b0a,8d1bf51e3a558c3a
89051375,1,719,8960bd2a3c88dfc9,ef102836645d10b6,b1f3e92dcc96e3f6,3b5d86305855e5bd,de306a1ee4116ab8
89051378,0,719,5cf669870df0653b,e11b9632c751d622,27e5590f3b9b02a1,cbc771331fc3225e,94dac2e4cc8b221b
89051378,1,719,6200cb8fb5d71863,d428c63dbdb89613,201f7ba284f4afcb,84b31209a2d9929b,f190548d4336cf19
89051382,0,719,c2b73e3bb202761d,3660f1f1faf8d833,3b3154c4b75210b6,3cd8a5c69f194cca,90845194d528cf95
89051382,1,719,872711e83a35d35b,4d3ebe2c5422d65f,3d31aa5b14d2e256,70b7de4c9c7e266a,0d56592e56dc791a
89051860,0,719,941c061b9fd4a2fa,953d890c41d0db9c,bf92e42c73b552b2,4395e6f308171444,031c6e37a68359aa
89051860,1,719,1d79a73a518f03e7,4b57b5c852b4f263,629b92647e636103,66f82023ccc6071f,4601a6fe4acae576
89051861,0,719,2d89d1183a6b4413,30a990fcc4151f9a,5030a1d381f1586b,0f4b79168e8be309,3562ec05ebde7546
89051861,1,719,2c6a04292fa97843,9f26340f32c94853,4ae8bca7224a5007,6a53b89cb7ee7a62,d315ab6355bd8735
89052352,0,719,bba58ad0fa3431b0,a1a3cadd3c617435,77fbbb0e48643fc2,ee12887142480776,f0c88be4fd1ca18e
89052352,1,719,c489d91a7fa0e344,5f3119062a9a9e46,f0ebafb1095e2e50,e1e5c8dcfc5e3bd5,9488c9e2cc03892e
89052354,0,719,ebdc0d9f03958039,c3d3060e91205f36,c1fea641788ad74f,ddd737b1bca3f808,7c50a55d89715aa6
89052354,1,719,c630225de68aa5ad,12ebe5df9bcf266a,1d8bf362713f63e3,d50ccba8ed027401,b64251fde321c279
89052357,0,719,3a651cfe55ca7c53,cce3069f1e804cd1,1721e809bf2c48d4,287337f09db38952,36ba0d72c792ac61
89052357,1,719,b42741fa0cce45d0,4040cd27fc6f97ea,99f3a0306b6902d3,5cb9e7e1992c9e47,40c82b6356aa669b
89052843,0,719,2713675d60acaf36,88ef484efb9f700c,ee5824445342b4cd,844f309804c64f4e,b41e5f628eeb225b
89052843,1,719,89ff8c0065d0a600,dee49e908a6d8934,118215451737f1a7,94a83b75d1f06823,7ee002409394db1e
89052847,0,719,5cf669870df0653b,47ad39078ed75c09,fed92c390e113153,c82c476386c6ad30,48071eac5887afd6
89052847,1,719,bba58ad0fa3431b0,a1a3cadd3c617435,77fbbb0e48643fc2,ab16b296f6a79039,7a9711e7f8388a4d
89052850,0,719,bba58ad0fa3431b0,a1a3cadd3c617435,77fbbb0e48643fc2,b73c4ecfea24b8f6,532cd7ceeb562654
89052850,1,719,8960bd2a3c88dfc9,ef102836645d10b6,b1f3e92dcc96e3f6,3b5d86305855e5bd,07d36cf66168e806
89053343,0,719,872711e83a35d35b,4d3ebe2c5422d65f,69f10b0f5cb2b35d,6d7126098e8dcf91,71033b92ae7727c9
89053343,1,719,5633511a3cca9483,9c54859c97fe938e,68cd82dc2665ed84,28ea3b3d7d05bef6,87e655b22b6f1397
89053831,0,719,08eb51cacf990410,5bb7a23adcc5a4d0,5ee45b86c56c9686,145dc06c15da7545,58afe934a51bfaaf
89053831,1,719,d481bce64b4d11ae,981fd4c34e47b2fe,da3671bb6868d8a0,dea011b18cdbbc05,82c9bab338c30086
89053832,0,719,88129dab896e13e8,9730e6f14cc08c68,8802ab08e5941e02,2d15fcb85077f764,b3779ba230d14192
89053832,1,719,b73f228ce6373484,45c34d7b5173e982,d42f78f63c75c585,39526c831f091ee0,22fc8d3aa23ee9a0
89053834,0,719,adc51d3909227c77,8099865b86e34ec1,f28141c4f48c0bbb,b8492c9d2f55b04c,b4e9f4c30e960162
89053834,1,719,872711e83a35d35b,7e0b079b3a53e43e,d8852bdac9c3f16c,a35f4ee9115e4252,965307f1b73ae4b3
89053836,0,719,23711f64eae71626,bde4b1f52abeae67,5b51dee380a246d6,b9d43eb0bbde2606,a5e4604ab730b62e
89053836,1,719,3a651cfe55ca7c53,cce3069f1e804cd1,1721e809bf2c48d4,287337f09db38952,236d6bf8e81ca34a
89053837,0,719,2c6a04292fa97843,9f26340f32c94853,ba490b466b52efc1,b66d465501acc88f,de998ab958d8c34a
89053837,1,719,bba58ad0fa3431b0,a1a3cadd3c617435,77fbbb0e48643fc2,b73c4ecfea24b8f6,532cd7ceeb562654
89054334,0,719,c2b73e3bb202761d,3660f1f1faf8d833,3b3154c4b75210b6,3cd8a5c69f194cca,a12c5c73026f4246
89054334,1,719,fdf71ce2ce7f78fe,da9f669aecdab768,c7ddc62cb0b9ce49,272887f33db78f12,bfcd9508f1d42b67
89054335,0,719,872711e83a35d35b,4d3ebe2c5422d65f,279b2bc2c15a79ee,3cae39812371257a,d8be0054d8624a44
89054335,1,719,5633511a3cca9483,9c54859c97fe938e,68cd82dc2665ed84,ae853c29b98e0b77,0426cfedb5864a0b
89055337,0,719,d481bce64b4d11ae,981fd4c34e47b2fe,da3671bb6868d8a0,dea011b18cdbbc05,82c9bab338c30086
89055337,1,719,fdf71ce2ce7f78fe,5cd62afb6f0235f5,e2caa4f88b797017,70de922e6c9674dd,dd6123aefe19fe45
89055824,0,719,3a651cfe55ca7c53,cce3069f1e804cd1,1721e809bf2c48d4,287337f09db38952,aadb1af1dba1a995
89055824,1,719,f8294a0eaf090f1b,7c327763a6d793e5,28eb572d998f5d65,a00904e1e085f33f,9e3b2dc3bdfc26e9
89056326,0,719,f8294a0eaf090f1b,7c327763a6d793e5,7d55b37d29c3b1b5,db8c84f10ed1fba8,4ca518839b956b1b
89056326,1,719,5a5d6622eb827e24,c09dc6acb4a16f7a,31b5f34ec43c1ad0,d0b5ac7dca9c6d45,84aaeda8dbcbc895
89056327,0,719,010419279f407f09,214c71dfd4d77cde,0c884555712adec3,76fc31ce901f3f08,172ca6463f45f9d2
89056327,1,719,f8294a0eaf090f1b,7c327763a6d793e5,3c66c38ae6a81b1e,b8e18c3255f55a83,52f76ff6bf2c3b4c
89056329,0,719,3a651cfe55ca7c53,cce3069f1e804cd1,1721e809bf2c48d4,287337f09db38952,236d6bf8e81ca34a
89056329,1,719,5d1b16a9d15d40b8,932d104726ef2b82,d55ed6449269ae0b,c49dbc31a2690c19,4e520845d7da4e65
89056825,0,719,f8294a0eaf090f1b,624a99de70a7ebda,90e62eb6ba7ed974,626b8d4dbf364439,e389dad87cdf6f8a
89056825,1,719,3da3b60f95985443,aa880d541a4a0c9b,1c0e155d72c7b1dc,675bb5720cd4c7a0,7125d8f40cfe7332
89056829,0,719,3a651cfe55ca7c53,cce3069f1e804cd1,1721e809bf2c48d4,287337f09db38952,236d6bf8e81ca34a
89056829,1,719,f8294a0eaf090f1b,7c327763a6d793e5,af02b5512a81027e,8da70a3baae05249,7461c4f4e0df33b4
89057330,0,719,8960bd2a3c88dfc9,ef102836645d10b6,b1f3e92dcc96e3f6,3b5d86305855e5bd,8a27b2856a14c599
89057330,1,719,ea97538a8b4fc36c,06819e70713a533a,3439767c38ac372c,a301ae0c68667c68,e735f8a4128e4a4e
89057337,0,719,3a651cfe55ca7c53,cce3069f1e804cd1,1721e809bf2c48d4,287337f09db38952,236d6bf8e81ca34a
89057337,1,719,5d1b16a9d15d40b8,f5452d27deeb611f,c91e5c53f0c34c75,3e06bbf9dee5911b,8bb020148204c762
89057828,0,719,62e9eeadcafd4f50,42a71727e3fe4bb2,b67747461f276959,f1a08c150a0cbf0f,b9693a1c84cbdf1f
89057828,1,719,3a651cfe55ca7c53,cce3069f1e804cd1,1721e809bf2c48d4,287337f09db38952,236d6bf8e81ca34a
89057836,0,719,8960bd2a3c88dfc9,ef102836645d10b6,b1f3e92dcc96e3f6,f88e37d12a139fae,6bdaefc82c267ee8
89057836,1,719,3da3b60f95985443,791d2e3d7028757c,833b9cc7f837247a,62491afd25e58dc4,fe56c41c069ecd13
89058338,0,719,d481bce64b4d11ae,981fd4c34e47b2fe,da3671bb6868d8a0,79ff0941ef199383,749fec3286b8c533
89058338,1,719,62e9eeadcafd4f50,42a71727e3fe4bb2,d556307f5e98de07,78e0e09ffc5998b2,f2c4e1a3821c0a1b
89058340,0,719,61181b00f75b3145,8360fc2955239373,c75997632d99dcd6,4f0ba893b96c67dd,01d4044b2528c6aa
89058340,1,719,4111b900c4c22014,85978da7754f3340,6a46c6a02c923165,c54a7a60e2999a94,24cf1d937b2dbfca
89058835,0,719,a014379eca967d88,2b9706977e97491b,974cde0a8d2e094c,5b1f8b8f7d9cc0e6,5c3690be9eee5840
89058835,1,719,3a651cfe55ca7c53,cce3069f1e804cd1,1721e809bf2c48d4,287337f09db38952,236d6bf8e81ca34a
89059338,0,719,04063d04c7b75fc6,4362b635fbde6c78,e514e968bc7a5f53,513f0cb0949c9b0b,2d8c6153ff8741a6
89059338,1,719,aafbcc3f0c1c7fbf,f6735b3bc5220014,2cb8dda63df6497e,bf4b17b71cd3830f,a9667a0a22170ad1
89059342,0,719,8960bd2a3c88dfc9,ef102836645d10b6,b1f3e92dcc96e3f6,3b5d86305855e5bd,b6629862ce6ab507
89059342,1,719,5a5d6622eb827e24,c09dc6acb4a16f7a,31b5f34ec43c1ad0,d0b5ac7dca9c6d45,84aaeda8dbcbc895
89059343,0,719,5cc13325491f8bdd,e4b5a8ab2d304957,a620265c27d6c5a9,2f74495c18d6d2d5,bd8531629a8a4edf
89059343,1,719,adc51d3909227c77,3ce4643a4c4197b1,2ab55763d734e7d4,cf9f235d998dda7c,ba1ad5ea5edd5ed1
89059345,0,719,62e9eeadcafd4f50,ceff5867b2b83023,37f2bf3b56e919db,7d54d6ec1d898a62,8e7da9401347112e
89059345,1,719,1d79a73a518f03e7,4b57b5c852b4f263,629b92647e636103,af1360bb750de1d3,2a499ba2e9db853e
89059866,0,719,2c6a04292fa97843,9f26340f32c94853,56ba1fafdb2355c8,8ced928ed82702af,7adcb45b170633c5
89059866,1,719,9ad905ab6fb6bd3f,de34356db0f51110,7a1e7741389ec977,84fefb863c9fa095,05ebc0f87671077c
89059870,0,719,8960bd2a3c88dfc9,ef102836645d10b6,b1f3e92dcc96e3f6,3b5d86305855e5bd,75c2e6026df92176
89059870,1,719,3da3b60f95985443,cde1a42e09840047,5d6685536f063fbb,22f656c20816c9f7,cf43cbffee5491af
89061333,0,719,2713675d60acaf36,88ef484efb9f700c,ee5824445342b4cd,844f309804c64f4e,cc9c1dbf1381d737
89061333,1,719,8960bd2a3c88dfc9,ef102836645d10b6,b1f3e92dcc96e3f6,3b5d86305855e5bd,7ec5f390685c1021
89061830,0,719,3a651cfe55ca7c53,cce3069f1e804cd1,1721e809bf2c48d4,287337f09db38952,236d6bf8e81ca34a
89061830,1,719,8960bd2a3c88dfc9,ef102836645d10b6,b1f3e92dcc96e3f6,3b5d86305855e5bd,5ba5ebaf44b46d9e
89061831,0,719,b0ed0208fbd52dfb,04aa748e650e4617,1ee157821ed88131,a7139528f9302c91,7483f3027970d942
89061831,1,719,777b64735df926de,79dabb8c5d248669,7e0b5d313e3697c5,b837db3d7bcccde4,8e87262cd42e7916
89062322,0,719,5a5d6622eb827e24,c09dc6acb4a16f7a,31b5f34ec43c1ad0,d0b5ac7dca9c6d45,84aaeda8dbcbc895
89062322,1,719,9ad905ab6fb6bd3f,de34356db0f51110,7a1e7741389ec977,84fefb863c9fa095,05ebc0f87671077c
89062325,0,719,befb339250e0e3b1,bdf8dae8df857fd4,809d403405f45a2a,2dbda9353dddfca2,ae092b279061d790
89062325,1,719,eea3d0749f0b00dd,0d5ea5ce1080abc1,16b1f74354e7bae5,34d075451a5b8e6b,0aaafcfd1e722606
89062326,0,719,777b64735df926de,eb4f3d363d2e9436,9a7e8c8ed7b5acba,5cc907867d781bae,05bb930cf81983aa
89062326,1,719,7aee564daed421c8,0523abbdb41b0954,c111afe016351526,670e9e1746e20076,bbf13b8c72db1d26
89062813,0,719,4111b900c4c22014,92b95f9d61fd4324,b463b23afa21474e,87901c7fe1ddbf73,c85ce73ea07052fd
89062813,1,719,a01ada335d8d91b3,7a28389ff60dc3ce,73e3aa3de6f1deed,1e36a5ceda0efa31,e8c6a52fa1ccba3e
89064289,0,719,ab4bfa2cdda53ab3,c8845d6ebaee9c1c,f612acfe482807ff,f06ba248d63f6a80,7379fbbcd7be4004
89064289,1,719,3a651cfe55ca7c53,cce3069f1e804cd1,1721e809bf2c48d4,287337f09db38952,236d6bf8e81ca34a
89064291,0,719,a01ada335d8d91b3,7a28389ff60dc3ce,d4f02b311da60511,51bb697c2066bf2f,3598d44f2b50a423
89064291,1,719,4111b900c4c22014,92b95f9d61fd4324,7a7eb98aebac4909,e1329c9ec4d7f381,290f8fb1de6aee56
89064294,0,719,d481bce64b4d11ae,981fd4c34e47b2fe,da3671bb6868d8a0,79ff0941ef199383,a74f7156641e6b37
89064294,1,719,a5d27ee90e81a582,a4ef115feeea50a2,0b8f7adc07df4e04,b90e29bdfb0920e4,a0296e6990fc021b
89064784,0,719,ab4bfa2cdda53ab3,c8845d6ebaee9c1c,f612acfe482807ff,9cf66cadee95a944,a340bc7bd27ec390
89064784,1,719,8960bd2a3c88dfc9,ef102836645d10b6,b1f3e92dcc96e3f6,1c4c5f165e093fdc,aec34cd4dee75f2b
89064786,0,719,3a651cfe55ca7c53,cce3069f1e804cd1,1721e809bf2c48d4,287337f09db38952,236d6bf8e81ca34a
89064786,1,719,3a651cfe55ca7c53,cce3069f1e804cd1,1721e809bf2c48d4,287337f09db38952,7adec09676edac38
89065769,0,719,ca616fa228a2eecb,cf2bd81b156547b0,34ee1cdfd70950e3,79a28da33ab47fc1,71b6cdbb4e7868ff
89065769,1,719,b0182af93dd64f92,dafcfc438ec92be5,d211e9d388f37e06,59c8dc9ff13cfa65,c4f45cd1ab3c277e
89065770,0,719,3da3b60f95985443,aa880d541a4a0c9b,68b5fa4f83836313,d6de30d110537ee4,7dc44123a59a6a6e
89065770,1,719,f011e0f4d656365b,b6008e4489dac81d,82130ae5729c60c6,3181f643be00e120,e522919d44b87f99
89065775,0,719,3a651cfe55ca7c53,cce3069f1e804cd1,1721e809bf2c48d4,287337f09db38952,236d6bf8e81ca34a
89065775,1,719,3a651cfe55ca7c53,cce3069f1e804cd1,1721e809bf2c48d4,ed924eade5d9825d,642e5d1ae0f410ec
89066264,0,719,777b64735df926de,79dabb8c5d248669,7e0b5d313e3697c5,6d9c20b24d549d38,d076a15567a33a70
89066264,1,719,d656339cce744da5,bc34068bfa0cecfc,52b79b110c3be494,5b75fbe4deb8ffeb,53cfccce9b7ac1d6
89066748,0,719,8960bd2a3c88dfc9,ef102836645d10b6,b1f3e92dcc96e3f6,3b5d86305855e5bd,45b402df3a3e8c8a
89066748,1,719,3a651cfe55ca7c53,cce3069f1e804cd1,1721e809bf2c48d4,287337f09db38952,5d7e5d0f77066044
89066750,0,719,3a651cfe55ca7c53,cce3069f1e804cd1,1721e809bf2c48d4,287337f09db38952,236d6bf8e81ca34a
89066750,1,719,089682f02b2635f4,6b7fde3b8b189e35,18a6278ab480b196,e5490a4628ee7873,efcbd4901bf1f6ad
89067223,0,719,a104d5c74d16fea2,92a03574889f56b5,72ed4698432e5e5c,ddeea94f267d0756,f584082307c33d53
89067223,1,719,d481bce64b4d11ae,981fd4c34e47b2fe,da3671bb6868d8a0,dea011b18cdbbc05,3f5601b5e36a92ba
89067711,0,719,3a651cfe55ca7c53,cce3069f1e804cd1,1721e809bf2c48d4,287337f09db38952,a843cb5b6c6662e9
89067711,1,719,a02022f71255abc8,9f1c96d5d3111fc6,e8e7cf44fbf63a03,d9f862cd57ab8dc8,d74ab8c60a5cbe8f
89067718,0,719,b0182af93dd64f92,dafcfc438ec92be5,599a80cbd17c38cb,778cae1fa788b23d,1cda5bbb8b30dc39
89067718,1,719,3a651cfe55ca7c53,cce3069f1e804cd1,1721e809bf2c48d4,287337f09db38952,236d6bf8e81ca34a
89068182,0,719,429ca8135a0e1606,c7251cce4232bda0,8aa89257f26d4b08,71ade9ed7f9d5be4,6bf78887a74ea211
89068182,1,719,a02022f71255abc8,9f1c96d5d3111fc6,e8e7cf44fbf63a03,d9f862cd57ab8dc8,d74ab8c60a5cbe8f
89068183,0,719,ca616fa228a2eecb,cf2bd81b156547b0,34ee1cdfd70950e3,417a84501ca9a937,5b640c4a5d4986c9
89068183,1,719,a104d5c74d16fea2,fe60a717063a4102,bff039b8066e61b3,dbb69454cc67d816,e04890b047494acf
89068186,0,719,0f50b44b0fc761c8,58fbc243e42371f7,df0f845dbf52bf5c,e9d9a1b78218783b,313fa74fef6835bd
89068186,1,719,d824c1c298da0a2c,eeffd4644c3f1ed7,b13701aeeb4c01f6,3bb2a858ae722782,c564635c590e6f19
89068189,0,719,a01ada335d8d91b3,96a301bbfa470682,9a60df4b23a00161,b19dc4fd8864d7b0,32ede6d448fac4f4
89068189,1,719,5633511a3cca9483,9c54859c97fe938e,68cd82dc2665ed84,d3805c308e196da2,0fe83e1affa3cec2
89068670,0,719,a104d5c74d16fea2,92a03574889f56b5,72ed4698432e5e5c,96c2ccc125358f8c,3a913568786c0cf3
89068670,1,719,3da3b60f95985443,aa880d541a4a0c9b,39701fdbc796eaf6,45e26e0569bb02e9,8da761a3943aeb8e
89068673,0,719,5633511a3cca9483,9c54859c97fe938e,68cd82dc2665ed84,114cdf5ec4b2abe3,cbd9de8aa6e085a0
89068673,1,719,a01ada335d8d91b3,be61b868959f6008,984e213f0b336455,e9b74c2b46bcbe05,ea89cf609aec676c
89068676,0,719,5a5d6622eb827e24,c09dc6acb4a16f7a,31b5f34ec43c1ad0,d0b5ac7dca9c6d45,84aaeda8dbcbc895
89068676,1,719,3aff20bbd6bb500c,507be687845649cf,614d0d4b50304690,64163c2a11abdedc,3265a5d9d7af58dd
89069151,0,719,3da3b60f95985443,aa880d541a4a0c9b,39701fdbc796eaf6,2335539ecdc9cb06,6e1b633c1811e867
89069151,1,719,b0ed0208fbd52dfb,7bca732321bf9c0d,48ecbfec98a90e83,9b01ceb5f2f0f143,825ae6635d6f92ad
89069621,0,719,777b64735df926de,daf1b766710100b2,2e38cc128497ab8e,f2740506ebcd0140,c0ac8f5e423419a9
89069621,1,719,6e9e8aa3d0cd3b7b,4ec80a5095bb1205,44fa741507e0b242,8d98e8ba6f7cc856,c83edef4d1ed4369
89069623,0,719,c2b73e3bb202761d,3660f1f1faf8d833,3b3154c4b75210b6,3cd8a5c69f194cca,3b1b75d0bdf199e6
89069623,1,719,6e9e8aa3d0cd3b7b,4ec80a5095bb1205,44fa741507e0b242,65c98f51b5c64aa5,e80ce87a3eb1d446
89069626,0,719,56326ce59b29b227,120133281e230bf7,4a51b51ec89a000a,120ff1b1dde04d8a,6eeef3d4091c73c2
89069626,1,719,d9deb9a6d344bddf,3d54cbdc9a8e8ed2,aa63940e008ad23a,3aed7c7849ea878e,93c146c60345144d
89069630,0,719,c489d91a7fa0e344,788046426cc44ae8,31f60c32463b7dda,da7e04837355fec4,97e0805d95687edf
89069630,1,719,ab4bfa2cdda53ab3,c8845d6ebaee9c1c,f612acfe482807ff,65b1bb63dc80c5ef,2cca7f1cd22a6be7
89071094,0,719,2c6a04292fa97843,9f26340f32c94853,9e14fe06a1f4e052,1eb35b58646897a5,f4e7b74a80713c08
89071094,1,719,b1ef36006b0c5dd9,fd795bff45c97cf5,ad1fd921ca708a7f,a187d19938ef72f2,57dd73665dbedb18
89071097,0,719,f011e0f4d656365b,8da61055cb6baee2,7c66db8c4b61bb96,f133d338ef6da7eb,c4ce7a71b1a8be05
89071097,1,719,3da3b60f95985443,aa880d541a4a0c9b,39701fdbc796eaf6,ab6e75aa65cf6c53,d79cc4873066cc74
89071578,0,719,8960bd2a3c88dfc9,ef102836645d10b6,b1f3e92dcc96e3f6,f736c62add85b08b,460bcd3b32da144b
89071578,1,719,c489d91a7fa0e344,788046426cc44ae8,57e97631e43f3bb2,33288ac9f6f4443e,24ec8dd8aef38d59
89071580,0,719,4bd7e7dce84f2157,7b4d28aef4ddd054,526709285ae4a0e5,f12644491a638133,c8070f45b8296100
89071580,1,719,5633511a3cca9483,9c54859c97fe938e,68cd82dc2665ed84,659e14d3c48670ae,3661c651814f826d
89071581,0,719,6e9e8aa3d0cd3b7b,4ec80a5095bb1205,44fa741507e0b242,8d98e8ba6f7cc856,bd45934e004fb139
89071581,1,719,d824c1c298da0a2c,eeffd4644c3f1ed7,b13701aeeb4c01f6,6a7375a81b4e7db0,bc477fdb9facfec2
89071584,0,719,b1ef36006b0c5dd9,fd795bff45c97cf5,ad1fd921ca708a7f,a187d19938ef72f2,57dd73665dbedb18
89071584,1,719,56326ce59b29b227,120133281e230bf7,4a51b51ec89a000a,120ff1b1dde04d8a,6eeef3d4091c73c2
89071585,0,719,8a3e967f79a0ae1e,26f660f78eb49233,71e542a1feaaef0f,f1dc503e96831bca,74ddae74de258790
89071585,1,719,5633511a3cca9483,9c54859c97fe938e,68cd82dc2665ed84,f89d837cd127c02c,1468e4a69af86167
89072054,0,719,3393df12146ca98a,4d98a2e0fb5e7bdc,11a6af1b8cf07330,c7bbc98baf65ee48,5f8b1defb40cd34b
89072054,1,719,ca616fa228a2eecb,cf2bd81b156547b0,05ed1ff29f94318f,ef9b9c933dc98592,bd3c606961a8df16
89072061,0,719,4bd7e7dce84f2157,7b4d28aef4ddd054,df95ed9060172ab9,c5345ee9dfd970ee,2ce1735ea9d500eb
89072061,1,719,5633511a3cca9483,9c54859c97fe938e,68cd82dc2665ed84,fdd63c6ad683d63f,1030ef83d4e12c1e
89073537,0,719,88129dab896e13e8,9c6fd14befdcea08,dc4d6312cc164b9b,b8fdf79a4136dc59,8fe1d894622549ad
89073537,1,719,3393df12146ca98a,4d98a2e0fb5e7bdc,11a6af1b8cf07330,e5db9a6aecd071b1,fb3ea0e67e7dea68
89073539,0,719,c489d91a7fa0e344,5f3119062a9a9e46,1f6845af4ed1421b,575507c26ae6b867,06227375e26f4e08
89073539,1,719,a0e3b08147ac15fa,c752287813203481,1e7fcd30184fa46d,136b3f3e61f19a50,a922e07d9635d529
89074005,0,719,752046ec80f80567,411a432d38e966eb,5026be395a6f9823,825e5c0276af7337,74f2a6fd89654113
89074005,1,719,ca616fa228a2eecb,cf2bd81b156547b0,34ee1cdfd70950e3,79a28da33ab47fc1,71b6cdbb4e7868ff
89074009,0,719,a0e3b08147ac15fa,c752287813203481,1e7fcd30184fa46d,136b3f3e61f19a50,0007d8de1b4b6414
89074009,1,719,3a651cfe55ca7c53,cce3069f1e804cd1,1721e809bf2c48d4,287337f09db38952,25b42e69436c9dcc
89074015,0,719,4bd7e7dce84f2157,c9b861cfbe6854bc,c05f4085ac454d53,160d56494365adbb,76a3b5366a144803
89074015,1,719,72d7e4662681dab8,7872484440cacd29,a1bee7f3128df5bc,4982e63a9f59ca53,711b6702d8358818
89074475,0,719,2713675d60acaf36,88ef484efb9f700c,ee5824445342b4cd,844f309804c64f4e,f6d28eadc726b4b6
89074475,1,719,2a2a2973a1d3092d,18889326600f2210,32b61bedaf5af392,f83926a19e558406,715b791b274d9f9e
89074479,0,719,48bab7b96a425060,52f487d95cc653ef,31d9b5c3a445dfe1,fc7439a22426f1bb,0a03a23452441dd0
89074479,1,719,2c6a04292fa97843,9f26340f32c94853,651b7f6bb0ea0141,8a2535ee18036b3f,ca0785f7a0e29ecf
89074483,0,719,7e34f7849c36e136,b19a1158a3ba9776,3f03e8a86786474a,34c0220143fa2cf6,18bc6fcd42ed3556
89074483,1,719,3a651cfe55ca7c53,cce3069f1e804cd1,a0627fa1a30c6d9e,c97a34caedc9b73e,f1573145cd08932d
89074970,0,719,1d79a73a518f03e7,4b57b5c852b4f263,629b92647e636103,cc9ba13162fe64e9,a00fbad0e94b82c9
89074970,1,719,fb01dcd749079350,09754e98a0bbe939,663389870ef249f7,94a36cead0199774,0029d84c5ce770ee
89074971,0,719,4bd7e7dce84f2157,95fa6849143d0897,9b71d5535bfc27c5,ab6e00361689c04e,b16b142c8e148c1b
89074971,1,719,72d7e4662681dab8,7872484440cacd29,2ced6e7f4ad3ab96,c508c22579b93f93,01c445c96c04f704
89075429,0,719,8960bd2a3c88dfc9,ef102836645d10b6,b1f3e92dcc96e3f6,c019353c8c2c6527,f3803ee51c54ceef
89075429,1,719,897153522ba096b1,1ffc5ebb8d58daa0,722552d4557ed23c,c1ef756412e4aa71,fffa7ec04c3eded7
89075923,0,719,00f3617c8cba6bcb,2b55f1b6c97c9eaf,c753f00294ddef9a,db89507a3bb103ed,66f919467a86da55
89075923,1,719,c489d91a7fa0e344,788046426cc44ae8,24abd412e7dc318d,4530901c7d498c8d,951b241a87c64ea2
89075930,0,719,72d7e4662681dab8,7872484440cacd29,ed19d42637942ab9,4c23898b5fbeca7e,04c5df027ab05bb6
89075930,1,719,4bd7e7dce84f2157,7b4d28aef4ddd054,44a6db02396a782e,a931540473c17e21,51c086f00a95747c
89076396,0,719,ac9a369148aaa167,3a5372a8e576f521,e8228f0c52cf13c8,77fc4fc9f2486054,fb8689c5751938ab
89076396,1,719,b450ef4588c10145,a5043cbad0462d08,1c98a23e644644b7,699412f17b280c86,b08443a1f27db456
89076398,0,719,00f3617c8cba6bcb,2b55f1b6c97c9eaf,c753f00294ddef9a,57fa7e07204b6c76,c29418b6309b3504
89076398,1,719,2713675d60acaf36,2b29d5dc28b828ee,730065f4ccad0835,9d360c46413990b6,ee3edbd7bb13aeeb
89076405,0,719,5a5d6622eb827e24,c09dc6acb4a16f7a,31b5f34ec43c1ad0,d0b5ac7dca9c6d45,84aaeda8dbcbc895
89076405,1,719,897153522ba096b1,d8ba76e9c5229c4f,3024e3b4e3815d0a,b491751657152e7e,b5ce1cf367f4b6ae
89076867,0,719,777b64735df926de,a46f0d942a4fd48d,512309afdf3c6d24,e345286812fa31c0,128b3f3e5d6f79f8
89076867,1,719,b450ef4588c10145,a5043cbad0462d08,fae4a5ffe9f4c824,a3efa784cbc014f2,e65619449cd39af5
89076870,0,719,b2a0036318f74140,1362723c49a771db,f484c01bd19a62d5,7ad01c5a91a292b8,494f3e1a7b9f09e4
89076870,1,719,7ec2f24e502118f2,69a28278df1e247e,1a8038a3b81d5780,cf9b646df393a9c2,ed6b27e9e1b9030e
89076877,0,719,3da3b60f95985443,aa880d541a4a0c9b,2dc4f0a69157b49b,2d79b75ddf1819fb,8d91d9505fca41a4
89076877,1,719,2a2a2973a1d3092d,7b8059ac2c24bf48,b09084a7601fa884,28028ca141480f16,fa41c11d6145843a
89076878,0,719,3393df12146ca98a,4d98a2e0fb5e7bdc,11a6af1b8cf07330,ebf4d8afe72c01f2,682bf17df0be5c7b
89076878,1,719,423d505549ccac92,281e4fd0fb5efc1a,9e91fa46a9e71037,58f08d2a6eb486fd,f3219668de04bd32
89076879,0,719,4bd7e7dce84f2157,95fa6849143d0897,690332625c6e8ef6,8e15bdb8a00f4579,df8bf757cffe49bf
89076879,1,719,72d7e4662681dab8,0a347563f840fa18,d241ea0231babf55,9ef1bd1cb46ff948,9feed0c595204fa5
89077342,0,719,b2a0036318f74140,1362723c49a771db,f484c01bd19a62d5,f76d22c449e67aa5,1644d4de8ebe6a46
89077342,1,719,7ec2f24e502118f2,69a28278df1e247e,1a8038a3b81d5780,cf9b646df393a9c2,ed6b27e9e1b9030e
89077343,0,719,3393df12146ca98a,4d98a2e0fb5e7bdc,11a6af1b8cf07330,1af0c5fece785a2e,7edd464e1c4ffe78
89077343,1,719,c2b73e3bb202761d,3660f1f1faf8d833,3b3154c4b75210b6,3cd8a5c69f194cca,90845194d528cf95
89077351,0,719,3393df12146ca98a,5febe5e6474b5545,aa6d0e42984a56ce,e998c3e10009355c,20e2d0a11c83114b
89077351,1,719,423d505549ccac92,281e4fd0fb5efc1a,f0d04261d1886123,824350bc1337c398,fa5d277e8ef78e00
89077808,0,719,0d233734d4394011,0b8233cb7c03b6f7,1601b3b19bf8e71c,358485eb22326a6c,d8a5ea08ef4f81b9
89077808,1,719,3a651cfe55ca7c53,cce3069f1e804cd1,1721e809bf2c48d4,287337f09db38952,236d6bf8e81ca34a
89077813,0,719,c489d91a7fa0e344,2228b638bd74e9e7,15bc598fd4514a87,d64a673a063dd234,af0e1f60cda2eba1
89077813,1,719,b450ef4588c10145,a5043cbad0462d08,4748d66a1aeecb72,00f3d1143707fe24,4fbb555def635f9c
89077816,0,719,4111b900c4c22014,85978da7754f3340,acc894320df81424,885e905241606e89,dffc0b426c00b05e
89077816,1,719,752046ec80f80567,dd4279255da8e57a,d2d443e0bbd06f28,8ba5f8c26eb475d4,9ba29acd917ea267
89078279,0,719,2713675d60acaf36,88ef484efb9f700c,ee5824445342b4cd,844f309804c64f4e,f6d28eadc726b4b6
89078279,1,719,e5ce980c170233c1,b7fc19a666904328,95e10fba85d99820,49c64b7dda982264,752e5399a84e228d
89078280,0,719,1fb1ec04f4dbc8d1,67073519ade2c1f7,78321fd8b0fba3b9,e374d59b114efafc,6da559581fa5981d
89078280,1,719,8960bd2a3c88dfc9,ef102836645d10b6,b1f3e92dcc96e3f6,3b5d86305855e5bd,07d36cf66168e806
89078281,0,719,ca616fa228a2eecb,cf2bd81b156547b0,34ee1cdfd70950e3,79a28da33ab47fc1,71b6cdbb4e7868ff
89078281,1,719,3393df12146ca98a,4d98a2e0fb5e7bdc,11a6af1b8cf07330,202334b019a1ccd5,aadb79d8a8579fb4
89078285,0,719,69b34c6d0b7a79a3,a46b6f7b5ea21333,14879d235a6c8891,a399c2b1e8c68fe9,5849b75a560264ba
89078285,1,719,eea3d0749f0b00dd,0d5ea5ce1080abc1,fcebe157380db7bd,a1cd8b3bb699b51d,3d138c1c97a1f192
89078759,0,719,26cc2f5f7206cc40,f74e6079281f4602,d6f7d571c9d3a02e,9937f7e14f92cc67,440fc56b3719bf85
89078759,1,719,777b64735df926de,915c3188f876143c,97f6df746196644e,311b299a2a9a9f21,11542cbc2f881e35
89078761,0,719,54eeccfbdbb4bf2a,a5420872e15e700a,94a4319cac68d938,eabc9686e4592bc7,7bdd12450ffa9d22
89078761,1,719,c2b73e3bb202761d,3660f1f1faf8d833,3b3154c4b75210b6,3cd8a5c69f194cca,90845194d528cf95
89078762,0,719,3a651cfe55ca7c53,cce3069f1e804cd1,1721e809bf2c48d4,287337f09db38952,b534307bf030e49a
89078762,1,719,954eee42531952ba,7627d8b49120839b,daea0fc7b2e72a34,75e522df85e6a3c5,e83b757c543393f4
89078765,0,719,2c6a04292fa97843,9f26340f32c94853,41dc7cc3f97292c0,a2cb35c343846e61,4ece1f5be2ecc3b0
89078765,1,719,3ba066c2a76fd348,09dd3780fa6dab56,3516480902a2320d,1ca33953f32eb7cd,75033c34a851644e
89079240,0,719,c489d91a7fa0e344,2228b638bd74e9e7,6e8f1f9013aa761d,8eade81d454967f5,04dc9055f73806f8
89079240,1,719,07fab4e711bb4632,74bef947d1eb79d3,0c5bd8fb102264d1,edef3ef67f2778c4,228d41a23fea61f7
89079244,0,719,136c90e159ff6244,c768d45e01ae7565,16b82e62c44c264e,56c5c6482d24c0ee,9993ec655533b82f
89079244,1,719,1d79a73a518f03e7,4b57b5c852b4f263,629b92647e636103,e1112b40cbe955e9,be7c1cc4bda9626a
89079703,0,719,046fc0114a50decb,44a600afa760a395,112819f1b5b17916,020e6e7c1bae9a40,562ecaee8454d1fa
89079703,1,719,3a651cfe55ca7c53,cce3069f1e804cd1,1721e809bf2c48d4,287337f09db38952,236d6bf8e81ca34a
89079704,0,719,3a651cfe55ca7c53,cce3069f1e804cd1,1721e809bf2c48d4,287337f09db38952,236d6bf8e81ca34a
89079704,1,719,fa824210e3949bd1,ab57ea823781b4f1,e5097c9385dc97d8,a5d6ed6649d739c1,f03aaaa4c1d2cd93
89079711,0,719,e62d461b7e931c6a,0f289daea448e78d,6e4512f5f689fbfd,164421d1cc25f398,abff173e91b599d9
89079711,1,719,1d79a73a518f03e7,4b57b5c852b4f263,629b92647e636103,af1360bb750de1d3,72f67ad8fc3cc45b
89080173,0,719,9330e961136e72ce,66da1d13c1fbdd6d,d4e96ca6a480bd83,92892d62b49b0870,7cf8e889e4f4441a
89080173,1,719,0f50b44b0fc761c8,58fbc243e42371f7,69e7a2bef5e0cdf6,c35eeedca9cf1cc8,4f4038dc8db8f56b
89080644,0,719,c2b73e3bb202761d,3660f1f1faf8d833,3b3154c4b75210b6,3cd8a5c69f194cca,90845194d528cf95
89080644,1,719,3e90bf536d29219a,bf203e7410ee296a,f6e8b4cdd5d62876,947100d8996653f6,0a7bdb4d1d21ca4f
89080652,0,719,d481bce64b4d11ae,981fd4c34e47b2fe,da3671bb6868d8a0,dea011b18cdbbc05,82c9bab338c30086
89080652,1,719,8c26094c517bd2eb,aec09393615b25e1,10fac75eae0b26d2,b90cd5e30013ebd7,af976b258767ac50
89080653,0,719,eea3d0749f0b00dd,0d5ea5ce1080abc1,4e05689179a01257,1501022ec8a1be53,1a3634bab7919605
89080653,1,719,54eeccfbdbb4bf2a,e46dc088e2a1738a,b509aa9674d1bdb4,b60aa3f379a75794,f4377264d9de8081
89081674,0,719,6d3d927155ae4549,b8eb545f3c8532c1,45bf1203b0b9295c,41c35db2222ef7d8,b62d2ab9595ddc6d
89081674,1,719,5a5d6622eb827e24,c09dc6acb4a16f7a,31b5f34ec43c1ad0,d0b5ac7dca9c6d45,84aaeda8dbcbc895
89082650,0,719,3a651cfe55ca7c53,cce3069f1e804cd1,1721e809bf2c48d4,287337f09db38952,236d6bf8e81ca34a
89082650,1,719,bc127318606ac014,b53f696c59a49d31,23aefdb3b71c9c8e,ec3c336bad738e6c,8adb1c0125fbe99e
89082653,0,719,4111b900c4c22014,42ffc5a7d1fde732,143d428434046265,5fe12262941205ad,ba078098713365bd
89082653,1,719,1a041526e7dab2fa,f14316acc255796c,171e6981d24238b8,e2d8c2058b7e7271,9143ee5b060fbddd
89082655,0,719,1d79a73a518f03e7,4b57b5c852b4f263,629b92647e636103,840455b5467499c3,c7857fc235cd5d1a
89082655,1,719,6d3d927155ae4549,b8eb545f3c8532c1,45bf1203b0b9295c,41c35db2222ef7d8,b62d2ab9595ddc6d
89082657,0,719,adc51d3909227c77,bd0db123358742ba,52fb89a73e635c16,501877e1d1fd00f3,074ddf65aaa54a1a
89082657,1,719,fa824210e3949bd1,ab57ea823781b4f1,e5097c9385dc97d8,f15752aea209241f,ef78b957ba5c64c6
89083598,0,719,f0ee0fe2b156c2e2,d9655d1c7d78fa4d,4b8d3698be78861f,af5a9a59a4045abc,2386442504567081
89083598,1,719,3a651cfe55ca7c53,cce3069f1e804cd1,1721e809bf2c48d4,287337f09db38952,236d6bf8e81ca34a
89083600,0,719,3a651cfe55ca7c53,cce3069f1e804cd1,1721e809bf2c48d4,287337f09db38952,236d6bf8e81ca34a
89083600,1,719,00ea0219e7b4e2c2,c00148e10a4765d6,8e606c7f8d0db386,0ee190f1129c080c,c6beb3fcb06eb688
89083607,0,719,0f50b44b0fc761c8,58fbc243e42371f7,69e7a2bef5e0cdf6,347d6e53d73c1122,94301fc37762ee19
89083607,1,719,5633511a3cca9483,9c54859c97fe938e,68cd82dc2665ed84,534e4a6f0a361728,4496fc46794be397
89083608,0,719,fa824210e3949bd1,ab57ea823781b4f1,e5097c9385dc97d8,f15752aea209241f,ef78b957ba5c64c6
89083608,1,719,adc51d3909227c77,bd0db123358742ba,52fb89a73e635c16,6ee0e5a2877d4f7b,017e67948adbb3be
89084086,0,719,7526901a1bb3c83e,68c580854774b207,fbc5f2aa0ebea4cd,a92daaf538d038e6,f7e342ade26b4630
89084086,1,719,5d83baf89eeb3676,a76ca5faf399ce00,b82fd7c756563677,e86ce60c89c9effe,efc9f7ac31ae6d34
89084096,0,719,c489d91a7fa0e344,b4d83c02e2f4e74a,1b83739eb74e54c8,c1a23dbec5653b50,cf918da25eaabb59
89084096,1,719,0d233734d4394011,0b8233cb7c03b6f7,1601b3b19bf8e71c,bc1ee51003588e27,2999986aedeec6c6
89084098,0,719,3e90bf536d29219a,bf203e7410ee296a,3d4b33b89f9083e8,5f5a7aa7c14c4326,c96ccc9216d5f374
89084098,1,719,3a651cfe55ca7c53,cce3069f1e804cd1,1721e809bf2c48d4,287337f09db38952,55efc2d78c0d3d58
89084583,0,719,4111b900c4c22014,42ffc5a7d1fde732,88664e605929b3ba,992e250a1f443571,96f251dd19d63d76
89084583,1,719,fa824210e3949bd1,ab57ea823781b4f1,e5097c9385dc97d8,f15752aea209241f,ef78b957ba5c64c6
89084584,0,719,4c2673a715080f15,75d3b36275a2ef21,1b71af7936f5639e,982844badf9305de,9850e2163620be9c
89084584,1,719,ca616fa228a2eecb,cf2bd81b156547b0,f19cefdcceab1297,5fe3d6245f4a7445,3020296c4ed28487
89084585,0,719,e62d461b7e931c6a,0f289daea448e78d,d176a6382fd49401,e99c1b1da7df0c2d,382148c990b5093e
89084585,1,719,5a5d6622eb827e24,c09dc6acb4a16f7a,31b5f34ec43c1ad0,d0b5ac7dca9c6d45,84aaeda8dbcbc895
89084586,0,719,4111b900c4c22014,42ffc5a7d1fde732,fe101f33458a7e64,9d67dc49596e487f,3101afd6b1bb3cde
89084586,1,719,1a041526e7dab2fa,f14316acc255796c,171e6981d24238b8,181b45360cc220e6,3870b9a5db6d6005
89085043,0,719,703947aeab3cb88a,847e543f66221368,87da240fd4ee0f49,177366c125c61b9f,6b033a4d7c3f99b9
89085043,1,719,777b64735df926de,79dabb8c5d248669,dcbaf39bfa84ac04,e64f65bfb3691d02,6f6b833527a5da36
89085046,0,719,4b585e02ea8b2492,de4c5fb6c2fc14e6,c559885df700b126,6d88a26f589a43ab,fbea7ca1da58fa09
89085046,1,719,8960bd2a3c88dfc9,ef102836645d10b6,b1f3e92dcc96e3f6,3b5d86305855e5bd,40ccd4ee4925ebc3
89085051,0,719,3e90bf536d29219a,bf203e7410ee296a,f6e8b4cdd5d62876,df09dec7bbfd5a16,218cebc6c58f39ba
89085051,1,719,88129dab896e13e8,143811ab7ab9ec98,de84387df100fa47,dde755febfbf5ba1,e6deb624e061fba8
89085529,0,719,1aa501a5316f592f,4b8c72c7d212fae2,c032eef1ab90423a,7b244df0ce422919,bd1adc6722079d90
89085529,1,719,c2b73e3bb202761d,3660f1f1faf8d833,3b3154c4b75210b6,3cd8a5c69f194cca,90845194d528cf95
89086008,0,719,b339d567a52c4840,c6b8fc9a74d27439,a3c0d3ceca31b53c,cdd872497528f720,b260e0829a4bcb46
89086008,1,719,2c6a04292fa97843,9f26340f32c94853,8317cbc8f81f652c,df7ac9ba1160c243,11a9db1c73f927af
89086018,0,719,fa824210e3949bd1,ab57ea823781b4f1,e5097c9385dc97d8,f15752aea209241f,ef78b957ba5c64c6
89086018,1,719,4111b900c4c22014,92b95f9d61fd4324,01c716e8f15fe3d0,b193933a6ef3d2be,056011a6ef68e399
89086484,0,719,3da3b60f95985443,aa880d541a4a0c9b,39701fdbc796eaf6,0bd6b22cf801fdbe,a784a7fc685b68a1
89086484,1,719,41f5a4543bcca589,9f95e05420b9833e,fe7e6d194281be0e,d01c5a572b5d0347,41988fea46f200a3
89086487,0,719,8960bd2a3c88dfc9,ef102836645d10b6,b1f3e92dcc96e3f6,49d0e8191d8a1cff,194da3a4e176d5a0
89086487,1,719,703947aeab3cb88a,ecdb3bd9cfd70d56,9525a5e4331694d1,f3ff6ebe229e7daf,6c09438a804c9666
89086497,0,719,1d79a73a518f03e7,4b57b5c852b4f263,629b92647e636103,e3d740841d0314e0,106db6c576c8a3b3
89086497,1,719,8c26094c517bd2eb,aec09393615b25e1,10fac75eae0b26d2,b90cd5e30013ebd7,af976b258767ac50
89086498,0,719,0f50b44b0fc761c8,58fbc243e42371f7,69e7a2bef5e0cdf6,c35eeedca9cf1cc8,e96f70a81db141de
89086498,1,719,d824c1c298da0a2c,eeffd4644c3f1ed7,b13701aeeb4c01f6,d8a673f722deb56f,02d30daad5112ec3
89086963,0,719,3da3b60f95985443,aa880d541a4a0c9b,39701fdbc796eaf6,9fc126f28046c7a2,33ff630c503e0bf3
89086963,1,719,661736f6d57abccf,fa8f6102f018515d,46a45557037da79d,99c682a45aec32a4,c8d5a1f8880ba9fb
89087914,0,719,41f5a4543bcca589,9f95e05420b9833e,fe7e6d194281be0e,8ff2ec8002a2d5b4,0d40f8c213b26a8f
89087914,1,719,6ad83ed0c074f012,c70a17c50f71e874,4b1fc64b9bb8171a,81d01d6b0c1f4bb7,ba3b58a12ea4e47d
89088397,0,719,8960bd2a3c88dfc9,ef102836645d10b6,b1f3e92dcc96e3f6,95283ea39ec2643d,be0e5521a374f78f
89088397,1,719,b9409793da463143,2816b52ed66e01b2,883beca42c973e5a,0ac2089bfe8d518b,51127e45be83cdfa
89088867,0,719,8960bd2a3c88dfc9,ef102836645d10b6,b1f3e92dcc96e3f6,77a7b4f6d1fd751b,72e5424094df5d27
89088867,1,719,8548e3ae5d6f7425,d9c1a8643e414553,de9ad2283e1c4d7c,91e6380547df79b6,2056c0ccf3fdcb63
89088870,0,719,8960bd2a3c88dfc9,ef102836645d10b6,b1f3e92dcc96e3f6,3b5d86305855e5bd,ca7e4a62c10b3d5f
89088870,1,719,7526901a1bb3c83e,68c580854774b207,5ccd9121835f19fc,b037f45206cb9299,d34a5e8bd96af5a4
89088874,0,719,ce9f6051e218edca,d2405d79adf66df0,0501d295487bbd26,fab56307b2ff489d,c7329a90f5208017
89088874,1,719,ca616fa228a2eecb,cf2bd81b156547b0,34ee1cdfd70950e3,79a28da33ab47fc1,71b6cdbb4e7868ff
89088880,0,719,72d7e4662681dab8,7872484440cacd29,d10609ba91eed094,6bd19feda830c43c,0e439d28bc80f4bd
89088880,1,719,4bd7e7dce84f2157,6b0c9a35223a48a0,2d9cb195da20f06f,7cd69030d479942e,ccab627f9076e3f9
89088881,0,719,54eeccfbdbb4bf2a,c7297c5d77c8753b,b9b36c779ba14c6b,e2af9d6654ba6a8b,80c14d57fbca0b9b
89088881,1,719,04063d04c7b75fc6,ee74c219692bb3d0,479b398a76fb4b76,dba1c833efe8bfac,a823a3b47be38ae8
89089357,0,719,4111b900c4c22014,92b95f9d61fd4324,f8722d1a3f08a888,f4627d3b179a0bc4,d6b73e50f7a7da78
89089357,1,719,fa824210e3949bd1,ab57ea823781b4f1,e5097c9385dc97d8,f15752aea209241f,ef78b957ba5c64c6
89089835,0,719,5ce08a70b33fb1b4,fda2196ffd4f521d,6247fa1391a2e838,fddc36ec9d714dbe,74d16aad8f17ceb4
89089835,1,719,3a651cfe55ca7c53,cce3069f1e804cd1,1721e809bf2c48d4,287337f09db38952,236d6bf8e81ca34a
89089846,0,719,4bd7e7dce84f2157,7b4d28aef4ddd054,a8a441bed5b2d3f8,e181b03e303038d5,813a6795ce89fab9
89089846,1,719,72d7e4662681dab8,7872484440cacd29,8d009ca9d63b39b8,98344930be395431,bdedad454ddbab12
89090320,0,719,fa824210e3949bd1,fa5f1863c309d8fe,83c037f4b39031a5,ebfdbb21f7494b26,1670b083cbbf5194
89090320,1,719,4111b900c4c22014,92b95f9d61fd4324,7b6c8a4f1efbb9da,8ce5fe8c41c26975,3d9153e2600bff99
89090787,0,719,ca616fa228a2eecb,cf2bd81b156547b0,34ee1cdfd70950e3,79a28da33ab47fc1,71b6cdbb4e7868ff
89090787,1,719,08012323f826c802,bf752b7ef8f96f44,23cb8122516d6cd4,bde3eacbf7b4407c,73393ab8c6653a6f
89090794,0,719,fa824210e3949bd1,ab57ea823781b4f1,e5097c9385dc97d8,f15752aea209241f,ef78b957ba5c64c6
89090794,1,719,4111b900c4c22014,92b95f9d61fd4324,7b6c8a4f1efbb9da,7a808f2af74a62c1,28202a99fd72f569
89091263,0,719,5a5d6622eb827e24,c09dc6acb4a16f7a,31b5f34ec43c1ad0,d0b5ac7dca9c6d45,84aaeda8dbcbc895
89091263,1,719,4b585e02ea8b2492,79bc485d132725e7,1d14d51eaf2a625e,4e13bc01eba216e5,aabcf667d3c7193c
89091271,0,719,8960bd2a3c88dfc9,ef102836645d10b6,b1f3e92dcc96e3f6,3b5d86305855e5bd,366bd2803ff9cf90
89091271,1,719,7526901a1bb3c83e,68c580854774b207,fbc5f2aa0ebea4cd,67aa27f23ca65255,f3b1629b3cc5d293
89091272,0,719,4111b900c4c22014,fb814445680244d0,d316b1f1ae1f9892,14b85f0fff31e4ba,df078e163b0fc8eb
89091272,1,719,fa824210e3949bd1,fa5f1863c309d8fe,83c037f4b39031a5,336cadda4fdb44ac,99b9c4a9da59afe3
89091274,0,719,2c6a04292fa97843,9f26340f32c94853,99cf56b9f4ca40ed,a659f5e8f1bdb59b,51f9a63ecafc83ef
89091274,1,719,b450ef4588c10145,a5043cbad0462d08,95c782f366d22154,2a3ed0243a97afc9,c6198ad87ba914d5
89091741,0,719,360abb0520185b86,acc31b300a17e4ba,f6f5db1a66c7c1ce,6fbbe1e00a847f24,c36ba86fff61ced6
89091741,1,719,88129dab896e13e8,ec4c044d170406fd,5e80a56268f830a5,fd1df43deb13e3a8,391c44000697adfd
89092218,0,719,777b64735df926de,79dabb8c5d248669,7b756374b08344eb,67a6a7cd5a6ae9ee,02da93b739579b9c
89092218,1,719,c0301b2ab821c87e,f8e42dde679756e7,68b621b24e5b2ffc,bd5f05164ae6800d,7071195880d3de66
89092231,0,719,fa824210e3949bd1,fa5f1863c309d8fe,83c037f4b39031a5,a68d23d776e534b5,4ee7d0c7332eeeb0
89092231,1,719,4111b900c4c22014,42ffc5a7d1fde732,bb01af2b0e2195bd,a6e203f18ce9ffc2,c1ac6a1167740898
89093225,0,719,7526901a1bb3c83e,68c580854774b207,fbc5f2aa0ebea4cd,67aa27f23ca65255,d81bb4e6b6939165
89093225,1,719,2c6a04292fa97843,9f26340f32c94853,a98bd5179a2bc91c,ae4f50d08fbc8824,ed9f74bc557dbd25
89093226,0,719,4bd7e7dce84f2157,9ca73c793aaec732,75afdc7151f47e03,c1354022b7a8dad2,14cfeee4f70c3088
89093226,1,719,3da3b60f95985443,aa880d541a4a0c9b,39701fdbc796eaf6,27335d22c2fd24a4,8fd0dbf5e33a3811
89093237,0,719,8c26094c517bd2eb,aec09393615b25e1,10fac75eae0b26d2,b90cd5e30013ebd7,af976b258767ac50
89093237,1,719,5a5d6622eb827e24,c09dc6acb4a16f7a,31b5f34ec43c1ad0,d0b5ac7dca9c6d45,84aaeda8dbcbc895
89093714,0,719,4111b900c4c22014,92b95f9d61fd4324,035f382e3f5d70df,e5a7606ee0796762,0122954f68ee2268
89093714,1,719,fa824210e3949bd1,fa5f1863c309d8fe,83c037f4b39031a5,a68d23d776e534b5,4ee7d0c7332eeeb0
89094653,0,719,25ca6a7fb3f8d5fe,88276a014897edcf,a7f4dbb70455dfe3,a7b9bd1cca377fb1,d401af2112b7c187
89094653,1,719,eea3d0749f0b00dd,0d5ea5ce1080abc1,eb6ed27bc3c3bcc0,d4895849693ba290,15116f86af5b9b0b
89094654,0,719,3a651cfe55ca7c53,cce3069f1e804cd1,1721e809bf2c48d4,287337f09db38952,236d6bf8e81ca34a
89094654,1,719,cb9e6ca6a1190614,d8483224184ca20e,7abcc969bb047409,bae358df99122266,263ea996bfc1910f
89094666,0,719,5633511a3cca9483,9c54859c97fe938e,68cd82dc2665ed84,e801716337297151,dbdc711550cda961
89094666,1,719,8548e3ae5d6f7425,d9c1a8643e414553,044955a7b8ec0cf9,a598cbc68d4715d0,f6a786077a7d71c1
89095135,0,719,3a651cfe55ca7c53,cce3069f1e804cd1,1721e809bf2c48d4,287337f09db38952,236d6bf8e81ca34a
89095135,1,719,8960bd2a3c88dfc9,ef102836645d10b6,b1f3e92dcc96e3f6,3b5d86305855e5bd,07d36cf66168e806
89095615,0,719,8960bd2a3c88dfc9,ef102836645d10b6,b1f3e92dcc96e3f6,3b5d86305855e5bd,07d36cf66168e806
89095615,1,719,50bb6938ae0103ca,e08e4a5f18abaf6e,e63d7c182c7fc648,a250457a26c5375e,795e0c58a5e50467
89095616,0,719,60c851aad2661ff1,443aa8d7e1b3b3c3,e62ebfa42ee42424,981040fb1d743d55,6ae49cbfd87444ca
89095616,1,719,cb9e6ca6a1190614,d8483224184ca20e,7abcc969bb047409,bae358df99122266,aa2cf3420923e49d
89095617,0,719,c2b73e3bb202761d,3660f1f1faf8d833,3b3154c4b75210b6,3cd8a5c69f194cca,90845194d528cf95
89095617,1,719,17d4760d2d302ea5,6ddf6c6288fff3a7,b9a7f3032998848b,4d4f430ed68502fe,757035be15868b50
89095621,0,719,777b64735df926de,02884cfafcd378d3,e35664839ad136e1,1ad79ccedcea8a4e,8fc7960b5e90d57f
89095621,1,719,6b34099dd1986324,760ae8c18cfc8f4a,5508627ea36def2f,4aba091ff8ccec67,1199d678c822f51f
89096088,0,719,8960bd2a3c88dfc9,6ab39f823743778f,8b11f4a1afffeca2,dc0e65c7b9da15b8,7f91c4f09f06cd3e
89096088,1,719,25ca6a7fb3f8d5fe,ba3829a3cf10f136,05013bd265e7853d,a6b77b89cba3316b,aa6fa5746fa46684
89096093,0,719,8960bd2a3c88dfc9,ef102836645d10b6,b1f3e92dcc96e3f6,3b5d86305855e5bd,07d36cf66168e806
89096093,1,719,2c6a04292fa97843,9f26340f32c94853,1df8dfa82eeae83e,3be77dd1036ce639,bc1c27bffbcb766b
89096095,0,719,50bb6938ae0103ca,e08e4a5f18abaf6e,e63d7c182c7fc648,dd709eb52f408b45,a5cd446c4952b13c
89096095,1,719,d481bce64b4d11ae,981fd4c34e47b2fe,da3671bb6868d8a0,dea011b18cdbbc05,1ea5ed0c2f79287c
89096577,0,719,50bb6938ae0103ca,e08e4a5f18abaf6e,e63d7c182c7fc648,dd709eb52f408b45,a5cd446c4952b13c
89096577,1,719,c489d91a7fa0e344,61bed735c16178b6,6517cd594fd07701,7336171da8f596fa,b6369d57191c9daf
89097539,0,719,ff8ee37247231593,bcca51647819c8bc,e83e2fa9d861a9ba,3e8a79382a6d494d,c5d94c0105aa87f5
89097539,1,719,3a651cfe55ca7c53,cce3069f1e804cd1,1721e809bf2c48d4,287337f09db38952,236d6bf8e81ca34a
89097541,0,719,490228fb1678412b,29f459dc66c9ccde,ae038aabfe13962c,8d58a9d3d65200ef,2ab845e144a70b3b
89097541,1,719,8960bd2a3c88dfc9,ef102836645d10b6,b1f3e92dcc96e3f6,2bee13f6263116ba,a4d6ae69380f3bd3
89098025,0,719,86916308a5196534,6e7cc3e6a8cf693a,31b7c90add9d7676,a6b2e0a55ae8468f,917da7ad4a9e3b47
89098025,1,719,5a5d6622eb827e24,c09dc6acb4a16f7a,31b5f34ec43c1ad0,d0b5ac7dca9c6d45,84aaeda8dbcbc895
89098031,0,719,9e718fa4a31c0025,5e647d297edf8089,9f6dd23fa147b2ce,f4f76ad6699a2627,765722f163c6b51c
89098031,1,719,72656a2fe3434f89,be52708f9868014f,46d92059468680d9,22bc134a8b5a373f,9f68d18f71d04613
89098498,0,719,88129dab896e13e8,1ff83152a9a11231,3520049478e3f10d,35774fb906ad9334,88667638a9c413a5
89098498,1,719,fcb3221dc5f2609c,c048ebc89abe2864,78bc966d09c3338c,58409e70b3d23381,1a570e268647445d
89098982,0,719,2c6a04292fa97843,9f26340f32c94853,9e14fe06a1f4e052,fe5b325f54af0c95,ffbe81c2496f8fc2
89098982,1,719,ff8ee37247231593,bcca51647819c8bc,e83e2fa9d861a9ba,6c987e742fe2ef87,cf175878f10b593a
89099951,0,719,fde809385090debb,91b1d53957f3264a,3bc354c37ede7804,8d94c208d899bc17,229688d5d3f78782
89099951,1,719,2c6a04292fa97843,9f26340f32c94853,c5f5128257e47274,648c8cc2a42d6b46,30484f12d3d6c2da
89099953,0,719,3a651cfe55ca7c53,cce3069f1e804cd1,1721e809bf2c48d4,287337f09db38952,236d6bf8e81ca34a
89099953,1,719,4991ca66f5af7361,2209100be3866c65,d9c102d47e5e60bf,ec613425fe52ef67,9908ab9c0f7b59dc
89099955,0,719,a2201321d72b45b9,230679fa82e16185,893abc1dadd6b293,33bfbc46e016bbb9,8e5b66635191766a
89099955,1,719,5633511a3cca9483,9c54859c97fe938e,68cd82dc2665ed84,b35cf8b6a0b37dd0,410feba8fa46a3b8
89100440,0,719,fde809385090debb,91b1d53957f3264a,6f36620169aaf958,5ef9e7531a90f8d6,2ad89119d2da481b
89100440,1,719,c489d91a7fa0e344,b4d83c02e2f4e74a,20ef76ea625e4d15,ab4e1b42692bac62,eb2b75900db42240
89100454,0,719,8960bd2a3c88dfc9,ef102836645d10b6,b1f3e92dcc96e3f6,3b5d86305855e5bd,07d36cf66168e806
89100454,1,719,8960bd2a3c88dfc9,ef102836645d10b6,b1f3e92dcc96e3f6,3b5d86305855e5bd,67e34930e05a655f
89100925,0,719,777b64735df926de,3d09b44daef70d9b,55ffe30e9eb3847c,793339c1a2c5a960,9d1d9bb14a237989
89100925,1,719,53b1c24389e1c44f,f0b6c84c8e7155d6,7937a39a7afc0095,0f2bd124d2b70287,69f821a99709f58b
89101419,0,719,5c81e580fb5d54a5,5c6dc832238dda4e,ff813786abff9981,c16d93a36156fba1,19c8fcc4c8488037
89101419,1,719,d481bce64b4d11ae,981fd4c34e47b2fe,da3671bb6868d8a0,dea011b18cdbbc05,3f5601b5e36a92ba
89101885,0,719,8960bd2a3c88dfc9,ef102836645d10b6,b1f3e92dcc96e3f6,3b5d86305855e5bd,56ded85e13532cde
89101885,1,719,8168b33642dae19f,7b2f2d7057240b0b,d33c3f5d214026c8,3a7c646d7da5f402,3aa640ddc08e47db
89101887,0,719,88129dab896e13e8,0510456e0e5598cf,b45fe8cd35c697cb,f4072d5c29cd392f,fd3f9607f51ecab6
89101887,1,719,0e8e165e35046077,c0e09ef4240a1ee9,1c84cb04aeff8588,e10d1e2b23398f8a,4051dd5a39d48c5f
89101889,0,719,5a5d6622eb827e24,c09dc6acb4a16f7a,31b5f34ec43c1ad0,d0b5ac7dca9c6d45,84aaeda8dbcbc895
89101889,1,719,da61aef13f9c0b70,9eb770864f9b1d49,55aca24439d980bb,33fa93a51122df43,47d6c9ecf9c51068
89101895,0,719,1d71b2caf0bea069,b84b1609cf626ddb,0b70d265a896362b,515ca98601076733,6a4d5ef11bfebb95
89101895,1,719,b2a0036318f74140,1362723c49a771db,565e657c26386c96,22117a024db396de,f892a6f5983a8933
89101898,0,719,fde809385090debb,91b1d53957f3264a,ba10577bca4dd70b,d3cb22749b689baf,586975dca83a4131
89101898,1,719,5633511a3cca9483,9c54859c97fe938e,68cd82dc2665ed84,2a2eb5531081e650,849cec472fc89f9a
89103885,0,719,6238e0bd1cd3c9ae,e67b3a3a1a497b77,3a9f9f08ca197dcf,d53c66208fbce69d,7393f529cc40d2a0
89103885,1,719,2c6a04292fa97843,9f26340f32c94853,5313afe3df3a1dfb,6225264af1fdca48,4e93c4217c95e320
89104359,0,719,77234ab36af0ef37,72a40d18bfbd0f41,05dacfd42886a9a0,6d2500c9e418ae91,f7f0ed6b8e79f0b1
89104359,1,719,8960bd2a3c88dfc9,ef102836645d10b6,b1f3e92dcc96e3f6,3d9dd433ddc82bb4,5ec60457f3af37e6
89104372,0,719,5633511a3cca9483,9c54859c97fe938e,68cd82dc2665ed84,13c88a0fb7f0e0b1,b0675a4593dff306
89104372,1,719,53b1c24389e1c44f,52b5f6ca50b9ce79,f060f6a91b0b6868,5c0545b9ad368b93,74d3967214164f68
89104846,0,719,2dc5e6ff997c5c3e,9dd22750d2d12bc2,ff57337c9539a99d,e0a850a8ca6d7268,13f913213bd4c23c
89104846,1,719,77234ab36af0ef37,4fec417a6a45c167,c6f7510fd895fa6f,85b9d29828e32436,21b8f0eb1de01bf5
89105839,0,719,3a651cfe55ca7c53,cce3069f1e804cd1,1721e809bf2c48d4,287337f09db38952,8084accae98251ef
89105839,1,719,0590bfa631b9c014,9042364a9b82391b,a8f335f20e5bd40d,42859374d5b2833a,4a916ef961d3d236
89105850,0,719,5a5d6622eb827e24,c09dc6acb4a16f7a,31b5f34ec43c1ad0,d0b5ac7dca9c6d45,84aaeda8dbcbc895
89105850,1,719,994b18cfbb6337bc,3d302e067e06b201,34b78578f9b43887,b1265923a45c840d,ced32dce88e10630
89105852,0,719,2c6a04292fa97843,9f26340f32c94853,af2044b409251cf7,b3f984165011c4e7,bf7ceb3c939a8980
89105852,1,719,b9409793da463143,2816b52ed66e01b2,a4cc2297f69f1ed6,b1c5199c10f92303,fc9f0ec334abf468
89108291,0,719,c489d91a7fa0e344,56f64cccc0b8d985,7e9b65e06f78ab44,7016e291cb1666a3,61023967453e49bc
89108291,1,719,c0301b2ab821c87e,f8e42dde679756e7,68b621b24e5b2ffc,bd5f05164ae6800d,ed00872a8b496ff2
89108303,0,719,c1eb7500ba8576ff,2a03aa6a52acab36,e05c01063561ceb5,83c1baacef2df097,729b3e5a3926cc92
89108303,1,719,3a651cfe55ca7c53,cce3069f1e804cd1,1721e809bf2c48d4,2a0cfbd866f1c638,5cc4af6324735af8
89108309,0,719,c0301b2ab821c87e,f8e42dde679756e7,68b621b24e5b2ffc,bd5f05164ae6800d,264d0fcfc9ee2955
89108309,1,719,3a651cfe55ca7c53,cce3069f1e804cd1,1721e809bf2c48d4,287337f09db38952,236d6bf8e81ca34a
89108803,0,719,2c6a04292fa97843,9f26340f32c94853,b39c757f15810706,7fb231fb837cd6c3,4078868f40aa85c1
89108803,1,719,e832c0a014986a44,ccc88d6d05a62aac,5e99aee9ed1df944,5e522c44249c6398,d08ba0440d4baea3
89108805,0,719,8f3e13d4b951b163,cb5eff8a98dce3b0,e65d77396dc69389,f891f95c206e7e95,77622478c70e765b
89108805,1,719,3a651cfe55ca7c53,cce3069f1e804cd1,1721e809bf2c48d4,9e7ca77ed6815039,0342fd7ee246ee01
89109280,0,719,3a651cfe55ca7c53,cce3069f1e804cd1,1721e809bf2c48d4,287337f09db38952,68d44bc461e37125
89109280,1,719,4bd7e7dce84f2157,1c7bba448113411a,b5c6114b06352525,3c4f629059128247,9b5ada7d05c8d5b6
89109291,0,719,5633511a3cca9483,9c54859c97fe938e,68cd82dc2665ed84,8b7519c2c37667d6,6c9fb11b89ec918f
89109291,1,719,fb2179663281293e,89ef3478377824d7,737cba8f34212915,3a73be046499ac72,f6c7e615e40ba511
89109293,0,719,827fb41bc996ce29,61f23e65dabcd9af,feda209925fcf49e,9201e8c56d4804b9,8e8e8c1359821d0a
89109293,1,719,e8676ddfa10ffe4f,014116fb43946b08,3d68d0d3e7f671d2,652547deb88bf018,a2c0759f12defa3a
89109786,0,719,5633511a3cca9483,9c54859c97fe938e,68cd82dc2665ed84,65846ea974bafa65,f93eb86fec2f2ecc
89109786,1,719,65fd5a8b2e5028e8,51466e12892fa748,2a199e045c68017c,76a50ebae7837e92,96a331de5eea9abb
89110745,0,719,605939771120a262,54e0b5c4a37e27ae,1c256ff0bb983039,9736582ef85883c8,f463d2b54ffdebff
89110745,1,719,3a651cfe55ca7c53,cce3069f1e804cd1,1721e809bf2c48d4,287337f09db38952,236d6bf8e81ca34a
89110747,0,719,3a651cfe55ca7c53,cce3069f1e804cd1,1721e809bf2c48d4,287337f09db38952,b534307bf030e49a
89110747,1,719,c0f939ed03c65bc6,6de3f0aaf4ed7d71,e05172316185f3ab,8f956d61460d56a4,e663a6018e9b62fd
89110750,0,719,5a5d6622eb827e24,c09dc6acb4a16f7a,31b5f34ec43c1ad0,d0b5ac7dca9c6d45,d7cfd8f47f49a4da
89110750,1,719,10fb828fd09e04cb,b2e315991d2a215b,212b777afa70b3f7,c80693a6918ec4a9,06cdea3ee3cb5037
89111239,0,719,7865f18b97dbd71d,71458332a7127d4e,89e606ba4cabbd57,1c2eac99ef3a6898,7903b7c915b34b0d
89111239,1,719,c489d91a7fa0e344,788046426cc44ae8,51fb9b4bbcbe0880,97397533442b16a1,c4575ba741a47940
89111250,0,719,8be792b71364c14d,d34e59ca31a73034,e939c5ed6f781a44,e4cdbbd93989c50b,24f83d963cc1436e
89111250,1,719,5633511a3cca9483,9c54859c97fe938e,68cd82dc2665ed84,32e31500e31b22b1,74e5544fbca39207
89111730,0,719,10c3b2845fc7e3aa,5a4560431596c354,96a8969a01cececd,68d7ab06874a4295,90f98140e4ef3e30
89111730,1,719,3a651cfe55ca7c53,cce3069f1e804cd1,1721e809bf2c48d4,287337f09db38952,236d6bf8e81ca34a
89112220,0,719,c489d91a7fa0e344,836c7ca54a7c9a9e,965180286b3f7d3b,345022369911612a,217a7ee3cb983c99
89112220,1,719,e13399ad37be63e8,e5a5b24cdb625588,d1430f085b309025,b43121cd5c946e47,b7c2c89b0c8071cb
89113705,0,719,5a5d6622eb827e24,c09dc6acb4a16f7a,31b5f34ec43c1ad0,d0b5ac7dca9c6d45,84aaeda8dbcbc895
89113705,1,719,c1eb7500ba8576ff,2a03aa6a52acab36,e05c01063561ceb5,83c1baacef2df097,729b3e5a3926cc92
89114179,0,719,7865f18b97dbd71d,9779a5c7d0185f4b,efcf2e807603b3e4,f3c52162dc4c6de9,40f31e5e9c221a56
89114179,1,719,8960bd2a3c88dfc9,ef102836645d10b6,b1f3e92dcc96e3f6,3b5d86305855e5bd,47fede3c7e93171f
89114188,0,719,8960bd2a3c88dfc9,ef102836645d10b6,b1f3e92dcc96e3f6,c019353c8c2c6527,e37b61c5dd239d9b
89114188,1,719,b9409793da463143,2816b52ed66e01b2,965ba15f4780093a,80dd76ac43973b77,f676944d963e3e24
89115201,0,719,8960bd2a3c88dfc9,ef102836645d10b6,b1f3e92dcc96e3f6,9e940c968b5ebd88,04594e9ffee95fd3
89115201,1,719,152b44e2d77627d9,ee27452ea6bb2ca0,ecd3523c9efee9ee,cee9fe3871f8a208,2a2fec68c72d5ff2
89115208,0,719,7aaa79411f0f3a71,a80e9e0e2dada8dd,51c20b3301b917dd,cfd7be91d4e148c1,9eea19f85768dc90
89115208,1,719,5a5d6622eb827e24,c09dc6acb4a16f7a,31b5f34ec43c1ad0,d0b5ac7dca9c6d45,84aaeda8dbcbc895
89115211,0,719,88129dab896e13e8,40233f8e360a2964,cf48007467a777f3,03fa4a4a67aab79b,2598ac9fde1846eb
89115211,1,719,7865f18b97dbd71d,71458332a7127d4e,103df5c81844ec55,4d5f05ba968433e5,0b396a77807258e5
89115689,0,719,40f7e3af6a7b4c0d,0ab7da1c1676a1ac,262edeea4f673b36,da7ad422fcf08e7a,19f272ecba922897
89115689,1,719,3a651cfe55ca7c53,cce3069f1e804cd1,1721e809bf2c48d4,287337f09db38952,236d6bf8e81ca34a
89116163,0,719,8960bd2a3c88dfc9,ef102836645d10b6,b1f3e92dcc96e3f6,06a3e3304fa8a7ec,cb723462d5306c6f
89116163,1,719,ca587d833e3234fc,1490cf52d3fae9eb,12181707347c186a,638270295d2fc8c4,4862e19d052ad769
89116165,0,719,c23eb8aa13c92dbe,4bbed0c1d9da202a,4fd887f099d02b4d,be9ebb2bc6b58288,1791ef9e7ab8cd5b
89116165,1,719,3a651cfe55ca7c53,cce3069f1e804cd1,1721e809bf2c48d4,287337f09db38952,21e9b6223245ba08
89116176,0,719,777b64735df926de,cdd0084da5b14c23,63fd520115a95714,84bb01164e7632ae,2e14166ee0a9e631
89116176,1,719,d4e6f606fc0c8728,d62b74beae0f5a69,4ac41e2b9100f1c5,120786786ed718fd,7eb4c8e2582b1b99
89116658,0,719,5633511a3cca9483,9c54859c97fe938e,68cd82dc2665ed84,915ee036ff4b196f,db9f698469f1fd31
89116658,1,719,51c08b21dac05c17,dc3731bea3be4b7d,f26b3d84febed1d0,5caf0100b68f72d5,4c14bac2e7b4eed8
89117153,0,719,51c08b21dac05c17,dc3731bea3be4b7d,f26b3d84febed1d0,5caf0100b68f72d5,4c14bac2e7b4eed8
89117153,1,719,5633511a3cca9483,9c54859c97fe938e,68cd82dc2665ed84,f65b3072bab91c1c,e2e269498c9c4a04
89117160,0,719,d3e088c6b78c0f7d,20da0127593d9d3a,1351b0f75e2f125b,92a75e67231ba83e,a4161526fefba8bf
89117160,1,719,ca616fa228a2eecb,cf2bd81b156547b0,34ee1cdfd70950e3,79a28da33ab47fc1,71b6cdbb4e7868ff
89117640,0,719,d481bce64b4d11ae,981fd4c34e47b2fe,da3671bb6868d8a0,dea011b18cdbbc05,82c9bab338c30086
89117640,1,719,cca9bf02244af633,46bee6dd7d805561,96b2daa15185431a,60425707dfefc9fa,4815d89f47030add
89117654,0,719,56326ce59b29b227,120133281e230bf7,4a51b51ec89a000a,120ff1b1dde04d8a,6eeef3d4091c73c2
89117654,1,719,010419279f407f09,214c71dfd4d77cde,0c884555712adec3,76fc31ce901f3f08,172ca6463f45f9d2
89118615,0,719,3a651cfe55ca7c53,cce3069f1e804cd1,1721e809bf2c48d4,287337f09db38952,527fc2b083286c38
89118615,1,719,51c08b21dac05c17,dc3731bea3be4b7d,f26b3d84febed1d0,9709cd416a8a5a46,915f1bddd71dcd75
89118621,0,719,ca616fa228a2eecb,cf2bd81b156547b0,34ee1cdfd70950e3,79a28da33ab47fc1,71b6cdbb4e7868ff
89118621,1,719,8aeaa7b6d4863729,78dcddcadf687786,aa024f431d02879a,b44c9d5053a9cecb,6861494981d129e4
89118623,0,719,3a651cfe55ca7c53,cce3069f1e804cd1,1721e809bf2c48d4,287337f09db38952,236d6bf8e81ca34a
89118623,1,719,7839e0e4ae073f80,d248e356ca504b24,e479e9392cb1f43c,5e6cb910b34c71f0,5ac1e31e851dc39c
89119593,0,719,fef30558880ec595,f016833983da2275,dc8901dd8f5faaef,b338df57c8955a2d,053a66a324bc7545
89119593,1,719,88129dab896e13e8,1ff83152a9a11231,21e5e8c26e5cc785,5b661597002fca56,f737194c467e143f
89120589,0,719,617dd029826bd78e,c134bce448c53bb3,992982525cc68340,0012b8d9d8a28be6,bdaea9fcc875e74a
89120589,1,719,3a651cfe55ca7c53,cce3069f1e804cd1,1721e809bf2c48d4,287337f09db38952,236d6bf8e81ca34a
89121057,0,719,777b64735df926de,79dabb8c5d248669,b42b7aa2f99b280c,c183e58773a31561,b0d006f20893d9ec
89121057,1,719,43b9dec9fc166896,567fc69db1670e90,1965f090e75b45b2,f2cf311c8e5d0ce3,7fd536e63dcc47fa
89121069,0,719,182881a7e21bebff,50fcb308288f8e55,a97a6f05954e4c5d,bb6bb02a88d9b79f,dcd1db56df954b4c
89121069,1,719,3a651cfe55ca7c53,cce3069f1e804cd1,1721e809bf2c48d4,287337f09db38952,dda2de0458949700
89121541,0,719,c012b9ba5347398b,40893ad411255842,b6c82a045231ae2c,f540c414ec921804,bde2b36297fe5755
89121541,1,719,8960bd2a3c88dfc9,ef102836645d10b6,b1f3e92dcc96e3f6,3b5d86305855e5bd,07d36cf66168e806
89121552,0,719,6fe5ae2accc85bf1,dbae54598ef30c83,0beae1ee33143962,8dd774b3c7c3a6fa,641ab4893ab892e9
89121552,1,719,2dc5e6ff997c5c3e,6e93c5d5c279b97b,0ebd5be873562ded,b1f2f40cdadffdcc,e7a208c92531d8a2
89122025,0,719,4b585e02ea8b2492,de4c5fb6c2fc14e6,c559885df700b126,6e31443569928d1c,a31a2697b567b75f
89122025,1,719,8960bd2a3c88dfc9,ef102836645d10b6,b1f3e92dcc96e3f6,3b5d86305855e5bd,49c6f9570276ada9
89122043,0,719,37bd1a4296e262bc,858b8d92a6edc194,769c3755cd5ebe49,950e3cd018e868f0,1c49d4ba9f3bed54
89122043,1,719,4111b900c4c22014,85978da7754f3340,9683c0388d64e950,ff8e03b048af0311,b76787d8574f1304
89122046,0,719,d37632b417d6ea01,600716f6dc5b56e4,20b1c3769eb328b9,697bc1fec515967e,9cbc4c065fdb619b
89122046,1,719,2c6a04292fa97843,9f26340f32c94853,65b29d4b030653fe,675b69b1c9fc854c,832b15356939a039
89122517,0,719,d481bce64b4d11ae,981fd4c34e47b2fe,da3671bb6868d8a0,dea011b18cdbbc05,3f5601b5e36a92ba
89122517,1,719,659eed4fe5a56627,d418f966b752fdfb,28a4f6c9c5909d3f,1d2289b8a6905b34,9d0f3c34def922e4
89122532,0,719,c489d91a7fa0e344,788046426cc44ae8,51fb9b4bbcbe0880,caffed11d10d03b8,f1391f5ff6536b6a
89122532,1,719,d37632b417d6ea01,fee259f9caf03bf2,89adbac1ab2dce48,1ad0e3445ab24023,191b5b0c6fda7641
89123004,0,719,30f96de50423090d,edca04dca675971e,256f9144b0062e9c,c2dd110485c6a8ad,d0736fb513593e21
89123004,1,719,d481bce64b4d11ae,981fd4c34e47b2fe,da3671bb6868d8a0,dea011b18cdbbc05,82c9bab338c30086
89123485,0,719,3a651cfe55ca7c53,cce3069f1e804cd1,1721e809bf2c48d4,287337f09db38952,236d6bf8e81ca34a
89123485,1,719,a4857e3bb6b9fed7,c6c4b9e831fdebc4,da52b48bfd502ef0,848878658e746dad,8d42b659b31aaaee
89123490,0,719,c489d91a7fa0e344,788046426cc44ae8,31f60c32463b7dda,194cc67cf2f34be7,3f3a07b7355deb46
89123490,1,719,34e7f80a29bee815,1203634172bbddca,1f8f9bb816a6f424,f657df379d6a76ac,3529fd5817cb65a5
89123975,0,719,2a0f19e4ab6df1c2,1c8e24cdcddaab57,cabdf0667150c165,a75263153f47ebc8,307c075c5ffd3952
89123975,1,719,8960bd2a3c88dfc9,ef102836645d10b6,b1f3e92dcc96e3f6,1a68353b75de7932,56fd53a57a56d1a1
89124461,0,719,3a651cfe55ca7c53,cce3069f1e804cd1,1721e809bf2c48d4,287337f09db38952,90da1dc399e886e9
89124461,1,719,ac0262454b52cafe,310cbcc074b5a1e5,7d53dd7d25f48aa3,a7871745256674c3,ce6cc10c73ade9bc
89124464,0,719,3a651cfe55ca7c53,cce3069f1e804cd1,1721e809bf2c48d4,287337f09db38952,236d6bf8e81ca34a
89124464,1,719,55b7ab326245a0bd,e972acef892f8a80,891b52ec66f726b5,b0e9d9a5d0fe3d2c,1af719f89ac8d014
89125482,0,719,777b64735df926de,79dabb8c5d248669,7e0b5d313e3697c5,4ddd5fbd936098dc,ca1f127fe08511de
89125482,1,719,2a0f19e4ab6df1c2,1c8e24cdcddaab57,4ecdba924dab0202,115d5423ebb371fa,fdc8c7b9f4532adc
89125483,0,719,ac24f3fc49dc0f5f,cea95337ca300d0a,82972bd60042ca1c,37fc049d70382d0c,f3f4116da189fc19
89125483,1,719,88129dab896e13e8,143811ab7ab9ec98,039eb3b0b0d02cb0,ba153c7e96f0d8d9,8dd60ba259bc4ab6
89125484,0,719,8b5091bbb10e579e,779479c5fc486584,0eac85bb91abb74c,707a159687b02cad,e3358293ce4e56f5
89125484,1,719,777b64735df926de,eb4f3d363d2e9436,7928cbfa63090a8b,68dc0bf20ffee6a8,a4ff3a41e77f3a00
89125490,0,719,5a5d6622eb827e24,c09dc6acb4a16f7a,31b5f34ec43c1ad0,d0b5ac7dca9c6d45,84aaeda8dbcbc895
89125490,1,719,f4c14dd91017bbc9,0242bbc09beeedce,5628dec626acd6b5,0e5ad4efbe048c15,b0b893c7f8ba002d
89125984,0,719,5370cc4ecc9e4edb,085374394dec7dd8,7378bd9f631aedb5,22fbcc90d937cec8,51ea0ff271ea7002
89125984,1,719,4111b900c4c22014,92b95f9d61fd4324,5e9faf3cc8540d2e,afeecbd8335fece2,124160e72dbd8d96
89126965,0,719,4b585e02ea8b2492,376f5c5aeb2fe387,e7439fad56e4a0f0,ad9f57e29bbf3b2e,f02bb7f22b64291e
89126965,1,719,5633511a3cca9483,9c54859c97fe938e,68cd82dc2665ed84,7be4138147b56698,cd0fe55405b822bb
89128918,0,719,d3c5df47f87bdf42,c785e254953559e9,818f042edc8bda78,3104d92dd5541030,dc74cdf0f1919cef
89128918,1,719,3a651cfe55ca7c53,cce3069f1e804cd1,1721e809bf2c48d4,287337f09db38952,236d6bf8e81ca34a
89128926,0,719,2a0f19e4ab6df1c2,1c8e24cdcddaab57,6ef5f865a5be98a4,121dda8e9e6a866d,4e676478561d0117
89128926,1,719,88129dab896e13e8,1ff83152a9a11231,ce8e277bdc2038b4,9d69119753116995,af9b4d0bb4115d31
89128927,0,719,3a651cfe55ca7c53,0f87484b0118d61e,edb9a2dfb198c248,23987fed72d6579a,222be2ad6a9e1e5e
89128927,1,719,2a0f19e4ab6df1c2,1c8e24cdcddaab57,036ef1abe3ee4f69,54af8ac4a65cb9ca,c1361cba1fdd244b
89129421,0,719,9d011164487c81f2,ac2a0c24ec80dc32,3449365ee24f0d18,89a19172eec92252,a40d7545fa330e68
89129421,1,719,3a651cfe55ca7c53,cce3069f1e804cd1,1721e809bf2c48d4,287337f09db38952,236d6bf8e81ca34a
89129917,0,719,9d011164487c81f2,aee3829c6da24553,3fece5d3f0dccd97,2f71047b68eb8472,f6132c585599d0b1
89129917,1,719,2c6a04292fa97843,9f26340f32c94853,651b7f6bb0ea0141,989eacb287a606e8,d468b56aae28b69b
89130879,0,719,b8a14e3b0e59fc7f,7fd1dfad749d8cee,b75dce072b74c361,f4354d5f7c45aa5f,6ffccb59112c54d1
89130879,1,719,e73444c4b001ad5d,fc1ac1a48634f76b,f2e2e18b47f5ce80,ae580346a416f653,f10bb1bbb2a3e4fc
89130900,0,719,88129dab896e13e8,1ff83152a9a11231,ce8e277bdc2038b4,e2511e4c7850ee5a,57c0f00617024f07
89130900,1,719,2a0f19e4ab6df1c2,1c8e24cdcddaab57,ad723211848eebe4,389e5e1fbd403d40,4ac6fe6bc4a13e4a
89131369,0,719,8960bd2a3c88dfc9,ef102836645d10b6,b1f3e92dcc96e3f6,3b5d86305855e5bd,1bbb048b355aebf4
89131369,1,719,e73444c4b001ad5d,fc1ac1a48634f76b,f2e2e18b47f5ce80,ae580346a416f653,88ac635e03621dac
89131374,0,719,05f1739e9b086c89,17cf44cfd8e8409b,b4177098aa53dc12,773cfe5844560ee2,9de278f91ccc5980
89131374,1,719,c489d91a7fa0e344,5f3119062a9a9e46,cc9e7c3d1dafdeb7,3bcad921da056795,f577f853caf0f68f
89131385,0,719,37bd1a4296e262bc,ea960a520cd79852,4d831deff395b152,c65f5714594c2492,c2f92961d088cf48
89131385,1,719,5633511a3cca9483,9c54859c97fe938e,68cd82dc2665ed84,229e072df5971c2f,e080b11834a9acf2
89132372,0,719,5633511a3cca9483,9c54859c97fe938e,68cd82dc2665ed84,6fd3d7305aab77f3,836adca4f0cf9f05
89132372,1,719,51c08b21dac05c17,dc3731bea3be4b7d,f26b3d84febed1d0,f205e54cb2fed345,ec1fdc45016421f1
89133359,0,719,6a07955d90350092,000bd3c127521f00,0489c57198ff9515,ca0d5dd05159b985,dc393701f18ee814
89133359,1,719,ce90d2aa28c15f1a,14cfe1935b90f0cb,a282ddefcbc9151d,3637d48dfbfbb232,740f66f4ec0f3c43
89133848,0,719,5633511a3cca9483,9c54859c97fe938e,68cd82dc2665ed84,1624d39a488f0521,8eb50aa8a41d9042
89133848,1,719,e73444c4b001ad5d,fc1ac1a48634f76b,f2e2e18b47f5ce80,91e5f819c84e52cb,51c96331cd0fedc2
89134339,0,719,b85d0825b4da5858,7ba38104bd2a8274,ebb5c77734631d5c,41b3190466d84417,3c7fc4dfd35c7506
89134339,1,719,3a651cfe55ca7c53,cce3069f1e804cd1,1721e809bf2c48d4,287337f09db38952,236d6bf8e81ca34a
89134340,0,719,8960bd2a3c88dfc9,ef102836645d10b6,b1f3e92dcc96e3f6,3b5d86305855e5bd,0585a4a208701e2e
89134340,1,719,3d29f1fe4a043b0f,86c2feb314b0beed,ea22953e9428866a,652d664de6ac44f4,46b445383d27c9c7
89135328,0,719,64c6adb58b4d215a,79ccc9e3db0d4aa3,52d4baad7f664d08,6084b696a8bea97c,d6eea13e4b12e85d
89135328,1,719,c489d91a7fa0e344,e62e148906d39810,b477f8bc2964b3ab,fda199223138df4f,671bef2442c3e43e
89135329,0,719,5633511a3cca9483,9c54859c97fe938e,68cd82dc2665ed84,b39843f053f4a011,7da2f906dae2aff4
89135329,1,719,d9b04b5709d68e83,cfbbc636e598ef4e,559d23de0e0125a4,13c7baa9d3699970,97c625194d948ff1
89135824,0,719,64c6adb58b4d215a,a52592c8be4c91d5,5dde7a763949c7ba,5fba6b93bb180814,ab43d58765044a22
89135824,1,719,88129dab896e13e8,589c873dfc3336e5,72f87e6daa5926e9,9f64859e08493899,219640a653800112
89137325,0,719,8960bd2a3c88dfc9,ef102836645d10b6,53fa5cf603d55cb5,c03a49f6dcc8bd7f,1b7e7c7e708298a8
89137325,1,719,e062175ccf8a868c,431495ec280f4178,6c0e0ceaf36f6625,a8a91dfdd1eab430,3e98337f02877d0d
89137326,0,719,bed81016f9028f07,f6230ccbed05bb18,d5c6bb98ba06c415,9c9a8410aee44512,b5ba8df5be39319d
89137326,1,719,c489d91a7fa0e344,836c7ca54a7c9a9e,851826dd1a5e15be,616a30002a6e84e8,3bc16dee00e96691
89138303,0,719,6d4cbf504f21138e,90ba0ff49c614d08,96fe76c28629d3de,c6fb08f0fa067eba,42ecf85a410b7b1c
89138303,1,719,3a651cfe55ca7c53,cce3069f1e804cd1,1721e809bf2c48d4,287337f09db38952,236d6bf8e81ca34a
89138326,0,719,f187c553886e094f,15b3a1da3e949270,3db6f450f189dd38,f8d0aef22e0b4ca7,b6f7e4354988c2eb
89138326,1,719,5a5d6622eb827e24,c09dc6acb4a16f7a,31b5f34ec43c1ad0,d0b5ac7dca9c6d45,84aaeda8dbcbc895
89138808,0,719,5a5d6622eb827e24,c09dc6acb4a16f7a,31b5f34ec43c1ad0,d0b5ac7dca9c6d45,84aaeda8dbcbc895
89138808,1,719,b3392d3d24e23d0f,64ef8879a0a14ccf,9bf056bd0ee7c735,c79908cf4e622f6e,88e1dbff1a23a690
89139296,0,719,34e7f80a29bee815,1203634172bbddca,035eb2221642857a,12fa87e0846ca33d,35f9850fa842cd87
89139296,1,719,88129dab896e13e8,1ff83152a9a11231,9e6bc8792a2eb733,031badf6be2a8622,16b382a2e5e54b79
89140323,0,719,1d0930f7ce4c0113,0475c89168583081,be4366e02e7878cc,2401bfaf9289315d,23e590cc269883c0
89140323,1,719,5633511a3cca9483,9c54859c97fe938e,68cd82dc2665ed84,a21ea7b12ffd3fbb,72f044ae65714e84
89140811,0,719,38264275af3c0ad2,64dd43d3bceae28b,75295995c7d40ad7,cb02980ba2684f83,d9b6ea0ee783d7e4
89140811,1,719,d481bce64b4d11ae,981fd4c34e47b2fe,da3671bb6868d8a0,dea011b18cdbbc05,82c9bab338c30086
89142307,0,719,b3392d3d24e23d0f,64be8c134daf6126,d227da0750581e35,c3f63609ec76fb87,7106e9af90c82cd8
89142307,1,719,5a5d6622eb827e24,c09dc6acb4a16f7a,31b5f34ec43c1ad0,d0b5ac7dca9c6d45,84aaeda8dbcbc895
89142804,0,719,8960bd2a3c88dfc9,ef102836645d10b6,b1f3e92dcc96e3f6,3b5d86305855e5bd,dc998c05a2deb07a
89142804,1,719,af0e5853e6ed37f2,cca2d5587c190f34,07ed745659b6971c,bfcc341e0c49ca00,4346bb465a33a846
89143306,0,719,fcae98232a189584,8fc20b60873bd705,b43086fac512a7b3,fb127bb9d3e6784b,72366fb188e24823
89143306,1,719,321a8b289975167a,21240a2bc8ebc963,37b6703c72ada9c6,b176e574cd59a1fb,3215cdffde06c331
89143772,0,719,f088d9db19a30ec9,63b9d314c8d6691c,6d5eea8671cfa6b6,c6152bc9135d0582,c2d2917215377409
89143772,1,719,5633511a3cca9483,9c54859c97fe938e,68cd82dc2665ed84,13329dcf3888fb72,c953f022f0010a54
89143776,0,719,01e4b240813f0b70,4a5fe16b01344be2,5ff6f854038a37bf,f9755d920c7c4a6f,03e1b3fc905d7c8f
89143776,1,719,5a5d6622eb827e24,c09dc6acb4a16f7a,31b5f34ec43c1ad0,d0b5ac7dca9c6d45,84aaeda8dbcbc895
89143793,0,719,51c08b21dac05c17,dc3731bea3be4b7d,f26b3d84febed1d0,cc61f7829680bca1,95ba3509c04ec775
89143793,1,719,5633511a3cca9483,9c54859c97fe938e,68cd82dc2665ed84,421f3d8bd1e66aac,d11e7e59036fd5d8
89145279,0,719,033b68c142857609,e06a0c27ff8d2752,ffbf7b902432316a,7f2e24ba96d69242,581183f178ce7f79
89145279,1,719,3a651cfe55ca7c53,cce3069f1e804cd1,1721e809bf2c48d4,287337f09db38952,223f59083f1fa35e
89145286,0,719,2dc5e6ff997c5c3e,309c4aef1ef8cade,9cfa0d0c5580afdb,dad3b387c51b139d,5d199ec458ef4413
89145286,1,719,cfd4589a791218a4,fbbcf4b1bb4ccd55,05a33af04d2a49bf,1c2667e6cf239233,cb46a22e5fdad35c
89146298,0,719,cdda2aa57662a022,dcc674ecae5c5736,e13162dcf04d87b5,3c3ffb2ab74e6f17,f7641f0b37de0510
89146298,1,719,5633511a3cca9483,9c54859c97fe938e,68cd82dc2665ed84,3a3c6b1633a588a4,ab82b116f369c9f7
89148279,0,719,2dc5e6ff997c5c3e,02c1f9b26199d7bc,536142371e267706,5817a45fb438e23d,767998a99d721ccf
89148279,1,719,4883c22856bb26c8,0bcdea75482144d2,b79860dec7d35e98,9c8a8df37c8c9441,13c4ccb0bc8b9962
89148283,0,719,5945c173b2eaaa8c,718cab5e03c9b0f4,61988e41ed407d9e,aad6562b0f4d6f79,1d05253ae2d5efcc
89148283,1,719,3a651cfe55ca7c53,cce3069f1e804cd1,1721e809bf2c48d4,287337f09db38952,236d6bf8e81ca34a
89148306,0,719,d45ddc1bf9b7437f,458ae03259e7116d,4b70c2874e9aae0a,65b74383087aac99,3aa35e67edfb2005
89148306,1,719,3a651cfe55ca7c53,cce3069f1e804cd1,1721e809bf2c48d4,287337f09db38952,236d6bf8e81ca34a
89148791,0,719,2c6a04292fa97843,9f26340f32c94853,f418a7497b02eabe,df5639255d9014bf,3d3eb5c6a8244f2a
89148791,1,719,8ea0521edb3e0ddf,8397e8b30cc06c97,22463ec791c0097f,61b2a40600a578ad,21878a0e11e3a7b8
89149795,0,719,e73444c4b001ad5d,fc1ac1a48634f76b,f2e2e18b47f5ce80,ae580346a416f653,1a36fcc5ec3bcf9a
89149795,1,719,3a651cfe55ca7c53,cce3069f1e804cd1,1721e809bf2c48d4,287337f09db38952,236d6bf8e81ca34a
89149823,0,719,6cf3a6c94d7e9038,0afdd99fb16c3996,b42467dd9bcb7697,e2b44e3123e03c5f,ceab7aa5dbdf39db
89149823,1,719,d481bce64b4d11ae,981fd4c34e47b2fe,da3671bb6868d8a0,dea011b18cdbbc05,82c9bab338c30086
89150814,0,719,5945c173b2eaaa8c,718cab5e03c9b0f4,61988e41ed407d9e,1572a702314758b3,e1f5ca138defd7b0
89150814,1,719,2c6a04292fa97843,9f26340f32c94853,c7297e6015e65f4f,1cebd9e8959bdb8a,68ac2b084731a8e3
89151333,0,719,b585190dd7005560,a9fd482a422c4bf7,fe7b7925a1112580,a693c4e5a44d7a4f,f7279b7db1303d79
89151333,1,719,d481bce64b4d11ae,981fd4c34e47b2fe,da3671bb6868d8a0,dea011b18cdbbc05,82c9bab338c30086
89153836,0,719,56326ce59b29b227,120133281e230bf7,4a51b51ec89a000a,120ff1b1dde04d8a,6eeef3d4091c73c2
89153836,1,719,5a5d6622eb827e24,c09dc6acb4a16f7a,31b5f34ec43c1ad0,d0b5ac7dca9c6d45,84aaeda8dbcbc895
89154330,0,719,3a651cfe55ca7c53,cce3069f1e804cd1,1721e809bf2c48d4,287337f09db38952,d102b6690b2e3245
89154330,1,719,45990ba86e12e897,4aebd1c7f42c685f,8cf0d723ff592a56,50b9b11fd98b7b8e,2f6dcc3a55cd6511
89155327,0,719,3a651cfe55ca7c53,cce3069f1e804cd1,1721e809bf2c48d4,287337f09db38952,69918714a6828072
89155327,1,719,56326ce59b29b227,120133281e230bf7,4a51b51ec89a000a,120ff1b1dde04d8a,6eeef3d4091c73c2
89155334,0,719,12cc14a5df1e5e89,913a462ea33857c9,bf46d3d4bc82c243,3fe1a0d18171460e,c9c511177bfacda5
89155334,1,719,3a651cfe55ca7c53,cce3069f1e804cd1,1721e809bf2c48d4,287337f09db38952,236d6bf8e81ca34a
89155832,0,719,e73444c4b001ad5d,fc1ac1a48634f76b,f2e2e18b47f5ce80,ae580346a416f653,01000e716bba1974
89155832,1,719,5633511a3cca9483,9c54859c97fe938e,68cd82dc2665ed84,c16681a0e9ae928d,0930f6af97a9389b
89155849,0,719,e73444c4b001ad5d,4874a77ae7aac61c,126cbc3651fc3dc8,31babd3e7282e3d0,35e2570e2261cf93
89155849,1,719,5633511a3cca9483,9c54859c97fe938e,68cd82dc2665ed84,0b31d07676ba8e08,d0529a00e26036e3
89156328,0,719,eea3d0749f0b00dd,ee79fce08a06332a,6e303ca97a84a787,7e8f3add90516766,385f4dcb682952d0
89156328,1,719,e73444c4b001ad5d,4874a77ae7aac61c,126cbc3651fc3dc8,fe750c9af7f2d9a5,c035590da96dc9a0
89156356,0,719,3a651cfe55ca7c53,cce3069f1e804cd1,a0afb7e720feca0d,940faf9c7812cca2,89f2267c692e3046
89156356,1,719,2a0f19e4ab6df1c2,1c8e24cdcddaab57,5f7f085be389be65,ae2653ab7dd22afb,86eef2109fa7c06c
89157366,0,719,3a651cfe55ca7c53,cce3069f1e804cd1,1721e809bf2c48d4,287337f09db38952,236d6bf8e81ca34a
89157366,1,719,56326ce59b29b227,120133281e230bf7,4a51b51ec89a000a,120ff1b1dde04d8a,6eeef3d4091c73c2
89158382,0,719,777b64735df926de,5741ee1921b684be,aced051ae0d6de79,7f7dccbf101de5e5,036669f3e958f279
89158382,1,719,23fef8e8c151e5f9,39404faf938d538c,3b31b8794ba52220,eea6cec1ae228c5d,3b1553b6ef927e6b
89160411,0,719,b8a14e3b0e59fc7f,0237533a56916c1d,9178f3d707734d41,231d9028369d9e1d,2da6c80bea5b18b1
89160411,1,719,e73444c4b001ad5d,fc1ac1a48634f76b,f2e2e18b47f5ce80,ae580346a416f653,23fb901e02a0e475
89160433,0,719,adffd997f0d1a1eb,185814e55ce7f15f,f74808be23b48101,dda3f180b551dd13,8e506be8b47427e7
89160433,1,719,c489d91a7fa0e344,e62e148906d39810,8747e0aa74efdc35,c7dba6887bb4e70c,683122b64d55df5f
89161435,0,719,3a651cfe55ca7c53,cce3069f1e804cd1,1721e809bf2c48d4,287337f09db38952,17b3a6820bf1ec36
89161435,1,719,f33d6fb9fc380707,35e11fd9e480b7f8,813d67cc322f0fb0,0690e75e7d8f9a9a,6ad3e264d5b36fae
89161448,0,719,65db31d91e053322,e3ff910f995544d1,67331afe83e6dae0,fa3ec4db6e5e0857,1754ded26ea16175
89161448,1,719,3a651cfe55ca7c53,0f87484b0118d61e,edb9a2dfb198c248,23987fed72d6579a,222be2ad6a9e1e5e
89161949,0,719,482d501ac036e2f1,205bd3a535450f4c,8aeedbc16052feb2,6e1360cd76f51b1d,f90d80dfa7eb1869
89161949,1,719,5a5d6622eb827e24,c09dc6acb4a16f7a,31b5f34ec43c1ad0,d0b5ac7dca9c6d45,84aaeda8dbcbc895
89165527,0,719,56326ce59b29b227,120133281e230bf7,4a51b51ec89a000a,120ff1b1dde04d8a,6eeef3d4091c73c2
89165527,1,719,98e21b7e6fc5a128,9618340fdb0c5bd0,9b31fe90eb68f6de,7c59ca63b451217b,15473ffd890192e1
89166007,0,719,5633511a3cca9483,9c54859c97fe938e,68cd82dc2665ed84,29d7bdd0426e2cd7,98b398d281c37ac9
89166007,1,719,ff180f1869124ce7,0370ba8e75c6a88c,1e4fed0945af9ec2,8e42d9bb85423d16,2ed3decab7fbe124
89166012,0,719,5633511a3cca9483,9c54859c97fe938e,68cd82dc2665ed84,67defcce9e5948f1,b1f47f73df54f6ad
89166012,1,719,0403ea9713cf3be0,7ea06506b4ebea98,42e1c81491e9975d,39ba3b639058d4e5,e06ed6233a965282
89167057,0,719,f7ae05d017eca777,11f1ba8170f7ea24,bfd2d1e8c055b7fb,c3c0e98f57ca3306,3ea4aecd10e1d167
89167057,1,719,d481bce64b4d11ae,981fd4c34e47b2fe,da3671bb6868d8a0,dea011b18cdbbc05,82c9bab338c30086
89167553,0,719,3a651cfe55ca7c53,cce3069f1e804cd1,1721e809bf2c48d4,287337f09db38952,236d6bf8e81ca34a
89167553,1,719,87704773ba3334c7,1fd1528816033fea,9750165bd2751e32,3901735e2051ad13,c6c0deade19ce6f6
89168563,0,719,2c6a04292fa97843,9f26340f32c94853,1be4e103e9662b43,0a4fe73e8ee25551,3c595754da68b88d
89168563,1,719,c4f337c485220022,32699490c679c0a2,c1c2b28541b0268b,52bde79e09f9533c,adc30b2b11b40003
89169585,0,719,07fab4e711bb4632,c118aa39ced084b0,499c5b7ff29a2f5f,0949ddd8bdfe4a95,67f8c18e475bb1d4
89169585,1,719,c489d91a7fa0e344,5f3119062a9a9e46,295491e6bb4bb560,1c0e72ee56bc0204,d296c69ea9a0ee65
89169597,0,719,5633511a3cca9483,9c54859c97fe938e,68cd82dc2665ed84,f4b49ece5c0f8fda,73c30625b25f8dfb
89169597,1,719,01f38a4d20f55bd0,b7da725773c75694,ddd51cae2b04cb59,760d2e903bd1456c,182e8fdeb3ead9a8
89169608,0,719,17d4760d2d302ea5,eb7a5f38e35b6921,a546ec2e56b0f6fa,08fde5adf03746ed,ef9423d4996ff987
89169608,1,719,d481bce64b4d11ae,981fd4c34e47b2fe,da3671bb6868d8a0,dea011b18cdbbc05,82c9bab338c30086
89170613,0,719,3a651cfe55ca7c53,cce3069f1e804cd1,1721e809bf2c48d4,287337f09db38952,236d6bf8e81ca34a
89170613,1,719,02ddcbfad4043114,5b6052ced50a82b3,c901f36ea58c8073,c927225dece52212,f71abb7817e50b25
89171137,0,719,c489d91a7fa0e344,5f3119062a9a9e46,295491e6bb4bb560,4dd08f6c28cc48aa,ab6ff6a736c1c38d
89171137,1,719,8960bd2a3c88dfc9,ef102836645d10b6,b1f3e92dcc96e3f6,3b5d86305855e5bd,a27aba8f2db5acda
89172150,0,719,2c6a04292fa97843,9f26340f32c94853,d7c4c97904622329,148805516bd4819f,4f782b4864ab7ecc
89172150,1,719,82d5c532da2006f8,4ede1df6654bbc3e,2d9f2c87d6a3034b,b7a7fa61f56da330,2242306b0969cb92
89172670,0,719,777b64735df926de,59de37426a683e84,321dddbe1b25833b,cbbe62a221f6c6ad,f66273211d541436
89172670,1,719,11f8f71d185e3b08,06ddc8599499ac87,ed429025a7747334,788981426094bcf7,efff65ab5c7418aa
89173164,0,719,d0f6b1f3ae2dcf1f,095ab5ef49a48a8b,eb8e283a68bfe689,3f53d246e45f6f9d,bd14c3f27cec241f
89173164,1,719,5a5d6622eb827e24,c09dc6acb4a16f7a,31b5f34ec43c1ad0,d0b5ac7dca9c6d45,84aaeda8dbcbc895
89173703,0,719,56326ce59b29b227,120133281e230bf7,4a51b51ec89a000a,120ff1b1dde04d8a,6eeef3d4091c73c2
89173703,1,719,e769552e7d9b693b,5666147c0b3c3928,88ab94a3b072e61c,875d9ad45fc23a46,83e14141fded1f60
89174686,0,719,f27c20ae1fe64847,4a9fc181d1b0558b,d1065deafe7b64fb,6b23694fae1e579e,1447721dc47bd02a
89174686,1,719,2dc5e6ff997c5c3e,3133ca17c4033ed1,c57ae48c097c31ba,104edb9bc1810555,e5ad7453f2eb325d
89175704,0,719,f3a4d354de62c0db,7ef9a0c9b34c78e7,0186f4dea0693333,585fee130ef7e4b8,9f6487a386be1942
89175704,1,719,3a651cfe55ca7c53,cce3069f1e804cd1,1721e809bf2c48d4,287337f09db38952,236d6bf8e81ca34a
89176244,0,719,2c6a04292fa97843,9f26340f32c94853,fbb71a059a48ec88,b99bbbfb2797689e,3ae0c5613060261d
89176244,1,719,c4f337c485220022,439933d5455f15d3,3f7368afd3cbe6f3,7ab7d5387e1b3c1e,72a0bd9a287bfdfb
89176247,0,719,800555ebd9bd1b0a,8a2b8fe390ac0e84,17190c10e7613f8c,927c55665c7afe78,b8ea10ee8bbb4654
89176247,1,719,c489d91a7fa0e344,788046426cc44ae8,51fb9b4bbcbe0880,3ad338941d8a91e7,ee54ff2ba9fe4031
89177237,0,719,3a651cfe55ca7c53,cce3069f1e804cd1,1721e809bf2c48d4,287337f09db38952,01a06cd875247818
89177237,1,719,f3a4d354de62c0db,7ef9a0c9b34c78e7,0186f4dea0693333,5c51eb5e2682e2dc,6c0e776df2a05b1f
89177254,0,719,30aa3fb2cf1c9bfb,17781f4261c9aca6,eda1cc49cf32b628,3352ee4cf05da6dc,0b6c901f4e22b1ec
89177254,1,719,5633511a3cca9483,9c54859c97fe938e,68cd82dc2665ed84,c641d99ed1772781,657ee7b846402ae8
89178251,0,719,777b64735df926de,79dabb8c5d248669,7e0b5d313e3697c5,f8e14e4ea49284cb,e7fb712440e6cd7e
89178251,1,719,56444f2f448c8eb5,12db7ac5112e4d9d,25bbe778d3ad2bed,4959c0c2ee374e1a,d83cd000ac801c1a
89178768,0,719,1d867a5c05bcc34f,26abeba0243a4d3e,b068f5b62c9f2651,41c8e6f8b0111fa0,1e74d948252b0347
89178768,1,719,3a651cfe55ca7c53,cce3069f1e804cd1,1721e809bf2c48d4,287337f09db38952,33fc7eeb6d0b80d3
89179271,0,719,2c6a04292fa97843,9f26340f32c94853,fc9cf8d0b45b9177,53411cadb6d743cb,3eea4ef8e9f09cba
89179271,1,719,3b5ee42b5a5b4dd4,d6ef69f25f24c930,d26461e6ec804c97,5ed6a4507bafd359,ce37180463dfa08c
89180806,0,719,dd02e320c1fc4ccc,e3e0c4987f97ad7c,3f05cada52e39d7e,40558181bb92c1aa,5410e8cd2b565b7c
89180806,1,719,c489d91a7fa0e344,b4d83c02e2f4e74a,196fe43a48064a37,aee8a33ae03f3dff,dbe23cab0caf5c30
89180810,0,719,a424aec896bed192,ff55d7f1f07febcc,7f5d7909a10fabe8,68955b9c1758db76,6c47d49132f91e1b
89180810,1,719,5633511a3cca9483,9c54859c97fe938e,68cd82dc2665ed84,041fd9b723926532,1dd7fb8268a4e773
89180818,0,719,777b64735df926de,69d68c77f27ba7e3,162fafed847ff359,b8eb1476b70c66fa,d2b2c3a8f9f2668d
89180818,1,719,1d867a5c05bcc34f,26abeba0243a4d3e,b068f5b62c9f2651,f29c34351b38a97d,d1d529771e9707ab
89181318,0,719,d00b0afa4c94d3ba,abf9b943af929a27,176a191b1eedade5,bf0efe0e822edbe9,b4545337328ac77e
89181318,1,719,3a651cfe55ca7c53,cce3069f1e804cd1,1721e809bf2c48d4,287337f09db38952,236d6bf8e81ca34a
89181346,0,719,777b64735df926de,e76edbe1e8a33ef3,881403039e813abc,ebd8f07fcffca599,87f7762e62c3486e
89181346,1,719,2d1b4a539ed68c7b,e3965f9625b6e5fc,9fd9a7139569c727,7d11e3f62f0c37c7,c4aaa8b441d3f2e5
89182350,0,719,033b68c142857609,e06a0c27ff8d2752,6b9b65d927e32e69,b6a1d5f3d666604d,7da106c6d9342bff
89182350,1,719,5633511a3cca9483,9c54859c97fe938e,68cd82dc2665ed84,228c68347522d001,4160d7e5c01b910d
89182846,0,719,e73444c4b001ad5d,fc1ac1a48634f76b,f2e2e18b47f5ce80,ae580346a416f653,5cef71612b8ac9b6
89182846,1,719,3a651cfe55ca7c53,cce3069f1e804cd1,1721e809bf2c48d4,287337f09db38952,e83f7fa39269765a
89182848,0,719,777b64735df926de,eb4f3d363d2e9436,71bf49ca808dcadc,f144b9dd717b9d00,8bf783ac8f06272c
89182848,1,719,26d2f4dd8dbc3b1a,53e93fdf427d0b02,d5600953f6eba721,30b8c2172e84e506,785d048eebb3ad80
89182875,0,719,e25a64a77a359e02,309a54b6d499e3bb,15c44c31f0be8384,d4c8b7440d83409c,2ca5306dfd1bd624
89182875,1,719,3a651cfe55ca7c53,cce3069f1e804cd1,1721e809bf2c48d4,287337f09db38952,2a8358d16e1a0f13
89182876,0,719,c7325e8f4ca0c4d7,94b17dc1a587a555,174b066c1f2660ca,0f019941f4209270,572344facb192804
89182876,1,719,321a8b289975167a,21240a2bc8ebc963,37b6703c72ada9c6,b176e574cd59a1fb,3215cdffde06c331
89183361,0,719,8f08069cc2e8c599,bba1de6b95e17ef3,5cd1257d9e3f437e,080f2e0ddbd0a2e0,fd97038788c7a95f
89183361,1,719,5a5d6622eb827e24,c09dc6acb4a16f7a,31b5f34ec43c1ad0,d0b5ac7dca9c6d45,84aaeda8dbcbc895
89184395,0,719,0840594434f237e9,9c675f54fc1c6cea,ecfdc388b5a7263e,6ddf0afe75dc3a71,4561a791e2cc098a
89184395,1,719,5a5d6622eb827e24,c09dc6acb4a16f7a,31b5f34ec43c1ad0,d0b5ac7dca9c6d45,84aaeda8dbcbc895
89187473,0,719,321a8b289975167a,21240a2bc8ebc963,37b6703c72ada9c6,b176e574cd59a1fb,3215cdffde06c331
89187473,1,719,e832c0a014986a44,ccc88d6d05a62aac,5e99aee9ed1df944,5e522c44249c6398,d08ba0440d4baea3
89188464,0,719,3a651cfe55ca7c53,cce3069f1e804cd1,1721e809bf2c48d4,287337f09db38952,236d6bf8e81ca34a
89188464,1,719,921a2285dc6b2d98,ba65f3c2832bcd78,1da6cbd6aeb2cc49,82ee4833da0327ae,9e8f45bc970792a8
89189493,0,719,02075e6fc6a55411,2e8ef7798fc367c5,a2ca95f9b23c6200,06c9fdb17d91a3c2,e3e75990be6574fb
89189493,1,719,3a651cfe55ca7c53,2ad231328d2c5a20,c97c0385dab48b35,4458a2009fbf7386,e381312b493533c8
89190536,0,719,3a651cfe55ca7c53,cce3069f1e804cd1,1721e809bf2c48d4,287337f09db38952,236d6bf8e81ca34a
89190536,1,719,663caebe1baf754c,0a70c962cf6a1b17,4e6028ee49d6445b,0a0cbbe87a013538,9a79804667354dd1
89190558,0,719,11f8f71d185e3b08,06ddc8599499ac87,ed429025a7747334,8bb89cbf9de321ae,17b05b16f7c3d8c0
89190558,1,719,c489d91a7fa0e344,788046426cc44ae8,5b03949a4aa90d55,f0ac1909060ed090,2b5e975d5b8af5f2
89191044,0,719,8f08069cc2e8c599,bba1de6b95e17ef3,720285718666b4a0,2c022485f6f1453d,9540a558fd230278
89191044,1,719,5633511a3cca9483,9c54859c97fe938e,68cd82dc2665ed84,6521ec3675bdead0,b1e5a60ace309005
89191079,0,719,d0f6b1f3ae2dcf1f,095ab5ef49a48a8b,ad28ede008f08dbf,8469643c7c265082,9208f44a0fd4da3b
89191079,1,719,3a651cfe55ca7c53,cce3069f1e804cd1,1721e809bf2c48d4,287337f09db38952,236d6bf8e81ca34a
89191553,0,719,3a651cfe55ca7c53,cce3069f1e804cd1,1721e809bf2c48d4,287337f09db38952,236d6bf8e81ca34a
89191553,1,719,d27f4f8dd6b00136,4b2545c218147bd0,ab50520c02bb3d1e,1eeadab80649a5f4,ea8878367af2aa35
89191579,0,719,c489d91a7fa0e344,788046426cc44ae8,57e97631e43f3bb2,6cc7637d70814347,787f01e40e734d47
89191579,1,719,9b374381327e1bfb,c66d002acf3d2206,77c165e36585945a,f27881bf24f373dd,252d9eb3ab4c1dcf
89193610,0,719,3a651cfe55ca7c53,cce3069f1e804cd1,1721e809bf2c48d4,287337f09db38952,126bc75452a144c0
89193610,1,719,0bc640f6c6dd6e97,382f4297c578196a,9d2e386cb5b5fff8,c90bdb3dd1c0e860,4b37bb9a66803e48
89193648,0,719,5a5d6622eb827e24,c09dc6acb4a16f7a,31b5f34ec43c1ad0,d0b5ac7dca9c6d45,84aaeda8dbcbc895
89193648,1,719,b5e9a05aeadfa167,42c13c28eb666d73,d41ed9930794069a,d672a997e8d210e6,b044d8b1bcc6bd08
89194679,0,719,56326ce59b29b227,120133281e230bf7,4a51b51ec89a000a,120ff1b1dde04d8a,6eeef3d4091c73c2
89194679,1,719,ade3f90dcef2a796,44d5f5bd97ecdea3,7dd689302538a12a,b97853387e489a22,9ae5c6478a462f51
89195684,0,719,5a5d6622eb827e24,c09dc6acb4a16f7a,31b5f34ec43c1ad0,d0b5ac7dca9c6d45,84aaeda8dbcbc895
89195684,1,719,bc9a3753fd9a6908,99ea8d8a805663c4,b593b02616a14a5d,caa1cbc1935569b2,5b0452f50a1d3e99
89196196,0,719,3a651cfe55ca7c53,cce3069f1e804cd1,1721e809bf2c48d4,287337f09db38952,236d6bf8e81ca34a
89196196,1,719,8f08069cc2e8c599,bba1de6b95e17ef3,ea721e54efebf94d,6827e77002af5845,b27e13396ac91693
89196722,0,719,3a651cfe55ca7c53,cce3069f1e804cd1,1721e809bf2c48d4,287337f09db38952,4fff908d1ddca116
89196722,1,719,b9409793da463143,2816b52ed66e01b2,785d00a327dd03cf,ce53dfb6f060efba,6d95270127b8ba04
89196757,0,719,d481bce64b4d11ae,981fd4c34e47b2fe,da3671bb6868d8a0,dea011b18cdbbc05,82c9bab338c30086
89196757,1,719,1c538d18681a626f,ff040911cc1955c2,0ce2b4c3bdb61baf,4af412b8c5ec1eb2,b2e7964541ff30eb
89197238,0,719,98774780a2d8ba35,41bb693289f01cd7,f6227bf847572fa0,bc0c0098e21ecfa4,6b304b120526d41e
89197238,1,719,3a651cfe55ca7c53,cce3069f1e804cd1,1721e809bf2c48d4,287337f09db38952,236d6bf8e81ca34a
89198270,0,719,905ca12a85d3279c,8eb3ba43207cf162,5bd1f09d019d3d77,9abaf698af4de442,bb760378be0304b6
89198270,1,719,3a651cfe55ca7c53,cce3069f1e804cd1,1721e809bf2c48d4,287337f09db38952,243940fc34f4d192
89198301,0,719,0207acc1eb3c24f6,02e33277bfe97e34,f834791e402574bf,d6e4ccc09f296789,d4066c53b796fa10
89198301,1,719,3a651cfe55ca7c53,cce3069f1e804cd1,1721e809bf2c48d4,9e7ca77ed6815039,ece8080bb913e210
89199843,0,719,56326ce59b29b227,120133281e230bf7,4a51b51ec89a000a,120ff1b1dde04d8a,6eeef3d4091c73c2
89199843,1,719,321a8b289975167a,21240a2bc8ebc963,37b6703c72ada9c6,b176e574cd59a1fb,3215cdffde06c331
89202890,0,719,777b64735df926de,d26fdb05968bf5cc,47a221e20e1ef65d,43efdcfb964826c7,e5a28d42e0696549
89202890,1,719,3ef53b964038c1b3,66ba0bdcefda57fc,fd29f408c1ad51ce,e371b1dcbbef67c6,3d14dff5d7490aa2
89202903,0,719,5633511a3cca9483,9c54859c97fe938e,68cd82dc2665ed84,1a6bba91241827bd,aaa33109382b74e3
89202903,1,719,0bc640f6c6dd6e97,382f4297c578196a,9d2e386cb5b5fff8,9fa1505cd9cda4b9,05b95226b40f4fab
89203897,0,719,5633511a3cca9483,9c54859c97fe938e,68cd82dc2665ed84,59f9e3a0488526ff,8ddd418f892644eb
89203897,1,719,82bf11dbad7e3f06,4b96fab199ad4bdf,525e09ee84955427,2a714f85717483cb,0cb87f69912783af
89206390,0,719,76669c83e04a26fe,9d38c68f51bf956f,197788f1dcdfed5d,a5e731673c8faaa9,7ddc886d0b6e19c4
89206390,1,719,777b64735df926de,a9a212415f4856b1,50d32936067f61d9,7ed6cc997af27b17,09687ce7d1388c91
89206391,0,719,5633511a3cca9483,9c54859c97fe938e,68cd82dc2665ed84,6ba41ed2ac1f71b5,6a9dd08f88fcaf7a
89206391,1,719,899a17b7931533fc,e5038f1afbf37cca,16bf5ad649702ac4,cbdca3e1daf703ea,2e04b641c20f634e
89207896,0,719,8f08069cc2e8c599,95bd0a79368b773b,41a5e2db137a5763,cc59aa789e415529,607a7f1c63b8dad1
89207896,1,719,5633511a3cca9483,9c54859c97fe938e,68cd82dc2665ed84,1aa25dc521d55687,c74f49712b8c07bb
89213917,0,719,d481bce64b4d11ae,981fd4c34e47b2fe,da3671bb6868d8a0,dea011b18cdbbc05,82c9bab338c30086
89213917,1,719,7b9efa0974a4cdb0,bb03ae4496549353,da424e90296c556f,250fc74492a3957b,b8e8e17efffce4f6
89215931,0,719,5633511a3cca9483,9c54859c97fe938e,68cd82dc2665ed84,414cf5f778806437,d35173bbd31359bc
89215931,1,719,d10fd75f9b72d9af,f129a441e6f7e930,5fa86310dba915a2,1bc67bd1555c9510,568c2a3995a03280
89216944,0,719,777b64735df926de,20f5c67490222694,1cd714007174bab7,55aa338f71ef66ed,69c79d203d3724ac
89216944,1,719,86b1c3ffce633804,deb7a24892126fd2,b2b5fdad19c47a9d,7a7bdcb5eaa68dee,fafd3a37ee1ef7e8
89217428,0,719,3a651cfe55ca7c53,cce3069f1e804cd1,1721e809bf2c48d4,287337f09db38952,236d6bf8e81ca34a
89217428,1,719,616a1ecb69c74cae,967db2e84e958c32,370bbcb417f50544,dadc361cede70146,d22813ee0b4c9ab9
89217447,0,719,30e9527e5aa3850f,9814ca2f6e64fd3d,384b50c232974d00,c4835fff864a10de,ae7a5b9918024f11
89217447,1,719,3a651cfe55ca7c53,cce3069f1e804cd1,1721e809bf2c48d4,287337f09db38952,236d6bf8e81ca34a
89218920,0,719,1371e45fb84e06a7,c1456e83ed942fa1,8cbbdd2553e1a7ed,92bfc24855e8f911,118621eba99c9824
89218920,1,719,777b64735df926de,79dabb8c5d248669,7e0b5d313e3697c5,fec80f8cfb85cc03,215314278a99b433
89220972,0,719,3a651cfe55ca7c53,cce3069f1e804cd1,1721e809bf2c48d4,287337f09db38952,236d6bf8e81ca34a
89220972,1,719,11f8f71d185e3b08,06ddc8599499ac87,ed429025a7747334,d9f00e477cfe6730,c1fa7874e444f786
89221449,0,719,a7a74dbf90e76fb8,d5449c7ab85a1d0d,d0e31509329a80db,057474f69a301c59,73fdecc63d9bdd01
89221449,1,719,3a651cfe55ca7c53,cce3069f1e804cd1,1721e809bf2c48d4,287337f09db38952,a843cb5b6c6662e9
89222465,0,719,369487771fdcff81,d4a6f331ee69bd5a,c359c3770ac6649b,826493035e32b814,c5564a2bcd48d210
89222465,1,719,3a651cfe55ca7c53,cce3069f1e804cd1,1721e809bf2c48d4,287337f09db38952,236d6bf8e81ca34a
89222962,0,719,777b64735df926de,dec09a829f5082aa,bc39fc8ead0d7466,adc44e94901e6236,52f0826f28c4e352
89222962,1,719,81d0aa3fa68f3951,5944b4035e6b58d4,87594631d020ae65,07682f68bee08dcc,c25d453bd64f800d
89225992,0,719,6327f537e6948166,784cc0c1c1018eb7,eca5f3655cf417f1,0ddef4c58e750dff,a937c5e7591b96d8
89225992,1,719,3a651cfe55ca7c53,cce3069f1e804cd1,1721e809bf2c48d4,287337f09db38952,236d6bf8e81ca34a
89228528,0,719,0e6e4f730f66b293,1c92cc139052b6ff,c5a35dfb26a42b12,88758378f0a9f12c,f11b712cf61f6ae0
89228528,1,719,3a651cfe55ca7c53,cce3069f1e804cd1,1721e809bf2c48d4,287337f09db38952,236d6bf8e81ca34a
89230587,0,719,5633511a3cca9483,9c54859c97fe938e,68cd82dc2665ed84,679e601657406c58,a33c7a533597cab4
89230587,1,719,70703dbd0415f411,e5c6a4c566f26104,6d9fe36976c85c6f,d8ddef9752f1316c,16f9fe7b0e6b6563
89231087,0,719,bc56526f948d1ec2,7e0ed99c45cb3475,8252096f1190cdb1,30d3dea01a05ea1f,ec5c7864144b7771
89231087,1,719,3a651cfe55ca7c53,cce3069f1e804cd1,1721e809bf2c48d4,287337f09db38952,236d6bf8e81ca34a
89231595,0,719,3a651cfe55ca7c53,cce3069f1e804cd1,1721e809bf2c48d4,287337f09db38952,236d6bf8e81ca34a
89231595,1,719,0dec758b1f6bcd42,a6edb28df7c439dd,8dee655625b6b153,5c1f1b0fcea84803,5d467b3b5a8614bb
89232622,0,719,6f11df0c651ada96,022070503d0fc1fc,c16d3a71926f4842,ab0caf1fd1258bd4,a8d6afa79d12d56e
89232622,1,719,3a651cfe55ca7c53,cce3069f1e804cd1,1721e809bf2c48d4,ed924eade5d9825d,642e5d1ae0f410ec
89234170,0,719,b3994953a242932d,ac886415c3e20115,275f5dacf3befc51,ce8029a6a4e67520,7d36887820577ff8
89234170,1,719,5633511a3cca9483,9c54859c97fe938e,68cd82dc2665ed84,5073efcee323d5eb,94da6cee7af30b1f
89234171,0,719,5633511a3cca9483,9c54859c97fe938e,68cd82dc2665ed84,28999f52a0806c80,90b8867093aa6d16
89234171,1,719,6f11df0c651ada96,022070503d0fc1fc,f69af0671ce01d49,4864e25c83c99463,9666b0929386fe71
89238265,0,719,3a651cfe55ca7c53,cce3069f1e804cd1,1721e809bf2c48d4,287337f09db38952,236d6bf8e81ca34a
89238265,1,719,3b5ee42b5a5b4dd4,d6ef69f25f24c930,cf674a0394f6bfda,1d6dab31f9d6f3a9,bce248854a8bdc18
89239266,0,719,2efe2797e64c9b1f,80f0689e28ffdf9a,ca8afcfd5da217cf,9054289844ccf9fd,d6adee554dc68b70
89239266,1,719,5a5d6622eb827e24,c09dc6acb4a16f7a,31b5f34ec43c1ad0,d0b5ac7dca9c6d45,84aaeda8dbcbc895
89239774,0,719,eb3d78fab7e5b92a,18238fa5af7a4f79,e68ca42e94e23bbc,62fe69511b30caa3,afba45b88fce2d2d
89239774,1,719,777b64735df926de,79dabb8c5d248669,7e0b5d313e3697c5,c790b131c770e068,c45a6ef5dd875272
89239793,0,719,d961bbab1f8e87b4,ca2bb00c08084db7,e79ce5cbde01fb4b,28d6614bbf5ad34d,091c4c8b9767a71d
89239793,1,719,777b64735df926de,da0a3a962c643477,f209b78f7187e5c4,6aa4ea1d31125e7e,81e2825dad9e4b54
89240812,0,719,d3b4afc88140daf9,aa5ab5bf48d4f116,cac79d8f86e014eb,6d176eab577bdfb4,13c1dc4a1656515d
89240812,1,719,777b64735df926de,79dabb8c5d248669,840f2152d04c136a,b7d2c93c0c106af3,6817516fe69d28a8
89244922,0,719,320894beb52ef938,447e17a58ed36364,87b59c569ddf327a,381a22e3d043d983,8e6bb8e2a0c43091
89244922,1,719,5633511a3cca9483,9c54859c97fe938e,68cd82dc2665ed84,fd4b6eeb527556a5,fc5114bc75e12ea0
89252071,0,719,dee6e36686ff1257,df1dcb692f2add72,8a9f8bf810d68687,fac75e90468c838a,0a429edb9b6b8d45
89252071,1,719,3a651cfe55ca7c53,cce3069f1e804cd1,1721e809bf2c48d4,287337f09db38952,236d6bf8e81ca34a
89254630,0,719,3a651cfe55ca7c53,cce3069f1e804cd1,1721e809bf2c48d4,287337f09db38952,236d6bf8e81ca34a
89254630,1,719,3d0448420c8234bd,a9bef395e8f59102,61badaea9676bad7,676f587fe17fd95d,38e9c580dedb7894
89254631,0,719,dee6e36686ff1257,df1dcb692f2add72,8a9f8bf810d68687,f0dc9bf5892a8633,b9ad06c252e846e4
89254631,1,719,777b64735df926de,0260fa4d41342a1e,e61b0c8e1234620d,99a776a554bebd40,89ff275de1517ef4
89256662,0,719,3a651cfe55ca7c53,cce3069f1e804cd1,1721e809bf2c48d4,287337f09db38952,236d6bf8e81ca34a
89256662,1,719,3601657f0bdf98fe,930f770a9a2df46c,cd3df6cff1407e94,9671950a7a82bebd,60c02a5a42c77428
89260777,0,719,e328c1813a36cf1a,d973465ea2d0d461,e953f7e538f15c23,c29194d9280a2df5,7b35ac9af97ae644
89260777,1,719,5633511a3cca9483,9c54859c97fe938e,68cd82dc2665ed84,5e3188d45802aae6,399d6f953c1263f4
89260802,0,719,9a0de8f561255ec0,9d12c57234e5e3fe,dfa1003b72db251b,fb6c8aba4ed17187,8564d75da1afd412
89260802,1,719,5633511a3cca9483,9c54859c97fe938e,68cd82dc2665ed84,6203eefc76ce2c3c,8335932b917bbdd0
89268506,0,719,6becc17f8d2781db,88e3cd3099a80081,46957995094708c2,7e02c7dfe65b45c3,b0dcdc871ad4d922
89268506,1,719,5633511a3cca9483,9c54859c97fe938e,68cd82dc2665ed84,3976bbe72ba15854,f1dd27e03e9f383b
89271072,0,719,321a8b289975167a,21240a2bc8ebc963,37b6703c72ada9c6,b176e574cd59a1fb,3215cdffde06c331
89271072,1,719,da1f32a28cd492a4,8528810093f37ebd,ac0c507e49c01bba,828206cbbaf3e2d0,1a2f0da7c95c09e5
89272078,0,719,777b64735df926de,79dabb8c5d248669,7e0b5d313e3697c5,a846d4b92ee585e9,36aa916e4a230ef6
89272078,1,719,ad9878357a43c9fc,000a095f40c8d15b,b7a23259b605641e,2ade2ec6325f0a29,448392aff39ff0c3
89272096,0,719,28c7a338030ceb82,9e8e5ca46d352f3c,a55b624d8e2a71dc,8cfdfb7dae97248c,6f8eb3e2f63d947a
89272096,1,719,5a5d6622eb827e24,c09dc6acb4a16f7a,31b5f34ec43c1ad0,d0b5ac7dca9c6d45,84aaeda8dbcbc895
89273103,0,719,3a651cfe55ca7c53,cce3069f1e804cd1,1721e809bf2c48d4,287337f09db38952,236d6bf8e81ca34a
89273103,1,719,250f6d1320a3d805,79faba9ca68e7d3f,bb4032b97df9d7d7,bd8e04c441650b1d,9007ca9ae4edbb22
89274138,0,719,777b64735df926de,d9df3fa078a41bc7,312528aa01c08076,0f894a216caddc63,dea3ef3c2a21c002
89274138,1,719,f00a4f3e93463fff,b683bb490e4d31f7,748b033281f7a05d,9e21765adc591cc2,7a5cea008706ac06
89274144,0,719,0d4bec9e17d38988,a61a835a9f6d1aa4,2913c87d3ea9f7c8,40dc35a0436e02a9,8a19aa4217cd27de
89274144,1,719,3a651cfe55ca7c53,cce3069f1e804cd1,1721e809bf2c48d4,287337f09db38952,236d6bf8e81ca34a
89275183,0,719,6f11df0c651ada96,195cdeabe95430fb,7922abfc4a0f6e33,532fd0dc63384659,ade935e9ed438ea2
89275183,1,719,777b64735df926de,eb4f3d363d2e9436,38bbad1197832d46,7277cb75a0ce94c5,4f98ab2698794d6e
89275731,0,719,5633511a3cca9483,9c54859c97fe938e,68cd82dc2665ed84,48eeb2f815a986b4,5db077ca435de0d7
89275731,1,719,8f08069cc2e8c599,fbfa5abcdf5aa0b3,3ffba2c4244fd6f7,e5005be53be7f84e,99bf30fb187fc9e0
89279409,0,719,5633511a3cca9483,9c54859c97fe938e,68cd82dc2665ed84,30c3bf60f2dc5354,15a0948acf500ae5
89279409,1,719,74cd54acf1d03131,6d2b6a7fb0ca030b,32c837df16f67d7a,25ce2556eb062523,a1bfe4011b37ded3
89280451,0,719,41eaee8541996396,303a5073addcf6e2,5ffad6f2bb9123e0,db5448f89ea4ca75,fc9a91d367be4910
89280451,1,719,5633511a3cca9483,9c54859c97fe938e,68cd82dc2665ed84,d2d40307f0c7fb1c,0784d44f9d7483fb
89283101,0,719,f391eb08d83718d2,bd39ceff85c8b6e7,2f6ead728e6873c9,740ac3cfb5ea6e3d,29c483fce8571241
89283101,1,719,3a651cfe55ca7c53,cce3069f1e804cd1,1721e809bf2c48d4,2c43ed398d7ec154,085da752daa887d9
89285228,0,719,881de9a5c2d67c9d,51648dbdd9da3f2e,1acc5b06c5127a1a,35dc9c4bfb799efc,0e2774a587fadba6
89285228,1,719,3a651cfe55ca7c53,cce3069f1e804cd1,1721e809bf2c48d4,287337f09db38952,236d6bf8e81ca34a
89286305,0,719,6f11df0c651ada96,664213b27349e23e,d6bd83ba510ba9ed,7ebb66ce922fcc76,a21fdd669c5d8aba
89286305,1,719,777b64735df926de,eb4f3d363d2e9436,80717af2cd7e9de2,413040dcd7325876,806cc40a4954fc4f
89289003,0,719,777b64735df926de,eb4f3d363d2e9436,38bbad1197832d46,27cc3b42ad1334cb,9fc0d11476b7e32d
89289003,1,719,f1d80a3bf967b6e1,507fb3c7aff69ec3,471af860b227c8bb,8b62204e2021f1e1,36feae3f174f04e6
89289517,0,719,16f92b9a44147b5c,aaf96de248e7822e,8e9f22b1da226f55,876d5d771bd9c82e,c78fd19344144761
89289517,1,719,3a651cfe55ca7c53,cce3069f1e804cd1,1721e809bf2c48d4,287337f09db38952,236d6bf8e81ca34a
89290046,0,719,3a651cfe55ca7c53,cce3069f1e804cd1,1721e809bf2c48d4,ab8ab7a3229fc304,62aa397edfb681ae
89290046,1,719,55e2473701d6b687,a3c932983fa68875,f2d9a5c100547928,dade706ce77611e6,03b6ecc577027055
89294290,0,719,3a651cfe55ca7c53,cce3069f1e804cd1,1721e809bf2c48d4,287337f09db38952,236d6bf8e81ca34a
89294290,1,719,807066f711fb5ab3,7772057a7d56cd99,68897b451523688f,40bebe0c1ce38fb9,c8a8ea19ac6c63f4
89294295,0,719,807066f711fb5ab3,fac470e4d96e557d,19be5b84e680261b,dd0091ff07a9adc6,3767f80204e33497
89294295,1,719,777b64735df926de,eb4f3d363d2e9436,38bbad1197832d46,6b2b05eb5cd3408d,7ea9496d2c9a826a
89297503,0,719,777b64735df926de,eb4f3d363d2e9436,38bbad1197832d46,ef21a6319d9a9557,3fe26c877401b387
89297503,1,719,807066f711fb5ab3,fac470e4d96e557d,63960fa7decb729e,88b6cb17fc93607e,4c3aeb157d2d7869
89298045,0,719,32706e901673e187,0059c323bad8c0ac,76a1b0cb99007296,043a09b8e235ce0f,60d8bc847c83722f
89298045,1,719,777b64735df926de,61574c844c585745,3e83cd58645e3280,ef96953975b10c61,163665a1a1ad04d0
89298050,0,719,777b64735df926de,eb4f3d363d2e9436,691475966a4eccf9,970e8ef97b9d7964,758aa5f57d4c1511
89298050,1,719,801460c72d82755c,b0308aea9d47fc76,5af301f7d1a08b29,d03c0b0aabecc65a,4b3c9951efbbd535
89299111,0,719,78d159361fa69bcd,895e93347e48606d,b2ac7dba6938b1ac,36af8bae823c8022,91a049ebeeca8ae9
89299111,1,719,3a651cfe55ca7c53,cce3069f1e804cd1,1721e809bf2c48d4,287337f09db38952,236d6bf8e81ca34a
89299646,0,719,80694a527db3e1fe,3b33c14ab7113960,bc212ea3f469793a,ed5a3a2178be1cc0,64acf95823852b6c
89299646,1,719,3a651cfe55ca7c53,cce3069f1e804cd1,1721e809bf2c48d4,287337f09db38952,236d6bf8e81ca34a
89302839,0,719,3a651cfe55ca7c53,cce3069f1e804cd1,1721e809bf2c48d4,9e7ca77ed6815039,ece8080bb913e210
89302839,1,719,3f94e92dec7f108d,9537950c09035376,889fc5a61bc5d9c8,f432e9447989773b,70f07d3702472a4b
89303383,0,719,663caebe1baf754c,1504263b0d0d759b,33a4cfe2b929d832,2152fdc120121289,44aefff84308763d
89303383,1,719,5633511a3cca9483,9c54859c97fe938e,68cd82dc2665ed84,7f8f2061e3f2aacf,8792af75571f0a2f
89306604,0,719,f56a169fe56c22e5,a49f2259b2c394fc,1625a6733b40d96a,770b18a6ac0f5614,986c3b9a30491129
89306604,1,719,5a5d6622eb827e24,c09dc6acb4a16f7a,31b5f34ec43c1ad0,d0b5ac7dca9c6d45,84aaeda8dbcbc895
89306609,0,719,c46f28a19981ef99,581830b2a2dd01df,1122c351176cc58f,4cd2b9712f87f677,fe2c3e0bd777372e
89306609,1,719,3a651cfe55ca7c53,cce3069f1e804cd1,1721e809bf2c48d4,287337f09db38952,236d6bf8e81ca34a
89306610,0,719,1c538d18681a626f,ff040911cc1955c2,0ce2b4c3bdb61baf,4af412b8c5ec1eb2,b2e7964541ff30eb
89306610,1,719,56326ce59b29b227,120133281e230bf7,4a51b51ec89a000a,120ff1b1dde04d8a,6eeef3d4091c73c2
89308184,0,719,3a651cfe55ca7c53,cce3069f1e804cd1,92b6302773ebb413,70d49504f7390288,41e5ed7a9315df75
89308184,1,719,1e9c55534fe6f87e,d99df45080c2ea82,0cac93d12aaa558a,1a204cd7f746d473,20cd40aa22f07404
89308211,0,719,9df9899f17b5eff1,c9f6f1e0f6d2a1d6,fe949f99f0671743,65c4fae850cb68e9,477bb467e62d0125
89308211,1,719,56326ce59b29b227,120133281e230bf7,4a51b51ec89a000a,120ff1b1dde04d8a,6eeef3d4091c73c2
89310868,0,719,3a651cfe55ca7c53,cce3069f1e804cd1,1721e809bf2c48d4,287337f09db38952,c713c3cb8ba601b9
89310868,1,719,807066f711fb5ab3,fac470e4d96e557d,2b0b864e95c72fe0,4905eb994829c153,55fedeef69aedd69
89312975,0,719,4f87d1a358f9a44c,6ae06d9e41955dd4,b84e625899101a9a,df08ad4cf8b0445e,2d1a351c54e96c70
89312975,1,719,5633511a3cca9483,9c54859c97fe938e,68cd82dc2665ed84,a5fa764415d18d7f,f97160dbf0bc6c15
89313513,0,719,293f083b341e8285,851f02ba406118a9,c091558e7ad73256,87675307b1e9ba65,28fc1ae6b15c084a
89313513,1,719,5633511a3cca9483,9c54859c97fe938e,68cd82dc2665ed84,2ea47fa2be58900d,7b072b9deef4c0f2
89313523,0,719,980e0359c3293aaf,37ce5a8a202e4425,ba1ef0673aa5e125,7508c10e87e92b20,f58a3048d94ebc2f
89313523,1,719,3a651cfe55ca7c53,cce3069f1e804cd1,1721e809bf2c48d4,287337f09db38952,236d6bf8e81ca34a
89315632,0,719,a94a8b187701e14a,804c001942c2fc86,69a822a307f66766,d33c4a14200f5670,aaf575a58887368f
89315632,1,719,3a651cfe55ca7c53,cce3069f1e804cd1,1721e809bf2c48d4,287337f09db38952,236d6bf8e81ca34a
89315667,0,719,3a651cfe55ca7c53,cce3069f1e804cd1,1721e809bf2c48d4,287337f09db38952,236d6bf8e81ca34a
89315667,1,719,980e0359c3293aaf,4501c03213f77369,80e5c28ee090ba85,2bb2a257966d6019,4d98e3f693c2898d
89317234,0,719,d481bce64b4d11ae,981fd4c34e47b2fe,da3671bb6868d8a0,dea011b18cdbbc05,3f5601b5e36a92ba
89317234,1,719,56326ce59b29b227,120133281e230bf7,4a51b51ec89a000a,120ff1b1dde04d8a,6eeef3d4091c73c2
89318265,0,719,132001c15c41c099,0297415d02d46a44,0541c416643a7cb2,05863d8ffdc8a06d,e46683d20f2870f6
89318265,1,719,3a651cfe55ca7c53,cce3069f1e804cd1,1721e809bf2c48d4,287337f09db38952,236d6bf8e81ca34a
89318812,0,719,138336da99d0c848,c167c31750fe85f3,19a65324220f459b,9eada01ddb25cbdb,47c3e6ab1de72f50
89318812,1,719,3a651cfe55ca7c53,cce3069f1e804cd1,1721e809bf2c48d4,287337f09db38952,236d6bf8e81ca34a
89321400,0,719,3a651cfe55ca7c53,cce3069f1e804cd1,1721e809bf2c48d4,287337f09db38952,a346c90caf1d9c78
89321400,1,719,a41b7c9a9d737afb,2c3028c5f8e625a7,31e8f396f51fcb34,16f4009fcdaad9e4,dd68fdcf4ae00db3
89322449,0,719,5633511a3cca9483,9c54859c97fe938e,68cd82dc2665ed84,feae7e831721799e,c3247d7724fad904
89322449,1,719,70703dbd0415f411,3f55e95b8a69da25,62adfa411f93b035,2e8de484b519408d,2a3c08a84e714d1d
89323501,0,719,f628099c71278c43,8b680bca3f2e89b1,581a3a65099ebb45,f343ad46b855c80e,476db3f263c78767
89323501,1,719,3a651cfe55ca7c53,cce3069f1e804cd1,1721e809bf2c48d4,287337f09db38952,071db64a20d4fbd4
89323532,0,719,a41b7c9a9d737afb,2c3028c5f8e625a7,5008abaede5e11e5,f6ce7763f26697e8,7799c36b731228d9
89323532,1,719,3a651cfe55ca7c53,cce3069f1e804cd1,1721e809bf2c48d4,287337f09db38952,236d6bf8e81ca34a
89324556,0,719,3a651cfe55ca7c53,cce3069f1e804cd1,1721e809bf2c48d4,287337f09db38952,dda2de0458949700
89324556,1,719,e769e85a07addc8f,04e73b6c98be381a,500156a3bca51130,994c1ceeee98581b,3dc3b24702ebeb3c
89325645,0,719,56326ce59b29b227,120133281e230bf7,4a51b51ec89a000a,120ff1b1dde04d8a,6eeef3d4091c73c2
89325645,1,719,321a8b289975167a,21240a2bc8ebc963,37b6703c72ada9c6,b176e574cd59a1fb,3215cdffde06c331
89326146,0,719,728f13bd29fe5086,73fd7880622822df,c5c58c15075f0680,b21397a5fd1ffa34,13d079ca99aaa70b
89326146,1,719,5a5d6622eb827e24,c09dc6acb4a16f7a,31b5f34ec43c1ad0,d0b5ac7dca9c6d45,84aaeda8dbcbc895
89326162,0,719,d481bce64b4d11ae,981fd4c34e47b2fe,da3671bb6868d8a0,dea011b18cdbbc05,82c9bab338c30086
89326162,1,719,30274d592d09ff64,ec42d5a8bdcc3f38,8d437340dfd55649,4d48d14cc1774624,dc7ac2107e0dca7f
89326672,0,719,cf102170585eb053,2025904e0ed2b318,50ce6a34444fab74,65480d6293174bd1,9af295ccee45244f
89326672,1,719,3a651cfe55ca7c53,cce3069f1e804cd1,1721e809bf2c48d4,287337f09db38952,236d6bf8e81ca34a
89326674,0,719,dbee6a18e445b1fb,5b2b906e7eed2a50,fbc05dd1d874a452,0bdb1b1b871e8b6b,6e028e0e2a664b01
89326674,1,719,3a651cfe55ca7c53,cce3069f1e804cd1,1721e809bf2c48d4,287337f09db38952,236d6bf8e81ca34a
89326704,0,719,5633511a3cca9483,9c54859c97fe938e,68cd82dc2665ed84,fa78718736380220,232275b2e198460d
89326704,1,719,0be7a2d7ba7ecf98,5a8c9295e5b3b662,b2c8ad8483fd0f5e,7f00181ae848216c,1c0fc1fa98682316
89327741,0,719,ff65b9883cf11df9,f552e0176ad52987,100172cce2632bcb,d986604da225252f,dee9182220f9cccf
89327741,1,719,3a651cfe55ca7c53,cce3069f1e804cd1,1721e809bf2c48d4,287337f09db38952,236d6bf8e81ca34a
89328795,0,719,a770e374a9f40895,8fae3406fd61c0d1,bad540c57495761e,f930d17e5a05d8bf,353b03648c544063
89328795,1,719,3a651cfe55ca7c53,cce3069f1e804cd1,1721e809bf2c48d4,287337f09db38952,236d6bf8e81ca34a
89330383,0,719,ab552f0410b90cd5,f27937c05a623f81,87c2012fddf96b4b,a243a2bf6b53468c,725748597b115ba6
89330383,1,719,5633511a3cca9483,9c54859c97fe938e,68cd82dc2665ed84,2059134b3c78d58b,1cd42ac17aa74a3b
89330908,0,719,2b67ba2d4c2f6a81,be5c6ee09c581884,f251288a7c83758b,1ffaffcff3bc3b4f,4d2c76f863764c2d
89330908,1,719,d481bce64b4d11ae,981fd4c34e47b2fe,da3671bb6868d8a0,dea011b18cdbbc05,316df712d4ad2269
89331413,0,719,3a651cfe55ca7c53,cce3069f1e804cd1,1721e809bf2c48d4,287337f09db38952,f7bfe68f3defd62a
89331413,1,719,cf102170585eb053,2025904e0ed2b318,50ce6a34444fab74,65480d6293174bd1,9af295ccee45244f
89331953,0,719,5633511a3cca9483,9c54859c97fe938e,68cd82dc2665ed84,819cd6ef62daec89,c5bca42675154280
89331953,1,719,a184ce6ab5c5a0a6,9d0cddd621c111e5,f36ddb4868647c21,8d52aefe1d0a1e6c,0d7c9149438a7cb1
89333009,0,719,86f9621b2a9ba6e8,678940758a887720,f85400dac108d534,3ceaa7cb408b6e30,f5be54ac83a4c2bb
89333009,1,719,3a651cfe55ca7c53,cce3069f1e804cd1,1721e809bf2c48d4,287337f09db38952,aadb1af1dba1a995
89334065,0,719,d481bce64b4d11ae,981fd4c34e47b2fe,da3671bb6868d8a0,c5b2ae11ec975b4f,4d93e3d95b927245
89334065,1,719,3a394d6fb57bda4c,f835b6bb2dd33aa5,fb04b1cafc358c37,b191cbb290bd2afa,bedf52a6898f1957
89334083,0,719,6c95a5948bfe4f1e,aa2abb5f94b7b581,7f4819ced9ce1285,114dd3bb77c41ac8,e36cc2ea9ab44fd8
89334083,1,719,d481bce64b4d11ae,981fd4c34e47b2fe,da3671bb6868d8a0,dea011b18cdbbc05,82c9bab338c30086
89334589,0,719,cf102170585eb053,2025904e0ed2b318,50ce6a34444fab74,65480d6293174bd1,9af295ccee45244f
89334589,1,719,5633511a3cca9483,9c54859c97fe938e,68cd82dc2665ed84,898ad63bff06856a,151b59fe9106fbee
89336184,0,719,e91df47898f9bf94,59a2a8c49354553b,a1ed2319d296571a,a8172b4f0c9938ee,a0f10b085007a829
89336184,1,719,3a651cfe55ca7c53,cce3069f1e804cd1,1721e809bf2c48d4,287337f09db38952,ef11078b09505b9e
89336185,0,719,3a651cfe55ca7c53,cce3069f1e804cd1,1721e809bf2c48d4,287337f09db38952,236d6bf8e81ca34a
89336185,1,719,31f65dbe1831fa15,5075ecc9f2edae67,fd75523b1918df36,8e29a7783d60df32,57f044cb86f48423
89338272,0,719,3a651cfe55ca7c53,cce3069f1e804cd1,1721e809bf2c48d4,761ac84ccbe8aeac,da713c00a14147a7
89338272,1,719,cf102170585eb053,2025904e0ed2b318,50ce6a34444fab74,65480d6293174bd1,9af295ccee45244f
89342534,0,719,3a651cfe55ca7c53,cce3069f1e804cd1,1721e809bf2c48d4,287337f09db38952,e83f7fa39269765a
89342534,1,719,1463cdbc8a98dc09,e222e90114ce4d68,771616c5ebb96564,43921acfc80c7ba4,67a122364dc637d6
89343046,0,719,5633511a3cca9483,9c54859c97fe938e,68cd82dc2665ed84,e219dfeea5f035ef,7c17b33f26aa9e12
89343046,1,719,58f24320dccdb923,952ca2aace1ab3e4,d59dcca91391e8a4,43389376e78d4090,9f2837e548eec270
89343586,0,719,d481bce64b4d11ae,981fd4c34e47b2fe,da3671bb6868d8a0,dea011b18cdbbc05,82c9bab338c30086
89343586,1,719,3c8ebdceabebc5c8,3cdb2d39295b4603,9dcba500d006a7bb,228a055c6adfdc69,bedbe5023e05a88c
89344632,0,719,3a651cfe55ca7c53,cce3069f1e804cd1,1721e809bf2c48d4,287337f09db38952,236d6bf8e81ca34a
89344632,1,719,d740f92191a1f7a3,b0d8f5c1dc53217d,28fa9337c0be3ad7,2da015285302a01f,fdd6b5c3d4c63bfa
89345179,0,719,58f24320dccdb923,952ca2aace1ab3e4,3db3518c007cb2bb,d8e0c6e35f9c2ea2,de4f4eac4f96ea1e
89345179,1,719,5633511a3cca9483,9c54859c97fe938e,68cd82dc2665ed84,b48d6355d9d168f6,8411e2bd22bce79d
89350989,0,719,3a651cfe55ca7c53,cce3069f1e804cd1,1721e809bf2c48d4,2c43ed398d7ec154,085da752daa887d9
89350989,1,719,cb3dd67cb7aae5f3,9ed6c172217587a3,fa6c35950e0e3817,91cc6fcdd2db2269,f693f559cee2b266
89353103,0,719,cf102170585eb053,2025904e0ed2b318,50ce6a34444fab74,65480d6293174bd1,9af295ccee45244f
89353103,1,719,5633511a3cca9483,9c54859c97fe938e,68cd82dc2665ed84,84a6a5377b3e2213,cf6568e22e70e985
89355753,0,719,3a651cfe55ca7c53,cce3069f1e804cd1,b9e67ef2624df34f,3c9860859511ff11,e15dd7a728fd7ae8
89355753,1,719,551ed5aa9b7edd93,03f68e6a7599a1c4,6e175ae0ba8534d4,9746b9dcf3d6c73e,ece4935e62f281d1
89356851,0,719,2ec44ec0325fc95e,dfb9e7db8a4ca821,183d0a20713e6090,84531f3f86a98b0e,e1a54879c74138ff
89356851,1,719,3a651cfe55ca7c53,cce3069f1e804cd1,1721e809bf2c48d4,287337f09db38952,892541ba499d04dd
89357359,0,719,3a651cfe55ca7c53,cce3069f1e804cd1,1721e809bf2c48d4,287337f09db38952,d6c0aeee508c2794
89357359,1,719,32f11889cda40cf1,3b18fb1d3b7ac1b8,2ea5a5df17a263d9,e0486a2bc83e6738,69b433a6b87f1db8
89357401,0,719,5a5d6622eb827e24,c09dc6acb4a16f7a,31b5f34ec43c1ad0,d0b5ac7dca9c6d45,84aaeda8dbcbc895
89357401,1,719,1a38dc47358ce0ce,863f17a041114cd5,9c4591b3fdf77cf6,143f38f8c0831db0,ef9db87e490e65db
89360008,0,719,3a651cfe55ca7c53,cce3069f1e804cd1,1721e809bf2c48d4,287337f09db38952,4e10f0c712208c6b
89360008,1,719,7ccde39a034b8326,00cddef52d450cd8,403d1b726ecec707,5f4b8767377affa5,e6c48db929ac7267
89360038,0,719,3a651cfe55ca7c53,cce3069f1e804cd1,1721e809bf2c48d4,287337f09db38952,236d6bf8e81ca34a
89360038,1,719,4fdf9f247087c017,c1f09d9453aa3665,734e83d4803ba7d1,38812e370f525054,d79064a77a0cf266
89364781,0,719,3a651cfe55ca7c53,cce3069f1e804cd1,1721e809bf2c48d4,287337f09db38952,a843cb5b6c6662e9
89364781,1,719,807066f711fb5ab3,cdfad1d1168f6e38,5697bdfc14a68e8a,5876553ad3ad7501,7bbe3f409177b77b
89365841,0,719,cf102170585eb053,2025904e0ed2b318,c2b03a013983aa50,67fbfa29aa0c9ffd,e30dd68cf6cc77e6
89365841,1,719,3a651cfe55ca7c53,cce3069f1e804cd1,1721e809bf2c48d4,287337f09db38952,90c17760aa7bfa3c
89365843,0,719,3a651cfe55ca7c53,cce3069f1e804cd1,1721e809bf2c48d4,287337f09db38952,236d6bf8e81ca34a
89365843,1,719,cf102170585eb053,2025904e0ed2b318,50ce6a34444fab74,65480d6293174bd1,9af295ccee45244f
89367960,0,719,3a651cfe55ca7c53,cce3069f1e804cd1,1721e809bf2c48d4,287337f09db38952,236d6bf8e81ca34a
89367960,1,719,cf102170585eb053,2025904e0ed2b318,50ce6a34444fab74,65480d6293174bd1,4ff1c0aba0e475b9
89369036,0,719,17b4c4a033178423,1db1acd9fffe7dac,abecffc1eca68cf4,53f5b9aa08e4a15c,7f0efd1dd7327ef6
89369036,1,719,5633511a3cca9483,9c54859c97fe938e,68cd82dc2665ed84,f1867239783e71fe,aa6e90ec3d59317d
89369588,0,719,0334d240ca5a623f,ee65e3774d5132bb,eac4a1d552818524,6b65705056b7a832,69057ada95f742d0
89369588,1,719,3a651cfe55ca7c53,cce3069f1e804cd1,1721e809bf2c48d4,287337f09db38952,c77bfbb7d869a219
89370118,0,719,b01623a2db1ef73b,eabb6c1ae84fb622,7e6a3bc95f49117b,ef6f3af3c15f16e1,7515339655176a3b
89370118,1,719,5633511a3cca9483,9c54859c97fe938e,68cd82dc2665ed84,e653295a073cda83,d5f21fe5f88ef7dd
89371133,0,719,3a651cfe55ca7c53,cce3069f1e804cd1,1721e809bf2c48d4,287337f09db38952,071db64a20d4fbd4
89371133,1,719,cf102170585eb053,2025904e0ed2b318,50ce6a34444fab74,65480d6293174bd1,abfd51a4d273f5a4
89373275,0,719,defab3784ab8a1a6,64382b91e00232c3,6c60d4bf315cf994,8e5c3fb252f20b51,d5e162a0fea3569c
89373275,1,719,3a651cfe55ca7c53,cce3069f1e804cd1,1721e809bf2c48d4,287337f09db38952,427926cfbf15d32c
89376980,0,719,5a5d6622eb827e24,c09dc6acb4a16f7a,31b5f34ec43c1ad0,d0b5ac7dca9c6d45,84aaeda8dbcbc895
89376980,1,719,cf102170585eb053,2025904e0ed2b318,50ce6a34444fab74,65480d6293174bd1,9af295ccee45244f
89378047,0,719,3a651cfe55ca7c53,cce3069f1e804cd1,1721e809bf2c48d4,287337f09db38952,236d6bf8e81ca34a
89378047,1,719,749a01ae8e08eeda,7feb57931b941754,6bf3a7d0bf8c45ff,efa0c7cfb73dac60,106e171301317290
89379085,0,719,3a651cfe55ca7c53,cce3069f1e804cd1,1721e809bf2c48d4,287337f09db38952,236d6bf8e81ca34a
89379085,1,719,bca69208f1cff802,fea56a4ce435fd8b,d47491887a602ad2,128bc6b2172549f3,02d91e875bd25ac0
89379614,0,719,3a651cfe55ca7c53,cce3069f1e804cd1,1721e809bf2c48d4,287337f09db38952,55efc2d78c0d3d58
89379614,1,719,13b90aa4c9c3a0a6,fc25b29d86d41bd3,7c2ee960b83ff193,30c8037baabbf0c4,416f9871613bf09e
89382277,0,719,5a5d6622eb827e24,c09dc6acb4a16f7a,31b5f34ec43c1ad0,d0b5ac7dca9c6d45,84aaeda8dbcbc895
89382277,1,719,13b90aa4c9c3a0a6,fc25b29d86d41bd3,7c2ee960b83ff193,30c8037baabbf0c4,416f9871613bf09e
89382302,0,719,8e3dd3e9e27693fa,635e4668befa28a9,40f3828e0e8c9ddf,397d0f85acae14ba,2e72801777ed0c2b
89382302,1,719,3a651cfe55ca7c53,cce3069f1e804cd1,1721e809bf2c48d4,287337f09db38952,ff0d3a307071d78b
89384369,0,719,807066f711fb5ab3,fac470e4d96e557d,b886c6385fd44605,f6e2580f65a2b5d9,7c1dfc393b31443e
89384369,1,719,5633511a3cca9483,9c54859c97fe938e,68cd82dc2665ed84,f40651b74b870bd5,9803c6ef73e22ffb
89384375,0,719,4c2c949c2647b8c0,339a933bdde284f4,ce0dc3e80b54683e,fd8b37df5d3ff786,67992b7530027ad7
89384375,1,719,3a651cfe55ca7c53,cce3069f1e804cd1,1721e809bf2c48d4,287337f09db38952,236d6bf8e81ca34a
89385450,0,719,5633511a3cca9483,9c54859c97fe938e,68cd82dc2665ed84,9e11d56fbec3210c,e7bf1b7f4c292f6d
89385450,1,719,472232e90ee5ade4,3e96ffface1d1266,ee3829ed70aedbdd,215b84dfaa5b3b62,f094e2dbb34fd34d
89387018,0,719,1a0972ac24f12a11,890db9c8939e4504,b37aef7dfdfd977d,e6883e686df18b8c,aeb7ff67fa2487c8
89387018,1,719,3a651cfe55ca7c53,cce3069f1e804cd1,1721e809bf2c48d4,287337f09db38952,236d6bf8e81ca34a
89389677,0,719,5a5d6622eb827e24,c09dc6acb4a16f7a,31b5f34ec43c1ad0,d0b5ac7dca9c6d45,84aaeda8dbcbc895
89389677,1,719,c848708d03fa4ef6,c96c175e51dab38b,b4351c10c3578386,e62c4a515e7329c8,19c9a79fa3f69d8a
89390701,0,719,3a651cfe55ca7c53,cce3069f1e804cd1,1721e809bf2c48d4,287337f09db38952,236d6bf8e81ca34a
89390701,1,719,073a8534418c42a4,8accaca6441255a7,46cd39035e9d69f0,daefa96a7e0656a4,a1dc9b50ebd7e5cb
89392276,0,719,3a651cfe55ca7c53,cce3069f1e804cd1,1721e809bf2c48d4,287337f09db38952,236d6bf8e81ca34a
89392276,1,719,8f08069cc2e8c599,bba1de6b95e17ef3,a88650b862c24442,9ee42c7beb9df8b3,dbda7b4099a3c6ca
89392277,0,719,3a651cfe55ca7c53,cce3069f1e804cd1,1721e809bf2c48d4,287337f09db38952,aeaa65141df2bcb5
89392277,1,719,1881e6cf6dec90e6,f26cc2e05e67e1b7,065c8c68c30b4040,fe085bd014a04f66,33d2887ba898d248
89394388,0,719,7f06e840aba59dbe,6d03d42f4755ab64,ade7c689106f29f6,cc46870f703f9e67,9502185fb241270b
89394388,1,719,5a5d6622eb827e24,c09dc6acb4a16f7a,31b5f34ec43c1ad0,d0b5ac7dca9c6d45,84aaeda8dbcbc895
89395980,0,719,56326ce59b29b227,120133281e230bf7,4a51b51ec89a000a,120ff1b1dde04d8a,6eeef3d4091c73c2
89395980,1,719,cb3360a4182d8332,d79a3d65be3f01da,32f71fa60b8efd74,40476cc89ab923d6,48f49b3df4434d5e
89395981,0,719,c5ed94e6663b8726,310b4a3bc88c219c,6090c67ef89afd43,71e8f661f0ff9b85,ed43a5b075baa52e
89395981,1,719,3a651cfe55ca7c53,cce3069f1e804cd1,1721e809bf2c48d4,287337f09db38952,ef5fd63bc380cb64
89401270,0,719,3a651cfe55ca7c53,cce3069f1e804cd1,1721e809bf2c48d4,287337f09db38952,236d6bf8e81ca34a
89401270,1,719,73e439e0cba4a502,21d5e535c1f47662,5582b809a94702f6,538467b3b9ca313e,fc170c6e6294d1c9
89403347,0,719,8f08069cc2e8c599,bba1de6b95e17ef3,c400d6a2527eab68,0ac67c549591f8d9,80120dd59c89b116
89403347,1,719,5633511a3cca9483,9c54859c97fe938e,68cd82dc2665ed84,beee3d41710a6c25,c7f792dcac3f9e22
89404408,0,719,c9dbede3c5a9dd9e,ca7e9a6941154805,40c2d480c6d566f8,09de7570f46b3294,442a2ce59eef2b1c
89404408,1,719,321a8b289975167a,21240a2bc8ebc963,37b6703c72ada9c6,b176e574cd59a1fb,3215cdffde06c331
89405456,0,719,e70c1bb2fbd97350,b75387d6f2995871,36c1fc5c28ba8295,507daca36ce7c62e,b39158c9d41f9f32
89405456,1,719,3a651cfe55ca7c53,cce3069f1e804cd1,1721e809bf2c48d4,287337f09db38952,6de397e1f2dc4bcd
89407051,0,719,d481bce64b4d11ae,981fd4c34e47b2fe,da3671bb6868d8a0,dea011b18cdbbc05,82c9bab338c30086
89407051,1,719,8e611b2c272f913c,74cbe630421d2b29,b608ed2ef524c871,8f736da05652d5c4,67d8ee02893eee34
89408639,0,719,46c6683146914c6c,c998c59667dca29b,fb890b95e54fc033,44cceb6aedb698e2,1ff3c9c15bfd32c8
89408639,1,719,3a651cfe55ca7c53,cce3069f1e804cd1,1721e809bf2c48d4,287337f09db38952,236d6bf8e81ca34a
89413382,0,719,807066f711fb5ab3,fac470e4d96e557d,c63bcc9eb42f1c21,69171822fc8f7064,3f2372a3fcbef140
89413382,1,719,3a651cfe55ca7c53,cce3069f1e804cd1,1721e809bf2c48d4,287337f09db38952,4e10f0c712208c6b
89414446,0,719,21745f624559dc43,9a66c421252b4de1,dec558104aa662f6,0560d3e8cbeca8ca,4a4820688a90d5ed
89414446,1,719,5a5d6622eb827e24,c09dc6acb4a16f7a,31b5f34ec43c1ad0,d0b5ac7dca9c6d45,84aaeda8dbcbc895
89415497,0,719,ee3974cf1a79890a,436ab42aed80aba3,5e39f4aeaa6fcc7f,55af0ad2e0396646,b5e20635b6b530b9
89415497,1,719,56326ce59b29b227,120133281e230bf7,4a51b51ec89a000a,120ff1b1dde04d8a,6eeef3d4091c73c2
89420889,0,719,5e27fb231a938b49,c30eb3a7012b15ba,a3f0d44f68e8e1f0,4f692004ad149150,134daee579c443f1
89420889,1,719,5633511a3cca9483,9c54859c97fe938e,68cd82dc2665ed84,d0bb25823cce2e50,ffc5eff1009f366c
89422500,0,719,7f21b99857cc9b69,c2c6711e7457f208,d1c9cc84aaf88f1f,fa12acc547246361,da8495103711ec43
89422500,1,719,3a651cfe55ca7c53,cce3069f1e804cd1,1721e809bf2c48d4,287337f09db38952,cf033acc5269d786
89423554,0,719,3a651cfe55ca7c53,cce3069f1e804cd1,1721e809bf2c48d4,287337f09db38952,236d6bf8e81ca34a
89423554,1,719,cf102170585eb053,2025904e0ed2b318,50ce6a34444fab74,65480d6293174bd1,9af295ccee45244f
89424073,0,719,3a651cfe55ca7c53,cce3069f1e804cd1,1721e809bf2c48d4,287337f09db38952,236d6bf8e81ca34a
89424073,1,719,d31acd049fa59fb1,ed71b189c0b7e1e6,c22620476870ad47,41980fb5b3e7e1c2,35252118146b66cb
89424098,0,719,5633511a3cca9483,9c54859c97fe938e,68cd82dc2665ed84,ce140ae476ce47a1,f4eabe04643725fe
89424098,1,719,84c352bf519d65f5,fdee5aadf3b0f5fe,3081ace9cd638658,67f0f4b1776b8e7b,3ed9e3e614d339ac
89427319,0,719,9f65377c85bdb3bf,d31ce3ee89799519,031c7ed9eda17828,659c97078241c4cc,242741cb90212a98
89427319,1,719,5633511a3cca9483,9c54859c97fe938e,68cd82dc2665ed84,0d5e2ec886f7498f,fafe76e5fcd20bdb
89431607,0,719,5633511a3cca9483,9c54859c97fe938e,68cd82dc2665ed84,fdb867b167eaff61,213c0bf80a48d433
89431607,1,719,71cd84d56e6b6e1e,69d2ba3cd5191520,ae3cb9bdc6da3cff,48ef562b137cec52,73bb265611c03ffb
89434819,0,719,3a651cfe55ca7c53,cce3069f1e804cd1,1721e809bf2c48d4,287337f09db38952,236d6bf8e81ca34a
89434819,1,719,7912e93efc802f2c,b6ab946440ba786f,0d2d27b4c378a578,4b47f6e748539c0f,74804bbf57bf5cab
89438551,0,719,3a651cfe55ca7c53,cce3069f1e804cd1,1721e809bf2c48d4,287337f09db38952,236d6bf8e81ca34a
89438551,1,719,cf609f2a7c858574,375c1519ee080093,ee658395addba473,36a6a388fb0d5b85,ef2ff3dc65fbd5a2
89440698,0,719,b508498cd12027a9,9cc3d39222eece1a,674cbe985f3f96b7,331c8cff45602451,8fcd7977df1f83e6
89440698,1,719,3a651cfe55ca7c53,cce3069f1e804cd1,1721e809bf2c48d4,287337f09db38952,236d6bf8e81ca34a
89446662,0,719,de0bdec41e94fe72,6417382ddf3a03ab,07064663dc3f1a94,26ac923d4efa1d21,2ef02839bc606dd1
89446662,1,719,5a5d6622eb827e24,c09dc6acb4a16f7a,31b5f34ec43c1ad0,d0b5ac7dca9c6d45,84aaeda8dbcbc895
89446665,0,719,d481bce64b4d11ae,981fd4c34e47b2fe,da3671bb6868d8a0,dea011b18cdbbc05,82c9bab338c30086
89446665,1,719,34dd62eaaa1ed73d,17353b5cf5410a92,c663bcc3e0cbe83a,1d2918b48421aad7,2ff4c82bbee2a7cb
89447185,0,719,cb3dd67cb7aae5f3,c3ff8aaa5e65a2b1,363f669fba5a1acb,6e607474a915438c,9c16484222c251ec
89447185,1,719,3a651cfe55ca7c53,cce3069f1e804cd1,1721e809bf2c48d4,287337f09db38952,236d6bf8e81ca34a
89448794,0,719,5633511a3cca9483,9c54859c97fe938e,68cd82dc2665ed84,f510e449805cb722,bccbd2e8d89a807f
89448794,1,719,bc56526f948d1ec2,9a1c51852b8fee5c,a3c2a133c7ed4201,bfbcfc939d8374be,a2da40ad244fc091
89453119,0,719,e5b4fdc8859104a3,7990cff9b3aff785,bb0e9aae15097200,70b9d896dc7b7868,0ace30d662abc04f
89453119,1,719,3a651cfe55ca7c53,cce3069f1e804cd1,1721e809bf2c48d4,287337f09db38952,236d6bf8e81ca34a
89453129,0,719,bc56526f948d1ec2,9a1c51852b8fee5c,deeb3eadfec758df,111ef80764d05dbb,3b09b55f4347d06d
89453129,1,719,5633511a3cca9483,9c54859c97fe938e,68cd82dc2665ed84,d215b85dae08d93e,ec1f5d0c2e4f8ebf
89454725,0,719,d3f7f30d3c5c4842,ab8205f1e61d7ac4,b0946030c6bea9dd,bfc8ec627860358a,a118f6e7ad12e563
89454725,1,719,5633511a3cca9483,9c54859c97fe938e,68cd82dc2665ed84,f8f2d2cfc571fe61,11b79cb938ee107b
89456876,0,719,3a651cfe55ca7c53,cce3069f1e804cd1,1721e809bf2c48d4,287337f09db38952,ff0d3a307071d78b
89456876,1,719,807066f711fb5ab3,ee9acdd2ebf6d469,c7e7b9fb5df2dd2d,95eabfa4eb86eab8,99984cd101dd29ed
89457419,0,719,3a651cfe55ca7c53,cce3069f1e804cd1,1721e809bf2c48d4,287337f09db38952,236d6bf8e81ca34a
89457419,1,719,38f74e33c130a1cd,9e18bc80e50b37ba,26b7932ecd7a7390,5d9487eac7f24bce,fe081acf72ecc779
89459048,0,719,5a5d6622eb827e24,c09dc6acb4a16f7a,31b5f34ec43c1ad0,d0b5ac7dca9c6d45,84aaeda8dbcbc895
89459048,1,719,38f74e33c130a1cd,9e18bc80e50b37ba,be252bceba71cedc,839c1b4a69614271,5c21a143b2237349
89460654,0,719,3a651cfe55ca7c53,cce3069f1e804cd1,1721e809bf2c48d4,287337f09db38952,236d6bf8e81ca34a
89460654,1,719,aafbcc3f0c1c7fbf,f6735b3bc5220014,d56af4e136550be7,bbfd0d2ab58665fa,8bf33b681ef0e415
89466572,0,719,3a651cfe55ca7c53,cce3069f1e804cd1,1721e809bf2c48d4,287337f09db38952,4309185ff8faf9ef
89466572,1,719,9ed8beb97a2a936c,6b1f0aad11ce8214,787dbfafd0b2e6ba,7fefc70fca1a4380,6b672a1fe80f9522
89470325,0,719,807066f711fb5ab3,1c123af4679f12d2,41cad39a5ba4e5f1,7fbc8f74883120d2,a2a85445d185077b
89470325,1,719,3a651cfe55ca7c53,cce3069f1e804cd1,1721e809bf2c48d4,287337f09db38952,78cbe858993c2d69
89472522,0,719,3a651cfe55ca7c53,cce3069f1e804cd1,1721e809bf2c48d4,287337f09db38952,236d6bf8e81ca34a
89472522,1,719,5e81e533b5ae1491,ee3d55d682c562cb,527414fad07273ab,91736adc27181921,9ea5b0c169c6febc
89472528,0,719,3a651cfe55ca7c53,cce3069f1e804cd1,1721e809bf2c48d4,287337f09db38952,236d6bf8e81ca34a
89472528,1,719,876234fa3b637276,90a9d1393d7dca9b,6d535bbe8b883d19,aa7ab85c8cd9b988,66a71f434a83a845
89472530,0,719,6b5850bf31e00469,f5be29ca57688761,ad852868860fdbaf,2019d92f31dc79c7,ba42fcea27bdb139
89472530,1,719,5633511a3cca9483,9c54859c97fe938e,68cd82dc2665ed84,dc703a992ab9f8c1,af07be356d99925b
89475209,0,719,5e81e533b5ae1491,ee3d55d682c562cb,527414fad07273ab,91736adc27181921,9ea5b0c169c6febc
89475209,1,719,5633511a3cca9483,9c54859c97fe938e,68cd82dc2665ed84,35dc8158ec36ab2c,390e6f711758a66e
89475223,0,719,3a651cfe55ca7c53,cce3069f1e804cd1,1721e809bf2c48d4,287337f09db38952,236d6bf8e81ca34a
89475223,1,719,155b79e1678eb3d4,f21f21e8b13c217e,5c959420955be511,96a0b25acfe54e93,2b7e25f9cb986a96
89481720,0,719,52149f304b738463,8748b98bf8a6f112,71e83e15abf792b4,590f76ca2688ae60,e680f6f46cd58abd
89481720,1,719,3a651cfe55ca7c53,cce3069f1e804cd1,1721e809bf2c48d4,af5fab777cca7f36,ff63a45a8a068358
89486571,0,719,e19611e420799397,69e6f7e4f318c72f,afa9b0eeabe769d8,c2fd1c60f2dcaf2e,b7bb400658c69537
89486571,1,719,5633511a3cca9483,9c54859c97fe938e,68cd82dc2665ed84,7069a55a2e379fff,8dc87c26a063c13e
89486581,0,719,986adffbd4b799f4,364509fdbf6502db,9bd50f18032f1d76,d7d0eef298fbe9ca,734b99364236253f
89486581,1,719,3a651cfe55ca7c53,cce3069f1e804cd1,1721e809bf2c48d4,287337f09db38952,236d6bf8e81ca34a
89486604,0,719,d481bce64b4d11ae,981fd4c34e47b2fe,da3671bb6868d8a0,dea011b18cdbbc05,82c9bab338c30086
89486604,1,719,be0b0046e15bf1b5,e926c6e9c8be376f,afd86d54667fed16,72c868716117c2a2,e8a21dbe3a8f8b40
89487116,0,719,5633511a3cca9483,9c54859c97fe938e,68cd82dc2665ed84,c550e73eede6831a,a75a895ab0b03808
89487116,1,719,b9677c2eb74b2b67,e0f47f42055acd16,baacd96de8fc6078,056e46fc82e05e8d,b746e9b3ea283c60
89488222,0,719,3a651cfe55ca7c53,cce3069f1e804cd1,1721e809bf2c48d4,287337f09db38952,ef11078b09505b9e
89488222,1,719,986adffbd4b799f4,b52708d1a25ef995,2d02f5f11256c911,1ce9f8b89ad2ce88,0749f8914522c2d6
89488768,0,719,78871fbd8677136e,9474c0a0ddec4f35,31d9310d409e5b14,b08b2efcf61b07f3,058a928c45bd5ea6
89488768,1,719,3a651cfe55ca7c53,cce3069f1e804cd1,1721e809bf2c48d4,287337f09db38952,236d6bf8e81ca34a
89488772,0,719,cfebd1abff356b01,9cc368c17345310f,7737f4db14210865,47ed55765bea210d,3be6b7640f0edd3c
89488772,1,719,3a651cfe55ca7c53,cce3069f1e804cd1,1721e809bf2c48d4,287337f09db38952,236d6bf8e81ca34a
89492583,0,719,3a651cfe55ca7c53,cce3069f1e804cd1,1721e809bf2c48d4,287337f09db38952,236d6bf8e81ca34a
89492583,1,719,c63f2118664169e1,f9b9494414ecf1d8,f4f22ed2e4213299,9643178d55e2193d,3d8ae4ec5ebfa941
89494733,0,719,3a651cfe55ca7c53,cce3069f1e804cd1,1721e809bf2c48d4,287337f09db38952,aeaa65141df2bcb5
89494733,1,719,6f11df0c651ada96,022070503d0fc1fc,77ca0d9e92c4001d,9a589bdce1035d2c,5b84b84de5efd015
89499636,0,719,bfffc7efcb0b66fd,b4d33fcdbee1c0f0,ea4ae7bb52197667,e89baeaa145e0575,ca238b233db81558
89499636,1,719,5633511a3cca9483,9c54859c97fe938e,68cd82dc2665ed84,70592585f89d9df3,e6f7a5b562a8ca05
89499670,0,719,3a651cfe55ca7c53,cce3069f1e804cd1,1721e809bf2c48d4,287337f09db38952,90c17760aa7bfa3c
89499670,1,719,08ecbac282d8cfc9,bcff185b663ccfed,e409d775da9d1c56,131cbc01ffb02ba5,23f7bb87b85daa6c
89502881,0,719,6840c2726386482b,1fd2a28645f624d5,55628f0847364d3f,817b4aadecbac8ab,9547793a0af3cc40
89502881,1,719,5633511a3cca9483,9c54859c97fe938e,68cd82dc2665ed84,6a1217bcfedc09c6,c48f0febf729147e
89504535,0,719,a87e255acaa7096f,f5ea71530d4b52b5,1bdf2da57c311620,69d1bedfc15950fd,b662a5727735ce00
89504535,1,719,5633511a3cca9483,9c54859c97fe938e,68cd82dc2665ed84,8086d490f90a7f8b,0822cd6e742f682d
89508911,0,719,fb4bf57b953adc07,94ad1d129aedf614,ca194262f0d7468f,4d972193e0819ebf,40d4805038b0ba43
89508911,1,719,3a651cfe55ca7c53,cce3069f1e804cd1,1721e809bf2c48d4,287337f09db38952,ad0103c6f4911b84
89509415,0,719,f639b218fe34bd27,c1b887814dd533f0,3060b10cc7b5d794,c3204c8b2cab44b6,c773f9cc5aa48498
89509415,1,719,5633511a3cca9483,9c54859c97fe938e,68cd82dc2665ed84,c8243212c055ebe7,3c72a05c3fcd1c14
89509435,0,719,3a651cfe55ca7c53,cce3069f1e804cd1,1721e809bf2c48d4,287337f09db38952,236d6bf8e81ca34a
89509435,1,719,8a13e578ffc9a56e,c9cc20d49143230e,51113ebec7c98e0b,09dcb3029e4f4ce8,b84c7fc2b854bd72
89513276,0,719,f7d0db2120f00875,c346b40057e36419,e88d8c9077070853,6f339c5305dbc8de,94bfeb53f9bd6b79
89513276,1,719,5633511a3cca9483,9c54859c97fe938e,68cd82dc2665ed84,ed38e9eb9da383f8,e512a4725ea0d728
89520328,0,719,5633511a3cca9483,9c54859c97fe938e,68cd82dc2665ed84,5cf4150ce8669d3e,ba31ec3cdb950ae5
89520328,1,719,094107edee203e24,34dac79581ce583d,d0ce4ada3abcecd4,73af49a15e995843,9a0312458dc630d7
89523066,0,719,fbbf67abd978b76b,3c4f11543628a39e,2a50d38257eccacc,0957bfe93ff935ec,ffc5a1e0bc6c8792
89523066,1,719,5633511a3cca9483,9c54859c97fe938e,68cd82dc2665ed84,1c338949652252a5,cf3bad16f71b4239
89523642,0,719,010419279f407f09,214c71dfd4d77cde,0c884555712adec3,76fc31ce901f3f08,172ca6463f45f9d2
89523642,1,719,5a5d6622eb827e24,c09dc6acb4a16f7a,31b5f34ec43c1ad0,d0b5ac7dca9c6d45,84aaeda8dbcbc895
89524186,0,719,bca3deebf9be8c44,d48d39857e667d0b,d84f1278a2db9f91,f4709d4efbe7f78d,e25befca4dd5eb4e
89524186,1,719,56326ce59b29b227,120133281e230bf7,4a51b51ec89a000a,120ff1b1dde04d8a,6eeef3d4091c73c2
89524704,0,719,5633511a3cca9483,9c54859c97fe938e,68cd82dc2665ed84,43a00fdc0758b58c,97414bf94b8920c9
89524704,1,719,807066f711fb5ab3,fac470e4d96e557d,f5ec5d350c6d28d3,d269b36b9960c99b,55aae63e7e36ab32
89526377,0,719,8184d3cc41456f38,91a9dfc89574f6b2,57fc36134fa32f78,b1e92d2924939830,3da4966074215257
89526377,1,719,56326ce59b29b227,120133281e230bf7,4a51b51ec89a000a,120ff1b1dde04d8a,6eeef3d4091c73c2
89528534,0,719,94a1ffd1e6786924,83852e16e2616f0e,02d6cd429c3f62c4,ae03307a20289400,ca244f4c127a736b
89528534,1,719,5633511a3cca9483,9c54859c97fe938e,68cd82dc2665ed84,acb4bb9100b51def,c1a3f837f7834fdb
89530201,0,719,0fd96128b7d39661,ff8ccbd6e90eb85f,cb62b412950734f1,1aaf280ca89a2f2e,5140d41237516168
89530201,1,719,3a651cfe55ca7c53,cce3069f1e804cd1,1721e809bf2c48d4,287337f09db38952,236d6bf8e81ca34a
89531301,0,719,5e81e533b5ae1491,ee3d55d682c562cb,527414fad07273ab,91736adc27181921,9ea5b0c169c6febc
89531301,1,719,5633511a3cca9483,9c54859c97fe938e,68cd82dc2665ed84,9d782ed555a48524,e7709ba60fcaa53e
89533527,0,719,3979cdec09f6ecb9,b69eedc3b2ddbf83,32f18d0c322b001e,18bcacc140805481,b448910ffdfb6712
89533527,1,719,3a651cfe55ca7c53,cce3069f1e804cd1,1721e809bf2c48d4,9e7ca77ed6815039,ece8080bb913e210
89536859,0,719,e3842c6ed4f8bcf1,13a0b447c178aad8,62642400f8bbc655,1890e7613d17a96f,01911be5aa80c3d2
89536859,1,719,321a8b289975167a,21240a2bc8ebc963,37b6703c72ada9c6,b176e574cd59a1fb,3215cdffde06c331
89537410,0,719,4dcc111323fd8962,a8c46e0b71bb52ed,af0444de1f22cb2c,b15f00217e1229b7,ac747b340f743221
89537410,1,719,3a651cfe55ca7c53,cce3069f1e804cd1,1721e809bf2c48d4,287337f09db38952,236d6bf8e81ca34a
89537948,0,719,7b46ed2fb294f9ce,00a28638f35f2aab,d89650ed0589131b,99b24d2cafef33db,95ad592a51c124c1
89537948,1,719,5633511a3cca9483,9c54859c97fe938e,68cd82dc2665ed84,6d94913b9e3700b7,2fa928c43e6cc9d0
89538487,0,719,986adffbd4b799f4,364509fdbf6502db,bd96565c36af05ca,dbf64686ad9d8618,6da627f2336efeb5
89538487,1,719,3a651cfe55ca7c53,cce3069f1e804cd1,1721e809bf2c48d4,ed924eade5d9825d,ce02205979b1f3d0
89538534,0,719,970a57c824be62ef,3bc7e8187d3cdb41,ec63bfadbad930c0,05daf0c1fab3f780,e022ade17f02570d
89538534,1,719,d481bce64b4d11ae,981fd4c34e47b2fe,da3671bb6868d8a0,dea011b18cdbbc05,3767bc20a7f63acd
89540164,0,719,a1e458b79afbd205,f14f1badbb3e1cd1,ea1ff99c04bb98e4,991684f09dd5128f,fafe492f88f144a4
89540164,1,719,3a651cfe55ca7c53,cce3069f1e804cd1,1721e809bf2c48d4,761ac84ccbe8aeac,da713c00a14147a7
89543465,0,719,d09b3ce081101c9b,2e9c9cbcb225cb54,a994d6e53bd18f19,f9dac81e7d1b04f8,e1ea074d29399ac5
89543465,1,719,3a651cfe55ca7c53,cce3069f1e804cd1,1721e809bf2c48d4,287337f09db38952,236d6bf8e81ca34a
89543497,0,719,3a651cfe55ca7c53,cce3069f1e804cd1,1721e809bf2c48d4,287337f09db38952,236d6bf8e81ca34a
89543497,1,719,193ad03c49c53823,feca9afaa754b889,e944285808eb1255,098f61b52568e3ab,d7548ec1c8f451e9
89547925,0,719,3a651cfe55ca7c53,cce3069f1e804cd1,1721e809bf2c48d4,287337f09db38952,236d6bf8e81ca34a
89547925,1,719,4b3fed2205b9756c,6fdcb699fe89ce50,90dc4bf9a09bb74a,e9690c57fba3515b,5b6b97da3b567d23
89549543,0,719,3a651cfe55ca7c53,ee752b3f2af1e0cf,aae24653e52e23e7,cf4b2d6fb2aacca0,fb4d07ab74295dcc
89549543,1,719,5e81e533b5ae1491,ee3d55d682c562cb,527414fad07273ab,91736adc27181921,3e70af536956b0fa
89550118,0,719,bc56526f948d1ec2,68fdebe067f54fa4,e2301fbf311a2249,458cfe3718f59975,21a6a487a75d254b
89550118,1,719,5633511a3cca9483,9c54859c97fe938e,68cd82dc2665ed84,99be94f04cd92869,697ea6611884fe7d
89550661,0,719,3a651cfe55ca7c53,cce3069f1e804cd1,1721e809bf2c48d4,287337f09db38952,236d6bf8e81ca34a
89550661,1,719,3fa271db111c5323,c8dd1a0b75a26417,123392300ac29014,27492c6fa73324e3,e374818d787ced93
89552879,0,719,5633511a3cca9483,9c54859c97fe938e,68cd82dc2665ed84,a4ad37ef9c52438c,2fa514ea3ebe37c0
89552879,1,719,41a04b5add13e12a,d3132a85938690c2,42d422a3b1d9b027,4a8f9262d8ed3218,bbd3a749c8a76500
89552880,0,719,3a651cfe55ca7c53,cce3069f1e804cd1,1721e809bf2c48d4,287337f09db38952,236d6bf8e81ca34a
89552880,1,719,a4d710ad12a51c68,b7d66e5d69882906,601cfd34dc07bd51,ed88a5303d6041e9,499487a1978cfbcf
89555615,0,719,3a651cfe55ca7c53,cce3069f1e804cd1,1721e809bf2c48d4,fb2cbc450afced78,25d43211e519b9e8
89555615,1,719,6adcf4a98ded39bf,f93e25b2e19cef7e,fed6faded75e8c3b,adee492a39fcdb67,5955242752eae251
89557826,0,719,986adffbd4b799f4,364509fdbf6502db,fbf3416a3d615e1c,205b72d89bdc0e70,d87039cfc8fb29f9
89557826,1,719,3a651cfe55ca7c53,cce3069f1e804cd1,1721e809bf2c48d4,287337f09db38952,f7bfe68f3defd62a
89562770,0,719,92f074d254cc323e,7cf800fb09597479,061e659b22adea4a,8c9e773d6e7848c6,1bb94a43a2c968b6
89562770,1,719,5633511a3cca9483,9c54859c97fe938e,68cd82dc2665ed84,f337250ee22798a7,6cc9d75dd7f43022
89567711,0,719,f5e37646bef6c998,63cbef737aec7c36,46c1fd768d8316b1,eb39c69a838678f8,4e25640e8775b120
89567711,1,719,3a651cfe55ca7c53,cce3069f1e804cd1,1721e809bf2c48d4,287337f09db38952,e21a96ed1b862a69
89570456,0,719,807066f711fb5ab3,fac470e4d96e557d,a5878b8dbe13afd3,ef052220475ffc7a,84e1f15386bc4283
89570456,1,719,5633511a3cca9483,9c54859c97fe938e,68cd82dc2665ed84,f9ebb3b858a987a8,7dc01ee3aaea7bed
89577054,0,719,703b5f412b967225,3c787c82f043ce3b,b41bb1215d6ebf09,06d3950a3b9843c4,3c723d1f34a2bbd3
89577054,1,719,3a651cfe55ca7c53,cce3069f1e804cd1,1721e809bf2c48d4,287337f09db38952,236d6bf8e81ca34a
89577599,0,719,3a651cfe55ca7c53,cce3069f1e804cd1,1721e809bf2c48d4,287337f09db38952,236d6bf8e81ca34a
89577599,1,719,6ddb322c6d9330b5,3362e1389bdf69ea,8d3d51c0f07d7a2f,0cc306827fe41bb3,326d4ced42e5b62a
89577608,0,719,d481bce64b4d11ae,981fd4c34e47b2fe,da3671bb6868d8a0,dea011b18cdbbc05,3f5601b5e36a92ba
89577608,1,719,da975103804182bf,4641f0af4f72868a,48df83bbb5dea5f6,6b860a3a2d58ac11,6c5a01d11c9de650
89579245,0,719,5633511a3cca9483,9c54859c97fe938e,68cd82dc2665ed84,5debef118226aacd,ccfff05612d0ed96
89579245,1,719,0aa999dbc515fa04,2f3bcc8b9c80872c,6b9f83ea7cd98d2b,b3ecf0528473e73e,58b2e89aa4189909
89579829,0,719,a2364a592a4070db,f62e54243a7f402c,e29dd170b4546b51,2c450ff429870264,80ab22a80cff96f9
89579829,1,719,3a651cfe55ca7c53,cce3069f1e804cd1,1721e809bf2c48d4,287337f09db38952,ef5fd63bc380cb64
89580888,0,719,3a651cfe55ca7c53,cce3069f1e804cd1,1721e809bf2c48d4,287337f09db38952,236d6bf8e81ca34a
89580888,1,719,5e81e533b5ae1491,ee3d55d682c562cb,527414fad07273ab,91736adc27181921,9ea5b0c169c6febc
89585823,0,719,3a651cfe55ca7c53,cce3069f1e804cd1,1721e809bf2c48d4,287337f09db38952,236d6bf8e81ca34a
89585823,1,719,010419279f407f09,214c71dfd4d77cde,0c884555712adec3,76fc31ce901f3f08,172ca6463f45f9d2
89586375,0,719,8192420c40a68063,af7d3ef871c62f16,61b9e7264f3aa87e,8a20cceee28cfd82,ac1cdde3c0ce5835
89586375,1,719,3a651cfe55ca7c53,cce3069f1e804cd1,1721e809bf2c48d4,287337f09db38952,a843cb5b6c6662e9
89586399,0,719,3a651cfe55ca7c53,cce3069f1e804cd1,1721e809bf2c48d4,fb2cbc450afced78,25d43211e519b9e8
89586399,1,719,8787ba937681b869,b430db7b49763419,b6bf5c25f62259f6,1e4064dd5e4691d2,d309721d27bc44d5
89594082,0,719,3a651cfe55ca7c53,cce3069f1e804cd1,1721e809bf2c48d4,287337f09db38952,f45af58027cbe04d
89594082,1,719,0f7f31eb928992f4,37ca238c43f6996f,03005cc4df25ce8e,822e25266506fc55,2d315e2b547fa559
89594600,0,719,b064eaba4dd84f7f,591125788a5886c7,49d14bd38c051c6f,cf4e897f7aae90c2,f8f89fb8e654bffb
89594600,1,719,3a651cfe55ca7c53,cce3069f1e804cd1,1721e809bf2c48d4,287337f09db38952,236d6bf8e81ca34a
89597370,0,719,77a84cedb3bbd690,cc924765d1d35a0e,90cf88e3c8318118,1402d217ef68789f,52cf950cf310214b
89597370,1,719,d481bce64b4d11ae,981fd4c34e47b2fe,da3671bb6868d8a0,dea011b18cdbbc05,82c9bab338c30086
89600659,0,719,5a5d6622eb827e24,c09dc6acb4a16f7a,31b5f34ec43c1ad0,d0b5ac7dca9c6d45,84aaeda8dbcbc895
89600659,1,719,8c26094c517bd2eb,aec09393615b25e1,10fac75eae0b26d2,79f21273d93f38e3,2b02ec3e079ab09c
89601197,0,719,33a2b398f86deb53,22e15b43a588c4d2,9009585a7e7c74ed,aa8d66d824c9a856,23655ab3844a11b5
89601197,1,719,3a651cfe55ca7c53,cce3069f1e804cd1,1721e809bf2c48d4,287337f09db38952,236d6bf8e81ca34a
89607274,0,719,3a651cfe55ca7c53,cce3069f1e804cd1,1721e809bf2c48d4,287337f09db38952,236d6bf8e81ca34a
89607274,1,719,33c035e79a864f45,aae7663dd1a93c74,5d406c37308e76db,38a222daac5d6dd9,3b2db32fa1774657
89609493,0,719,14f29ecac0e8403f,9e8b8af252a428b3,372a7203bfecbe20,f750fb4a519d7aa6,809d09a8b44be80d
89609493,1,719,56326ce59b29b227,120133281e230bf7,4a51b51ec89a000a,120ff1b1dde04d8a,6eeef3d4091c73c2
89611126,0,719,5633511a3cca9483,9c54859c97fe938e,68cd82dc2665ed84,e13b424de74f4c0a,a3b55fea7300d2be
89611126,1,719,50c9de607f2e0136,b43a4fe9f4375dad,25364c94934a07a1,a3f5f09a09d9b42c,e1d4cb8ecd64259a
89613368,0,719,3a651cfe55ca7c53,cce3069f1e804cd1,1721e809bf2c48d4,287337f09db38952,46297c7a75b5327f
89613368,1,719,3fff45cd53f76485,5013dab0bf8fff7d,a3fd35234e91661a,0f31716f1ac31f48,9187e488fbebd44e
89615647,0,719,f3fd167555d4e70c,88cbc20918e25adb,c4cfe89a166964ab,38e6ca56d38b40a6,25fb40ae9a948ea5
89615647,1,719,5633511a3cca9483,9c54859c97fe938e,68cd82dc2665ed84,32bc5279f8069f2c,736b8a5643cc73e5
89615681,0,719,4f3272e0628c265a,acf574844fb7e877,63086828f0ebaae0,d97840b7b2b6048b,87bf6a498d41c57e
89615681,1,719,5633511a3cca9483,9c54859c97fe938e,68cd82dc2665ed84,1b66e753f78eb784,f0c14e62ad1f2629
89616763,0,719,3a651cfe55ca7c53,cce3069f1e804cd1,1721e809bf2c48d4,287337f09db38952,236d6bf8e81ca34a
89616763,1,719,66640bdfcb0c85db,349b9cca6ea5a0bd,faeef97dd38997b0,8159345c6bd91525,8b282e76cb9a5436
89618430,0,719,3a651cfe55ca7c53,cce3069f1e804cd1,1721e809bf2c48d4,287337f09db38952,236d6bf8e81ca34a
89618430,1,719,f5e37646bef6c998,63cbef737aec7c36,46c1fd768d8316b1,eb39c69a838678f8,4e25640e8775b120
89619560,0,719,6424e01f6a12b867,7f72f1c8df1141e4,377231b3ee9685d2,3ec63456203b1aeb,471b340e6354c45a
89619560,1,719,5633511a3cca9483,9c54859c97fe938e,68cd82dc2665ed84,26ea9d0bb49ff3de,d5770213ce9a6b77
89621241,0,719,6424e01f6a12b867,7f72f1c8df1141e4,a18059f77584c6fe,a947153914344921,861a146996881a2f
89621241,1,719,5633511a3cca9483,9c54859c97fe938e,68cd82dc2665ed84,b63856226949aeae,39faf93082af9de3
89622339,0,719,c070ab1bb3565075,4e8e4795e65e36df,ee53154b7b85f750,35bfa02a4abab019,853dc010bed8d2f3
89622339,1,719,5633511a3cca9483,9c54859c97fe938e,68cd82dc2665ed84,2258c1af19996b67,1c50f57aadbc152c
89623456,0,719,e9af2684256cddb0,64f5c306190eda7e,9fd218fba12d1a63,bdd0aa62b01eb4d5,41aba9c88d29a04f
89623456,1,719,3a651cfe55ca7c53,cce3069f1e804cd1,c99cde986c0525c8,c6a0adefb24d1f2c,10165bfabf9fc87f
89623464,0,719,3a651cfe55ca7c53,cce3069f1e804cd1,1721e809bf2c48d4,287337f09db38952,236d6bf8e81ca34a
89623464,1,719,2ec814cd87bbf238,5e2388201f8867ec,d7b1263a3854f434,17269f99875b3f13,4d0d20c4b1374e7f
89627356,0,719,3a651cfe55ca7c53,cce3069f1e804cd1,1721e809bf2c48d4,287337f09db38952,65c98bb3b751a76d
89627356,1,719,69b5516827be2afa,5d490fea3993646d,df0f02b1a58bb0ea,0469a3e00e33c29a,005f554512552666
89629562,0,719,3a651cfe55ca7c53,cce3069f1e804cd1,1721e809bf2c48d4,287337f09db38952,236d6bf8e81ca34a
89629562,1,719,7bb40bf81f142bc8,5887b47ac6a5c608,985153429f98c133,cedc20a39015b279,67f55d72a0fca3ea
89632923,0,719,3a651cfe55ca7c53,cce3069f1e804cd1,1721e809bf2c48d4,287337f09db38952,236d6bf8e81ca34a
89632923,1,719,807066f711fb5ab3,e7e9b2c2fe5f799a,40b7a3ae1b8aea25,0ba64cfccb6f63cc,c7f23f6b27a4ac7a
89636843,0,719,3a651cfe55ca7c53,cce3069f1e804cd1,1721e809bf2c48d4,287337f09db38952,82088164ea111fd9
89636843,1,719,f5e37646bef6c998,c722c8f66eadf071,0dd3e71c00b96757,e974b24e8b09e91d,c042926c6be4ba26
89637408,0,719,3a651cfe55ca7c53,cce3069f1e804cd1,1721e809bf2c48d4,287337f09db38952,236d6bf8e81ca34a
89637408,1,719,8f08069cc2e8c599,bba1de6b95e17ef3,7d1a45c09a72a78d,7bb4c6282f3561ac,96e5db7387b8a771
89637409,0,719,3a651cfe55ca7c53,cce3069f1e804cd1,1721e809bf2c48d4,287337f09db38952,236d6bf8e81ca34a
89637409,1,719,f5e37646bef6c998,b10044973ab08085,48b0e69af556f97c,4f97b24022ca7ad4,a91a1caccfbc428e
89637420,0,719,3a651cfe55ca7c53,cce3069f1e804cd1,b9e67ef2624df34f,3c9860859511ff11,51870dd98ca28624
89637420,1,719,62e86679629f5ebc,61ce7a51fa22a266,f26ecbfe2669cdf1,e5639418707f85a0,2bfa614d2d9591d5
89640784,0,719,fbbf67abd978b76b,d3ef4d7397e0913a,9c1ad9e33771db45,2d777c9ff4e65025,c513af9fb79148c6
89640784,1,719,3a651cfe55ca7c53,cce3069f1e804cd1,1721e809bf2c48d4,287337f09db38952,4ba911b92d3640a2
89641348,0,719,f5e37646bef6c998,6f9af892f0e1ec1b,7abc07c49caf3ce0,daaa1284d57065c8,e47241c82380a6d6
89641348,1,719,3a651cfe55ca7c53,cce3069f1e804cd1,1721e809bf2c48d4,287337f09db38952,236d6bf8e81ca34a
89644171,0,719,3a651cfe55ca7c53,cce3069f1e804cd1,1721e809bf2c48d4,287337f09db38952,743fde0b941ec87c
89644171,1,719,57f4884d257a8dc3,10e5da4786db6649,1d270c02f21abe58,e19acdfd8e8fb303,c9818f02f2d556ad
89645828,0,719,f6ba4787f9895bb4,e5cc7712e55e8edc,b6c51bcaeac0372d,39bfe5e8d899b37f,b068f20b9f29243c
89645828,1,719,3a651cfe55ca7c53,cce3069f1e804cd1,1721e809bf2c48d4,287337f09db38952,236d6bf8e81ca34a
89648652,0,719,5633511a3cca9483,9c54859c97fe938e,68cd82dc2665ed84,a42b7c115143bcfd,ac326e6bcbb88fb8
89648652,1,719,c13336bbdf3376ea,6458089296858a8f,ae9b84f89a3d3b69,4df99cc447765853,16153535cb51a763
89651444,0,719,5633511a3cca9483,9c54859c97fe938e,68cd82dc2665ed84,b19c9e83e979790d,5fb4622b7ffed06d
89651444,1,719,1dcf90a267dd53a3,8b8e78a1be8c374e,777d21b6dc64b43a,efb58b1ae71de370,b906b31eeb7b817f
89653649,0,719,3a651cfe55ca7c53,cce3069f1e804cd1,1721e809bf2c48d4,287337f09db38952,236d6bf8e81ca34a
89653649,1,719,adc7b9f4ff95aece,5a6d2ffbae1c1fd8,64e917439df4cd6f,23cc92d96c0fc3c4,3851019a27df7e60
89658182,0,719,4a9d745c1b4aea40,7c712c840c00519e,a58dc8deb6037714,f50051a70ce6f9a9,3abe9504ec6d1d63
89658182,1,719,5a5d6622eb827e24,c09dc6acb4a16f7a,31b5f34ec43c1ad0,d0b5ac7dca9c6d45,84aaeda8dbcbc895
89662693,0,719,5633511a3cca9483,9c54859c97fe938e,68cd82dc2665ed84,f36c947f0d5b1ec1,42a45588f0bde3bf
89662693,1,719,7fc2f182080eba89,beeab80b14459cd1,5f1be9320e973d88,37f22ba68db2a474,8e9ca54249d1ee84
89666119,0,719,5633511a3cca9483,9c54859c97fe938e,68cd82dc2665ed84,d1dadc5f68c2df90,1597510847279b52
89666119,1,719,f3621d81ffd67339,6343cd534e6ef2a1,1fd3dc79025c7265,31adb9752773db6a,94fede24741e2ab7
89666657,0,719,c34f08769400f45a,ba40205087513380,04fe421410b5967e,9bb566df7462bd9a,36f91472b5d7be00
89666657,1,719,5a5d6622eb827e24,c09dc6acb4a16f7a,31b5f34ec43c1ad0,d0b5ac7dca9c6d45,84aaeda8dbcbc895
89666681,0,719,5633511a3cca9483,9c54859c97fe938e,68cd82dc2665ed84,884a0176a9561690,41071f14528f8ddc
89666681,1,719,bfcd4636e9494103,a5a458b364a30052,0310ede247011935,750eeef615345db6,9be3f6479bfb2065
89666689,0,719,d481bce64b4d11ae,981fd4c34e47b2fe,da3671bb6868d8a0,79ff0941ef199383,749fec3286b8c533
89666689,1,719,8184d3cc41456f38,91a9dfc89574f6b2,57fc36134fa32f78,b1e92d2924939830,3da4966074215257
89669492,0,719,f38df1be64984618,2edbfe68e7115bb9,83845f9a4de04071,975c33ea1644f50c,a5fae48b94843152
89669492,1,719,5633511a3cca9483,9c54859c97fe938e,68cd82dc2665ed84,819be4fe0d15e51f,4b61b557cb973196
89672348,0,719,97b3c3f1eeb70cee,a0369efc6921f1db,0e51bd230e472bd5,d955fb764808902f,16541dcef3b54ce8
89672348,1,719,3a651cfe55ca7c53,cce3069f1e804cd1,1721e809bf2c48d4,af5fab777cca7f36,b9b62d6bc46c85fa
89673487,0,719,5a5d6622eb827e24,c09dc6acb4a16f7a,31b5f34ec43c1ad0,d0b5ac7dca9c6d45,84aaeda8dbcbc895
89673487,1,719,3e019de052714ca9,faede626872cb983,f5ac9aba52599e57,63c47a57903cff8f,31fb5b1849396f89
89676314,0,719,321a8b289975167a,21240a2bc8ebc963,37b6703c72ada9c6,b176e574cd59a1fb,3215cdffde06c331
89676314,1,719,2f0ff777f4a393c6,21e6185044f0e142,7c52fb3eb113a8b2,3a2014134730af1a,5dd2c8118e3a7128
89676322,0,719,5a5d6622eb827e24,c09dc6acb4a16f7a,31b5f34ec43c1ad0,d0b5ac7dca9c6d45,84aaeda8dbcbc895
89676322,1,719,56326ce59b29b227,120133281e230bf7,4a51b51ec89a000a,120ff1b1dde04d8a,6eeef3d4091c73c2
89677424,0,719,c5996573fb7cf306,c2ad138f1d8dd657,4b6769f1ce8bbd01,dd703aed1fe24cd6,219dfb277bd9d9fc
89677424,1,719,3a651cfe55ca7c53,cce3069f1e804cd1,1721e809bf2c48d4,287337f09db38952,236d6bf8e81ca34a
89679698,0,719,df7d2d0cbde71a2e,88b1319e63db7aae,bf883ef9797fa571,957d6cac71bab77d,4a76f1904ab10600
89679698,1,719,3a651cfe55ca7c53,cce3069f1e804cd1,1721e809bf2c48d4,287337f09db38952,236d6bf8e81ca34a
89679699,0,719,3a651cfe55ca7c53,cce3069f1e804cd1,1721e809bf2c48d4,287337f09db38952,236d6bf8e81ca34a
89679699,1,719,7bf63eebe7213a8f,e306f46a52c4316d,c0aa86ed0fd4c87b,1eb1da1a68467145,0f7de114cdd1c417
89680243,0,719,3a651cfe55ca7c53,cce3069f1e804cd1,1721e809bf2c48d4,287337f09db38952,236d6bf8e81ca34a
89680243,1,719,56326ce59b29b227,120133281e230bf7,4a51b51ec89a000a,120ff1b1dde04d8a,6eeef3d4091c73c2
89684193,0,719,3cab24c3dc6a2b0a,0ddad3c013ead550,fa8dcf744945782c,1948631d02d444fe,2fc8b6689a78a622
89684193,1,719,5633511a3cca9483,9c54859c97fe938e,68cd82dc2665ed84,a0f971f09234d54e,7f55b4479637e292
89687609,0,719,de3cac63e69054bc,34e651751cb17f33,226134fa7caba241,58ef9305048fc60f,14093f7490bddbd8
89687609,1,719,5633511a3cca9483,9c54859c97fe938e,68cd82dc2665ed84,c1c820e33686cd70,50c8dad0465aa5e5
89688755,0,719,b26dcd24a6c584a5,bc7fe02b10c02dbd,2b962dff092b1b15,d400e579af35a93b,225eb2b629b7478c
89688755,1,719,3a651cfe55ca7c53,cce3069f1e804cd1,1721e809bf2c48d4,287337f09db38952,36ba0d72c792ac61
89689326,0,719,d774d204145a2e72,67387338e33cd38d,952f26584fd0d99f,b9ce6dbeda87b121,d441aaaff768a6d1
89689326,1,719,3a651cfe55ca7c53,cce3069f1e804cd1,1721e809bf2c48d4,287337f09db38952,236d6bf8e81ca34a
89689910,0,719,3cab24c3dc6a2b0a,0ddad3c013ead550,76d793ffd7f76050,fd8f13037a02fceb,37bc707a4d3bc572
89689910,1,719,5633511a3cca9483,9c54859c97fe938e,68cd82dc2665ed84,ab7d06d697475d0f,18c2b28aa4cfb3f5
89696119,0,719,3a651cfe55ca7c53,cce3069f1e804cd1,1721e809bf2c48d4,287337f09db38952,236d6bf8e81ca34a
89696119,1,719,e872b25ba47b20b3,0db1012429533649,cce87f40de980fd2,af19a2fc941094a7,325e806afdcbcf36
89697248,0,719,3a651cfe55ca7c53,cce3069f1e804cd1,1721e809bf2c48d4,287337f09db38952,236d6bf8e81ca34a
89697248,1,719,5e91e4a7e4e81499,f6afa0ee851388c5,7043bdf1b4296223,89dacda792c97a14,5301703d09e3a22c
89697850,0,719,3a651cfe55ca7c53,cce3069f1e804cd1,1721e809bf2c48d4,287337f09db38952,851ef3a677131585
89697850,1,719,7c50b73bad931d35,eab12958bbf00564,d005aea5ca63d6fe,42a6611b8328d545,b6516cc27ed81691
89704066,0,719,f5e37646bef6c998,63cbef737aec7c36,46c1fd768d8316b1,6d8adde6e0bce06b,a003a7e14676c4a1
89704066,1,719,3a651cfe55ca7c53,cce3069f1e804cd1,1721e809bf2c48d4,287337f09db38952,236d6bf8e81ca34a
89705783,0,719,c81c10a27fb4d1e8,253069366acaa1d4,c9ceddc3548bf6cd,a277511cdd8928d2,32822911964f1474
89705783,1,719,3a651cfe55ca7c53,cce3069f1e804cd1,1721e809bf2c48d4,287337f09db38952,236d6bf8e81ca34a
89705791,0,719,5a5d6622eb827e24,c09dc6acb4a16f7a,31b5f34ec43c1ad0,17a3790af8d79a98,a5d16074eabae609
89705791,1,719,321a8b289975167a,21240a2bc8ebc963,37b6703c72ada9c6,b176e574cd59a1fb,3215cdffde06c331
89706331,0,719,4ba93ea554c15574,cab6c4c7aa022962,d5cd521688a66b04,10dbc3b41b2b9f06,e912fc70bcf3a02f
89706331,1,719,3a651cfe55ca7c53,cce3069f1e804cd1,1721e809bf2c48d4,287337f09db38952,48fb0fb039d78156
89709183,0,719,3a651cfe55ca7c53,cce3069f1e804cd1,1721e809bf2c48d4,287337f09db38952,dda2de0458949700
89709183,1,719,aaf1ab9ee7c761d9,e7927d718fe66bbe,40ece7da1589f682,99c0dbc3b4700585,3252691bc330294d
89714884,0,719,4312afb306836793,32ff82f417116051,d302c69aa7b0fd19,9b71e33e9677a193,04e379386a41a096
89714884,1,719,5633511a3cca9483,9c54859c97fe938e,68cd82dc2665ed84,65b7c8d5a219dbb7,7ef1a5309e90477a
89724071,0,719,3a651cfe55ca7c53,cce3069f1e804cd1,1721e809bf2c48d4,287337f09db38952,236d6bf8e81ca34a
89724071,1,719,bd7cbc57e80455ae,9976c7547ceddb57,fd2b1a27c502bce0,a4ae1c8d37fdb244,7344e5caffae305d
89733244,0,719,56326ce59b29b227,120133281e230bf7,4a51b51ec89a000a,120ff1b1dde04d8a,6eeef3d4091c73c2
89733244,1,719,010419279f407f09,214c71dfd4d77cde,0c884555712adec3,76fc31ce901f3f08,172ca6463f45f9d2
89735515,0,719,5633511a3cca9483,9c54859c97fe938e,68cd82dc2665ed84,25a261666bb68688,14b1a9eaefe88cb6
89735515,1,719,807066f711fb5ab3,11461bd746858ecb,0389a1a8d9b0093d,b2318166bcc2983c,c8602555d1ea1881
89738422,0,719,5633511a3cca9483,9c54859c97fe938e,68cd82dc2665ed84,9d7478f05da19b6b,4d162348f1cf60f0
89738422,1,719,7b239f8114ed78d9,91f76767a2ed4efd,514e3be701eed2ca,92099554b03f1de2,61348b7bec1ceb9d
89741276,0,719,5633511a3cca9483,9c54859c97fe938e,68cd82dc2665ed84,85932b335b5ca831,3234016fd1a1bd71
89741276,1,719,5e81e533b5ae1491,ee3d55d682c562cb,527414fad07273ab,91736adc27181921,c07c95f74886f69c
89741872,0,719,cd83997c7b8b1fd7,e77706d0bab73917,d61615bef1cd3391,eeb318898fb64ba9,86a5ccf0d6ad1250
89741872,1,719,3a651cfe55ca7c53,ee752b3f2af1e0cf,aae24653e52e23e7,cf4b2d6fb2aacca0,466b72b79b77140f
89744232,0,719,5a5d6622eb827e24,c09dc6acb4a16f7a,31b5f34ec43c1ad0,d0b5ac7dca9c6d45,84aaeda8dbcbc895
89744232,1,719,1798f49ea324882c,427c46ff08265abe,297bafadb76e7ef4,6ef59f07752b0d59,f4cc79298b7fc564
89744237,0,719,bae0802adced66db,4ab0c138f3545139,434aa5ac04d42e8a,575c35bb3c43b98a,c8aee3d20cd3e7c3
89744237,1,719,5633511a3cca9483,9c54859c97fe938e,68cd82dc2665ed84,affc1d399aa0e5a5,bf961d8ebfdc2b56
89748283,0,719,0d0c766d93e14238,e00fc90e61af42ea,b77a9c5e8f8c218c,e2e3285100237bb4,acfb822261d257a4
89748283,1,719,3a651cfe55ca7c53,cce3069f1e804cd1,1721e809bf2c48d4,287337f09db38952,0dc999a9393005b6
89748820,0,719,b28ae4e457bc5e35,03278f3c85c066e5,31f79a55378af9f9,7cdfc6a089788dd1,4e65544dc9cecaec
89748820,1,719,3a651cfe55ca7c53,cce3069f1e804cd1,1721e809bf2c48d4,9ef0ca003cd96276,f28028232b4c47bb
89751704,0,719,d5adf7049e54952d,214b63038af7f464,2ade0086e7770f44,288c3e8a957f1fec,e6348dd4cf2f9473
89751704,1,719,5633511a3cca9483,9c54859c97fe938e,68cd82dc2665ed84,61d1a2e9d871f3dc,9c728992e44f170a
89751723,0,719,ea073da948a24aef,c7f75b6cf0f03687,c87bcc46168b931a,7092696a2b1e15cc,591d1afcd75ef4ec
89751723,1,719,d481bce64b4d11ae,981fd4c34e47b2fe,da3671bb6868d8a0,dea011b18cdbbc05,82c9bab338c30086
89753412,0,719,3a651cfe55ca7c53,cce3069f1e804cd1,1721e809bf2c48d4,287337f09db38952,236d6bf8e81ca34a
89753412,1,719,f450c05156aabd62,74c982e615e623ac,592d04c020610643,0e6d2dde420fc9c7,823a37aa07eecfe1
89756356,0,719,bfa7c24f7db2088b,0b23abb7d35d51e0,b28a41393f0ce32c,c0175b1a7056f96e,b7978f4efb37c8ec
89756356,1,719,56326ce59b29b227,120133281e230bf7,4a51b51ec89a000a,120ff1b1dde04d8a,6eeef3d4091c73c2
89759890,0,719,052348201071c464,585e6f8dd0b3a0d4,f427d0a2a3a27315,878733fd90ee3980,446c04641aafc962
89759890,1,719,d481bce64b4d11ae,981fd4c34e47b2fe,da3671bb6868d8a0,c5b2ae11ec975b4f,4d93e3d95b927245
89760421,0,719,5633511a3cca9483,9c54859c97fe938e,68cd82dc2665ed84,0c35833d026af294,718364b781e6c78c
89760421,1,719,4312afb306836793,32ff82f417116051,d302c69aa7b0fd19,9b71e33e9677a193,5b7b8683a33ca344
89761024,0,719,675fbe9f824700b5,e0b3eb09a4747483,6162019eaa7af242,ff36915c5cd99d96,8dcef4020fb968bf
89761024,1,719,4312afb306836793,32ff82f417116051,d302c69aa7b0fd19,aa334e7b3fde05b5,d299d10403172e41
89765085,0,719,5633511a3cca9483,9c54859c97fe938e,68cd82dc2665ed84,ef31c677e02f7285,c42d9bfddefe4b2c
89765085,1,719,ede2188d285b9e35,7b0be88bcb00d119,30550c7b98f6ac27,cfc3037e4092bd63,1ee8201ab422bdbf
89765090,0,719,d13a6ab382944143,a04bc2eda4e0a2d6,24f5ca62e5fd4de4,e4dba1b145b9034e,2d35b806cd0c0712
89765090,1,719,675fbe9f824700b5,e0b3eb09a4747483,6162019eaa7af242,ff36915c5cd99d96,f5fafe774d09ff2a
89769197,0,719,5633511a3cca9483,9c54859c97fe938e,68cd82dc2665ed84,29fd2b77c8ed8607,82ba5b9ede3a30ca
89769197,1,719,3ccbbfc4ce10881a,7365554589acdca2,5c65c3b8aa5a6ea5,25f4f8cc1ea749e5,1220105c09a2196b
89772768,0,719,5633511a3cca9483,9c54859c97fe938e,68cd82dc2665ed84,2ae5c78f5aca37d1,690e6f3fe9671ceb
89772768,1,719,ee7b212874f1f9be,889a09b702c8c697,fb768b17adde82c8,29cc44379af5ac71,35d5be63ce5385c1
89783954,0,719,d481bce64b4d11ae,981fd4c34e47b2fe,da3671bb6868d8a0,dea011b18cdbbc05,82c9bab338c30086
89783954,1,719,fb9ce1018f883524,fc2c7a906b6b57c3,dedcbd5bc6b8e01e,7e768b283799d42c,766d78af52acf342
89784512,0,719,d8d68215cefeb850,3ca96b2663911c9b,22e469cf42184c54,83bee92811651877,8dbf4d6be1c09d3d
89784512,1,719,56326ce59b29b227,120133281e230bf7,4a51b51ec89a000a,120ff1b1dde04d8a,6eeef3d4091c73c2
89786898,0,719,d481bce64b4d11ae,981fd4c34e47b2fe,da3671bb6868d8a0,23b7292cb3779e52,56b676bb5ece1b72
89786898,1,719,940596d8aee511c4,fbd98f4c0de7fe84,b05d7512ac703cb9,2544e37570789db5,336a41567c61506a
89786923,0,719,09e4c9aa2451426c,1b9583ea45e0892b,8e0e7e1c8bad4777,b0596de004b00e1a,ad638cfc60038180
89786923,1,719,56326ce59b29b227,120133281e230bf7,4a51b51ec89a000a,120ff1b1dde04d8a,6eeef3d4091c73c2
89789938,0,719,d481bce64b4d11ae,981fd4c34e47b2fe,da3671bb6868d8a0,dea011b18cdbbc05,7dfa48f1d0d9a42d
89789938,1,719,565976943eddcf00,8e43deb91e134f02,684ec117169580df,5594b675ba437046,c595ca2245f3edf6
89796669,0,719,5a5d6622eb827e24,c09dc6acb4a16f7a,31b5f34ec43c1ad0,d0b5ac7dca9c6d45,84aaeda8dbcbc895
89796669,1,719,f1ba8afe16a8dc35,20fab17fcffbe8cf,2a5de5e2a802b7a8,ac374d32c72cc716,f34a521c6c660cc5
89811161,0,719,5633511a3cca9483,9c54859c97fe938e,68cd82dc2665ed84,010e3b4eddc2886f,b3498fe4d5385fcd
89811161,1,719,2216b59776e82bda,eeb8b8c72d7be099,2d24818fecf5dc10,31248873e88eb23c,8129ffa5a7835191
89811221,0,719,36d63cd528eabba4,2df29e0be2366c53,e4e005ec8f02eebf,e78962a1e86955b7,14adb66f72f997c5
89811221,1,719,d481bce64b4d11ae,981fd4c34e47b2fe,da3671bb6868d8a0,79ff0941ef199383,749fec3286b8c533
89817962,0,719,953c50b2766e5f47,b67a865723511110,04a589c2ece8773d,862acfaf4dc92c36,3ec0889e19be6e60
89817962,1,719,321a8b289975167a,21240a2bc8ebc963,37b6703c72ada9c6,b176e574cd59a1fb,3215cdffde06c331
89819678,0,719,5633511a3cca9483,9c54859c97fe938e,68cd82dc2665ed84,0ed4110d4a9374a5,bf1ebdbac6bceaae
89819678,1,719,017ff58b7f3cb4f6,6cbd12cbedd3d739,0562a5f8a56a438f,8ec556b5d45d27ab,ffa5d9f4b21ad9f7
89821467,0,719,0efc773465984f3c,b3460d2ddfba2963,c5d9e952d7e370d6,87e0103e5486367b,5fcb0fbfb22580b6
89821467,1,719,5633511a3cca9483,9c54859c97fe938e,68cd82dc2665ed84,6bcfb5baa2b64a67,bf4a72f2dbbc84a2
89821479,0,719,c869be3d97c9b02d,fce66c5e062f3421,1f28e45b98c0e875,f1d3b2e9a5ceb2c5,16f5fba3a2c0f946
89821479,1,719,675fbe9f824700b5,e0b3eb09a4747483,6162019eaa7af242,ff36915c5cd99d96,f7a2bae24a116c7b
89822074,0,719,5633511a3cca9483,9c54859c97fe938e,68cd82dc2665ed84,6ba53ce8a2bcf8b5,5861434e495047b3
89822074,1,719,87704773ba3334c7,1fd1528816033fea,ea213840bfbce893,92939ae4bc084129,cc21792fa0ba7cae
89823241,0,719,49bd2b602dac493b,24bb571001e0b016,25db0fa8f59aa0d9,7f5e69c18e65bd87,895ede338ced017f
89823241,1,719,675fbe9f824700b5,e0b3eb09a4747483,6162019eaa7af242,ff36915c5cd99d96,f7a2bae24a116c7b
89825600,0,719,fc8bbe873935dff0,32209506eb330f5f,0088fbfa3edf3029,cc38709edefa696b,4fcda4f62ba86c22
89825600,1,719,675fbe9f824700b5,e0b3eb09a4747483,6162019eaa7af242,ff36915c5cd99d96,f7a2bae24a116c7b
89825621,0,719,4708b124e8221f2c,81b9240ea94d6c29,d456be61a09c530b,a4b084973f493a53,1501cc2e4145daa5
89825621,1,719,675fbe9f824700b5,e0b3eb09a4747483,6162019eaa7af242,3220bd5f1fd0ecd4,0d6a2f99e0db510a
89826164,0,719,4312afb306836793,94af57d2bd2b3b3f,ad1d8e04428f7b53,e6c14ecf201c8a4f,05c67905f1667124
89826164,1,719,675fbe9f824700b5,e0b3eb09a4747483,6162019eaa7af242,ff36915c5cd99d96,f7a2bae24a116c7b
89826175,0,719,675fbe9f824700b5,e0b3eb09a4747483,6162019eaa7af242,ff36915c5cd99d96,f7a2bae24a116c7b
89826175,1,719,03e1a6d32bfc8ce9,5d0f2b99ef0bba80,0912b39d000baf27,bf193ef3e7787855,90c22ba46e9174ff
89827950,0,719,03e1a6d32bfc8ce9,5d0f2b99ef0bba80,0912b39d000baf27,fad110b22fe50b86,836efff0ca967dc8
89827950,1,719,675fbe9f824700b5,e0b3eb09a4747483,6162019eaa7af242,ff36915c5cd99d96,f7a2bae24a116c7b
89829096,0,719,5715a3f8df9280e4,5436226b14c8d764,cc5a4ead0759bba5,7b374ab509da66ff,6ddde00d536c869a
89829096,1,719,5633511a3cca9483,9c54859c97fe938e,68cd82dc2665ed84,05e331acadd6976f,e748931a07c816a5
89829713,0,719,92d8c8e294b76bf2,871cfb9796e5bd49,bf9f55f850cdfd6a,7cd5f926af4dca31,7a23b35c0c127784
89829713,1,719,675fbe9f824700b5,e0b3eb09a4747483,6162019eaa7af242,ff36915c5cd99d96,8dcef4020fb968bf
89830265,0,719,a4c11b0bef16fbc5,60fcfd391259d233,6d496b9ceb72ddcc,3fbc8f6b988f7791,a693aed202b432e8
89830265,1,719,675fbe9f824700b5,e0b3eb09a4747483,6162019eaa7af242,ff36915c5cd99d96,f7a2bae24a116c7b
89832674,0,719,f0ca4bd586d6670b,ebacee375d82af60,1ef3cd8cf9228881,793637f0ac151e98,304c9629bc0eeda9
89832674,1,719,321a8b289975167a,21240a2bc8ebc963,37b6703c72ada9c6,b176e574cd59a1fb,3215cdffde06c331
89836149,0,719,6f11df0c651ada96,022070503d0fc1fc,4a42310d7338a0ff,1d5621274ae6e1fc,5e5698c458ec3189
89836149,1,719,675fbe9f824700b5,e0b3eb09a4747483,6162019eaa7af242,ff36915c5cd99d96,f7a2bae24a116c7b
89836743,0,719,5292d687b2fef4c1,83a160729d74a770,a3f35e4be7d93797,a096ed7756466d5c,40df0e2c5b3cab5f
89836743,1,719,5633511a3cca9483,9c54859c97fe938e,68cd82dc2665ed84,b495677edc38544f,abf64d62ffcb3429
89837949,0,719,dae89734d1dbbe71,85b9eba9b92ecc30,401aad4a4813a91b,8ad8e0f84b15087e,bb9be3726b3cdfa4
89837949,1,719,5633511a3cca9483,9c54859c97fe938e,68cd82dc2665ed84,5c50f91d8dff3718,3d62a80f4da5ef3a
89843886,0,719,86aba7e7ab82c1cc,7bc602eb6909600d,8d6ae2df2c9a169b,ce6533cff37e9b27,cf2e172315226af7
89843886,1,719,675fbe9f824700b5,e0b3eb09a4747483,6162019eaa7af242,ff36915c5cd99d96,f7a2bae24a116c7b
89845719,0,719,5633511a3cca9483,9c54859c97fe938e,68cd82dc2665ed84,92229cce917704e7,016edebe44abf5ab
89845719,1,719,b67771d999a0da3e,e0cdc67fe2f0f2bb,fadd4edbce50da3b,76716658fe91d53d,c3cd4b72ab097433
89845769,0,719,d46e16a742c70493,8198e389112290c8,7aaca56899f61538,6c4f17f7ceb9da5f,3b59fbafe32c8126
89845769,1,719,d481bce64b4d11ae,981fd4c34e47b2fe,da3671bb6868d8a0,23b7292cb3779e52,5fed6f55079403da
89849910,0,719,675fbe9f824700b5,e0b3eb09a4747483,6162019eaa7af242,ff36915c5cd99d96,3c4ab1931c5bbaea
89849910,1,719,37d3079879586e53,4ab106bda17c8617,05a50a096306a1cc,af547db0b81afd90,0d7831e2e0ba7b1d
89855274,0,719,e9a50abf98aaa69f,06d4a6e81b633eff,f2803bbdc5298bce,b81495256dd26624,92a6cb68c7704b26
89855274,1,719,675fbe9f824700b5,e0b3eb09a4747483,6162019eaa7af242,ff36915c5cd99d96,ee9fb24b0619584f
89855877,0,719,675fbe9f824700b5,e0b3eb09a4747483,6162019eaa7af242,ff36915c5cd99d96,f7a2bae24a116c7b
89855877,1,719,98267027f4527982,e300c04d2c55e39f,57f8c8722e10550f,7da1744aa6766155,355f0425914a6900
89856444,0,719,675fbe9f824700b5,e0b3eb09a4747483,6162019eaa7af242,59434e3820d5812d,3cd56ef1a5bf715c
89856444,1,719,0efc773465984f3c,b3460d2ddfba2963,c5d9e952d7e370d6,32c6c2d5af3d47a2,6a0a9a3baff7ed3e
89858286,0,719,5633511a3cca9483,9c54859c97fe938e,68cd82dc2665ed84,7367aa81b9aa146c,5ec375b018c48bf0
89858286,1,719,90b8fd9d3f02e209,7d99e3ebcbf8da99,32326a0af2ca3be3,d1dd3c3c5c7b7a30,7207ef3de13f60b4
89859412,0,719,5633511a3cca9483,9c54859c97fe938e,68cd82dc2665ed84,e9cb4445b6023dfc,f2c3c87166eb57de
89859412,1,719,4a461d917a1bbd71,c6828491d20139c1,44f5b6b29108de7c,f492bcbc105d5a18,0e3431d8b64c99bb
89868912,0,719,675fbe9f824700b5,e0b3eb09a4747483,6162019eaa7af242,ff36915c5cd99d96,f7a2bae24a116c7b
89868912,1,719,e44ded323d0f9017,2225e9a632d39652,3feb6b83e3e9e78f,2a35200bacd68a78,bf62dcd368d521d7
89871928,0,719,ac796d4a12f2c185,81c44ac1b43823b6,e85b5db67df7a55a,6fae58b69dd716e9,bcf9320958678be0
89871928,1,719,675fbe9f824700b5,e0b3eb09a4747483,6162019eaa7af242,ff36915c5cd99d96,6a73719c23344f18
89872488,0,719,5633511a3cca9483,9c54859c97fe938e,68cd82dc2665ed84,f1e1569799f46458,b783093771d8fa37
89872488,1,719,b92695a949413006,cc77132663b586b7,5032767e84597757,916517979ad630f9,36f4e0e036ebbdf8
89873677,0,719,675fbe9f824700b5,e0b3eb09a4747483,6162019eaa7af242,ff36915c5cd99d96,396f44ed8f99febd
89873677,1,719,45e92114d3543f5f,87bef0489eaa8e3d,48ccc319ebce0ada,a7c1f29b74c6a871,9f65e1aa1ea833a7
89874917,0,719,5633511a3cca9483,9c54859c97fe938e,68cd82dc2665ed84,cede3975219afa35,9e179f0c363baa2e
89874917,1,719,c58ffce39ef16230,d3bb564268b2552f,f28434986bc61120,ac765f218dd85714,4ebe89516e774be7
89877845,0,719,675fbe9f824700b5,e0b3eb09a4747483,6162019eaa7af242,ff36915c5cd99d96,f7a2bae24a116c7b
89877845,1,719,8c2fdd4e1fbce1ac,a103bed101d2a3ab,092f98c59f8f9b37,121b3dfd6de70ceb,2475f2796952e4ac
89879672,0,719,d481bce64b4d11ae,981fd4c34e47b2fe,da3671bb6868d8a0,dea011b18cdbbc05,82c9bab338c30086
89879672,1,719,010419279f407f09,214c71dfd4d77cde,0c884555712adec3,76fc31ce901f3f08,172ca6463f45f9d2
89882034,0,719,5633511a3cca9483,9c54859c97fe938e,68cd82dc2665ed84,633fc63478cb53cf,3978e7c7ed0ae6e8
89882034,1,719,42bd9883b59930fd,2ab99cc09523a22c,fc9e54bedfea6c16,4a4ae57af2fd4697,bfcba7e028a92d12
89883841,0,719,23c4598499d9d3a7,a5aa5aef4aed9573,15ebb0c91c35746d,770df40d5fe7fe72,848129e6485c0760
89883841,1,719,5633511a3cca9483,9c54859c97fe938e,68cd82dc2665ed84,48bdda5a1fae317d,8172be13f28ecd86
89884476,0,719,56326ce59b29b227,120133281e230bf7,4a51b51ec89a000a,120ff1b1dde04d8a,6eeef3d4091c73c2
89884476,1,719,0da8c171644d5029,46bec098fde2c29d,47ce8b097dfab203,cc7c2e4f89bb241c,a2fcd25000d99e22
89886897,0,719,4b911d365b005b86,88d07101e5fe44e6,7ce44c904066efc3,ec7d6d4d938994e7,1ebf8f4de53c318c
89886897,1,719,d481bce64b4d11ae,981fd4c34e47b2fe,da3671bb6868d8a0,dea011b18cdbbc05,82c9bab338c30086
89887452,0,719,c90974e8819d32c2,a18d748017202f43,b53bc2adae6cb626,83bc22c5a2df4f16,f41cb5720e5d420a
89887452,1,719,675fbe9f824700b5,e0b3eb09a4747483,6162019eaa7af242,ff36915c5cd99d96,f7a2bae24a116c7b
89888100,0,719,675fbe9f824700b5,e0b3eb09a4747483,6162019eaa7af242,ff36915c5cd99d96,f7a2bae24a116c7b
89888100,1,719,47b63fd8aef6cc2c,6a80e0dbaf71a5f1,acd3a130100f9504,502e03139c84c7b3,283c341e5c7800d2
89888717,0,719,675fbe9f824700b5,e0b3eb09a4747483,6162019eaa7af242,ff36915c5cd99d96,f7a2bae24a116c7b
89888717,1,719,0158ff4b55b59645,cb1e4c00e84d51fc,0f91ef6029aa96e8,480436da3f40aa09,59f26c832372f20c
89891691,0,719,5633511a3cca9483,9c54859c97fe938e,68cd82dc2665ed84,6916c19fd6ef1109,90f29ccb8c4cbb95
89891691,1,719,ab86fd113da3b4d4,8fe19156c9026497,06bee372d58b8db6,de702108d1a3fe7a,4acd2868163b5a23
89891736,0,719,5a5d6622eb827e24,c09dc6acb4a16f7a,31b5f34ec43c1ad0,d0b5ac7dca9c6d45,84aaeda8dbcbc895
89891736,1,719,d28f5d6e1df9f038,6170011d4ceed9e8,9cc8f0087cf9c4d6,081cd076134c2906,b844829f2265a9f2
89895358,0,719,675fbe9f824700b5,e0b3eb09a4747483,6162019eaa7af242,ff36915c5cd99d96,993d4febcc6bdaeb
89895358,1,719,6ab9fb9748f8f360,d61e7cb45a21da99,ea5565bee9321ee5,8904a854ddacec44,76f9e90e49a61a38
89897157,0,719,5633511a3cca9483,9c54859c97fe938e,68cd82dc2665ed84,7a1b6598413498fa,59d935b3549b6ca3
89897157,1,719,6aa64fd11ea0cda9,bd68c2c86e695086,48bf93e0220332ed,620f86884468400c,0d2025ecb172a44e
89897193,0,719,5a5d6622eb827e24,c09dc6acb4a16f7a,31b5f34ec43c1ad0,d0b5ac7dca9c6d45,84aaeda8dbcbc895
89897193,1,719,8c26094c517bd2eb,aec09393615b25e1,10fac75eae0b26d2,b90cd5e30013ebd7,af976b258767ac50
89897202,0,719,5a5d6622eb827e24,c09dc6acb4a16f7a,31b5f34ec43c1ad0,d0b5ac7dca9c6d45,84aaeda8dbcbc895
89897202,1,719,02361069f393c03d,e20d2931c7c7db97,4fea110ff92506c3,a9bc4b571fee3719,a31db5393707ebb6
89897203,0,719,56326ce59b29b227,120133281e230bf7,4a51b51ec89a000a,120ff1b1dde04d8a,6eeef3d4091c73c2
89897203,1,719,5c83e3531fe56650,7bc9308605959a6b,a4997a07790a552f,313d460b088c4de6,f1ce1ee71776bc26
89898388,0,719,675fbe9f824700b5,e0b3eb09a4747483,6162019eaa7af242,8c163cd326056f84,edccb4b72af4c888
89898388,1,719,4de6b6fddf374f58,7ca6aa63b237e0e3,ef287c13226c9087,c4561c4125b0faae,edb74280debbb044
89898417,0,719,a932982ca19f2161,8dd0db862934aeb6,c668ac369dc1af43,416937ee51bd55f8,dcd2817aa61445b8
89898417,1,719,675fbe9f824700b5,e0b3eb09a4747483,6162019eaa7af242,ff36915c5cd99d96,f7a2bae24a116c7b
89902119,0,719,675fbe9f824700b5,e0b3eb09a4747483,6162019eaa7af242,ff36915c5cd99d96,f7a2bae24a116c7b
89902119,1,719,25d02e9e995a9096,46c8641e0808ee28,75f0c439e2785cd7,b98c14996a502a88,7e3a3b9f214217da
89902736,0,719,d481bce64b4d11ae,981fd4c34e47b2fe,da3671bb6868d8a0,dea011b18cdbbc05,82c9bab338c30086
89902736,1,719,b6020e8505b77eb5,3dcb2c4456c33fa2,214f250f1cd3453a,477a08d4b8a059d3,16f7f47c062c16d9
89902738,0,719,d481bce64b4d11ae,981fd4c34e47b2fe,da3671bb6868d8a0,dea011b18cdbbc05,7dfa48f1d0d9a42d
89902738,1,719,921e6bc310a1a2ac,963dd2de986f52aa,9ff3e785c8f19046,afba4de642e1f53e,d751c9c1ded210e4
89903302,0,719,ee1ff067a0e9fe3a,aa573a77459038d0,1454bc816b985376,48be3716591a5876,7a17c9ecc5a0c490
89903302,1,719,675fbe9f824700b5,e0b3eb09a4747483,6162019eaa7af242,088353d6a3d0c604,433dda02cffa5ede
89903947,0,719,5633511a3cca9483,9c54859c97fe938e,68cd82dc2665ed84,26a5fdd5d537b4d9,52b85a387840cf00
89903947,1,719,c1438aede3fc4f86,1c761b7dcca7a029,0b0f940310990f71,d500cf68ed64aa10,e7df40c43d0bce0f
89905165,0,719,675fbe9f824700b5,e0b3eb09a4747483,6162019eaa7af242,ff36915c5cd99d96,418e69fdff7895f1
89905165,1,719,6b5850bf31e00469,f5be29ca57688761,ad852868860fdbaf,5e4d63f574f1400c,ff362b5e154ca60c
89907036,0,719,5119c6e9edda8d39,200fe79e8d09ee1c,dca067fd4bd3f11d,4a194e92cb4b0984,d21ccb3729a42814
89907036,1,719,5633511a3cca9483,9c54859c97fe938e,68cd82dc2665ed84,49f30ee8ef7e57e4,ac5e09a351b82e41
89910096,0,719,0826d4cbe7bdd070,0e501ec14404ba5a,f8ab824fe3bb059d,c4d04f9f8fac5446,41522f68b9969ffa
89910096,1,719,5633511a3cca9483,9c54859c97fe938e,68cd82dc2665ed84,518516d16955b787,ece1c4a407c9cccf
89913827,0,719,76aebe3bb5231513,520014d4f5a73a59,fe941d08387f1728,58a9826626e7c97c,0381c9fac1829704
89913827,1,719,675fbe9f824700b5,e0b3eb09a4747483,6162019eaa7af242,ff36915c5cd99d96,f7a2bae24a116c7b
89915074,0,719,d481bce64b4d11ae,981fd4c34e47b2fe,da3671bb6868d8a0,dea011b18cdbbc05,82c9bab338c30086
89915074,1,719,94c1260517913771,f1394d77f3d24a39,8a73a670b37e6645,b52a75115256e7a7,48288fb6ae2d3ad5
89917547,0,719,a0ecc525d068e28d,f2fb1456360287ad,21f63de498f029b3,7a8009a55d4f64df,7166c8fb2966fcd5
89917547,1,719,5a5d6622eb827e24,c09dc6acb4a16f7a,31b5f34ec43c1ad0,d0b5ac7dca9c6d45,84aaeda8dbcbc895
89921860,0,719,675fbe9f824700b5,e0b3eb09a4747483,6162019eaa7af242,ff36915c5cd99d96,f7a2bae24a116c7b
89921860,1,719,1b20f89a242ecbc5,eea9f77e20bd91f2,0913d86d3ff1946a,01295234d601e4aa,c4cf2fd52d2361d3
89925021,0,719,321a8b289975167a,21240a2bc8ebc963,37b6703c72ada9c6,b176e574cd59a1fb,3215cdffde06c331
89925021,1,719,d01afbb8fb2a816a,307ab897f8ba9a01,67cf8bc40cd9b400,a146aab07d8f826d,26167bc8b33871b6
89926247,0,719,5a73dd692347da47,d67e345857a5af9b,329aa02b091cd5d2,05b04934201de7a9,16953a9abaf54c4f
89926247,1,719,5a5d6622eb827e24,c09dc6acb4a16f7a,31b5f34ec43c1ad0,d0b5ac7dca9c6d45,84aaeda8dbcbc895
89927531,0,719,675fbe9f824700b5,e0b3eb09a4747483,6162019eaa7af242,ff36915c5cd99d96,f7a2bae24a116c7b
89927531,1,719,0efc773465984f3c,8fe1ca0770d54025,27c322384074220e,9486d40a3c33479f,61b2addc03c772cc
89929340,0,719,2e5d61be2522f3d4,6443b51a1770eb04,5221bf2bb8e760ff,004e7d892aa35bde,98d73d374c711f38
89929340,1,719,675fbe9f824700b5,e0b3eb09a4747483,6162019eaa7af242,ff36915c5cd99d96,f7a2bae24a116c7b
89931883,0,719,675fbe9f824700b5,e0b3eb09a4747483,6162019eaa7af242,ff36915c5cd99d96,f7a2bae24a116c7b
89931883,1,719,8c26094c517bd2eb,aec09393615b25e1,10fac75eae0b26d2,b90cd5e30013ebd7,af976b258767ac50
89933734,0,719,5633511a3cca9483,9c54859c97fe938e,68cd82dc2665ed84,5f5ca670cda43ddd,bdb983684905dcba
89933734,1,719,0efc773465984f3c,b3460d2ddfba2963,c5d9e952d7e370d6,c2ffef5140d5b382,37eb8ece24160987
89933763,0,719,675fbe9f824700b5,e0b3eb09a4747483,6162019eaa7af242,ff36915c5cd99d96,193a39a4d98dec62
89933763,1,719,ca43b72c0de41211,d4c4e63b0c725ed3,2a1b2a8fa8c90970,f1b3a49d8e860628,e2d325a11da2cf83
89939986,0,719,675fbe9f824700b5,e0b3eb09a4747483,6162019eaa7af242,ff36915c5cd99d96,f7a2bae24a116c7b
89939986,1,719,af7f7a204b97d511,2d343b0c85c96572,a77e37a388479542,8af469d654641225,68e11d979dc49d2a
89940609,0,719,56326ce59b29b227,120133281e230bf7,4a51b51ec89a000a,120ff1b1dde04d8a,6eeef3d4091c73c2
89940609,1,719,675fbe9f824700b5,e0b3eb09a4747483,6162019eaa7af242,ff36915c5cd99d96,f7a2bae24a116c7b
89943121,0,719,a560b1d2432ea0ff,eb278a9d9fe9c38e,7f02f346b5404bc3,2b846277159abf82,b34fa19f5bf0db83
89943121,1,719,675fbe9f824700b5,e0b3eb09a4747483,6162019eaa7af242,ff36915c5cd99d96,f7a2bae24a116c7b
89944403,0,719,5633511a3cca9483,9c54859c97fe938e,68cd82dc2665ed84,7f762f185fcd88d3,d286099b4152dffe
89944403,1,719,45c94fe6d031272e,5f89e83eb3634816,2a57bd4f34c9d741,ce3d46dd4dfa0165,b409757860f47033
89944472,0,719,5633511a3cca9483,9c54859c97fe938e,68cd82dc2665ed84,64245703ee5c4678,373668f6de0edded
89944472,1,719,780c97b4ff4d16d0,d5419e2222450ebf,94267fe83426ba02,0021b603a1aad035,cd99cdecde1e1bc3
89946930,0,719,675fbe9f824700b5,e0b3eb09a4747483,6162019eaa7af242,ff36915c5cd99d96,f7a2bae24a116c7b
89946930,1,719,c6906167db9d1f4c,d85a9cc02ee022db,88e615d76934e7aa,7fcfa4923490ab0d,751c51a05d42baf9
89946939,0,719,9a8030fd275ce781,d075bb576505b76d,87439ca37324dbdd,0bfddf5e02efc0e4,ff7285b8bfae557e
89946939,1,719,675fbe9f824700b5,e0b3eb09a4747483,6162019eaa7af242,09ec03cf3aaf64dd,93b8e1544d04ff76
89949477,0,719,8c26094c517bd2eb,aec09393615b25e1,10fac75eae0b26d2,b90cd5e30013ebd7,af976b258767ac50
89949477,1,719,675fbe9f824700b5,e0b3eb09a4747483,71aac60c298fddb8,0f6d06d8c0bacb9a,4b7301b61c6de168
89950176,0,719,0a73b5583b9e8d87,72ae8c3158d6df1b,0da44e865ef858cc,d9811979d29494e5,cf70266de2b4ac5a
89950176,1,719,675fbe9f824700b5,e0b3eb09a4747483,6162019eaa7af242,ff36915c5cd99d96,f7a2bae24a116c7b
89958509,0,719,675fbe9f824700b5,e0b3eb09a4747483,6162019eaa7af242,ff36915c5cd99d96,f7a2bae24a116c7b
89958509,1,719,0efc773465984f3c,5d65e114fdf2a37c,412ddb81bfe3d4ee,1e5a39018a3a811b,453334437ca4a0ca
89960515,0,719,5633511a3cca9483,9c54859c97fe938e,68cd82dc2665ed84,876e6077e43d806e,535e222d6d22315d
89960515,1,719,0efc773465984f3c,5d65e114fdf2a37c,412ddb81bfe3d4ee,0bd2097790cb5be2,d5b0b93b89881465
89961187,0,719,675fbe9f824700b5,e0b3eb09a4747483,6162019eaa7af242,ff36915c5cd99d96,f7a2bae24a116c7b
89961187,1,719,0efc773465984f3c,b3460d2ddfba2963,c5d9e952d7e370d6,32c6c2d5af3d47a2,2cfed98d9e54cb0b
89961885,0,719,675fbe9f824700b5,e0b3eb09a4747483,6162019eaa7af242,ff36915c5cd99d96,1b176995dca2b4f6
89961885,1,719,8ce992eec842e7bc,80a63e0fcad318d0,43297bbfac7cff9e,a53df198e60bd13c,fc9a2abb8c1b7613
89965705,0,719,5633511a3cca9483,9c54859c97fe938e,68cd82dc2665ed84,acf874836cd19b69,e43ca326ccfbf972
89965705,1,719,905311e48f7a9a90,f666d0b393812c5c,bf5f6c5eb2ac2720,9dcfb9c6e60b35ac,befdd63d9e6c7f0f
89968946,0,719,d481bce64b4d11ae,981fd4c34e47b2fe,da3671bb6868d8a0,dea011b18cdbbc05,82c9bab338c30086
89968946,1,719,751590478b6c9e4c,6a288b2086abb33a,28de11f7646d27b4,cf084095c63c9f11,2e24030240ca73e1
89972142,0,719,675fbe9f824700b5,e0b3eb09a4747483,6162019eaa7af242,ff36915c5cd99d96,933f3ea0efa6a7fb
89972142,1,719,cd5e95a1124c6554,945760214dba78b0,067ada484749c0b0,df509b6651c088d3,8ba91896c305e24e
89972804,0,719,23dfe5a272beebad,6527423a8b756132,479ccbd67fc8eec7,800b69ea7324d826,63e3f577fc6d8cd0
89972804,1,719,675fbe9f824700b5,e0b3eb09a4747483,6162019eaa7af242,ff36915c5cd99d96,f7a2bae24a116c7b
89974117,0,719,fc8ef602ddbde33f,d53010edac1c0dc6,a762799da9fac8a4,aeabcf163c0af7b2,c6565af3e1b9c8e9
89974117,1,719,5633511a3cca9483,9c54859c97fe938e,68cd82dc2665ed84,977b030bdbf97123,084500ea4e7f2092
89978586,0,719,5a5d6622eb827e24,c09dc6acb4a16f7a,31b5f34ec43c1ad0,d0b5ac7dca9c6d45,84aaeda8dbcbc895
89978586,1,719,c5bfb947064c75f4,6b79b786f3762094,027ad7efd5adbe17,61994a7195301f43,269c1bc4de2c724a
89978591,0,719,6961eda3b8ec0cf5,2150eb770872a635,98b68cf9db0ffc03,f7f024c6ed324c23,1f1473bc1e825760
89978591,1,719,675fbe9f824700b5,e0b3eb09a4747483,6162019eaa7af242,ff36915c5cd99d96,f7a2bae24a116c7b
89981098,0,719,c7c630ef42b7d786,4fe413d080fd1837,e8d31e5d838de0bd,0bc42efc93fb8636,5cfad8b98b9ec6f6
89981098,1,719,675fbe9f824700b5,e0b3eb09a4747483,6162019eaa7af242,ff36915c5cd99d96,f7a2bae24a116c7b
89982490,0,719,8c26094c517bd2eb,aec09393615b25e1,10fac75eae0b26d2,b90cd5e30013ebd7,af976b258767ac50
89982490,1,719,321a8b289975167a,21240a2bc8ebc963,37b6703c72ada9c6,b176e574cd59a1fb,3215cdffde06c331
89983664,0,719,29354397a44bce72,002e04a7884507b9,8deffbbe30fe745f,a922ed63d994940b,b23e8a2496192c2d
89983664,1,719,5633511a3cca9483,9c54859c97fe938e,68cd82dc2665ed84,ad9398dfac76a8fc,014ad9104d5eab3a
89983707,0,719,5e71c91a83be6ef5,54410bc591606b13,27f7cb1aece162f6,f4fe34d28b89f9a9,27d6c1afbc584f7f
89983707,1,719,675fbe9f824700b5,e0b3eb09a4747483,6162019eaa7af242,ff36915c5cd99d96,f7a2bae24a116c7b
89984308,0,719,0e02d1bd3f4d743b,17204e1b6f9c669b,1b51f9bc7ebadb73,a4a652f0354dfd77,a53d8d276d1af728
89984308,1,719,5633511a3cca9483,9c54859c97fe938e,68cd82dc2665ed84,cf58b27028fbf443,073c1aaaa37c3194
89985006,0,719,5a5d6622eb827e24,c09dc6acb4a16f7a,31b5f34ec43c1ad0,d0b5ac7dca9c6d45,84aaeda8dbcbc895
89985006,1,719,56326ce59b29b227,120133281e230bf7,4a51b51ec89a000a,120ff1b1dde04d8a,6eeef3d4091c73c2
89990787,0,719,675fbe9f824700b5,e0b3eb09a4747483,6162019eaa7af242,ff36915c5cd99d96,f7a2bae24a116c7b
89990787,1,719,c1848f28a5222fb2,da27c87689084a54,50853fc7a8f0a437,fdd0db3cdabd6aa9,00ba16dc3e30eb91
89990809,0,719,675fbe9f824700b5,78b2881e9c29a8a0,9ec4531371ab2440,e809eebba3430d98,4a86bba932c3b42a
89990809,1,719,db6c447c8937ec9a,b2206b83d94f8ef9,ed792aa93799821f,07e24ca0236aff09,792bb2b79cc4457c
89993347,0,719,675fbe9f824700b5,e0b3eb09a4747483,6162019eaa7af242,ff36915c5cd99d96,9d5b3e174b868cc5
89993347,1,719,6b5849f2d872ef73,3714b54d05565615,47430e92b2de371a,590cfdfd120a5467,1de482699be145d6
89994025,0,719,66ec56909bca0e5d,bd86749b1f8414fb,ff15b55c16433105,d678e0f4530bf22a,53d92593a94a28da
89994025,1,719,675fbe9f824700b5,e0b3eb09a4747483,6162019eaa7af242,ff36915c5cd99d96,f7a2bae24a116c7b
89994702,0,719,321a8b289975167a,21240a2bc8ebc963,37b6703c72ada9c6,b176e574cd59a1fb,3215cdffde06c331
89994702,1,719,1bd6053ed1ed9aff,36f4b7417fe4b766,841ad36dc67dba9c,1fb026db514472c7,c915f0c5ee87506c
90001785,0,719,675fbe9f824700b5,e0b3eb09a4747483,6162019eaa7af242,eed9da502f09589c,14906c0d1e603861
90001785,1,719,35dd12a33acf62d2,80ee58cb1c46152e,ea7e250f77c07841,d391ace5675aba17,86117e1eff4cf93b
90003748,0,719,675fbe9f824700b5,e0b3eb09a4747483,6162019eaa7af242,ff36915c5cd99d96,f7a2bae24a116c7b
90003748,1,719,2f4cf28876116df2,c0068cb1a45b75bc,96f31e85b6251c41,b6120bfe593f41f7,5130315801af1419
90005008,0,719,c915a19c4f334095,66ca5178371535fe,d75b4368d45bea2a,1dc346cc418e418d,82c12679f74b8808
90005008,1,719,675fbe9f824700b5,e0b3eb09a4747483,6162019eaa7af242,ff36915c5cd99d96,2cc6b16fc672d765
90006260,0,719,a4265941433c6c33,5af09c3dbb6d2972,0c3f9a84b705e598,4cd52bf08664be01,e3df8a315e8efc1b
90006260,1,719,5633511a3cca9483,9c54859c97fe938e,68cd82dc2665ed84,e39c7f74a847ddd5,c44dbd26c53aeb34
90008232,0,719,5a5d6622eb827e24,c09dc6acb4a16f7a,31b5f34ec43c1ad0,d0b5ac7dca9c6d45,84aaeda8dbcbc895
90008232,1,719,ca21cfff6e83b7c7,f5d7aad294ff8317,5e5cdef45bd50f44,77cd1cf9fcc75584,c6199f81d2e7485d
90008304,0,719,5a5d6622eb827e24,c09dc6acb4a16f7a,31b5f34ec43c1ad0,d0b5ac7dca9c6d45,84aaeda8dbcbc895
90008304,1,719,a905ff500497f524,8b14568ff6c93207,b41eec9eba6fb704,8db2c928e8292743,362ece39c8a234ac
90010141,0,719,675fbe9f824700b5,e0b3eb09a4747483,6162019eaa7af242,ff36915c5cd99d96,f7a2bae24a116c7b
90010141,1,719,8d9f7242afd39ca8,741be2d817b9af9b,fff620b43a1f2086,fc5179675fd4993b,7919b84b0cc4d0de
90011497,0,719,675fbe9f824700b5,e0b3eb09a4747483,742c1082ce1e8ea1,6025456fcec7656f,7db895c3aae8e9ad
90011497,1,719,a4265941433c6c33,ab9ebf0aa1ae6a97,c17669b05a657a02,d3996ad99c50394f,bc3dc74e7430dbf6
90016034,0,719,0c44ae91e10d4280,de82b63627d7aec7,631cd98c64e1ba7f,f8206f55d9f27638,69e922fdb06b9936
90016034,1,719,675fbe9f824700b5,e0b3eb09a4747483,6162019eaa7af242,c21e19d7b6db7e8c,0f3c07ae418869f6
90021218,0,719,5633511a3cca9483,9c54859c97fe938e,68cd82dc2665ed84,c56dffbbbd484e27,522a1a12c5bee011
90021218,1,719,56c715e3340be530,ea46da7354e9563c,5a81a47c7151cf7c,0fce5a1f75f38c11,043c594f46ba7449
90021257,0,719,eef8c26229d106f5,fb44db5bd752506b,ccb44c5ab45b2c39,bb1dc7045def9099,88b8ea60919ad3aa
90021257,1,719,56326ce59b29b227,120133281e230bf7,4a51b51ec89a000a,120ff1b1dde04d8a,6eeef3d4091c73c2
90025104,0,719,2215329fa1c4ba5d,71ec276922309f5d,46c82c1665b284f0,5d2d670af7cc1514,3130d0c7fcb93090
90025104,1,719,675fbe9f824700b5,e0b3eb09a4747483,6162019eaa7af242,ff36915c5cd99d96,625cc2b37d57d41e
90031349,0,719,5a5d6622eb827e24,c09dc6acb4a16f7a,31b5f34ec43c1ad0,d0b5ac7dca9c6d45,84aaeda8dbcbc895
90031349,1,719,0f4ede9775a93a15,5d0c097296cd8a42,c10a4aea1eeba63e,377197e01805ac13,e81f889247cb50b8
90031991,0,719,675fbe9f824700b5,e0b3eb09a4747483,6162019eaa7af242,4e1e78611ea18131,3e38c869d717366a
90031991,1,719,cd6872bdd994b4ba,61da5046f42ac469,baf964d068c0c88b,3b2a9ab4fae4c6d7,ebee0a4bdcbb8604
90032032,0,719,5a5d6622eb827e24,c09dc6acb4a16f7a,31b5f34ec43c1ad0,d0b5ac7dca9c6d45,84aaeda8dbcbc895
90032032,1,719,201446e579a22c39,b3bb930998c44e0a,bdceb5ae439332b1,7e39d032dcc69702,f5c559d57d8dc853
90032724,0,719,5a5d6622eb827e24,c09dc6acb4a16f7a,31b5f34ec43c1ad0,d0b5ac7dca9c6d45,8da9ef63241c6d04
90032724,1,719,1ec84e89e6a1c875,180b00e1434a5e4c,e12fac8c60d67f9b,338efddf460fd5c0,25137fdc7da4cbb9
90035382,0,719,675fbe9f824700b5,e0b3eb09a4747483,6162019eaa7af242,ff36915c5cd99d96,f7a2bae24a116c7b
90035382,1,719,c67d366f5fb1bb77,a9056079544218e6,38e5b5d55c571b05,28de40792f3cbad4,26bdd7c36aca90d7
90044875,0,719,2a1c4128034e9a1c,5a676ec38f80af1a,f5a5228b3a35462e,524e6a2c9f3f9e6c,23f72cb7d3c4015c
90044875,1,719,675fbe9f824700b5,e0b3eb09a4747483,ee8f9062d4edddf7,9be0505de4b74c42,b478076bfa0b532e
90049834,0,719,feae4bc3faeab5e1,acd2de2d31b32701,f12652254f46a432,f532f3b4405579e0,ee4960a0e1f98142
90049834,1,719,675fbe9f824700b5,e0b3eb09a4747483,6162019eaa7af242,3220bd5f1fd0ecd4,0d6a2f99e0db510a
90054014,0,719,d186b339f1cafefc,07cbafb3273cc66c,836d69d5b97b8b23,88245bffb8927990,695f450d62d4d9a2
90054014,1,719,5633511a3cca9483,9c54859c97fe938e,68cd82dc2665ed84,d9ecfc1a7e45ddfa,322a8954dc0ffc31
90059416,0,719,5633511a3cca9483,9c54859c97fe938e,68cd82dc2665ed84,fa948c4f1f6ddf3c,5bd797e16e3b472b
90059416,1,719,3f3e666b8dbffa13,f0197afb1bd6a94d,88ab388ebde502ce,a0ac8c45ae0d1e6e,58f84985d01e18bc
90060102,0,719,5633511a3cca9483,9c54859c97fe938e,68cd82dc2665ed84,9b7e447c06c46169,0c1e24d3734fe730
90060102,1,719,0efc773465984f3c,73367b2bae80d8e6,fe2bb0be2667b0f0,9d7e40d7615ae4f1,58b4be377d8aa2cd
90066892,0,719,40025dd96d8e69d9,32983d2cf61f0090,428e5b40cdfccaf4,b11ccde7bbe1324a,9b563e728c316c93
90066892,1,719,5a5d6622eb827e24,c09dc6acb4a16f7a,31b5f34ec43c1ad0,d0b5ac7dca9c6d45,84aaeda8dbcbc895
90070227,0,719,2a9b714edc0aeed0,25c9692486891b93,e20471b88f76055a,08eb3b252739c33a,63f06f5d345c3dda
90070227,1,719,675fbe9f824700b5,e0b3eb09a4747483,6162019eaa7af242,ff36915c5cd99d96,3d2ff25c3ae8e801
90070882,0,719,5633511a3cca9483,9c54859c97fe938e,68cd82dc2665ed84,f2f69c6afa536601,60359d38fa6d0185
90070882,1,719,d120183a04a7f32c,a72ccef45006e728,15e6da15ae8bd44b,5949302f4895c785,4a2809dd98cde6eb
90072899,0,719,5633511a3cca9483,9c54859c97fe938e,68cd82dc2665ed84,06c187283e847ca9,ebd5be6fe8da0365
90072899,1,719,807066f711fb5ab3,fac470e4d96e557d,8a6b7641f3c31caf,d6e42f18ed05d3d4,f61c6bffc027c9cf
90078310,0,719,77791ad7497b5a77,36fd2ae096493189,af408e203a9d9051,98b82d15ae8804cc,f22ec1c191f88b0b
90078310,1,719,675fbe9f824700b5,e0b3eb09a4747483,6162019eaa7af242,ff36915c5cd99d96,f7a2bae24a116c7b
90078992,0,719,675fbe9f824700b5,e0b3eb09a4747483,6162019eaa7af242,ff36915c5cd99d96,851e5d419388c56a
90078992,1,719,0efc773465984f3c,b3460d2ddfba2963,c5d9e952d7e370d6,2d8563e20e1787d5,96301c6c120bfd5c
90079671,0,719,675fbe9f824700b5,e0b3eb09a4747483,6162019eaa7af242,ff36915c5cd99d96,f7a2bae24a116c7b
90079671,1,719,56326ce59b29b227,120133281e230bf7,4a51b51ec89a000a,120ff1b1dde04d8a,6eeef3d4091c73c2
90079774,0,719,565b0711a8cbc39a,f0f1443e684854da,e88c7aeea1638dd5,f8f7a5061b010b4f,c01201078d99d530
90079774,1,719,5633511a3cca9483,9c54859c97fe938e,68cd82dc2665ed84,11470c9774ce036a,227c981c53f5fd8e
90086459,0,719,54b6d7a659d3e643,526cfaf52e0cd894,08f76ca9decc57da,dcf1a864d993f5bd,26da3b49407d69b4
90086459,1,719,5633511a3cca9483,9c54859c97fe938e,68cd82dc2665ed84,3c87848809019687,1141e0ddbcc0bbdf
90088549,0,719,d481bce64b4d11ae,981fd4c34e47b2fe,da3671bb6868d8a0,dea011b18cdbbc05,7dfa48f1d0d9a42d
90088549,1,719,a5d0bf6c837458b6,c2cb2e847fa41119,a271d6180e1b067d,228188e206cbf516,0628e5d093a4336d
90089262,0,719,b45030bd6ad9ea76,10fbee7f608a5764,079502dd1451109c,a4973c6efc4308db,446f22abcf244dbb
90089262,1,719,5a5d6622eb827e24,c09dc6acb4a16f7a,31b5f34ec43c1ad0,d0b5ac7dca9c6d45,84aaeda8dbcbc895
90093320,0,719,cbaaf576342a84c9,b581333a5048a17a,31be637a3c836405,13c108a69919e665,32b1e3fde2546b05
90093320,1,719,675fbe9f824700b5,e0b3eb09a4747483,6162019eaa7af242,ff36915c5cd99d96,e3145c7f28a08d03
90098054,0,719,8fdd9cb6d0588c0c,6870d6a5d9313965,3d7c9fb57fbc5c83,f31d7f3d5256f82f,3c90a96702436f22
90098054,1,719,56326ce59b29b227,120133281e230bf7,4a51b51ec89a000a,120ff1b1dde04d8a,6eeef3d4091c73c2
90098711,0,719,675fbe9f824700b5,e0b3eb09a4747483,6162019eaa7af242,ff36915c5cd99d96,f7a2bae24a116c7b
90098711,1,719,de2dbc67fbd00e88,df8e51608bb26f01,13d5793a02b0489b,3952cb124edf5429,dd74b89382ce77d0
90100077,0,719,675fbe9f824700b5,e0b3eb09a4747483,6162019eaa7af242,ff36915c5cd99d96,dddedd509b8832d5
90100077,1,719,b4f3e9ae49fe06a8,b320be47df8efae9,f521229510908abc,9b4e632e7f8dd5a0,74569f4fea9a8afb
90102163,0,719,b10b1dbe6bcba21e,0fe4ba2ae788d042,6777ae6297ac60aa,ee4c766da1766f10,4cb3f560cb13dda1
90102163,1,719,d481bce64b4d11ae,981fd4c34e47b2fe,da3671bb6868d8a0,dea011b18cdbbc05,82c9bab338c30086
90102781,0,719,675fbe9f824700b5,e0b3eb09a4747483,91d2599bec0cd710,afa31dd0edbbcc8d,4111e61c3618bb41
90102781,1,719,0efc773465984f3c,b3460d2ddfba2963,c5d9e952d7e370d6,32c6c2d5af3d47a2,94e16e2c32ef120c
90104875,0,719,5a5d6622eb827e24,c09dc6acb4a16f7a,31b5f34ec43c1ad0,d0b5ac7dca9c6d45,84aaeda8dbcbc895
90104875,1,719,56326ce59b29b227,120133281e230bf7,4a51b51ec89a000a,120ff1b1dde04d8a,6eeef3d4091c73c2
90107663,0,719,a284dfa6a08138da,8d63d17e2d4e7991,d5b6b8405ed03b04,0cc2a22f27df0478,cd2fc76e6e3bf525
90107663,1,719,321a8b289975167a,21240a2bc8ebc963,37b6703c72ada9c6,b176e574cd59a1fb,3215cdffde06c331
90113035,0,719,62e6579689881f26,47d92422db4c0236,4703898676e243d4,6cc929c71ed244f2,a6d6c32c08fb3327
90113035,1,719,675fbe9f824700b5,e0b3eb09a4747483,6162019eaa7af242,ff36915c5cd99d96,92d170fc4f0d4e32
90115823,0,719,14ae2c4eb655283a,6ee6e72bfd0e31a9,2261079ca5c972ae,e561757a5f1b5551,674ead433018e9cc
90115823,1,719,675fbe9f824700b5,e0b3eb09a4747483,6162019eaa7af242,ff36915c5cd99d96,f7a2bae24a116c7b
90117843,0,719,5a5d6622eb827e24,c09dc6acb4a16f7a,31b5f34ec43c1ad0,d0b5ac7dca9c6d45,84aaeda8dbcbc895
90117843,1,719,6803a7ffc77e6246,cd83caf80b8c2482,9eb9c10aff712714,b6d78c5066a422d0,3d5beef1542278c8
90118552,0,719,fff1f762cfd6daf2,2643cf2f9e9adcc7,b5c292d09327130b,42ded0cb813f812e,6e6237dc46c774cc
90118552,1,719,675fbe9f824700b5,e0b3eb09a4747483,6162019eaa7af242,ff36915c5cd99d96,f7a2bae24a116c7b
90122501,0,719,5633511a3cca9483,9c54859c97fe938e,68cd82dc2665ed84,42f3a3e921ad6509,c8578dc02213e8bb
90122501,1,719,3d65677480960cdc,f8fd9e1ac27d4561,181d218ecaa99374,7d58ee5c09f72ec9,346aa711c34dbea7
90122505,0,719,66d0ae9ca25248f1,87d08876a51bcead,e8763b11821d50bc,0cdcff26cdf2679c,f0061b5bce4cf7b8
90122505,1,719,675fbe9f824700b5,e0b3eb09a4747483,6162019eaa7af242,ff36915c5cd99d96,f7a2bae24a116c7b
90124583,0,719,dde6ec6922891a4c,b3c64ec697fe9a1b,a51363ca54cf5081,bde520c386180d46,abe0d898c343f7f7
90124583,1,719,5633511a3cca9483,9c54859c97fe938e,68cd82dc2665ed84,1f82139264a89ca6,f5043990112a0f67
90127986,0,719,090c3a6749c8ed84,55491373f3b90953,c53135df64dfb186,8408285462447b3f,06855dd4a9fe7fba
90127986,1,719,5a5d6622eb827e24,c09dc6acb4a16f7a,31b5f34ec43c1ad0,d0b5ac7dca9c6d45,84aaeda8dbcbc895
90128056,0,719,56326ce59b29b227,120133281e230bf7,4a51b51ec89a000a,120ff1b1dde04d8a,6eeef3d4091c73c2
90128056,1,719,56326ce59b29b227,120133281e230bf7,4a51b51ec89a000a,120ff1b1dde04d8a,6eeef3d4091c73c2
90130012,0,719,5633511a3cca9483,9c54859c97fe938e,68cd82dc2665ed84,9a390b170652c275,0dda299c2b1d5d33
90130012,1,719,239e27fb9324037f,5d9b4c9217463a6e,2652ea98800b5103,e3478820acfd4fab,454e5f6f31e44974
90130084,0,719,5633511a3cca9483,9c54859c97fe938e,68cd82dc2665ed84,4f64c64475d18253,654c3671229e34f6
90130084,1,719,42386e10cbd42388,6fbce749321de869,bab53a529c326a97,ac6e98353eeb49d5,0838ac4122c0a056
90130119,0,719,56326ce59b29b227,120133281e230bf7,4a51b51ec89a000a,120ff1b1dde04d8a,6eeef3d4091c73c2
90130119,1,719,56326ce59b29b227,120133281e230bf7,4a51b51ec89a000a,120ff1b1dde04d8a,6eeef3d4091c73c2
90134113,0,719,810de14e3a127b37,0c7b0933d1d9cb42,7f967c51c5c42d9b,e40c614338fc919d,afe21c34d3fcb8a9
90134113,1,719,675fbe9f824700b5,e0b3eb09a4747483,6162019eaa7af242,652676a103437841,287a6fde721b388e
90136269,0,719,675fbe9f824700b5,e0b3eb09a4747483,6162019eaa7af242,ff36915c5cd99d96,193a39a4d98dec62
90136269,1,719,f013745fbc7992e2,78a1d770e61a4671,6aeedb1fdc90d08d,cb139170c3b645c8,f0208001b857afe2
90138967,0,719,8a88f7fba68fe727,0d7c23007c6f314c,0ecc9298df132598,5397b9e384c4e044,5415caf839f05aaa
90138967,1,719,5a5d6622eb827e24,c09dc6acb4a16f7a,31b5f34ec43c1ad0,d0b5ac7dca9c6d45,84aaeda8dbcbc895
90142379,0,719,675fbe9f824700b5,e0b3eb09a4747483,6162019eaa7af242,59434e3820d5812d,3cd56ef1a5bf715c
90142379,1,719,56326ce59b29b227,120133281e230bf7,4a51b51ec89a000a,120ff1b1dde04d8a,6eeef3d4091c73c2
90143782,0,719,675fbe9f824700b5,e0b3eb09a4747483,6162019eaa7af242,ff36915c5cd99d96,f7a2bae24a116c7b
90143782,1,719,5a55e149e4bd265e,1215f75560852bd5,a86ad5934744b08b,12c096cf1edf4aa4,a8607d078629207e
90144452,0,719,5633511a3cca9483,9c54859c97fe938e,68cd82dc2665ed84,3ac6cde027624bee,128317d06a7fe14e
90144452,1,719,c494f3c539891f05,34100396e4715076,a2466493621316bc,eeb07178fd990646,0cecec9dff5ee053
90144576,0,719,279304670016d733,f46eda8bd54750e5,d1cfdb38a358ad7d,0f528a6443159b85,71100658938e8469
90144576,1,719,5a5d6622eb827e24,c09dc6acb4a16f7a,31b5f34ec43c1ad0,d0b5ac7dca9c6d45,84aaeda8dbcbc895
90148623,0,719,5a5d6622eb827e24,c09dc6acb4a16f7a,31b5f34ec43c1ad0,d0b5ac7dca9c6d45,84aaeda8dbcbc895
90148623,1,719,65a6fcbb5936bb1d,65cd3cf7eceb19d0,5a4ca59a914f5bb9,a9e702c96e63209c,dbe7cc9b82f82fb4
90149264,0,719,86dd7fa341af459d,a29c6261b89d8bf5,3e6606148089002b,13f5b6a5235d0bea,b804655deb5169bb
90149264,1,719,675fbe9f824700b5,e0b3eb09a4747483,6162019eaa7af242,ff36915c5cd99d96,92d170fc4f0d4e32
90149328,0,719,5633511a3cca9483,9c54859c97fe938e,68cd82dc2665ed84,ee94844d2dd3a384,bf98cf9875f03f11
90149328,1,719,53a97e6d5a378708,683214135993fa52,5e754b2887c24f28,c3d2725012c3ca01,4ec6be6301300654
90150648,0,719,19533cd1f4a03dbd,fec859248599fc59,ed34210e48b15246,64b0928002834d62,a53f469cd59c15b1
90150648,1,719,5633511a3cca9483,9c54859c97fe938e,68cd82dc2665ed84,27185c9926d1c363,ff59de32b5a3a385
90150789,0,719,8c26094c517bd2eb,aec09393615b25e1,10fac75eae0b26d2,b90cd5e30013ebd7,af976b258767ac50
90150789,1,719,d481bce64b4d11ae,981fd4c34e47b2fe,da3671bb6868d8a0,c5b2ae11ec975b4f,b3c2569cd9fae973
90154080,0,719,675fbe9f824700b5,e0b3eb09a4747483,6162019eaa7af242,af3c4702417c42a8,23fc6fa1a7654b9c
90154080,1,719,2e113333853401f7,b4a49483876f0a6c,f8a8f8c9b2a5f57e,a1d8e35d17fe5741,80473b6902055397
90154729,0,719,2282f81712eb589f,00c25de1aa28901b,a786322484e4d39b,0fe0da15dad05149,f89b169be83e5d96
90154729,1,719,5633511a3cca9483,9c54859c97fe938e,68cd82dc2665ed84,3c3759ead170e4f2,4be4114bbb20b134
90156929,0,719,12ad05aa1cace5a1,7986ae10c6fccc70,3ffd7f3276ac71c3,9479dd4241516491,c1794dfa50a1daa3
90156929,1,719,5633511a3cca9483,9c54859c97fe938e,68cd82dc2665ed84,153639a6df873f31,d2b92774f354a4dd
90157499,0,719,675fbe9f824700b5,e0b3eb09a4747483,6162019eaa7af242,ff36915c5cd99d96,e0008395d9ae31e2
90157499,1,719,92eaf01acf2e3471,35bcd0db45a75bae,a647fe62c66eccca,8a50f03f61245501,a67bf80335483fdd
90158277,0,719,5633511a3cca9483,9c54859c97fe938e,68cd82dc2665ed84,75849c97f45bc4d8,0cc9d3c7ae264b3c
90158277,1,719,239e27fb9324037f,5d9b4c9217463a6e,448028a11ad8d2e1,fb0b3b5259620606,0dd8f5fad137d950
90161757,0,719,2c1ea335fa05dc81,62527e75e819bfaf,0f9e0a0e1c9c631a,310930aae2bec242,42d748852e969c55
90161757,1,719,d481bce64b4d11ae,981fd4c34e47b2fe,da3671bb6868d8a0,dea011b18cdbbc05,82c9bab338c30086
90164454,0,719,675fbe9f824700b5,e0b3eb09a4747483,6162019eaa7af242,ff36915c5cd99d96,f7a2bae24a116c7b
90164454,1,719,3e0d0fc6e4a08b1c,750ffd23e72fcd43,95da5aa54941aa1b,0e8581670a97a48a,0cd8952fc1837dc1
90165803,0,719,675fbe9f824700b5,e0b3eb09a4747483,6162019eaa7af242,ff36915c5cd99d96,f7a2bae24a116c7b
90165803,1,719,a12f677593bbd783,64bd114c8c12323a,afa92ed7e22bd253,54a7699a862fd125,4332499ebece7779
90167880,0,719,d776c8aea51008b0,80ad41633442d17a,5b53dd07aaa446ab,c7fd1918734786b8,e3a4655e48e7d55a
90167880,1,719,675fbe9f824700b5,e0b3eb09a4747483,6162019eaa7af242,ff36915c5cd99d96,f7a2bae24a116c7b
90168592,0,719,5a5d6622eb827e24,c09dc6acb4a16f7a,31b5f34ec43c1ad0,d0b5ac7dca9c6d45,84aaeda8dbcbc895
90168592,1,719,149ed2b33094cd57,bc8a02bf77a584a2,df09927939276663,9b9cf4f3473d781b,0d6ad30c3d2dbd0a
90170094,0,719,fa9db14a231d7aad,ef36abc3b533a80c,25fd57db0c0640a8,510efa155731f655,de7ac941e2f0f629
90170094,1,719,d481bce64b4d11ae,981fd4c34e47b2fe,da3671bb6868d8a0,23b7292cb3779e52,56b676bb5ece1b72
90171435,0,719,5633511a3cca9483,9c54859c97fe938e,68cd82dc2665ed84,22c0309acb90438a,806c8247b26f3ff7
90171435,1,719,5e6c84b5d5f06e9f,82afe1ebd2d2d860,e548b89bc9634956,739c9c2b500acf2d,cc60335ea12710bd
90172190,0,719,56326ce59b29b227,120133281e230bf7,4a51b51ec89a000a,120ff1b1dde04d8a,6eeef3d4091c73c2
90172190,1,719,64d0b7e782106a2d,fed0143326c47012,c10aabdcc95f1c3b,90ce799ae57f50a2,2b536de914d14628
90177095,0,719,675fbe9f824700b5,e0b3eb09a4747483,6162019eaa7af242,8c163cd326056f84,d53cd208ca96af63
90177095,1,719,4153f0936b465edf,27d6884d4783b73b,047c54127df111e2,500b997c1adb8bf9,85de3b122bc48930
90178505,0,719,675fbe9f824700b5,e0b3eb09a4747483,6162019eaa7af242,ff36915c5cd99d96,f7a2bae24a116c7b
90178505,1,719,f883e696fee08174,2086fc892c690877,0a34a7401a395ee4,927672cd6c63220b,9fdfac1bd4e18420
90184086,0,719,d481bce64b4d11ae,981fd4c34e47b2fe,da3671bb6868d8a0,dea011b18cdbbc05,82c9bab338c30086
90184086,1,719,d63f4054fc44019a,7b91c2ac02f98154,4b62e86da5bbf46f,db54785c0846e118,b28d8370bf542cd0
90184759,0,719,56326ce59b29b227,120133281e230bf7,4a51b51ec89a000a,120ff1b1dde04d8a,6eeef3d4091c73c2
90184759,1,719,56326ce59b29b227,120133281e230bf7,4a51b51ec89a000a,120ff1b1dde04d8a,6eeef3d4091c73c2
90185426,0,719,d481bce64b4d11ae,981fd4c34e47b2fe,da3671bb6868d8a0,c5b2ae11ec975b4f,f9f03aedae7f3a78
90185426,1,719,18adc01d37b7bcc6,db0b5d43e6871e5d,f003d8f8b637e625,46134d485685c46d,ec0d7aebe229245b
90187509,0,719,675fbe9f824700b5,e0b3eb09a4747483,6162019eaa7af242,ff36915c5cd99d96,8cfe53adcea29940
90187509,1,719,010419279f407f09,214c71dfd4d77cde,0c884555712adec3,76fc31ce901f3f08,172ca6463f45f9d2
90189683,0,719,5633511a3cca9483,9c54859c97fe938e,68cd82dc2665ed84,e6912762fb5f240b,5f13049c00a3602b
90189683,1,719,8e2574a57bc1894e,92815a8259a745ed,7f452a7dfcfbd738,c750d5d97b809ccc,203da15833cb8cd8
90193145,0,719,fcb7917a8f5dc68c,c0430242b1857e30,fd0acf0ea6445f78,1c1c1dec59095c17,758826eab87d0c26
90193145,1,719,5633511a3cca9483,9c54859c97fe938e,68cd82dc2665ed84,54becce87bc926e9,6ff6b0a68fa5fee4
90194594,0,719,19533cd1f4a03dbd,fec859248599fc59,2cdd725e496f9825,612a8613513e25a5,f1764c18dc87478c
90194594,1,719,675fbe9f824700b5,e0b3eb09a4747483,6162019eaa7af242,ff36915c5cd99d96,768f192711ceca6b
90196148,0,719,56326ce59b29b227,120133281e230bf7,4a51b51ec89a000a,120ff1b1dde04d8a,6eeef3d4091c73c2
90196148,1,719,56326ce59b29b227,120133281e230bf7,4a51b51ec89a000a,120ff1b1dde04d8a,6eeef3d4091c73c2
90198960,0,719,e6cc0d4d580d9c90,766444fc1f6d7178,dea12a73f4f6fae5,69810ddeb25fe95d,dd4f24a8f158e4e3
90198960,1,719,5a5d6622eb827e24,c09dc6acb4a16f7a,31b5f34ec43c1ad0,d0b5ac7dca9c6d45,84aaeda8dbcbc895
90205991,0,719,675fbe9f824700b5,e0b3eb09a4747483,6162019eaa7af242,ff36915c5cd99d96,9d3fc98f900a32c2
90205991,1,719,49160ebe2d34c2c0,b7998f6ac7f8a91a,460fbbf4b037a369,7e34d26d45eb0eba,8559b92643cc4efd
90207408,0,719,675fbe9f824700b5,e0b3eb09a4747483,6162019eaa7af242,ff36915c5cd99d96,aba40907dd7a863a
90207408,1,719,960c46c761500d42,4edcc2449e136827,c8b7a63523400acb,7b71ea55b8695a37,225a739ec82b0791
90211943,0,719,37e2261416aa48d7,63b8328c6c83fce4,42b6be18bd3e0097,e4f28629b9d6fafa,5845aef4b33dcec9
90211943,1,719,675fbe9f824700b5,e0b3eb09a4747483,6162019eaa7af242,ff36915c5cd99d96,f7a2bae24a116c7b
90214061,0,719,5a5d6622eb827e24,c09dc6acb4a16f7a,31b5f34ec43c1ad0,d0b5ac7dca9c6d45,84aaeda8dbcbc895
90214061,1,719,9679f462bdc128b1,7b0f04002d3cf9bb,0e96e9f2b632c81f,d2197aa7665678e1,50a5caf63d753ffb
90231198,0,719,b188ae3b6af866f9,f5fe3dc4472d6b6c,6a66b03eafd16cad,682bd196b7790427,4dfc53d4171c1fa1
90231198,1,719,675fbe9f824700b5,e0b3eb09a4747483,6162019eaa7af242,ff36915c5cd99d96,f7a2bae24a116c7b
90231896,0,719,6a31ebc8b3c987ab,ade8b9cc3503890a,3c0d36536bc37383,1930983e647f93a7,368356a60af3b89d
90231896,1,719,675fbe9f824700b5,e0b3eb09a4747483,6162019eaa7af242,8c163cd326056f84,d53cd208ca96af63
90232696,0,719,db8a82bfea9a07ee,5b68ae049de0b63c,a8a40879dea576f3,5d59eb9a3b9154ff,3923dbba615ac81b
90232696,1,719,675fbe9f824700b5,e0b3eb09a4747483,6162019eaa7af242,ff36915c5cd99d96,f7a2bae24a116c7b
90234024,0,719,675fbe9f824700b5,e0b3eb09a4747483,6162019eaa7af242,ff36915c5cd99d96,f7a2bae24a116c7b
90234024,1,719,7616e48a5f4aec48,b8cced82ba52beaa,369b24f548c0f6f1,11da71b0f361de0d,36a501d33fa9bdeb
90234812,0,719,8f05e337fd5e806b,bbdf0da8fe03717c,672303678da9581c,4334ccb686814826,9492cb49494b3e73
90234812,1,719,5633511a3cca9483,9c54859c97fe938e,68cd82dc2665ed84,d288b17cfc838685,ea2e77704bbe5dab
90236287,0,719,cb2df5979923d604,caf84e4f176c32a9,520fd277a0c93900,71f305f277bb9fdd,2926d9cfefd25066
90236287,1,719,675fbe9f824700b5,e0b3eb09a4747483,6162019eaa7af242,333c8acdf2f76e82,367e8e6cd53bd28b
90241872,0,719,675fbe9f824700b5,e0b3eb09a4747483,6162019eaa7af242,4e1e78611ea18131,3e38c869d717366a
90241872,1,719,6edb94e81fa34ddc,17211c1b51d2ff18,7590e7ccf6c859e3,9e7d8efe165fab22,2054dc8a50fb5be6
90243231,0,719,675fbe9f824700b5,e0b3eb09a4747483,6162019eaa7af242,ff36915c5cd99d96,f7a2bae24a116c7b
90243231,1,719,d63edde919aae0c3,67def223f4bbd837,ec402446984d7e4c,aa3635db7b6b6439,cd3fe1f798b0ed85
90244785,0,719,00546a5eeeb1e4e1,879e62716ed673a6,9e6b10051afdabe3,44134f7f8cf642e8,5e865a86cc3be0c8
90244785,1,719,321a8b289975167a,21240a2bc8ebc963,37b6703c72ada9c6,b176e574cd59a1fb,3215cdffde06c331
90245359,0,719,675fbe9f824700b5,e0b3eb09a4747483,6162019eaa7af242,ff36915c5cd99d96,f28364e8e6deb488
90245359,1,719,7ebb702d6476f72d,bad315b168030bee,307e72de60699ba0,cb74599dc4b56c24,4a1c1e7877345d05
90245496,0,719,cb64eb1f6c30f668,9ed7294b3e87389e,7740ea656db31a9e,2b74130745d8852d,23639c5b5ba7f429
90245496,1,719,675fbe9f824700b5,e0b3eb09a4747483,6162019eaa7af242,9c4a01e25bfd80ef,034d4b57ec173f05
90251775,0,719,626cf44fe7b830f3,ed865b2105a15592,50d1eb1d1a24b4b6,26a5bfcf49e10d9e,a7c8a89ecbdc74d1
90251775,1,719,5a5d6622eb827e24,c09dc6acb4a16f7a,31b5f34ec43c1ad0,d0b5ac7dca9c6d45,84aaeda8dbcbc895
90253876,0,719,675fbe9f824700b5,e0b3eb09a4747483,6162019eaa7af242,ff36915c5cd99d96,f7a2bae24a116c7b
90253876,1,719,7f63817f97e9f077,2988849f0d682c0f,b5d0b788f7aa2d09,52ab7b0e806cdac7,972d0cf12441db32
90266813,0,719,127f567a0f501fa5,b61b8dc4051cafa9,9dc4cf26dd8baab7,ef0bb177c7ac4d31,3d42acfbcddf4566
90266813,1,719,5633511a3cca9483,9c54859c97fe938e,68cd82dc2665ed84,a5979d4fa3ea6c43,022c879ae68638bb
90267546,0,719,adcc6933494438a2,5a477c777ea7e49a,760a392e1953d340,d2c3679c58cd332e,906bfbe640c7a3f8
90267546,1,719,d481bce64b4d11ae,981fd4c34e47b2fe,da3671bb6868d8a0,dea011b18cdbbc05,82c9bab338c30086
90274652,0,719,b32fdbfbd4831a9a,64a8545cac494598,2812835be9573b54,e4f9f5e3b8a72aa1,75039828db0e7343
90274652,1,719,675fbe9f824700b5,e0b3eb09a4747483,6162019eaa7af242,ff36915c5cd99d96,f7a2bae24a116c7b
90279706,0,719,675fbe9f824700b5,e0b3eb09a4747483,6162019eaa7af242,ff36915c5cd99d96,f7a2bae24a116c7b
90279706,1,719,f849060966ad05be,ba00f2f02e06b435,3fab30ddda66c78d,cd0152cc86021bd6,57b62907d0efe8f7
90286830,0,719,56326ce59b29b227,120133281e230bf7,4a51b51ec89a000a,120ff1b1dde04d8a,6eeef3d4091c73c2
90286830,1,719,5a5d6622eb827e24,c09dc6acb4a16f7a,31b5f34ec43c1ad0,d0b5ac7dca9c6d45,84aaeda8dbcbc895
90288982,0,719,22d74f4e1350292e,20db6f92bc6480fd,be68e68b4fdcfff2,132a8b258a5e313c,f5f0f9e95b694474
90288982,1,719,675fbe9f824700b5,e0b3eb09a4747483,6162019eaa7af242,ff36915c5cd99d96,c89e81edc3597d02
90289622,0,719,2afcab299d282671,4fd6344d0a796ca5,c6c935670043dd3f,1301622e8afc7b99,5ee21ec40236920d
90289622,1,719,675fbe9f824700b5,e0b3eb09a4747483,6162019eaa7af242,ff36915c5cd99d96,0598866babd40f64
90293395,0,719,ef3fed0f7e672df9,9527a8d974092888,eb8cc7d5be0377ba,bd79d09e7e79da60,5ecd8cb653b26d82
90293395,1,719,675fbe9f824700b5,e0b3eb09a4747483,6162019eaa7af242,ff36915c5cd99d96,73c4fa4ca3df3e91
90293963,0,719,675fbe9f824700b5,e0b3eb09a4747483,6162019eaa7af242,ff36915c5cd99d96,f7a2bae24a116c7b
90293963,1,719,217e6182c966f680,d362b239b23dc38e,d21f1a256c4f1de6,e2154f8b5092b079,c0662ddd6b5bcbaa
90294826,0,719,56326ce59b29b227,120133281e230bf7,4a51b51ec89a000a,120ff1b1dde04d8a,6eeef3d4091c73c2
90294826,1,719,56326ce59b29b227,120133281e230bf7,4a51b51ec89a000a,120ff1b1dde04d8a,6eeef3d4091c73c2
90294890,0,719,d481bce64b4d11ae,981fd4c34e47b2fe,da3671bb6868d8a0,dea011b18cdbbc05,316df712d4ad2269
90294890,1,719,e1e7ceb846648253,a17e66a0f813bbfe,12eaed6fec7e8b35,21ed369e25366894,732efeabc400c032
90296405,0,719,675fbe9f824700b5,e0b3eb09a4747483,6162019eaa7af242,ff36915c5cd99d96,d29f518cf7cd10a9
90296405,1,719,90816c21a77c66aa,d4beb216a8387367,1496c8a8b5dfb5a9,769a3917fc9f224d,4df5171c16d2b77f
90298422,0,719,e447d3bbe9baff20,717e8399b893b58b,53fd5f76fb490f4f,acc87a6f8e7ef5ae,d9a986db3571b32f
90298422,1,719,675fbe9f824700b5,e0b3eb09a4747483,6162019eaa7af242,ff36915c5cd99d96,50e7e3d198918077
90302861,0,719,5633511a3cca9483,9c54859c97fe938e,68cd82dc2665ed84,36f099b2c4c7ee38,0d2620ea8831d02c
90302861,1,719,e447d3bbe9baff20,717e8399b893b58b,53fd5f76fb490f4f,8fb2ad21edbedc5a,b9a1f1e98f40866e
90304988,0,719,675fbe9f824700b5,e0b3eb09a4747483,6162019eaa7af242,ff36915c5cd99d96,51e5745b1512d3cd
90304988,1,719,d74a16674084dcdd,89d899c4dd8ffb9d,395ecd4b6aeaf086,a002793c1c7c3197,a09514ccaf6ac451
90305046,0,719,1b5560808c1e619d,cb7efd6cb67bb599,05892ce8986df0ec,09b69a4f272da8e8,ac43c083ceafa4aa
90305046,1,719,675fbe9f824700b5,e0b3eb09a4747483,6162019eaa7af242,ff36915c5cd99d96,f7a2bae24a116c7b
90309502,0,719,675fbe9f824700b5,e0b3eb09a4747483,6162019eaa7af242,ff36915c5cd99d96,f7a2bae24a116c7b
90309502,1,719,2d2918342c071b9e,83716b5fe82cab2d,a07b7f7016f4d546,4c518cf69e03fabd,0a81d77ba1dbca54
90317472,0,719,e113afc23d6abe5c,03a2a5cad4770ec6,ede95af81b0210cf,3554316effe34b88,6d4d971492ea54c3
90317472,1,719,675fbe9f824700b5,e0b3eb09a4747483,6162019eaa7af242,ff36915c5cd99d96,cbb31a84ebd28e15
90318911,0,719,5633511a3cca9483,9c54859c97fe938e,68cd82dc2665ed84,1ad25d87d552e996,407ad6106c9d02dc
90318911,1,719,b5b8d7b0f7634b0e,cd8ffe13feed00e1,758b5af3f85fb825,231b3b558205d2a1,8e8f8d6d49eb58ad
90319590,0,719,675fbe9f824700b5,e0b3eb09a4747483,6162019eaa7af242,ff36915c5cd99d96,f7a2bae24a116c7b
90319590,1,719,f077c8699b7deb3e,dca9f13847b54701,94c12d5ad4cf7467,a7af8e11ac3d5e56,e00fee64532e498f
90321779,0,719,5a5d6622eb827e24,c09dc6acb4a16f7a,31b5f34ec43c1ad0,d0b5ac7dca9c6d45,84aaeda8dbcbc895
90321779,1,719,6803a7ffc77e6246,cd83caf80b8c2482,7ebed86bbea156f8,5a5209b46ccaee1d,4bb365ed3b14219a
90324109,0,719,d481bce64b4d11ae,981fd4c34e47b2fe,da3671bb6868d8a0,79ff0941ef199383,749fec3286b8c533
90324109,1,719,f335b1a2a716af6d,90ef8894a238644a,540b90bb784ce0ff,e4461b6ac46108b9,28921dcbb0cd906d
90324686,0,719,7f5b7619af464a5b,8678372de2ab0aba,d17d4f42385dadb5,60413c7d4581e9db,0d04727544252eb8
90324686,1,719,675fbe9f824700b5,e0b3eb09a4747483,6162019eaa7af242,ff36915c5cd99d96,f7a2bae24a116c7b
90325423,0,719,169e8eacdb17d66a,161ad85f228e4edc,ca2175e167e8a5ad,54edbae93fdf4ac6,2f99a3af6de04329
90325423,1,719,675fbe9f824700b5,e0b3eb09a4747483,6162019eaa7af242,ff36915c5cd99d96,f7a2bae24a116c7b
90329185,0,719,747ab7837f049675,aa15a9d6860f2967,d63fc924fea45d94,1dfc70242650842e,7461be13e5df9bbf
90329185,1,719,d481bce64b4d11ae,981fd4c34e47b2fe,da3671bb6868d8a0,dea011b18cdbbc05,7dfa48f1d0d9a42d
90334258,0,719,8de516e085e0180d,3feeb6c0d4d75534,03cf21f036fa6d39,ef9c72205758190d,285c2ab0a34baf26
90334258,1,719,675fbe9f824700b5,e0b3eb09a4747483,6162019eaa7af242,59434e3820d5812d,3cd56ef1a5bf715c
90343005,0,719,4f535d2b013ab561,576628acd4fee7d0,d7e0789f1459923f,db02704382f37da9,185d0ceb20f69528
90343005,1,719,675fbe9f824700b5,e0b3eb09a4747483,6162019eaa7af242,ff36915c5cd99d96,f7a2bae24a116c7b
90343717,0,719,bfffc7efcb0b66fd,b4d33fcdbee1c0f0,b3b808a6927a9027,456e5a11b482697b,95331df47f6a0938
90343717,1,719,5633511a3cca9483,9c54859c97fe938e,68cd82dc2665ed84,3b923970e9e54b94,380ba539724bb48c
90345915,0,719,6af3c9473f90e498,abba03507e62c3e0,70b0a9bdc5f89618,4015b3233a943cd6,da687209856ac033
90345915,1,719,675fbe9f824700b5,e0b3eb09a4747483,6162019eaa7af242,a069be5ec97a344e,5aef2cab8628a181
90346642,0,719,5633511a3cca9483,9c54859c97fe938e,68cd82dc2665ed84,688af1ef95ba8927,d181a42fafad6d6d
90346642,1,719,2c9dc7374b6ee36f,d11ac0583bf176c8,7ad855936262e004,7896b3d4787ca167,5683f47c4ba4c7d7
90346732,0,719,5a5d6622eb827e24,c09dc6acb4a16f7a,31b5f34ec43c1ad0,d0b5ac7dca9c6d45,84aaeda8dbcbc895
90346732,1,719,78eeda7dcd2db95c,2bbbb52fda8ff66e,936abc424ccde175,a8ec807b39992c44,1b0dfee42c353e81
90348920,0,719,6398869357179cd0,521adfdd4de4f900,3d19f7ef13b58990,7f718797c9f90b7f,941ccf9a77879e51
90348920,1,719,675fbe9f824700b5,e0b3eb09a4747483,6162019eaa7af242,37d86f708c07a4ff,57ea4053234f7da7
90357808,0,719,321a8b289975167a,21240a2bc8ebc963,37b6703c72ada9c6,b176e574cd59a1fb,3215cdffde06c331
90357808,1,719,2b60999676bbc864,c7bbde4f01085ce6,4e66e1ce381e6218,d61579b09fe033e9,534d9c4abe4f310a
90360061,0,719,5633511a3cca9483,9c54859c97fe938e,68cd82dc2665ed84,c6fcaf3b2a8a40da,8d53b875e68bb87c
90360061,1,719,54a68c79dc33d0f4,52edede0998b99db,2c69a4c05928fe6f,8a6d69537959bd4d,cc1ba99d3643e14c
90364490,0,719,675fbe9f824700b5,e0b3eb09a4747483,6162019eaa7af242,ff36915c5cd99d96,f7a2bae24a116c7b
90364490,1,719,40b792a5749bb654,4a4f5effdf6fc37e,2f808580a667f84c,425c80cf28f15b6d,a757f4cbc47ffe15
90364530,0,719,a6b27413266bbd7f,daa629d6684a5590,ef8c62649b9dcd17,e7bc52cd79f4ea49,413bb712f3154faa
90364530,1,719,675fbe9f824700b5,e0b3eb09a4747483,6162019eaa7af242,d0d9438f6ffbf598,f4691b17e15e9c02
90368197,0,719,d481bce64b4d11ae,981fd4c34e47b2fe,da3671bb6868d8a0,dea011b18cdbbc05,82c9bab338c30086
90368197,1,719,5a5d6622eb827e24,c09dc6acb4a16f7a,31b5f34ec43c1ad0,1ee7aa131d9a7661,5c3fa885151b3c10
90368875,0,719,5633511a3cca9483,9c54859c97fe938e,68cd82dc2665ed84,51b70bb5be37f4b2,2f437550782567bd
90368875,1,719,bf63dbbad2c15efb,22e320d4794ae287,41f6dc333830d7b8,a7afb3d3857805a5,eafcab6fd4b8a3b6
90369775,0,719,5633511a3cca9483,9c54859c97fe938e,68cd82dc2665ed84,e6ebab37d8939678,6b26aea74edca6e4
90369775,1,719,904e017331f94cf0,de8e2cfed6106749,a85b316fc8a55444,dacc6336ed8b4cb5,d83630cae5ffa7fa
90371160,0,719,5633511a3cca9483,9c54859c97fe938e,68cd82dc2665ed84,38e3d6caaaab6f53,617524c81ded1d6b
90371160,1,719,643c98c97cce1fe5,145a80261069e65e,337306bcfe460e9e,ac233f2eb2d23517,a5245b18700fb817
90371222,0,719,93fe2d214ae4fb18,8d450ceba18af3b4,a9f4f038cb8ce86a,e32a454b113c9cdf,c86ff5ca8aa7175a
90371222,1,719,5633511a3cca9483,9c54859c97fe938e,68cd82dc2665ed84,3b933fe4e0db9387,abd346e8be208791
90371292,0,719,5633511a3cca9483,9c54859c97fe938e,68cd82dc2665ed84,e953f7dabb28b1f4,9f6036dc4a268565
90371292,1,719,610e4226dcf08fb7,a8fbcb4bca51f257,e5c86b7b07578e34,205462b5352f95a8,2014c9b338fcf6ef
90380777,0,719,6f11df0c651ada96,022070503d0fc1fc,06d24e54c3983556,13854a2c760fdb18,2b1a7584eee5ee0f
90380777,1,719,5633511a3cca9483,9c54859c97fe938e,68cd82dc2665ed84,c84f0739c68bd11a,1975889f252bfe82
90382268,0,719,2c9dc7374b6ee36f,d11ac0583bf176c8,7ad855936262e004,c45a7a64abb398d9,6e399ef156b6d37a
90382268,1,719,5633511a3cca9483,9c54859c97fe938e,68cd82dc2665ed84,688af1ef95ba8927,1a0e8951d5613b08
90385286,0,719,5633511a3cca9483,9c54859c97fe938e,68cd82dc2665ed84,865a1e9faaf6660a,6887e6650007d09b
90385286,1,719,97d89bc1bc08a910,fb20a27c398cfa4a,2ab1cbcca3372f25,ff1be315e392b67f,07a30b19846e5fa4
90385948,0,719,5633511a3cca9483,9c54859c97fe938e,68cd82dc2665ed84,880859d8573e41ad,5ef93345f84c4f7c
90385948,1,719,2c9dc7374b6ee36f,d11ac0583bf176c8,7ad855936262e004,c45a7a64abb398d9,6e399ef156b6d37a
90385981,0,719,5633511a3cca9483,9c54859c97fe938e,68cd82dc2665ed84,e2e60e0246056172,95e62fceb901ca0d
90385981,1,719,2c9dc7374b6ee36f,d11ac0583bf176c8,7ad855936262e004,c45a7a64abb398d9,6e399ef156b6d37a
90386704,0,719,f4bf560aa3044a09,9c2377dc337de8bc,3e0bacf0dc46f628,a42c7cf2ed460909,b94eecb77a6edc5c
90386704,1,719,675fbe9f824700b5,e0b3eb09a4747483,6162019eaa7af242,ff36915c5cd99d96,d292f044ebe81b56
90389693,0,719,026d3e38416b9138,dd551359daae6a16,518d4c9bcc8ab67f,eecda7f6edff59a8,e4501d3db89f943d
90389693,1,719,5633511a3cca9483,9c54859c97fe938e,68cd82dc2665ed84,0b7847b37f7c7c7f,4de94108b03fd5e8
90390592,0,719,321a8b289975167a,21240a2bc8ebc963,37b6703c72ada9c6,b176e574cd59a1fb,3215cdffde06c331
90390592,1,719,0fd6869c076e9da5,5f855ca0f51c3938,511500bf3ea617ec,40e5a13c304fb1a3,0c87075da3d33f87
90391209,0,719,d481bce64b4d11ae,981fd4c34e47b2fe,da3671bb6868d8a0,dea011b18cdbbc05,82c9bab338c30086
90391209,1,719,026d3e38416b9138,dd551359daae6a16,518d4c9bcc8ab67f,eecda7f6edff59a8,e4501d3db89f943d
90392088,0,719,675fbe9f824700b5,e0b3eb09a4747483,6162019eaa7af242,ff36915c5cd99d96,f7a2bae24a116c7b
90392088,1,719,f78f77b5f5c5dcf4,d1cca468185149df,240065c8f3174bcf,6aed4d815a1eb64f,330a1902587b908b
90396530,0,719,a2f423757d6bff2c,105389262cabe636,039e5ac022a94089,b34128e9dd0f71d9,962566eedd0a9b76
90396530,1,719,5633511a3cca9483,9c54859c97fe938e,68cd82dc2665ed84,6d4a1877eeed5f9d,26f49904db891462
90397272,0,719,92f2a8bbdde0b16f,a96e39688ab61a6f,f8469a2938c062b0,e1b48ec01bbcf41c,4746444c01418dca
90397272,1,719,675fbe9f824700b5,e0b3eb09a4747483,6162019eaa7af242,652676a103437841,287a6fde721b388e
90400239,0,719,0cb6e96298ad59dc,bc4f29d4b969da35,e4e6dd075e18dc56,a5b1fd236dbe8234,3586f440a8779f9b
90400239,1,719,5633511a3cca9483,9c54859c97fe938e,68cd82dc2665ed84,da6ec6df6e9df8db,c4e68fcaddfb0f1c
90400364,0,719,5633511a3cca9483,9c54859c97fe938e,68cd82dc2665ed84,5f92fb42390836c2,ef466b8956054ea1
90400364,1,719,ae23b08573b7abce,36781273b4a58ddf,0c196a0f911f2e03,927ebd9284e5f082,d8c06b739ce8cb7f
90403940,0,719,675fbe9f824700b5,e0b3eb09a4747483,6162019eaa7af242,ff36915c5cd99d96,f7a2bae24a116c7b
90403940,1,719,fa5c5a203de1cfb8,d16a4f844bac554f,85917030f0f1d816,efc3d99981c0ecf0,a303add90a7e7344
90404050,0,719,63d262d32a767c7a,9f554fdf4aa7e57c,b82f222980501f74,01a2df6c30c70adb,6f3919ace8dc5441
90404050,1,719,675fbe9f824700b5,e0b3eb09a4747483,6162019eaa7af242,ff36915c5cd99d96,f7a2bae24a116c7b
90407772,0,719,91f12657cc79c5a9,c0a4e504980aaedd,872036238871b9a1,ae2fa9bba63d79a1,73555d41fcc3881a
90407772,1,719,675fbe9f824700b5,e0b3eb09a4747483,91d2599bec0cd710,afa31dd0edbbcc8d,aa9705d4b6c98a8b
90409200,0,719,2c9dc7374b6ee36f,e60a096b7a3833bf,7e686e7267b0ab86,0d3c1ee7ba9ab336,6d6fff3d7fecaa5d
90409200,1,719,5633511a3cca9483,9c54859c97fe938e,68cd82dc2665ed84,6ba6cccfaa54a741,822e5534ef6c17e3
90410020,0,719,675fbe9f824700b5,e0b3eb09a4747483,6162019eaa7af242,ff36915c5cd99d96,f7a2bae24a116c7b
90410020,1,719,2b5f04e60c78347d,59487f583e626941,92c4f01a02405e9f,3656ad50b22955f3,2391db189e15b661
90410845,0,719,321a8b289975167a,21240a2bc8ebc963,37b6703c72ada9c6,b176e574cd59a1fb,3215cdffde06c331
90410845,1,719,3b335eb2776a879e,41ee29a216844f0e,0926d6b3fb20b11e,3f7380261f79c308,f4969a42db4e5b1d
90415204,0,719,675fbe9f824700b5,e0b3eb09a4747483,6162019eaa7af242,ff36915c5cd99d96,d8bfeedf6b9f9823
90415204,1,719,4c6cd29236a70d8b,a47673a1d94fe20f,7becefff93c0725a,fdca9e7764ed4620,35626a62a2a03d89
90417469,0,719,675fbe9f824700b5,e0b3eb09a4747483,6162019eaa7af242,c900085bbc10ab2d,df8ebca1950f5a3b
90417469,1,719,c8bcc5ae2657238b,5abdad7a74b29cf7,b48a9f0a1ee3e3ac,1fe4830e0fb8a4c0,605a7700a740667d
90421289,0,719,675fbe9f824700b5,e0b3eb09a4747483,6162019eaa7af242,3220bd5f1fd0ecd4,49ca32c256c17c49
90421289,1,719,eb94301c086a7ae4,6a5f6a0ec17ab4e8,16fc8e583f1dc537,e41824bfbb445043,5d0b0dc295876142
90421369,0,719,675fbe9f824700b5,e0b3eb09a4747483,6162019eaa7af242,ff36915c5cd99d96,5e228ea2641d5e16
90421369,1,719,e1b89fcead8e931c,8d26f6b7eaa030a3,4422aaf3ed854c5b,f95b9e7553ccdf14,e5e7099e9c9266ce
90423663,0,719,d481bce64b4d11ae,981fd4c34e47b2fe,da3671bb6868d8a0,dea011b18cdbbc05,82c9bab338c30086
90423663,1,719,010419279f407f09,214c71dfd4d77cde,0c884555712adec3,76fc31ce901f3f08,172ca6463f45f9d2
90424994,0,719,5633511a3cca9483,9c54859c97fe938e,68cd82dc2665ed84,96333eda87bd79d0,32e0e3f098135ab8
90424994,1,719,e684b44c365d11cf,d0804bb7749d4b9e,49469da56433595d,3c8d4a08344376b9,88fbbf565a73fa98
90428854,0,719,675fbe9f824700b5,e0b3eb09a4747483,6162019eaa7af242,ff36915c5cd99d96,44988d36720fe307
90428854,1,719,dc5ef8d63fc54445,067a9d7e7f92f109,18bdecb94e603234,a82acdb903d68f68,303d5c5438bb2837
90429617,0,719,675fbe9f824700b5,e0b3eb09a4747483,6162019eaa7af242,ff36915c5cd99d96,f7a2bae24a116c7b
90429617,1,719,b203b39f8ec34930,6f1cc5834ff5c833,f0039459cf432a14,faa6a47d991e91ca,7fb73762ab22380d
90430391,0,719,dc5ef8d63fc54445,067a9d7e7f92f109,203e26f5e18e1ce6,6293824650515c65,95607b9a27e79a4c
90430391,1,719,675fbe9f824700b5,e0b3eb09a4747483,6162019eaa7af242,2d7d86d9731c583c,647ee6bd044ef307
90431224,0,719,5940c966b0aa1668,ea9f68124a2cdcd3,feb74afb18d857a9,2afd8ba980a5d550,eb9d3e2546484e11
90431224,1,719,675fbe9f824700b5,e0b3eb09a4747483,6162019eaa7af242,5997d8ec7a448a54,fa992c1c038e250c
90434249,0,719,56326ce59b29b227,120133281e230bf7,4a51b51ec89a000a,120ff1b1dde04d8a,6eeef3d4091c73c2
90434249,1,719,56326ce59b29b227,120133281e230bf7,4a51b51ec89a000a,120ff1b1dde04d8a,6eeef3d4091c73c2
90436425,0,719,42f53dcacb09f6f4,b0b6084c11966e7f,ef71d621ac93ae73,2fb16e2a9ff0a22a,a7ad72ed36a5e13b
90436425,1,719,56326ce59b29b227,120133281e230bf7,4a51b51ec89a000a,120ff1b1dde04d8a,6eeef3d4091c73c2
90437263,0,719,675fbe9f824700b5,e0b3eb09a4747483,6162019eaa7af242,ff36915c5cd99d96,f7a2bae24a116c7b
90437263,1,719,5ea6fc36ce51548d,2fc234434e5cb236,4447b0085878273f,119ada8f61b69cab,4cc1d5c3af8a1aae
90438795,0,719,321a8b289975167a,21240a2bc8ebc963,37b6703c72ada9c6,b176e574cd59a1fb,3215cdffde06c331
90438795,1,719,11f8f71d185e3b08,bab980b8ffaf31cc,dfef73fc3f4f6d7f,fb245f45c0ac165e,e0ca88f5afa019c2
90442509,0,719,b19deb0c6e0902c6,44cd65621d7bfa55,26c44ba6e9fdf6a0,a810de49504e5217,57e4d7b8bce5aa4d
90442509,1,719,5a5d6622eb827e24,c09dc6acb4a16f7a,31b5f34ec43c1ad0,d0b5ac7dca9c6d45,84aaeda8dbcbc895
90447101,0,719,5a5d6622eb827e24,c09dc6acb4a16f7a,31b5f34ec43c1ad0,d0b5ac7dca9c6d45,84aaeda8dbcbc895
90447101,1,719,7241dbb9da803677,09d05ff5293d14ee,e8c33f6d36c6f1e2,fc9f7c7a30fe86dc,8d1b06016018f579
90448576,0,719,675fbe9f824700b5,e0b3eb09a4747483,6162019eaa7af242,ff36915c5cd99d96,f7a2bae24a116c7b
90448576,1,719,7ad315d06e81a3aa,3f94827038d8077a,5b45cf1efda9f6c4,f54d1011f74c7808,11524ad998c635c5
90450846,0,719,02074cf1aaa21b0d,c0834f71363bf415,0286748c9c35437e,437cd88ecfa964d5,34983c9d054f6dac
90450846,1,719,675fbe9f824700b5,e0b3eb09a4747483,6162019eaa7af242,af3c4702417c42a8,f35831674b532082
90463308,0,719,3a9d3fb6c41ae652,0340cd6f98feb746,472364c44b9da2d0,05c92beb96bf16d9,34c4805785a4507e
90463308,1,719,56326ce59b29b227,120133281e230bf7,4a51b51ec89a000a,120ff1b1dde04d8a,6eeef3d4091c73c2
90468501,0,719,dbed5d1a4fc40791,7d412c2d1a2919a2,7c66a63afbe81ba3,ac43f391511de553,6ce0adc3b64c49cd
90468501,1,719,675fbe9f824700b5,e0b3eb09a4747483,6162019eaa7af242,ff36915c5cd99d96,f7a2bae24a116c7b
90480654,0,719,2a224b9c295e411e,76f431f370f9e08f,cebd4c9d7d46c564,a1673f2258524ce7,49c201ac87629a8a
90480654,1,719,675fbe9f824700b5,e0b3eb09a4747483,6162019eaa7af242,ff36915c5cd99d96,f7a2bae24a116c7b
90485196,0,719,f87a62865f9d8576,68d1573f9c886a61,9d6c5c57a2ce0b59,55a660f338c11255,103569253fd6123f
90485196,1,719,675fbe9f824700b5,e0b3eb09a4747483,6162019eaa7af242,ff36915c5cd99d96,f7a2bae24a116c7b
90486646,0,719,0e67a4ff938bc057,b250af374d342ee8,5e59d6aff9cf397b,e7e954ee776a801e,e2052d07b0c8c4b7
90486646,1,719,5633511a3cca9483,9c54859c97fe938e,68cd82dc2665ed84,2cb51f4ce5eab085,ff65e1e1422cd7fd
90487606,0,719,056c5963ff2665fd,1406af8c383564fa,0ac8b7c3ab0f5070,99398800eb30ae04,580eff904e7010ed
90487606,1,719,d481bce64b4d11ae,981fd4c34e47b2fe,da3671bb6868d8a0,dea011b18cdbbc05,82c9bab338c30086
90490669,0,719,56326ce59b29b227,120133281e230bf7,4a51b51ec89a000a,120ff1b1dde04d8a,6eeef3d4091c73c2
90490669,1,719,d481bce64b4d11ae,981fd4c34e47b2fe,da3671bb6868d8a0,79ff0941ef199383,749fec3286b8c533
90494492,0,719,5a5d6622eb827e24,c09dc6acb4a16f7a,31b5f34ec43c1ad0,d0b5ac7dca9c6d45,84aaeda8dbcbc895
90494492,1,719,928e0298fe6489c1,1767c4ee32a031f1,96cfa9ddbe823583,4c39576aac23d972,37173bcb0cff3308
90506612,0,719,801dce770b655691,2c6292bcc805408b,02f3b6905701bf98,0f10a77028a373c4,1b49c5632215297c
90506612,1,719,5a5d6622eb827e24,c09dc6acb4a16f7a,31b5f34ec43c1ad0,d0b5ac7dca9c6d45,84aaeda8dbcbc895
90511286,0,719,675fbe9f824700b5,e0b3eb09a4747483,6162019eaa7af242,ff36915c5cd99d96,f7a2bae24a116c7b
90511286,1,719,6ba3c4adf8c197c0,2618421c43ba355f,efa05eb95ae10979,a3c4d1634e9a3574,cccd78c8500c9094
90513462,0,719,675fbe9f824700b5,e0b3eb09a4747483,6162019eaa7af242,ff36915c5cd99d96,f7a2bae24a116c7b
90513462,1,719,9df9899f17b5eff1,c9f6f1e0f6d2a1d6,c439871e3b8c3d73,8df44770f16b59d1,c41f2c0e41b4d004
90514222,0,719,2c9dc7374b6ee36f,d11ac0583bf176c8,7247a860e1ecc4ad,2a0c5c8f3ace0cac,ad3be5975d5c0768
90514222,1,719,5633511a3cca9483,9c54859c97fe938e,68cd82dc2665ed84,0b25ed46c1ef3711,e93d3058d1054f36
90514333,0,719,675fbe9f824700b5,e0b3eb09a4747483,6162019eaa7af242,ff36915c5cd99d96,f7a2bae24a116c7b
90514333,1,719,bdbb226da09aec5b,bdb8d1d9a237883d,a2b6206141b1500c,8e5474911c097d36,1c550d9f65de9645
90515178,0,719,f0e8fd83f741733c,454cf7e9eb86cb49,bc9b5169dc5daea6,add5c203c32199be,7132183b14e100e2
90515178,1,719,321a8b289975167a,21240a2bc8ebc963,37b6703c72ada9c6,b176e574cd59a1fb,3215cdffde06c331
90519037,0,719,56326ce59b29b227,120133281e230bf7,4a51b51ec89a000a,120ff1b1dde04d8a,6eeef3d4091c73c2
90519037,1,719,321a8b289975167a,21240a2bc8ebc963,37b6703c72ada9c6,b176e574cd59a1fb,3215cdffde06c331
90520563,0,719,675fbe9f824700b5,e0b3eb09a4747483,6162019eaa7af242,ff36915c5cd99d96,f7a2bae24a116c7b
90520563,1,719,c40e9265980cc6a2,260560fd62ab021a,8da7c2e3b704909a,c63d83500dd73541,73c3888b9da14338
90521916,0,719,675fbe9f824700b5,e0b3eb09a4747483,6162019eaa7af242,ff36915c5cd99d96,f7a2bae24a116c7b
90521916,1,719,7e8dd4a9d8647160,af18956bff5c4ae3,733f5029fd3e7df8,74cf524c5f2376d0,ff1a354610d3fa4e
90524340,0,719,d689f62f8a2548a3,641d56274a616a01,e79c3f5fde8fa7b8,ef80c5ce54c34dea,403136cc915220c0
90524340,1,719,675fbe9f824700b5,e0b3eb09a4747483,6162019eaa7af242,ff36915c5cd99d96,f7a2bae24a116c7b
90530448,0,719,5a5d6622eb827e24,c09dc6acb4a16f7a,31b5f34ec43c1ad0,d0b5ac7dca9c6d45,84aaeda8dbcbc895
90530448,1,719,dfe22ffae7e23d9c,c5078605a3c14dea,193207621c673a2e,f0fe95f9cc69dc03,ca808210288dc643
90534273,0,719,6a953ed4c6c5cf9d,3d8959169ac67d23,a76dfc3d452ccc14,24618731d231da01,8d7311151c8bf1d9
90534273,1,719,5633511a3cca9483,9c54859c97fe938e,68cd82dc2665ed84,78199cba1cf62726,65457e5aeac419d1
90535017,0,719,edd7ab3de72812ba,b6f5fac23196a195,04d6c39375cddf42,1fe12112aebb08c4,8b767c1b272a9712
90535017,1,719,675fbe9f824700b5,e0b3eb09a4747483,6162019eaa7af242,ff36915c5cd99d96,f7a2bae24a116c7b
90535752,0,719,82004e7752db59bf,8a822c184cf7371a,5da25bdeb79cd428,28be1810582b70f7,5da0d89b183c8c25
90535752,1,719,675fbe9f824700b5,e0b3eb09a4747483,6162019eaa7af242,ff36915c5cd99d96,f7a2bae24a116c7b
90535805,0,719,56326ce59b29b227,120133281e230bf7,4a51b51ec89a000a,120ff1b1dde04d8a,6eeef3d4091c73c2
90535805,1,719,321a8b289975167a,21240a2bc8ebc963,37b6703c72ada9c6,b176e574cd59a1fb,3215cdffde06c331
90537427,0,719,56326ce59b29b227,120133281e230bf7,4a51b51ec89a000a,120ff1b1dde04d8a,6eeef3d4091c73c2
90537427,1,719,8c26094c517bd2eb,aec09393615b25e1,10fac75eae0b26d2,b90cd5e30013ebd7,af976b258767ac50
90538861,0,719,5a5d6622eb827e24,c09dc6acb4a16f7a,31b5f34ec43c1ad0,d0b5ac7dca9c6d45,84aaeda8dbcbc895
90538861,1,719,ba213441974d2ba0,e5c5188ac412f64a,cfb64014a86a9c28,0a2f0ffd2506dc56,d08b0d1c48512f1f
90551271,0,719,5633511a3cca9483,9c54859c97fe938e,68cd82dc2665ed84,691401fe1b1969db,cfb736f78f654d2c
90551271,1,719,4ecb77240e261285,1c594dc4167c93da,c9054e1f65071d7f,7910868ccf458796,0b130167a2d2c9f1
90555030,0,719,138e88e84b0b6bc4,308c4fdef56db0b1,43fab1a501320318,2dbae9e662e34315,609dd359bda514cf
90555030,1,719,675fbe9f824700b5,e0b3eb09a4747483,6162019eaa7af242,ff36915c5cd99d96,f7a2bae24a116c7b
90561257,0,719,5633511a3cca9483,9c54859c97fe938e,68cd82dc2665ed84,ab3d349c239e0b79,e701d7050bf98359
90561257,1,719,2c9dc7374b6ee36f,44c973c075570f2a,0c38e965d361fb85,2b43c814786a7918,1a13b32d484735b7
90561343,0,719,4ecb77240e261285,1c594dc4167c93da,c9054e1f65071d7f,1e509624a16d3b27,53d414abf3b3738a
90561343,1,719,675fbe9f824700b5,e0b3eb09a4747483,6162019eaa7af242,ff36915c5cd99d96,f7a2bae24a116c7b
90562165,0,719,b2a6d00d0ba60f8e,ed07f6740912d2a2,358d5a85a3258846,d29b861b71fcba9a,6869a074a680d934
90562165,1,719,675fbe9f824700b5,e0b3eb09a4747483,6162019eaa7af242,ff36915c5cd99d96,f7a2bae24a116c7b
90563010,0,719,5633511a3cca9483,9c54859c97fe938e,68cd82dc2665ed84,09ffba04c159234f,60112eed889027e2
90563010,1,719,4ecb77240e261285,1c594dc4167c93da,c9054e1f65071d7f,00675ca83ab3532c,9aa0a324f3c895c7
90578767,0,719,675fbe9f824700b5,e0b3eb09a4747483,6162019eaa7af242,ff36915c5cd99d96,f7a2bae24a116c7b
90578767,1,719,ce3a8b471296f9c4,bd5cc9c52209174a,6c70aa8ce711e3a2,defef000c17f4109,1f353dbe9017ff37
90586547,0,719,d481bce64b4d11ae,981fd4c34e47b2fe,da3671bb6868d8a0,dea011b18cdbbc05,82c9bab338c30086
90586547,1,719,e07f344fceea6a5f,e9088bfe1805304d,d8277b155018a1f2,ee81da1c61c550fd,777361d28bd82114
90590298,0,719,48a5c7952d000c91,514f6f1542ef29e9,8e2a5c3544c0aec6,d9ba6f1bbb9476f6,5c5b57771b74d3a4
90590298,1,719,5633511a3cca9483,9c54859c97fe938e,68cd82dc2665ed84,d6bf887bf8d745fd,193ab473080144b0
90598913,0,719,5633511a3cca9483,9c54859c97fe938e,68cd82dc2665ed84,e70c3fa572265277,9d94c19d276ebb39
90598913,1,719,2c9dc7374b6ee36f,d11ac0583bf176c8,7ad855936262e004,c45a7a64abb398d9,0b96fd9f7937135f
90599051,0,719,8269198148a4a7a7,3496755f73a79a7c,37f3feb5cb7342e9,7b471d1f51cfb3f0,732d1767de04cd20
90599051,1,719,675fbe9f824700b5,e0b3eb09a4747483,6162019eaa7af242,ff36915c5cd99d96,f7a2bae24a116c7b
90602870,0,719,675fbe9f824700b5,e0b3eb09a4747483,6162019eaa7af242,ff36915c5cd99d96,f7a2bae24a116c7b
90602870,1,719,8b86ee7555f6f681,5702e9f1384ce0dc,34497ed0956c39c5,ba7bd2d402f7f2bf,b59129d47f42c324
90607670,0,719,675fbe9f824700b5,e0b3eb09a4747483,6162019eaa7af242,ff36915c5cd99d96,3d2ff25c3ae8e801
90607670,1,719,142d35777eb7e5ff,2198f8509c112bd3,5152a9d343766fb2,226bf5142d0144a5,e5f96e32d6a8a795
90617798,0,719,675fbe9f824700b5,e0b3eb09a4747483,6162019eaa7af242,ff36915c5cd99d96,f7a2bae24a116c7b
90617798,1,719,be11e4a1a450abfc,8ccb71e07d005620,d8e8fa3449334767,eefe0e34ea0bdce4,a8f7e0c12b784572
90621023,0,719,1ad5b8cf1bd49b8a,e569563fcff21615,4aba7ac64daa8506,10d153601395ba81,50177ec3125e67d8
90621023,1,719,675fbe9f824700b5,e0b3eb09a4747483,6162019eaa7af242,ff36915c5cd99d96,f7a2bae24a116c7b
90625755,0,719,56326ce59b29b227,120133281e230bf7,4a51b51ec89a000a,120ff1b1dde04d8a,6eeef3d4091c73c2
90625755,1,719,56326ce59b29b227,120133281e230bf7,4a51b51ec89a000a,120ff1b1dde04d8a,6eeef3d4091c73c2
90630504,0,719,010419279f407f09,214c71dfd4d77cde,0c884555712adec3,76fc31ce901f3f08,172ca6463f45f9d2
90630504,1,719,56326ce59b29b227,120133281e230bf7,4a51b51ec89a000a,120ff1b1dde04d8a,6eeef3d4091c73c2
90634219,0,719,675fbe9f824700b5,e0b3eb09a4747483,6162019eaa7af242,ff36915c5cd99d96,f7a2bae24a116c7b
90634219,1,719,d4df890494aed340,fded32034d8b382c,b7076f82637f447a,697a96865888351b,944f7713ebbd3891
90635836,0,719,6924570c2f9a936e,aa910eef90df322f,3ea93b4c91aa376c,ad7d469228d57b93,3da814fd8226723f
90635836,1,719,675fbe9f824700b5,e0b3eb09a4747483,6162019eaa7af242,ff36915c5cd99d96,43134116dc4d9e25
90636660,0,719,6345dd4476541084,596971c21cdf724a,49b3c5748d5fb917,20acf14f5db9e57f,017833f8afb6f6a1
90636660,1,719,675fbe9f824700b5,e0b3eb09a4747483,6162019eaa7af242,ff36915c5cd99d96,f7a2bae24a116c7b
90636688,0,719,4d3cdf49b3c2508c,0bf04e1f7c6ce611,bbca8885defdba46,274cb2aad9400cf1,7d6cb1c8904aedd3
90636688,1,719,675fbe9f824700b5,e0b3eb09a4747483,6162019eaa7af242,ff36915c5cd99d96,193a39a4d98dec62
90639834,0,719,675fbe9f824700b5,e0b3eb09a4747483,6162019eaa7af242,ff36915c5cd99d96,f7a2bae24a116c7b
90639834,1,719,7a6bb9ae466e77df,5bcaf0a47373696d,3fb48c70f4830d7a,6c537b7fafe52fe7,3f7c0741f073b44c
90643757,0,719,675fbe9f824700b5,e0b3eb09a4747483,6162019eaa7af242,ff36915c5cd99d96,7db8eb918f55de04
90643757,1,719,8b86ee7555f6f681,c3f2e3b5fcb26a07,7aaff93747d8b7c8,bf04e3f3633fc2ec,32f500800cd6e7be
90644656,0,719,675fbe9f824700b5,e0b3eb09a4747483,6162019eaa7af242,ff36915c5cd99d96,f7a2bae24a116c7b
90644656,1,719,6f684e6608bcfd5c,6acc913799472478,d3b6cdcf160690eb,b167268b3060ab18,6ee27bbdc6710f1f
90650891,0,719,675fbe9f824700b5,e0b3eb09a4747483,6162019eaa7af242,ff36915c5cd99d96,f7a2bae24a116c7b
90650891,1,719,2c9dc7374b6ee36f,44c973c075570f2a,45fe2ad8a0d9ae09,0260f07e7b11e40d,4d59de82eee36792
90655827,0,719,ba132f7aaa63ef3e,4a432bc61cb13eb8,4f5fb15775d7a0f1,882b05ce3ad7ea51,99e694c00220f118
90655827,1,719,5a5d6622eb827e24,c09dc6acb4a16f7a,31b5f34ec43c1ad0,d0b5ac7dca9c6d45,84aaeda8dbcbc895
90664516,0,719,0c336ce82be711e4,046c03abf194dba2,ff317e722d93801f,c2397042ef12cfa9,5aa17613005e74fb
90664516,1,719,d481bce64b4d11ae,981fd4c34e47b2fe,da3671bb6868d8a0,dea011b18cdbbc05,82c9bab338c30086
90665304,0,719,a7e05820a7e165eb,84488108e3debf3a,35d2add5d6e3c2d1,d4d4f57f5186a92e,9f754e00fe0667fd
90665304,1,719,321a8b289975167a,21240a2bc8ebc963,37b6703c72ada9c6,b176e574cd59a1fb,3215cdffde06c331
90668432,0,719,cd18f1a2687d44e8,ad40ebe417f2e64d,dd06c229bf0f6e2d,2e5b271dce405ae3,984a56be8cf00e77
90668432,1,719,d481bce64b4d11ae,981fd4c34e47b2fe,da3671bb6868d8a0,dea011b18cdbbc05,82c9bab338c30086
90669361,0,719,5633511a3cca9483,9c54859c97fe938e,68cd82dc2665ed84,be06731616249581,9ac059fa4b7d28e2
90669361,1,719,16d7d1b312a870fd,d6dc182aa8bdaee6,c6e44c53b2ee108a,8f842e31e4437872,56b27a2ca0d79c94
90672319,0,719,5633511a3cca9483,9c54859c97fe938e,68cd82dc2665ed84,fc7fa00c21309174,a4ba3bb88ca8c19f
90672319,1,719,3e9ab1d8c1487589,dc5ada10af3ecb7f,a38b0cf4c4a6e6e7,500222e8284c3d54,518f3ff477cb2587
90673910,0,719,675fbe9f824700b5,e0b3eb09a4747483,6162019eaa7af242,ff36915c5cd99d96,f7a2bae24a116c7b
90673910,1,719,bae9c558f9e5dc91,726943d2e2dbec35,dc743c07d9753864,8bc0134e6ff35042,f1f84ed29d9f4e51
90677094,0,719,675fbe9f824700b5,e0b3eb09a4747483,6162019eaa7af242,ff36915c5cd99d96,2995cd43046ec259
90677094,1,719,e2a221b56ef437a3,497301675930491f,b8b3e53f052f6864,a6c18077bb76ee8c,3b88754735f39cef
90682826,0,719,675fbe9f824700b5,e0b3eb09a4747483,6162019eaa7af242,ff36915c5cd99d96,f7a2bae24a116c7b
90682826,1,719,5c0e191a1791ddee,cfc4e96351fe2753,765ca0d4a8d249e6,2fc9cec5b93cbf24,2d815d6fe01741e3
90692326,0,719,b009cc901f0c3008,462570a8f12e1d37,c12a2ee77d4a1c5c,75e827f6de0978d6,45c1e2b4cf112e57
90692326,1,719,5633511a3cca9483,9c54859c97fe938e,68cd82dc2665ed84,73c160e0a026c33e,9a6d78d00796534c
90696391,0,719,321a8b289975167a,21240a2bc8ebc963,37b6703c72ada9c6,b176e574cd59a1fb,3215cdffde06c331
90696391,1,719,56326ce59b29b227,120133281e230bf7,4a51b51ec89a000a,120ff1b1dde04d8a,6eeef3d4091c73c2
90698788,0,719,321a8b289975167a,21240a2bc8ebc963,37b6703c72ada9c6,b176e574cd59a1fb,3215cdffde06c331
90698788,1,719,f1efa1e8df0807e7,667a51db503273f4,fc768f15cd5c535e,14e4f0da30daec50,43053f500b09c3d7
90705908,0,719,6b0f8cf0c383f813,abc6a486fde2d275,6f2b880ce11b613e,8851e0432fa4f05b,16931c1f5374d015
90705908,1,719,d481bce64b4d11ae,981fd4c34e47b2fe,da3671bb6868d8a0,dea011b18cdbbc05,82c9bab338c30086
90712197,0,719,d106b6e3bd1458b0,717be606a86addbb,546a548b1c2ae8a4,142bf44e522d552d,4db9ee53327faee3
90712197,1,719,5633511a3cca9483,9c54859c97fe938e,68cd82dc2665ed84,465637a7ff2bc3bf,d6edb43552d299a1
90714764,0,719,51c08b21dac05c17,dc3731bea3be4b7d,f26b3d84febed1d0,1fc2e6bd2e0d317d,05372a4e8ff32938
90714764,1,719,5633511a3cca9483,9c54859c97fe938e,68cd82dc2665ed84,9115ac1ec6587e87,f65be643bbc26306
90718004,0,719,5633511a3cca9483,9c54859c97fe938e,68cd82dc2665ed84,cafb1a8de6f8bf5a,376a7f9079097d87
90718004,1,719,51c08b21dac05c17,dc3731bea3be4b7d,f26b3d84febed1d0,05f9873b5ea88931,9b3a92748f868db3
90718648,0,719,72ce714fd8aff5ae,dce77657e54cc000,da99a876bb97fe3f,fed11a260eae41a1,c0965fc5c7007f60
90718648,1,719,675fbe9f824700b5,e0b3eb09a4747483,6162019eaa7af242,ff36915c5cd99d96,f7a2bae24a116c7b
90725055,0,719,5dd8749ab5cc7c51,9d0a3c724249b675,37edaa03c2546c33,e5d0ced894758e58,aa8257c2bcb77229
90725055,1,719,675fbe9f824700b5,e0b3eb09a4747483,6162019eaa7af242,ff36915c5cd99d96,f7a2bae24a116c7b
90728271,0,719,c408234b6abd14cd,58345a3b55989ffe,20c087a360463652,c5a39cfdff819c18,359edc9c036d4afd
90728271,1,719,675fbe9f824700b5,e0b3eb09a4747483,6162019eaa7af242,3220bd5f1fd0ecd4,1582246e445d4cfa
90732322,0,719,5633511a3cca9483,9c54859c97fe938e,68cd82dc2665ed84,d1fa53fe451c137e,33cd315ea656f55b
90732322,1,719,f2f7c7003c368838,2fbd3284537f7f7c,cc6d50ed5480af5e,6d9447857e7633b0,a280f74743794f3f
90734799,0,719,56326ce59b29b227,120133281e230bf7,4a51b51ec89a000a,120ff1b1dde04d8a,6eeef3d4091c73c2
90734799,1,719,5274d981f5d3bd34,608ac4a2134e240a,c19fe887e3b25ed8,faeb1d26f5ec4d09,d3480bb5c31651b0
90736398,0,719,5a5d6622eb827e24,c09dc6acb4a16f7a,31b5f34ec43c1ad0,d0b5ac7dca9c6d45,84aaeda8dbcbc895
90736398,1,719,214ee3768934372a,8812042e4d54b374,62ef1b46c169bd7c,e0d0e6135d6c9b9c,1dbd645fa2ee0739
90739583,0,719,675fbe9f824700b5,e0b3eb09a4747483,6162019eaa7af242,ff36915c5cd99d96,f7a2bae24a116c7b
90739583,1,719,18335b497135bfb6,67a1978cd4f3d7cc,f10d5383ac50265e,9bcb369acef0ce5f,7d378b4488601140
90740401,0,719,5633511a3cca9483,9c54859c97fe938e,68cd82dc2665ed84,d449e5b345f1f5cb,b5c0f73b0a29e3cd
90740401,1,719,e40ed64d7b416afb,abaf5e272949199b,fd46470480b13e03,39c92cd26163d470,11337eb9fba61a10
90744576,0,719,8c26094c517bd2eb,aec09393615b25e1,10fac75eae0b26d2,b90cd5e30013ebd7,af976b258767ac50
90744576,1,719,321a8b289975167a,21240a2bc8ebc963,37b6703c72ada9c6,b176e574cd59a1fb,3215cdffde06c331
90745207,0,719,f194f4a56ecc99ac,dfb5a9092e191d0c,8e8a7e00146e7bb8,cafec98ca08a3102,5acbbb720db6050a
90745207,1,719,5633511a3cca9483,9c54859c97fe938e,68cd82dc2665ed84,39a3b38dddd4ef77,70f2bd30c349b9f0
90747717,0,719,b006be7ffeae64fb,bcddaa0cf3cc3e14,7854865841ac79b3,18b3a382a4ed56a1,5c59c2e75147dd75
90747717,1,719,675fbe9f824700b5,e0b3eb09a4747483,6162019eaa7af242,ff36915c5cd99d96,f7a2bae24a116c7b
90755734,0,719,675fbe9f824700b5,e0b3eb09a4747483,6162019eaa7af242,ff36915c5cd99d96,f7a2bae24a116c7b
90755734,1,719,503a79e06a43f36e,3a220d70e8d0482a,c567824a574f11a1,c0b33aca2e6a35fb,9a06d0efa4f26ca5
90761315,0,719,675fbe9f824700b5,e0b3eb09a4747483,6162019eaa7af242,ff36915c5cd99d96,f7a2bae24a116c7b
90761315,1,719,b3384571d2f46ff1,fbd69ebf7b958eff,62dcd52e94c51227,523bf63eae6d4065,a2d8a6738d1ad0fb
90761494,0,719,675fbe9f824700b5,e0b3eb09a4747483,6162019eaa7af242,ff36915c5cd99d96,8dcef4020fb968bf
90761494,1,719,5b7d83548a5a4ead,bf591a621b7c3394,68b57def5040e421,ed8123d620448d4f,46c34d7b064d9fd6
90763776,0,719,338a8a4c8f317d4a,9799641f818c90f0,9aa9dbe23c75fab3,5ba405ebd548b424,7603b467e98d01e2
90763776,1,719,675fbe9f824700b5,e0b3eb09a4747483,6162019eaa7af242,ff36915c5cd99d96,f7a2bae24a116c7b
90763821,0,719,5a5d6622eb827e24,c09dc6acb4a16f7a,31b5f34ec43c1ad0,d0b5ac7dca9c6d45,84aaeda8dbcbc895
90763821,1,719,d2eefc4e453372f7,9c366cf354a7ba8a,81f537815790ff01,b479d7e3c9f62ac9,55ffb38cf7cdec59
90782039,0,719,a35ea6365b45c045,2232bbf7347fa4ed,284f89da5d8e3f49,7b85082348d044d4,10ac959f3fe875d2
90782039,1,719,5633511a3cca9483,9c54859c97fe938e,68cd82dc2665ed84,9a8fecbfa85793be,11701d637d414f13
90787881,0,719,19533cd1f4a03dbd,fec859248599fc59,2cdd725e496f9825,1e24afc629858d2e,97878a6e32947ab4
90787881,1,719,675fbe9f824700b5,e0b3eb09a4747483,6162019eaa7af242,ff36915c5cd99d96,f7a2bae24a116c7b
90792932,0,719,0d2f732267cbf50a,494b2330f3a6e602,0162bacb9dcc3d9d,f3c86344fbaf9ae9,be87b824a2963cb2
90792932,1,719,675fbe9f824700b5,e0b3eb09a4747483,6162019eaa7af242,ff36915c5cd99d96,dd57844f4b02eb22
90793737,0,719,646463deb6d547c3,cff79628b3d734bf,c180ef1ae55e578d,e51a76306c15dc41,6221b7321732b1a8
90793737,1,719,675fbe9f824700b5,e0b3eb09a4747483,6162019eaa7af242,652676a103437841,287a6fde721b388e
90798016,0,719,1d7962b1eb2398ae,7908a97b5aaa0f01,910ab5ca4fb71e1a,64003476bb0e68a4,736121593d3d8e8b
90798016,1,719,d481bce64b4d11ae,981fd4c34e47b2fe,da3671bb6868d8a0,dea011b18cdbbc05,82c9bab338c30086
90798072,0,719,bc091577dbbd2c6b,e16d1eb5194b543b,c95a6af9ebc63ba3,c77b5275806adbfa,8c3316d368ede762
90798072,1,719,675fbe9f824700b5,e0b3eb09a4747483,6162019eaa7af242,ff36915c5cd99d96,f7a2bae24a116c7b
90798982,0,719,321a8b289975167a,21240a2bc8ebc963,37b6703c72ada9c6,b176e574cd59a1fb,3215cdffde06c331
90798982,1,719,d94d961c159a4db6,38ba3a777adb399f,a54d94e0f40b88bb,334ce810b8e06286,aa4a4e4730200e21
90799823,0,719,27bfdadb44d160d4,3425eed96ec5d35a,eeb90071f1dc5aa7,edfb3b5acbdbf51e,a47ad5a028585805
90799823,1,719,5633511a3cca9483,9c54859c97fe938e,68cd82dc2665ed84,06d55718bd323f09,bee2eec87eb731d8
90804573,0,719,5633511a3cca9483,9c54859c97fe938e,68cd82dc2665ed84,4fe4597acdf8babd,e3a3cff35ad86b92
90804573,1,719,2c9dc7374b6ee36f,44c973c075570f2a,45fe2ad8a0d9ae09,08205f8d590cddee,f5769575963c1c85
90808885,0,719,016b263cdee28fab,e50746fc84f151c3,8ab19e8946bb3c84,12f423f2c56ab672,9e9525ca57f137bd
90808885,1,719,675fbe9f824700b5,e0b3eb09a4747483,6162019eaa7af242,ff36915c5cd99d96,f7a2bae24a116c7b
90813980,0,719,c7d099ed7cc7cb31,12e5729ca55aaa31,a8fcdee49a916c3c,1883bab1c1fff2f9,7c3e4ce391b7072a
90813980,1,719,5a5d6622eb827e24,c09dc6acb4a16f7a,31b5f34ec43c1ad0,d0b5ac7dca9c6d45,84aaeda8dbcbc895
90815378,0,719,5633511a3cca9483,9c54859c97fe938e,68cd82dc2665ed84,2aa212315d392022,c06f75032a21e6f2
90815378,1,719,9c4d6d5fffc41cff,e5c17a18cfb4fa81,92e3a5068aa7a250,66a3203dba6394e4,fd3d2ae4edb3d952
90815617,0,719,675fbe9f824700b5,e0b3eb09a4747483,6162019eaa7af242,ff36915c5cd99d96,993d4febcc6bdaeb
90815617,1,719,c3abb8e8dfb5a2db,5de0810954367c06,f9292aa216cd5d96,728ce06c95d6cbcd,091b86024e4b8ce4
90817983,0,719,675fbe9f824700b5,e0b3eb09a4747483,6162019eaa7af242,ff36915c5cd99d96,f7a2bae24a116c7b
90817983,1,719,79aca2ae44599133,17546b3f3ca86e02,1f077c9dd77b76eb,a899fc80d8c00601,e28ba1bd45828dd3
90826168,0,719,5633511a3cca9483,9c54859c97fe938e,68cd82dc2665ed84,3ad6ab6f508aa824,3ef05730b682a3d7
90826168,1,719,715dca7ae3e19ae4,0ed8fecae2c0871a,4e43f8bad616a3d9,5ce590ac125591b6,ccfeba0e95682f26
90828544,0,719,b319c4431099fb8e,02c2336f048f8123,dd99344b71b5f191,91409b446ed9fda7,75dfa92f4786c07a
90828544,1,719,675fbe9f824700b5,e0b3eb09a4747483,6162019eaa7af242,ff36915c5cd99d96,8b1a6bc85999bddc
90834395,0,719,5a5d6622eb827e24,c09dc6acb4a16f7a,31b5f34ec43c1ad0,d0b5ac7dca9c6d45,84aaeda8dbcbc895
90834395,1,719,a91e7227a8b54ca7,5e00ab632d3e5cd9,f4962ca5e8ca2509,92ddac080328df40,d0cdeecc4e7aa835
90838418,0,719,45064ca058fe9589,02a35ad9a4783836,b92fa4885e9cded4,181f6bae64e4d07e,3293d6babc9b63eb
90838418,1,719,5633511a3cca9483,9c54859c97fe938e,68cd82dc2665ed84,7c015980df5666fd,f962aa50de65b538
90841849,0,719,675fbe9f824700b5,e0b3eb09a4747483,6162019eaa7af242,ff36915c5cd99d96,f7a2bae24a116c7b
90841849,1,719,fa86569622211c2d,bfd459d112ee76ad,85fbf9231e6adc9e,9f2208eb9fe96804,d33d3b3ed1119da1
90841863,0,719,a70978c1137d1f0c,5f2728196cf38fbf,f35c9c1be8850b2c,db8c4f23e7229824,a564b811ae053dd1
90841863,1,719,56326ce59b29b227,120133281e230bf7,4a51b51ec89a000a,120ff1b1dde04d8a,6eeef3d4091c73c2
90842745,0,719,8c26094c517bd2eb,aec09393615b25e1,10fac75eae0b26d2,b90cd5e30013ebd7,0a81c4f8922f8c18
90842745,1,719,5a5d6622eb827e24,c09dc6acb4a16f7a,31b5f34ec43c1ad0,d0b5ac7dca9c6d45,84aaeda8dbcbc895
90849177,0,719,2c1d8379d022b6eb,b6092398b75bdf7b,37f58efc325bb97c,2ac3f04c2be274a8,49082a609e6fa9d0
90849177,1,719,675fbe9f824700b5,e0b3eb09a4747483,6162019eaa7af242,ff36915c5cd99d96,fe50aea69f36200b
90852618,0,719,8c26094c517bd2eb,aec09393615b25e1,10fac75eae0b26d2,b90cd5e30013ebd7,af976b258767ac50
90852618,1,719,675fbe9f824700b5,e0b3eb09a4747483,6162019eaa7af242,ff36915c5cd99d96,f7a2bae24a116c7b
90856050,0,719,a7a8e22c75206383,e223d07feff168ec,9a255b56d08ffb9c,afe36aa60b5c7850,4caeaaab4a425181
90856050,1,719,d481bce64b4d11ae,981fd4c34e47b2fe,da3671bb6868d8a0,dea011b18cdbbc05,82c9bab338c30086
90859497,0,719,7e372777e140be5f,a37dbdce6893ea9d,1ef54da9c09d2f35,29c38b21e9a3a2ca,777066e90f9857a3
90859497,1,719,d481bce64b4d11ae,981fd4c34e47b2fe,da3671bb6868d8a0,dea011b18cdbbc05,82c9bab338c30086
90861152,0,719,e69b965081a9f887,682c378635f0b4b7,0de3e9301a35d6b3,d5c762e59bbb2eb7,0ecf36cb5404cb44
90861152,1,719,675fbe9f824700b5,e0b3eb09a4747483,6162019eaa7af242,ff36915c5cd99d96,f7a2bae24a116c7b
90866341,0,719,7ad315d06e81a3aa,3f94827038d8077a,1cc1a8efce8a42eb,0efc02a706849138,39dd51010f3e6712
90866341,1,719,5a5d6622eb827e24,c09dc6acb4a16f7a,31b5f34ec43c1ad0,d0b5ac7dca9c6d45,84aaeda8dbcbc895
90868014,0,719,c805d405a9774b1a,56cb898699ad265f,635d8944ab4f27d1,5fc285a889969e22,a8dcbb3a2588cb41
90868014,1,719,675fbe9f824700b5,e0b3eb09a4747483,6162019eaa7af242,ff36915c5cd99d96,f7a2bae24a116c7b
90872909,0,719,5633511a3cca9483,9c54859c97fe938e,68cd82dc2665ed84,74d2b5561836782d,980944c79ce48b6d
90872909,1,719,193209a98ac69b13,8a4579f5b21cddc8,12c7cfdd067b4373,22dddfbdb55227de,0bce077d71a7e202
90873799,0,719,5a5d6622eb827e24,c09dc6acb4a16f7a,31b5f34ec43c1ad0,d0b5ac7dca9c6d45,84aaeda8dbcbc895
90873799,1,719,50c059ae98f38d1e,2f1005458b5879a3,00838d74c49f9377,5bf3734d1b2f182c,cc0318c89e740072
90874781,0,719,56326ce59b29b227,a5b4f6f78e562c71,fb8523b575990b10,a658032a5f22b0dd,8759b16cceab061a
90874781,1,719,d481bce64b4d11ae,981fd4c34e47b2fe,da3671bb6868d8a0,dea011b18cdbbc05,82c9bab338c30086
90881551,0,719,f782bc46e80e39d1,276733d3ed09258a,03fdc69458a8ab96,e7908ed72489c952,3119c5531dcb94c4
90881551,1,719,5a5d6622eb827e24,c09dc6acb4a16f7a,31b5f34ec43c1ad0,d0b5ac7dca9c6d45,84aaeda8dbcbc895
90889045,0,719,4e7728d971d6745f,518e50cc6a73d471,425f3aec1eccabf0,2f4db0a1fc520599,79706bb42f9a5a99
90889045,1,719,675fbe9f824700b5,e0b3eb09a4747483,6162019eaa7af242,ff36915c5cd99d96,f7a2bae24a116c7b
90897314,0,719,675fbe9f824700b5,e0b3eb09a4747483,6162019eaa7af242,ff36915c5cd99d96,f7a2bae24a116c7b
90897314,1,719,638ce40e41fe809f,99ac8d1b05328cde,c4e6aabe47a95157,fa1a17cdc7100983,5b94ab218cff238f
90913256,0,719,675fbe9f824700b5,e0b3eb09a4747483,6162019eaa7af242,ff36915c5cd99d96,f7a2bae24a116c7b
90913256,1,719,2c1d8379d022b6eb,b6092398b75bdf7b,37f58efc325bb97c,68d08a98ee51a939,237aa67c4743c35f
90913366,0,719,b57c5f484f4ee227,6a35909b1c2e81ad,7b5c1a881e5feff2,1a88052977e76d90,55136812cf273196
90913366,1,719,675fbe9f824700b5,e0b3eb09a4747483,6162019eaa7af242,ff36915c5cd99d96,f7a2bae24a116c7b
90919381,0,719,594fce155162ef0e,e6c6311bc269bb82,ebdd1c415b66b520,d62831e3f3c1c64f,04adf1e6fa992dc6
90919381,1,719,321a8b289975167a,21240a2bc8ebc963,37b6703c72ada9c6,b176e574cd59a1fb,3215cdffde06c331
90920892,0,719,d481bce64b4d11ae,981fd4c34e47b2fe,da3671bb6868d8a0,dea011b18cdbbc05,82c9bab338c30086
90920892,1,719,8a7012351c704552,6c9f2082279da7d2,21b1d3478eeed6a6,ca1f5746efe9a791,a7c66dced18a8cf4
90921683,0,719,675fbe9f824700b5,e0b3eb09a4747483,6162019eaa7af242,ff36915c5cd99d96,f7a2bae24a116c7b
90921683,1,719,c89db3d87c843293,feb9ab8cf86d53eb,997831cbc08fcde8,2d5d058640b403e1,9210c23d1921fd83
90921758,0,719,ba8d52ec193dab09,f0a299cc0dc37993,a74be1141f34244d,947eb63f7d75932a,d184ca32abe30f23
90921758,1,719,d481bce64b4d11ae,981fd4c34e47b2fe,da3671bb6868d8a0,c5b2ae11ec975b4f,4d93e3d95b927245
90938593,0,719,d481bce64b4d11ae,981fd4c34e47b2fe,da3671bb6868d8a0,dea011b18cdbbc05,82c9bab338c30086
90938593,1,719,61a345fb9be0cbdc,f60962edd07a1590,0400fb5d7ea14d3c,34dddae4f30cc95a,fbb5233f21c35a38
90942639,0,719,5633511a3cca9483,9c54859c97fe938e,68cd82dc2665ed84,7ed4bbf2fd237a56,53efae7d55c6d6c8
90942639,1,719,ce1831db2c94d5d8,519ea2e61d547a8e,19ef6e683f6a0b37,0056634ba7027a49,2204d1bea90dac54
90942803,0,719,a9b03e07959fb07a,d67b80edb0b01644,004f4584e1c6b5c1,62d50d2763b80d70,0f5adaf6037660db
90942803,1,719,5633511a3cca9483,9c54859c97fe938e,68cd82dc2665ed84,adb4732a2c4f26a0,23cdca673d792545
90945299,0,719,3c1804a7b247109b,8806a81be0dc6fdc,b0efcc5e8f3dba8e,e781b6b8c6fff689,67353c0cc591dd71
90945299,1,719,675fbe9f824700b5,e0b3eb09a4747483,6162019eaa7af242,ff36915c5cd99d96,f7a2bae24a116c7b
90949285,0,719,1ece8ca25095526c,1be32bb818f375b7,00ab8bf5df6eb7c2,c99dca38cff2e675,7a371809af1653e2
90949285,1,719,d481bce64b4d11ae,981fd4c34e47b2fe,da3671bb6868d8a0,dea011b18cdbbc05,82c9bab338c30086
90951891,0,719,79fa7e3c778b6e23,0f20e5ed4929dc30,76a8135401d219fd,e4afe3e56b6f7a4e,1523ee83d760c5fd
90951891,1,719,56326ce59b29b227,120133281e230bf7,4a51b51ec89a000a,120ff1b1dde04d8a,6eeef3d4091c73c2
90953484,0,719,a1c8bffe8446cf0e,4aaf6b9961fc6b36,109800656b03f3b9,d133a643ed02537d,ca6f7cc71e370efb
90953484,1,719,675fbe9f824700b5,e0b3eb09a4747483,6162019eaa7af242,ff36915c5cd99d96,f7a2bae24a116c7b
90954994,0,719,36bbde661f6ba585,a6fc08bd9bac09b0,0234d95523051314,2d3753d1dd803ba5,b882d73e96498572
90954994,1,719,675fbe9f824700b5,e0b3eb09a4747483,6162019eaa7af242,ff36915c5cd99d96,f7a2bae24a116c7b
90955016,0,719,675fbe9f824700b5,e0b3eb09a4747483,6162019eaa7af242,ff36915c5cd99d96,f7a2bae24a116c7b
90955016,1,719,0c1e3e4c894370b8,0ec60e9e44fb0726,649fda320180138c,789a884344687d96,ee792d503c36693e
90957701,0,719,7ab5794d6fd76212,3d026d48c70625c1,a34cd0548baed208,2493837d728e8ff8,5b234777af6caa29
90957701,1,719,5633511a3cca9483,9c54859c97fe938e,68cd82dc2665ed84,31410958d4ed5849,f4c81e25518cb72f
90964205,0,719,d481bce64b4d11ae,981fd4c34e47b2fe,da3671bb6868d8a0,dea011b18cdbbc05,3f5601b5e36a92ba
90964205,1,719,a28f4be6f9899607,86236c78da5738c4,8bb2405b60a045f1,303b1035534b67c9,ea79bf6107e3fc28
90973304,0,719,675fbe9f824700b5,e0b3eb09a4747483,6162019eaa7af242,ff36915c5cd99d96,f0348bd573b79a8e
90973304,1,719,1fdc4ee2050da187,54058d5bedf6de41,be90d5caa8badab4,68f0e98f81b1bcf0,686cccca7ed1752e
90978351,0,719,56326ce59b29b227,120133281e230bf7,4a51b51ec89a000a,120ff1b1dde04d8a,6eeef3d4091c73c2
90978351,1,719,8b8f5c2978b91e3a,0f904ff9ececb3fa,26c31ec997736df1,48e340385387edfb,d9c6e3349971594f
90984994,0,719,5633511a3cca9483,9c54859c97fe938e,68cd82dc2665ed84,aaa8000204cb268a,8eaff87abe814338
90984994,1,719,297bbfa88e6c6539,3863d250f35f545f,50e7dc9fc4203960,5a7381a4bc867594,a7991d708be58a5f
90990187,0,719,a5bee3b7f58fb005,0d3ff0e6ac6d4e42,b6853610485e3e77,85c9864c778d1c1f,a7ea2a3f6f97abf9
90990187,1,719,675fbe9f824700b5,e0b3eb09a4747483,6162019eaa7af242,ff36915c5cd99d96,f7a2bae24a116c7b
90992667,0,719,5633511a3cca9483,9c54859c97fe938e,68cd82dc2665ed84,97edc92b6c16d11e,fccd15ec99349d7f
90992667,1,719,a9a5625deb10bcc6,3da94b8335c08c39,5c8d0adaaa6341b7,d7b81ec7d48efc70,b28671a18c42773b
91003571,0,719,d481bce64b4d11ae,981fd4c34e47b2fe,da3671bb6868d8a0,dea011b18cdbbc05,82c9bab338c30086
91003571,1,719,e29b03ea518a782a,83e8def537a94c62,8aad62b8ea93b14a,c873c4eb5c5217be,f0479b30e042cdf4
91019255,0,719,870528133a71c7bd,341bcbe6d738d00b,e723d0a9f5f51fac,4b08e10c55558a26,46c883a316f43fe8
91019255,1,719,675fbe9f824700b5,e0b3eb09a4747483,6162019eaa7af242,ff36915c5cd99d96,f7a2bae24a116c7b
91036240,0,719,38cd3e0d91d8ea7e,968d2530ad80a410,5ffd286157fe7c53,f22ef1a3b701994e,e8c6cbb3d6b53b80
91036240,1,719,675fbe9f824700b5,e0b3eb09a4747483,6162019eaa7af242,652676a103437841,287a6fde721b388e
91040222,0,719,9b4fc435d2f71a55,b4642f20fb1815fc,464625bf220d10bf,60e8bab2a598819f,903c3ce4ef43e2ca
91040222,1,719,675fbe9f824700b5,e0b3eb09a4747483,6162019eaa7af242,ff36915c5cd99d96,fe50aea69f36200b
91042966,0,719,effa74a44c13929a,08526a6f349fa7c9,9cf486698236b27b,9644e2a441b9e942,dd78fd6f341e910a
91042966,1,719,675fbe9f824700b5,e0b3eb09a4747483,6162019eaa7af242,ff36915c5cd99d96,f7a2bae24a116c7b
91043722,0,719,675fbe9f824700b5,e0b3eb09a4747483,6162019eaa7af242,ff36915c5cd99d96,f7a2bae24a116c7b
91043722,1,719,5b991fd0b73c2b11,5069c623de4bc1e8,6811f675f0f64464,24c1b8c52ffe1423,6016c3694ad872f8
91045287,0,719,675fbe9f824700b5,e0b3eb09a4747483,6162019eaa7af242,ff36915c5cd99d96,f7a2bae24a116c7b
91045287,1,719,8b6923278642a39e,1395d20c37f6b0e7,ca28171e34ca40df,fa5ce621ff3a4532,ec3495a5482834fe
91054806,0,719,7f7deff9a3ddc520,8e29c4295cd97768,c10d6cbaa3da15a1,f1d2e03c680bc3dc,d23317d9ceea3532
91054806,1,719,321a8b289975167a,21240a2bc8ebc963,37b6703c72ada9c6,b176e574cd59a1fb,3215cdffde06c331
91056489,0,719,a5b2845588349e1a,de4f3c70aba5f837,29e1c2348ffb9d38,33f1778a7b992a4a,d5cdfcb09eb40c65
91056489,1,719,675fbe9f824700b5,e0b3eb09a4747483,6162019eaa7af242,ff36915c5cd99d96,f7a2bae24a116c7b
91060548,0,719,675fbe9f824700b5,e0b3eb09a4747483,6162019eaa7af242,ff36915c5cd99d96,f7a2bae24a116c7b
91060548,1,719,e1ef34340746363b,a50927ec31858ef2,c4d45744444df4b8,80ef4861feef9f69,80682d8c9ee7f5a1
91060619,0,719,675fbe9f824700b5,e0b3eb09a4747483,6162019eaa7af242,ff36915c5cd99d96,f7a2bae24a116c7b
91060619,1,719,604eebbef86b7dac,d8a4953be0c8097f,ace8a22366b83ca1,822d6cd46f744601,47c5fbb08e7305ad
91064869,0,719,67f8b60fe53f5feb,f294068852a02234,02d5d875a10a2b25,4125fc318c16822c,8e73726bcb4092f9
91064869,1,719,675fbe9f824700b5,e0b3eb09a4747483,6162019eaa7af242,ff36915c5cd99d96,f7a2bae24a116c7b
91067692,0,719,d01d85cd705f281a,79d3987a152e0016,3691c3a42304592f,37ccb23c1d8e60f1,e48d469128a81aa9
91067692,1,719,5633511a3cca9483,9c54859c97fe938e,68cd82dc2665ed84,cc46393be8c811e4,f284f4e8cb470b80
91077178,0,719,675fbe9f824700b5,e0b3eb09a4747483,6162019eaa7af242,ff36915c5cd99d96,f7a2bae24a116c7b
91077178,1,719,4d2829ee81bd1592,1c6742f0ccfe71fd,e6f4c32b4e268d5e,0e8cb669dea41fe7,5361662a8e36978c
91079057,0,719,7ce90078232af56a,085c582d618a5a62,1d42b74ea9e8a92a,526a0b500ee68ca8,a5a18e7d569931d5
91079057,1,719,675fbe9f824700b5,e0b3eb09a4747483,6162019eaa7af242,ff36915c5cd99d96,f7a2bae24a116c7b
91092962,0,719,dd291ea1d78b8220,631cad1a007e55f3,e22381e6ae448578,453118d8a805e929,b21ef5f034604f51
91092962,1,719,5633511a3cca9483,9c54859c97fe938e,68cd82dc2665ed84,cdc1ab6cfe052c14,25a244f3e9435237
91093797,0,719,675fbe9f824700b5,e0b3eb09a4747483,6162019eaa7af242,ff36915c5cd99d96,f7a2bae24a116c7b
91093797,1,719,b4b1794c269ed795,997104d40400d32a,bbe32ceca8c23e1a,983df1f7908ab2cb,843c12572e3d2d6c
91093857,0,719,56326ce59b29b227,120133281e230bf7,4a51b51ec89a000a,120ff1b1dde04d8a,6eeef3d4091c73c2
91093857,1,719,e91cfb34cc04b8bf,1bc474fd5c0b4ac5,b367a4ae31c98405,121712f645ead4da,568a494da1224172
91105859,0,719,ac87cd753d33b396,3828069bfdf75e19,069bdb645f73482c,c0ea4d3080110594,9d5fa802b67c0ee3
91105859,1,719,675fbe9f824700b5,e0b3eb09a4747483,6162019eaa7af242,ff36915c5cd99d96,f7a2bae24a116c7b
91109385,0,719,7864fd16895c8ccb,2eadeb6f5b2b444a,187bc6c7736c9ca9,42ad9e261bf61af3,e38ba6b6e98b0818
91109385,1,719,675fbe9f824700b5,e0b3eb09a4747483,6162019eaa7af242,ff36915c5cd99d96,f7a2bae24a116c7b
91109569,0,719,d481bce64b4d11ae,981fd4c34e47b2fe,da3671bb6868d8a0,808edea0bc0ed7df,42c720091e04008a
91109569,1,719,0f4a5a71a007b5f7,717e313abc6633ca,cbf6058182098ba9,949963099d1ff92a,2bae091318a10a5d
91114829,0,719,010419279f407f09,214c71dfd4d77cde,0c884555712adec3,76fc31ce901f3f08,172ca6463f45f9d2
91114829,1,719,d481bce64b4d11ae,981fd4c34e47b2fe,da3671bb6868d8a0,c5b2ae11ec975b4f,45fafd0ed8ba36c7
91118098,0,719,d481bce64b4d11ae,981fd4c34e47b2fe,da3671bb6868d8a0,dea011b18cdbbc05,82c9bab338c30086
91118098,1,719,9ac5ba27d8436fe8,6d6091c9b66d47f6,14752322e8748730,85ff61fd0d4b4bb2,574d22dd2d70e309
91119822,0,719,675fbe9f824700b5,e0b3eb09a4747483,6162019eaa7af242,ff36915c5cd99d96,f7a2bae24a116c7b
91119822,1,719,ffaa1e3c1bea845e,3aa3c5893fbc3d9c,7fd07d9a6f6d0fbc,ff0572b128cc4f50,a1f92b1ac1b0d812
91130359,0,719,675fbe9f824700b5,e0b3eb09a4747483,6162019eaa7af242,ff36915c5cd99d96,f7a2bae24a116c7b
91130359,1,719,706a903ff953810d,5c70c91ee0f32474,bfa37cf155557abd,8cdb28e5ed8ceef3,1885265c549292d0
91137401,0,719,706a903ff953810d,5c70c91ee0f32474,bfa37cf155557abd,d09beeafc6d43035,7d3ff4282b28db4d
91137401,1,719,675fbe9f824700b5,e0b3eb09a4747483,6162019eaa7af242,ff36915c5cd99d96,f7a2bae24a116c7b
91140863,0,719,5633511a3cca9483,9c54859c97fe938e,68cd82dc2665ed84,31d1b6ec075e4ebd,2e742940acda63e2
91140863,1,719,fb44de78799765aa,8adf5ac9c535895a,3ec2a3649c8c1a68,8ba2f5e91d5de4cf,efd429811e139d78
91145070,0,719,02113d73e26ac0c1,9e912a35800f0c45,414e3b93191afbc8,06647c2dcf856bea,e14819c35349232a
91145070,1,719,675fbe9f824700b5,e0b3eb09a4747483,6162019eaa7af242,ff36915c5cd99d96,f7a2bae24a116c7b
91157518,0,719,675fbe9f824700b5,e0b3eb09a4747483,6162019eaa7af242,ff36915c5cd99d96,f7a2bae24a116c7b
91157518,1,719,bd92d33f45f56356,cf26efa28481ac1b,c4c8b138c3c1c33b,1e1aa14711802169,436fac27b6eb1fb4
91160116,0,719,675fbe9f824700b5,e0b3eb09a4747483,6162019eaa7af242,ff36915c5cd99d96,4f07c10efbb23403
91160116,1,719,2c9dc7374b6ee36f,81ace36fde588f11,d91aaf6a45350c45,bc2dbcfc85ff72fe,620a94fc7551e471
91165552,0,719,675fbe9f824700b5,e0b3eb09a4747483,6162019eaa7af242,ff36915c5cd99d96,f7a2bae24a116c7b
91165552,1,719,bdd52ab5ac67415a,658632ad5bdee30e,66437896ac8aa4fe,9fd6a58dd6293f73,d8ae3c5c89268a8c
91168239,0,719,07a5f1b1e44a18b2,1fe312441698d232,8d5efd3dee64b7dd,6db30fbac7e3ef31,bd302b54758e6014
91168239,1,719,675fbe9f824700b5,e0b3eb09a4747483,6162019eaa7af242,3220bd5f1fd0ecd4,0d6a2f99e0db510a
91188487,0,719,321a8b289975167a,21240a2bc8ebc963,37b6703c72ada9c6,b176e574cd59a1fb,3215cdffde06c331
91188487,1,719,0c2c147bc41c7b2e,0712d21e39354cf9,176daaf1a84ff285,92e9cbf014d2bd75,9f1781ddc44ede2b
91202531,0,719,56326ce59b29b227,120133281e230bf7,4a51b51ec89a000a,120ff1b1dde04d8a,6eeef3d4091c73c2
91202531,1,719,010419279f407f09,4388f3a23e942d28,60ea01cdddd5ac15,4d42a5948173a306,5cd2fcd141cc152c
91205139,0,719,d481bce64b4d11ae,981fd4c34e47b2fe,da3671bb6868d8a0,dea011b18cdbbc05,82c9bab338c30086
91205139,1,719,8c26094c517bd2eb,aec09393615b25e1,10fac75eae0b26d2,b90cd5e30013ebd7,af976b258767ac50
91205199,0,719,21ece10c75b37cc8,7aca73ac0fec061a,f887c5c1ec0cedeb,962ad091b00ce25d,c170441576f305f3
91205199,1,719,675fbe9f824700b5,e0b3eb09a4747483,6162019eaa7af242,ff36915c5cd99d96,dcd25d0ce8e5f5b5
91205826,0,719,2c1d8379d022b6eb,b6092398b75bdf7b,37f58efc325bb97c,0a45b69a0551c42e,d2008c91b34be747
91205826,1,719,675fbe9f824700b5,e0b3eb09a4747483,6162019eaa7af242,ff36915c5cd99d96,f7a2bae24a116c7b
91213018,0,719,5633511a3cca9483,9c54859c97fe938e,68cd82dc2665ed84,cbd0d157540f9449,412fe6e4c7878794
91213018,1,719,f89709ee596b34cc,7f4e0a75e5213a79,9ea0f0b753047b7b,ff52fc767a22e9a8,e450e3397cba27a1
91213120,0,719,45ad7e558eb00fb8,5185c4eae51b11ef,192c98d9a2b3fb2e,fb874d5b9b787f4c,cd35300ce5490ecd
91213120,1,719,675fbe9f824700b5,e0b3eb09a4747483,6162019eaa7af242,ff36915c5cd99d96,f7a2bae24a116c7b
91218227,0,719,7f92f8b05290866e,dcc26f81d0a995e2,eb08e96f8021bae5,1da7ea52dd6b22ff,846456e09bc5b1e7
91218227,1,719,675fbe9f824700b5,e0b3eb09a4747483,6162019eaa7af242,ff36915c5cd99d96,f7a2bae24a116c7b
91218247,0,719,a85d8f7f82e8c7eb,39d229d7fba27fed,13fedeb0a9a0ddd8,357c837e9153ad37,5d3fe56d9e1d21fb
91218247,1,719,675fbe9f824700b5,e0b3eb09a4747483,6162019eaa7af242,ff36915c5cd99d96,f7a2bae24a116c7b
91229737,0,719,9db5f99fcf73bbf3,71c6d5625c8cb1ec,50373466477a2301,f0d40c797b97ef0b,e50f0232eba50110
91229737,1,719,5633511a3cca9483,9c54859c97fe938e,68cd82dc2665ed84,37298ea3ff32eb30,3bf8a07fc94fa474
91229837,0,719,3ee77fa6b0c929c5,fae6d14696d5af33,c72eaa276ffc90a7,4eed31ca219c8aef,e1c88be5fe39d650
91229837,1,719,5633511a3cca9483,9c54859c97fe938e,68cd82dc2665ed84,56b2c5db1897dbf4,54cc32ad113f83d2
91231499,0,719,5633511a3cca9483,9c54859c97fe938e,68cd82dc2665ed84,8b786e1aeabbb244,e770e1d1b11e5567
91231499,1,719,f88c69c2e8d455a8,c8e8a2b224f4a141,4dd71aa2e58bd395,a850a5c364c0dcfb,6379da67b4f5ec36
91233483,0,719,675fbe9f824700b5,e0b3eb09a4747483,6162019eaa7af242,2d7d86d9731c583c,c9d01e7a4f263b45
91233483,1,719,a9ee3366d7c61236,aff0df202fd4aed8,a3084a7f02a81f76,075b605790675948,19193715dc9cbb78
91240336,0,719,ad8a3c022af808b3,9522c0a46716148c,6e3e57253cda9a47,a7a2d1789ad78328,223c0c9f32eea3fc
91240336,1,719,5633511a3cca9483,9c54859c97fe938e,68cd82dc2665ed84,838b882e53f52495,1c104f125cc48dec
91242276,0,719,8c61e11f826b3b26,289fd4bf3b87f4fd,8ae28cb84b062355,250419a487ff73aa,677b2db7ef0d06fb
91242276,1,719,675fbe9f824700b5,e0b3eb09a4747483,6162019eaa7af242,ff36915c5cd99d96,f7a2bae24a116c7b
91255422,0,719,675fbe9f824700b5,e0b3eb09a4747483,6162019eaa7af242,ff36915c5cd99d96,0794792a2f875124
91255422,1,719,dcbeea158be0c0e0,1d687192f1825a55,a8b752e38e37f597,a4135bbbee46950e,f565f7410f3f8312
91259204,0,719,bc685d475073aeea,c6f021b1e4e5103a,f5c4e06bd9dd13bc,2ede1abd7bdcb3bc,c53195aee1975252
91259204,1,719,321a8b289975167a,21240a2bc8ebc963,37b6703c72ada9c6,b176e574cd59a1fb,3215cdffde06c331
91283885,0,719,5633511a3cca9483,9c54859c97fe938e,68cd82dc2665ed84,a1cbeb5e9a34294e,83d2f5776337c1a3
91283885,1,719,56326ce59b29b227,120133281e230bf7,4a51b51ec89a000a,120ff1b1dde04d8a,6eeef3d4091c73c2
91287604,0,719,675fbe9f824700b5,e0b3eb09a4747483,6162019eaa7af242,ff36915c5cd99d96,f7a2bae24a116c7b
91287604,1,719,ebdbccecab2bcbb2,1b4bdb084bf17a2b,caa6e196e3af604c,f4bbd1827a3c3f48,621b1224424e3559
91292830,0,719,675fbe9f824700b5,e0b3eb09a4747483,6162019eaa7af242,ff36915c5cd99d96,f7a2bae24a116c7b
91292830,1,719,2c1d8379d022b6eb,b6092398b75bdf7b,37f58efc325bb97c,4b7844bd796c51e7,06906494f2d482aa
91293017,0,719,178ea854d9e1285b,6c4fd839487a1451,0bef71d9ed10e671,4b9ec5917a72a5a3,6d3af38fac838c19
91293017,1,719,675fbe9f824700b5,e0b3eb09a4747483,6162019eaa7af242,ff36915c5cd99d96,f7a2bae24a116c7b
91294863,0,719,39a38c378b3bc15e,fcb18ccef13bde1a,ddf80e5dbb82f09d,852f15e792f9b129,ee8efc580ef96270
91294863,1,719,5633511a3cca9483,9c54859c97fe938e,68cd82dc2665ed84,b580f5459b4d6d28,1fb1518ae12cf61d
91298464,0,719,178ea854d9e1285b,c2ded1713a63d768,95a038448d5b0933,b1fe7efcf63f0656,e8c428ebea419966
91298464,1,719,5633511a3cca9483,9c54859c97fe938e,68cd82dc2665ed84,87454b355a7a9576,2d27dfa503677b8a
91301818,0,719,675fbe9f824700b5,e0b3eb09a4747483,6162019eaa7af242,ff36915c5cd99d96,f7a2bae24a116c7b
91301818,1,719,dbd8df26e5a76e46,447a4c8a0bff4afc,17c58ef9ea1d1828,0316f326d34e8a02,b7b033a50b18c6a9
91303734,0,719,adda6c043537c3b0,1827fc55db1c4426,583c89ad5d150d04,c469b1b0f2e2cde2,395a15f21521e24e
91303734,1,719,675fbe9f824700b5,e0b3eb09a4747483,6162019eaa7af242,a00d9175b783aad3,682507c875618f79
91312557,0,719,d817f7140421fa45,13d4b790e8fa9b51,75639a8103d6c0a5,3c57465cdc243789,2451af3e90560ada
91312557,1,719,675fbe9f824700b5,e0b3eb09a4747483,6162019eaa7af242,ff36915c5cd99d96,f7a2bae24a116c7b
91315297,0,719,08bd2ae20d7bd56c,63195eb9263e7685,0eebcadb894dc07b,427bfbfa5aaa6746,acd8c3b1b9888a23
91315297,1,719,675fbe9f824700b5,e0b3eb09a4747483,6162019eaa7af242,ff36915c5cd99d96,f7a2bae24a116c7b
91319104,0,719,faba1bb2cfabc651,43e172c2954c1dd2,5a9224fbf97d7476,373bc194b991351c,5932ea0c15d67a12
91319104,1,719,d481bce64b4d11ae,981fd4c34e47b2fe,da3671bb6868d8a0,dea011b18cdbbc05,7dfa48f1d0d9a42d
91320726,0,719,675fbe9f824700b5,e0b3eb09a4747483,6162019eaa7af242,ff36915c5cd99d96,f7a2bae24a116c7b
91320726,1,719,5a1da4180ce10290,e91390589046704d,a579ed7c2460ba30,0d0ac85af23a49e0,9aa7a6c2c106da4d
91322676,0,719,3c30267cb0086aae,623f4aeb015c1aee,911d69a8ad4b5705,7d05cf1d65adc26b,14a2f5891d5989cb
91322676,1,719,675fbe9f824700b5,e0b3eb09a4747483,6162019eaa7af242,ff36915c5cd99d96,f7a2bae24a116c7b
91328830,0,719,401c7070717f4e3f,1ff099347115f15b,de087d2cdc2953cb,1e7a2fa36079d4b8,2f4505095a161fee
91328830,1,719,675fbe9f824700b5,e0b3eb09a4747483,6162019eaa7af242,ff36915c5cd99d96,f7a2bae24a116c7b
91332569,0,719,7c7e6d6688a57563,fe2ef525aea04286,094baa428e7fa4df,c1bcd13fb71a735f,9606fbb4a1cffff7
91332569,1,719,56326ce59b29b227,120133281e230bf7,4a51b51ec89a000a,120ff1b1dde04d8a,6eeef3d4091c73c2
91334330,0,719,321a8b289975167a,21240a2bc8ebc963,37b6703c72ada9c6,b176e574cd59a1fb,3215cdffde06c331
91334330,1,719,b06ddc6aa5aa8acd,359a0d2f9b2eac81,008b900e6d12eb02,3d1cd0c31026b643,ee5bb45047056403
91336783,0,719,5633511a3cca9483,9c54859c97fe938e,68cd82dc2665ed84,8953f15c7722b9fc,97dd58c5d4ec95fa
91336783,1,719,ea6b10b63deb4e2b,bd5fd757fc829cca,b5f43dfbb46e9059,aca57831d884ffd6,49ec12cf93c1c1f9
91337741,0,719,0536e25ee0b92edd,8f05098735fede96,bcc62c65e311d39d,35ea2ac3636a42c1,049047c591fd28ea
91337741,1,719,675fbe9f824700b5,e0b3eb09a4747483,6162019eaa7af242,ff36915c5cd99d96,f7a2bae24a116c7b
91361427,0,719,c67e37b9519c1fe0,47522556c093ad18,3b803e513c675483,ea8b493086b59c48,050b0ce55eca9e80
91361427,1,719,d481bce64b4d11ae,981fd4c34e47b2fe,da3671bb6868d8a0,dea011b18cdbbc05,82c9bab338c30086
91374052,0,719,465e64866ab7424d,1a7fc96a84d34081,53d9b7d77928a302,57a6a2925e1ca809,b8b3b86bd7501199
91374052,1,719,5633511a3cca9483,9c54859c97fe938e,68cd82dc2665ed84,65df3ad28bd08c07,05654d463d8854ef
91376046,0,719,8e611b2c272f913c,25f0d2c30f3aa1d9,c1f75fa847ac1d64,cf401aaffedb5c01,728c263b999d8ac4
91376046,1,719,321a8b289975167a,21240a2bc8ebc963,37b6703c72ada9c6,b176e574cd59a1fb,3215cdffde06c331
91378741,0,719,b006be7ffeae64fb,2a7e2c49f625ee46,f7dbed331da71cb8,bd4a31a4440a22f7,dde034318b343a37
91378741,1,719,675fbe9f824700b5,e0b3eb09a4747483,6162019eaa7af242,ff36915c5cd99d96,60d0a469d68d1f57
91410956,0,719,0632891882e2b52e,9d9fefa6e08d5df4,019c2ced8ce584a0,8e4a25acc6619817,047d44e35df68b1c
91410956,1,719,675fbe9f824700b5,e0b3eb09a4747483,6162019eaa7af242,ff36915c5cd99d96,f7a2bae24a116c7b
91430748,0,719,675fbe9f824700b5,e0b3eb09a4747483,6162019eaa7af242,ff36915c5cd99d96,87c6781d74041b59
91430748,1,719,c87639b1a09f5fb1,316ea519fdb777de,a2b696fb82e17a05,9421d8d213f8fc12,ca9d79a55937f0a7
91440691,0,719,7d5fdd1f5c08bfe0,a8aa58f5e60c70e6,acdab17fd6c7a5c4,698e98121f0766b2,c951e6d099a32020
91440691,1,719,5633511a3cca9483,9c54859c97fe938e,68cd82dc2665ed84,f8a23a86dfb7e3d3,90c3ba3933da0beb
91440971,0,719,e89f27c20b55a706,1c2848283bedd4a9,ecd6bd5605d66c94,225dbc10ab13f605,4be05a698b95c023
91440971,1,719,5633511a3cca9483,9c54859c97fe938e,68cd82dc2665ed84,df3c8e235db725cd,c9fcc9fc621a504d
91443457,0,719,b469d2b7b0a04cb2,ac2a506066c9b62d,dc60fc262fb0527b,96b757c57979d812,25b0ee0dc9f6d840
91443457,1,719,321a8b289975167a,21240a2bc8ebc963,37b6703c72ada9c6,b176e574cd59a1fb,3215cdffde06c331
91443711,0,719,a7a8e22c75206383,e223d07feff168ec,9a255b56d08ffb9c,0ce61055d0483dca,b4720bae20f8f4ad
91443711,1,719,321a8b289975167a,21240a2bc8ebc963,37b6703c72ada9c6,b176e574cd59a1fb,3215cdffde06c331
91458721,0,719,691a54bd50b3a1cd,7c1ef20f2f08360d,656ba3ba1785298c,30ebd4418ec8c8a7,eb0814bc02c5c7e4
91458721,1,719,5633511a3cca9483,9c54859c97fe938e,68cd82dc2665ed84,24114b1741d9c30a,d2fc7f2c92724e9c
91470670,0,719,8c26094c517bd2eb,aec09393615b25e1,10fac75eae0b26d2,b90cd5e30013ebd7,af976b258767ac50
91470670,1,719,d481bce64b4d11ae,981fd4c34e47b2fe,da3671bb6868d8a0,dea011b18cdbbc05,82c9bab338c30086
91484257,0,719,5633511a3cca9483,9c54859c97fe938e,68cd82dc2665ed84,68a0a35c5aa4189b,a3643bf09732dffd
91484257,1,719,29d0882f7ea35c02,4ebf08cee8d1d35b,e82f09c3a28a0304,5a80c47b996be645,92f454d8d9c70cd9
91489726,0,719,b5ac2c4f791a03d1,846d8f58e89ec5aa,93e281da391990ba,866124e9f7f7c216,d92a2508d1a90335
91489726,1,719,5633511a3cca9483,9c54859c97fe938e,68cd82dc2665ed84,36a6cf4658746107,dee509062ea45927
91490701,0,719,5633511a3cca9483,9c54859c97fe938e,68cd82dc2665ed84,2d583efa05b23cba,39a6478843e38ff9
91490701,1,719,cea632cceddcb027,3ac0d8133006af6f,898f34828f1ac83b,aebc00ae17028253,98662797df4eb15c
91492486,0,719,c3beae43812bceb5,689652c74468355b,9c070baf9fb6c7c3,208f63b116401e14,08464b52b4fc9156
91492486,1,719,675fbe9f824700b5,e0b3eb09a4747483,6162019eaa7af242,ff36915c5cd99d96,f7a2bae24a116c7b
91492490,0,719,6e6e58af31f8d864,03e759710e9d2485,c667f54c045da86b,2c8b9c49c104c5c1,427d4417ea8b2a74
91492490,1,719,5633511a3cca9483,9c54859c97fe938e,68cd82dc2665ed84,2b3cddae40498ae4,2b3bd1d8a7384ff6
91499059,0,719,5633511a3cca9483,9c54859c97fe938e,68cd82dc2665ed84,a1c14e2329678b16,0d70a7c283ef2fdf
91499059,1,719,ebfcc277d73a2e6c,f713eaf0c42f2eaa,c301d5b77b9f947b,b7e5fbda1b018a8c,38634ecf3e502cf3
91505448,0,719,5633511a3cca9483,9c54859c97fe938e,68cd82dc2665ed84,f372565d48f91b47,637b90e375527ded
91505448,1,719,04c4b45a0fe1367c,b65d2c5401ac1312,9e0c3f3b14610056,556a2d4e3afa7f0b,871fcc7d4b618da1
91507168,0,719,d481bce64b4d11ae,981fd4c34e47b2fe,da3671bb6868d8a0,dea011b18cdbbc05,82c9bab338c30086
91507168,1,719,0ad89f3f7abb22f0,a4185d3345dbc060,e2a4d418449fdc7f,f76e6ed6a7345637,2c192faa6c033124
91510118,0,719,675fbe9f824700b5,e0b3eb09a4747483,6162019eaa7af242,ff36915c5cd99d96,f7a2bae24a116c7b
91510118,1,719,9cd9e89bef13d9b3,f1a332ccf66ff0e8,070ea9b0953af1cc,2124506c504474df,2e5daaff6c098542
91512849,0,719,d481bce64b4d11ae,981fd4c34e47b2fe,da3671bb6868d8a0,dea011b18cdbbc05,82c9bab338c30086
91512849,1,719,8c26094c517bd2eb,aec09393615b25e1,10fac75eae0b26d2,b90cd5e30013ebd7,af976b258767ac50
91515360,0,719,675fbe9f824700b5,e0b3eb09a4747483,6162019eaa7af242,ff36915c5cd99d96,f7a2bae24a116c7b
91515360,1,719,496215570be623a3,911189d2377910e8,f3c6049783b39a30,28f1ca43a5a2aa55,a58e92c7479addd5
91535675,0,719,0cf8bf9e59acbf0a,f1b3805ebd5bbaf3,97474541bce17e37,ee498f8f64a6b1fd,c5fafc9e250fb01c
91535675,1,719,675fbe9f824700b5,e0b3eb09a4747483,6162019eaa7af242,ff36915c5cd99d96,f7a2bae24a116c7b
91538205,0,719,c68f883b2151a428,e6651fba348a3438,d9141cac5f153a47,b09cdb3a63745351,911d4d142126d8ce
91538205,1,719,5633511a3cca9483,9c54859c97fe938e,68cd82dc2665ed84,6fdde7e7ebf8b5cc,4432625d65fa0dd5
91546492,0,719,5633511a3cca9483,9c54859c97fe938e,68cd82dc2665ed84,49d87f608afa3d63,2397dd8985c784da
91546492,1,719,a2383675adfca9ad,bafd76c6420564d5,2cb5fdf65ccb4a9c,207ac16c031bdb5d,b027191576d4a87a
91546725,0,719,675fbe9f824700b5,e0b3eb09a4747483,6162019eaa7af242,ff36915c5cd99d96,f7a2bae24a116c7b
91546725,1,719,21e4555785d256a0,d972ea6ce05754d4,27fee28602b43836,e268e1f8f1f85bd7,9cf0d7150d01bb53
91546760,0,719,56326ce59b29b227,120133281e230bf7,4a51b51ec89a000a,120ff1b1dde04d8a,6eeef3d4091c73c2
91546760,1,719,321a8b289975167a,21240a2bc8ebc963,37b6703c72ada9c6,b176e574cd59a1fb,3215cdffde06c331
91549522,0,719,675fbe9f824700b5,e0b3eb09a4747483,6162019eaa7af242,ff36915c5cd99d96,93cb32273999c021
91549522,1,719,13d800b85304b805,d1029cc10b7ab8bf,4785cfd31387e7ef,43f8bc89180d9106,017ce47a36e45bd3
91554736,0,719,5633511a3cca9483,9c54859c97fe938e,68cd82dc2665ed84,732f1ce0c825acc5,efb2cb53e72cd8d1
91554736,1,719,2d894bf2c03db805,dd9f397cf15b8d14,9ae242d419d14cc9,daf21ac9e51eb739,7ff189a8c6a1bcea
91561350,0,719,56326ce59b29b227,120133281e230bf7,4a51b51ec89a000a,120ff1b1dde04d8a,6eeef3d4091c73c2
91561350,1,719,d481bce64b4d11ae,981fd4c34e47b2fe,da3671bb6868d8a0,dea011b18cdbbc05,82c9bab338c30086
91562197,0,719,675fbe9f824700b5,e0b3eb09a4747483,6162019eaa7af242,ff36915c5cd99d96,f7a2bae24a116c7b
91562197,1,719,c4d8c2e10a8bceb3,55c07b33a8efa6cb,f0103344796c5ba3,9222bb898b4a7814,07a5bea8200389dc
91565829,0,719,d481bce64b4d11ae,981fd4c34e47b2fe,da3671bb6868d8a0,dea011b18cdbbc05,82c9bab338c30086
91565829,1,719,417b937ad186790d,6ce310398a1b5098,c822d8240cfff4d1,8bc58f3a760c782f,9cc764e660a17ac5
91568710,0,719,112f7b194866e289,c5f86a21e37e4071,98d932d21c82d7c6,b90574526ac6a919,3a00c3cc9c247297
91568710,1,719,675fbe9f824700b5,e0b3eb09a4747483,6162019eaa7af242,ff36915c5cd99d96,0879de59032bf0e8
91572434,0,719,5633511a3cca9483,9c54859c97fe938e,68cd82dc2665ed84,7d2eb4481f20df3d,6ea8dab62f6b4131
91572434,1,719,7b25a1bacccddaae,c972ec9fbabbfde3,fd75c57e5156f31f,f58b1ab436611085,ea6f819a7283529a
91573143,0,719,e44730763209bd82,6d975abf27e487ea,78669f9650d0e0de,6c95391b50cf0cb1,5e236ca45c6ddb23
91573143,1,719,675fbe9f824700b5,e0b3eb09a4747483,6162019eaa7af242,ff36915c5cd99d96,8b1a6bc85999bddc
91576849,0,719,675fbe9f824700b5,e0b3eb09a4747483,6162019eaa7af242,ff36915c5cd99d96,f7a2bae24a116c7b
91576849,1,719,74561603687e80ab,6b11845f13bddbe7,57b0b7a28c3e78fc,e6d6555e4beb43e7,4089f868c3958c46
91581491,0,719,675fbe9f824700b5,e0b3eb09a4747483,6162019eaa7af242,ff36915c5cd99d96,79a8a5ad82e6ffce
91581491,1,719,5c6aca53a8d324af,4c72b8caa84da981,c29b6cd8998c56d1,76d1c36d118be89e,acf1456b7f40cdad
91586162,0,719,675fbe9f824700b5,e0b3eb09a4747483,6162019eaa7af242,ff36915c5cd99d96,d2fd2e9bda7ffd08
91586162,1,719,d61e811baa97fd07,385a4a8d39a8ca8c,333032ac1e0d8708,22de3e458b0084bd,fa74bf28448fd99a
91606402,0,719,675fbe9f824700b5,e0b3eb09a4747483,6162019eaa7af242,ff36915c5cd99d96,5e228ea2641d5e16
91606402,1,719,83e257451315a3ec,d48eb25b261d1d4a,e167ea261ac7d695,2cbc02aa19dbb8cd,c6669f476b435be3
91609911,0,719,5633511a3cca9483,9c54859c97fe938e,68cd82dc2665ed84,9ccf0806e74ecb2f,4c0452dc13e58396
91609911,1,719,927a85801d542ddb,d72d7860889c95a4,d771b9d6bfa8d2be,cbed93b7d77f82b4,a7e717973d83958b
91619476,0,719,06da3137590e10ae,36d5b99e15607920,ac71b540d5a90a8c,534e73707e88bc4a,1da6ae5c3a720973
91619476,1,719,5633511a3cca9483,9c54859c97fe938e,68cd82dc2665ed84,4d5bc1b3370b758f,e27f17fb8c35e3a5
91623882,0,719,3d539a10f8edbf3d,6ed0e68c458b5837,2b24b04ab201739f,c3a51f9d1b351c40,d508147cb424bf41
91623882,1,719,675fbe9f824700b5,e0b3eb09a4747483,6162019eaa7af242,ff36915c5cd99d96,f7a2bae24a116c7b
91624721,0,719,675fbe9f824700b5,e0b3eb09a4747483,6162019eaa7af242,ff36915c5cd99d96,f7a2bae24a116c7b
91624721,1,719,e245e15aa545f465,28cca7fbb6f8dc32,dfbdced9a108154b,8035d651a6d13607,7e07d326c659a55b
91626589,0,719,5633511a3cca9483,9c54859c97fe938e,68cd82dc2665ed84,1293e77ba36445a7,aea778e5f1226a33
91626589,1,719,63e617f5fdccdc5d,1d4c6a06e487e9eb,dd7ce545c459369e,2d95642ce01a1611,4ff059d8a2417a17
91636118,0,719,d481bce64b4d11ae,981fd4c34e47b2fe,da3671bb6868d8a0,dea011b18cdbbc05,3f5601b5e36a92ba
91636118,1,719,2d285557141fd722,169b5af5b7711806,bfa4576be0f02413,66e2fabcde25f599,d87c73de597fb540
91643312,0,719,675fbe9f824700b5,e0b3eb09a4747483,6162019eaa7af242,ff36915c5cd99d96,f7a2bae24a116c7b
91643312,1,719,e992da69c64bac2b,9574bf46a81d2dcd,fdaaaaaa1a46cb75,2e0edb4c3955ced6,f979537cd6b05bbc
91647114,0,719,d481bce64b4d11ae,981fd4c34e47b2fe,da3671bb6868d8a0,dea011b18cdbbc05,3f5601b5e36a92ba
91647114,1,719,856e92cb22607f69,a50318cd993ed612,ce5b74eed42f030e,40cfa303a99fe401,85e9b249ed0f30d1
91660010,0,719,5633511a3cca9483,9c54859c97fe938e,68cd82dc2665ed84,3990f207217258d8,14c0fd393215d449
91660010,1,719,2761f28d810e61ed,317cf52143bcf68b,792b22a265066e74,63483cb9b0793200,c69dab99a45623a1
91662025,0,719,34b561bbf657f17b,f3288bb27359af27,42ce78266659b2cd,7ad60a0d5cb11b00,74a80e1295d4c9fd
91662025,1,719,5633511a3cca9483,9c54859c97fe938e,68cd82dc2665ed84,6ece82019f655e87,d11197c1f770d536
91667409,0,719,675fbe9f824700b5,e0b3eb09a4747483,6162019eaa7af242,ff36915c5cd99d96,3f9d1789174500de
91667409,1,719,0518cad3fa31b7e0,642cb33418db9df0,93ed68eb5c86fdff,44bcf2090f84f459,f7fa89cf1bb365f2
91669184,0,719,6311800282caf12e,c96d19bc67911d68,ed417b0cb0fbc40f,caec3e931acd05b7,915e6db4f0a34619
91669184,1,719,5633511a3cca9483,9c54859c97fe938e,68cd82dc2665ed84,1f2b9293d1b56a9a,98183f45d72937bd
91680613,0,719,675fbe9f824700b5,e0b3eb09a4747483,6162019eaa7af242,ff36915c5cd99d96,f7a2bae24a116c7b
91680613,1,719,33e47ad1e14afb07,8c14ab3f1986892e,e796848f7a3e3008,d4d484b87b51b9ce,77f6e0b4dd7a4166
91695409,0,719,5633511a3cca9483,9c54859c97fe938e,68cd82dc2665ed84,834bcf522605f3c8,475439196ea071d3
91695409,1,719,afc015d204f4d8a0,6a8eb074c7c93b63,607d625e74369241,b508250746896ad0,618b20e4632cd6a1
91699266,0,719,675fbe9f824700b5,e0b3eb09a4747483,6162019eaa7af242,a069be5ec97a344e,5aef2cab8628a181
91699266,1,719,b65b93e4d9974c6d,e0ea67a1851a024c,4a25012826d08933,ad8677b308f53bff,7bcaf7a511eeb28a
91706561,0,719,321a8b289975167a,21240a2bc8ebc963,37b6703c72ada9c6,b176e574cd59a1fb,3215cdffde06c331
91706561,1,719,d8929589ebe90bc9,14d85cc0e82043c5,162c95f36d4d7e0f,c4c048a59033947a,7f90eb7590b95140
91707512,0,719,675fbe9f824700b5,e0b3eb09a4747483,6162019eaa7af242,ff36915c5cd99d96,73c4fa4ca3df3e91
91707512,1,719,0bded1bc3cb5b468,123f8794a5cca0fe,fd175ba03be48839,482597dcfd40a9af,3cbe99e94e3b32ce
91709488,0,719,9b69a2e5893bf26f,3a5fce4e475ac338,08892ecaaed1fb8a,d2e8001364cd126c,710b68340b886a0d
91709488,1,719,675fbe9f824700b5,e0b3eb09a4747483,6162019eaa7af242,ff36915c5cd99d96,f7a2bae24a116c7b
91717868,0,719,675fbe9f824700b5,e0b3eb09a4747483,6162019eaa7af242,ff36915c5cd99d96,ca7e49b97f8a540a
91717868,1,719,1ab4b2ff212b493b,4c240aaa8631d191,c8c0e07b6bb2ea5c,11123645966eef5d,278d8005bbcb29e9
91723180,0,719,675fbe9f824700b5,e0b3eb09a4747483,6162019eaa7af242,8c163cd326056f84,d53cd208ca96af63
91723180,1,719,473df604cf4e70e4,b33b85c718106b4d,23767b0710e78c25,b93d2b6ecad3b8ee,c201ddd11aedf247
91726987,0,719,16c51184e48ddcc5,58a423e58f0fb835,d9ea99cbde1cc9cb,411ed08ecec7e8f5,0c696dc01b3977e8
91726987,1,719,675fbe9f824700b5,e0b3eb09a4747483,6162019eaa7af242,ff36915c5cd99d96,f7a2bae24a116c7b
91728615,0,719,675fbe9f824700b5,e0b3eb09a4747483,6162019eaa7af242,ff36915c5cd99d96,f7a2bae24a116c7b
91728615,1,719,00dc05425a9e5dcd,3649d3b8f6ab98a6,f2aa2b50af3f2c84,ced3368606049a71,1d0423ac5ef59f06
91738017,0,719,5633511a3cca9483,9c54859c97fe938e,68cd82dc2665ed84,d1c5adbfa3e66dec,3fa592ccb4f0bbf4
91738017,1,719,d7bffe68b64cbcfe,9a5c4eef28c09dd2,6c114477f43b478b,b6918e0a2adbfc07,01d91aea2cb03319
91739085,0,719,d481bce64b4d11ae,981fd4c34e47b2fe,da3671bb6868d8a0,dea011b18cdbbc05,82c9bab338c30086
91739085,1,719,8f458a6cd88c2b29,117895b7ccad8b1a,70118f75b388afcf,01fe03519dddc630,ee39540b205cf714
91739714,0,719,675fbe9f824700b5,e0b3eb09a4747483,6162019eaa7af242,ff36915c5cd99d96,f7a2bae24a116c7b
91739714,1,719,2dddafcfe439aca3,bb41e879dbbe4795,d6731536ce7e3142,8cec67fbf5c290b9,e620465e77c687ab
91740803,0,719,4b74eb6d9de34160,25e7de0d8a6e75be,29c52f3d5243c2d5,a1fe00536ffca610,b3a92ebce31d6611
91740803,1,719,321a8b289975167a,21240a2bc8ebc963,37b6703c72ada9c6,b176e574cd59a1fb,3215cdffde06c331
91764767,0,719,0438baa4632896fa,6e6723fc26eb4873,13065d79212d1aea,f8a4aa16e166fed9,fd4db737b53c64eb
91764767,1,719,5633511a3cca9483,9c54859c97fe938e,68cd82dc2665ed84,5ed08b90091ddf95,a6d464fbf74d6803
91767695,0,719,e8eb4f5285e1d104,a36ad5f3e72a764c,a06c10e1b2902182,61b247f78f507a22,1eaf43a802d78b69
91767695,1,719,675fbe9f824700b5,e0b3eb09a4747483,6162019eaa7af242,ff36915c5cd99d96,164b630f3a2e6b8e
91772237,0,719,af2e930c5880a996,8c06ce22722bf6bf,bdbef93145cc2323,e538dd1df516a13d,d5b39521ea6819c9
91772237,1,719,675fbe9f824700b5,e0b3eb09a4747483,6162019eaa7af242,ff36915c5cd99d96,0c2cdeff9f55ca0f
91797899,0,719,56326ce59b29b227,120133281e230bf7,4a51b51ec89a000a,120ff1b1dde04d8a,6eeef3d4091c73c2
91797899,1,719,d481bce64b4d11ae,981fd4c34e47b2fe,da3671bb6868d8a0,dea011b18cdbbc05,82c9bab338c30086
91811917,0,719,5633511a3cca9483,9c54859c97fe938e,68cd82dc2665ed84,a4fff93ae1cbb772,1837eac8eaeeb1cc
91811917,1,719,c68f883b2151a428,e6651fba348a3438,077e86c06045ca6c,71429076de0fbd19,039ca1ef20fd5da9
91827942,0,719,5633511a3cca9483,9c54859c97fe938e,68cd82dc2665ed84,a94d77ab18b00bfc,d414879d6cb6dbee
91827942,1,719,591e06ad4f52f5cb,3a5ec0c0fbd9b692,63f7516e464c3401,9b1d602ef3bb5187,beb71febc0ee92fb
91849498,0,719,675fbe9f824700b5,e0b3eb09a4747483,6162019eaa7af242,ff36915c5cd99d96,27dab61e64e339bf
91849498,1,719,c67d366f5fb1bb77,a9056079544218e6,38e5b5d55c571b05,a20f805f3cff9ce4,99f0e26f4b90db7e
91853156,0,719,675fbe9f824700b5,e0b3eb09a4747483,6162019eaa7af242,088353d6a3d0c604,d5e610d9cec463a0
91853156,1,719,bee1249e318e6373,46e25318df180818,678f0d09e9c9d4ba,3fec59237440d80c,01fac47438b1f260
91858748,0,719,675fbe9f824700b5,e0b3eb09a4747483,6162019eaa7af242,ff36915c5cd99d96,f7a2bae24a116c7b
91858748,1,719,142d35777eb7e5ff,2198f8509c112bd3,5152a9d343766fb2,226bf5142d0144a5,e74ec424478753c3
91866890,0,719,5633511a3cca9483,9c54859c97fe938e,68cd82dc2665ed84,6a084c27291ad637,6db42a2680232401
91866890,1,719,6026acff35d4968d,f0363e0bde1641fa,4c1514ca81b09267,57595f0de7ca13f1,6abdb3159d2f3792
91873678,0,719,d203b58188b3938d,7421f902dd1717be,ecd3dd178bdfbfbd,52e700dcb22d1a96,c41d79fe6967abe2
91873678,1,719,675fbe9f824700b5,e0b3eb09a4747483,6162019eaa7af242,ff36915c5cd99d96,f7a2bae24a116c7b
91874442,0,719,675fbe9f824700b5,e0b3eb09a4747483,6162019eaa7af242,ff36915c5cd99d96,87c6781d74041b59
91874442,1,719,67c20d3bfa0076db,27c975e8e6823895,c2b644739a24afd9,e0744d73eda8a6a8,624f097547a085dc
91875565,0,719,f378863a8bafb68b,94b2e528b3ed7500,9c1f8da288b6a813,588f8d7a1759a0e8,1427934ce0abb9f7
91875565,1,719,675fbe9f824700b5,e0b3eb09a4747483,91d2599bec0cd710,afa31dd0edbbcc8d,4111e61c3618bb41
91888357,0,719,df78031e1cb8bed8,3a9ccb5180908f74,3ccc3725ab7dc81a,444e4547584d18e0,594354ad94e347bd
91888357,1,719,675fbe9f824700b5,e0b3eb09a4747483,6162019eaa7af242,ff36915c5cd99d96,f7a2bae24a116c7b
91895067,0,719,95001b8dd5c96018,29f582d029c12f79,e319ba5426e19659,b25bafe110cb5e31,1850c336dd48f099
91895067,1,719,d481bce64b4d11ae,981fd4c34e47b2fe,da3671bb6868d8a0,dea011b18cdbbc05,7dfa48f1d0d9a42d
91900746,0,719,619f8acf632f5e7e,39b2977f9c8cd822,b29b8cbe1157ed0d,ba6c19bb96aff9f3,138f37619472a7e7
91900746,1,719,5633511a3cca9483,9c54859c97fe938e,68cd82dc2665ed84,68edfcacc7ebf69d,7704d81cb93a15e2
91902669,0,719,56326ce59b29b227,120133281e230bf7,4a51b51ec89a000a,120ff1b1dde04d8a,6eeef3d4091c73c2
91902669,1,719,321a8b289975167a,21240a2bc8ebc963,37b6703c72ada9c6,b176e574cd59a1fb,3215cdffde06c331
91905197,0,719,c68f883b2151a428,8f4695dd2e03798d,02b8a8103086dbcf,3914abbf51a421ec,c708dd819318d264
91905197,1,719,d481bce64b4d11ae,981fd4c34e47b2fe,da3671bb6868d8a0,c5b2ae11ec975b4f,4d93e3d95b927245
91910995,0,719,1c20c319ab58e4b5,1b143f3749e752f3,e41f03e1460db880,c231b16898db9831,bb0c7b28cfc2301a
91910995,1,719,5633511a3cca9483,9c54859c97fe938e,68cd82dc2665ed84,131f87e1ea333d7b,2ec96c05d8657fdd
91922088,0,719,69e9c8612d3fc192,bf3fb24d850cabd5,40c6ac9ee20accd2,678748a8b05f5ae3,58f05d304cb441e8
91922088,1,719,5633511a3cca9483,9c54859c97fe938e,68cd82dc2665ed84,2852e5aff605148c,9f6abb4edce42212
91922090,0,719,849292b989035d91,4f8e8c7f0aa86623,6471b905c6a71da2,7eb73ee6109a88ca,c19758d4ba0c052f
91922090,1,719,5633511a3cca9483,9c54859c97fe938e,68cd82dc2665ed84,a200ddd9da80edae,bf700b6dc10ec74d
91922902,0,719,f6f67bd23ebcdc7f,a39db77eed9b00c0,c25c084043c899e7,dfafb7ba820737b1,67364b1460d63d97
91922902,1,719,5633511a3cca9483,9c54859c97fe938e,68cd82dc2665ed84,62bb6f91d7a0dfa8,625c9af98000dfd1
91930359,0,719,bbff6a6fd5c11a69,a9d551534d5e07e1,40ee0ba3f2db70ce,804270fb732ca35a,a8319f20094da453
91930359,1,719,675fbe9f824700b5,e0b3eb09a4747483,6162019eaa7af242,ff36915c5cd99d96,f7a2bae24a116c7b
91930373,0,719,675fbe9f824700b5,e0b3eb09a4747483,6162019eaa7af242,ff36915c5cd99d96,f7a2bae24a116c7b
91930373,1,719,a25f9c48870ff92f,4d433493f117e179,d8a850e8c70936bc,7da6db75bed462ee,60648583ea786de0
91930410,0,719,5633511a3cca9483,9c54859c97fe938e,68cd82dc2665ed84,81dad239e4970a45,25cfc9c7e51b12d8
91930410,1,719,a682c7a9a8cfc3a3,408519ead9ebff72,8f66cc0b71154e83,25bcddc4df2c211c,4004b64811619e12
91932381,0,719,d481bce64b4d11ae,981fd4c34e47b2fe,da3671bb6868d8a0,23b7292cb3779e52,56b676bb5ece1b72
91932381,1,719,82fb5e9408ce0472,e07fc9eafa5f5e7a,628fdbec89bac5d1,7fb2f96358a56167,793ea5f012ea73f0
91944515,0,719,8e9037740336e32c,0100c8cf6cc61910,7d5d88969943dbd1,51d73f4f319f4b72,d924b3c253af88c7
91944515,1,719,5633511a3cca9483,9c54859c97fe938e,68cd82dc2665ed84,bddc54ee1994b0b8,ba8693ab22d655ca
91944625,0,719,d8550ede0cc2c4bd,94a16539ab0a8e85,f03ab4c0def92767,94e045fba629edee,e03e7f375be9a530
91944625,1,719,d481bce64b4d11ae,981fd4c34e47b2fe,da3671bb6868d8a0,dea011b18cdbbc05,82c9bab338c30086
91951147,0,719,7df9822b104381e5,75f689899935d9bb,4ed2334c0537a7d7,7786e72adca2789e,96b81e17dc811bee
91951147,1,719,675fbe9f824700b5,e0b3eb09a4747483,6162019eaa7af242,ff36915c5cd99d96,886320ba59c29a2f
91954900,0,719,0840fd15e7e8fcbf,eb1fdfc246b596ac,c7dad627ed0dd612,bd4908229eb80fc2,143b46c65056bf55
91954900,1,719,675fbe9f824700b5,e0b3eb09a4747483,6162019eaa7af242,ff36915c5cd99d96,b87f914bdb0e7834
91964022,0,719,d481bce64b4d11ae,981fd4c34e47b2fe,da3671bb6868d8a0,dea011b18cdbbc05,3f5601b5e36a92ba
91964022,1,719,fe48746861ab4166,875a50356ec534c6,310ade7e5a688b6a,5b3c18ade1ebb8d2,36074131648205c1
91990433,0,719,4e91cc4b2046f1cd,43875523ef6f33d0,45bd6f016e574259,705f8e1a32ffe836,5e305ead9ca86fba
91990433,1,719,675fbe9f824700b5,78b2881e9c29a8a0,9ec4531371ab2440,e809eebba3430d98,763113d556116b9a
91992343,0,719,675fbe9f824700b5,e0b3eb09a4747483,6162019eaa7af242,ff36915c5cd99d96,60d0a469d68d1f57
91992343,1,719,f435c7a794bbd687,412f4f5976cf622a,c1cd08d89cf7e58a,d0e9f04696a30996,d4ccca0234f8b7ed
91999808,0,719,321a8b289975167a,21240a2bc8ebc963,37b6703c72ada9c6,b176e574cd59a1fb,3215cdffde06c331
91999808,1,719,7798112bf1f5edda,7c4a829bfa9ea250,7050417d6fa478f7,24f9a1ee63b9cc7c,760cd97a549f38ab
92043014,0,719,d481bce64b4d11ae,981fd4c34e47b2fe,da3671bb6868d8a0,dea011b18cdbbc05,82c9bab338c30086
92043014,1,719,8c26094c517bd2eb,aec09393615b25e1,10fac75eae0b26d2,b90cd5e30013ebd7,af976b258767ac50
92061687,0,719,8e7f440f925ea32b,55f87ab250c49f79,cc89212e9f9400ed,bd2187801b99a50d,f74a731cd2156c19
92061687,1,719,675fbe9f824700b5,e0b3eb09a4747483,6162019eaa7af242,ff36915c5cd99d96,f7a2bae24a116c7b
92068374,0,719,1d94f4f1b2d47d9d,e1eacaa4c5a99639,0ab52818f34f9ba1,2e7dede904be3f7d,a6ac5e78c775d7f8
92068374,1,719,d481bce64b4d11ae,981fd4c34e47b2fe,da3671bb6868d8a0,dea011b18cdbbc05,82c9bab338c30086
92081663,0,719,675fbe9f824700b5,e0b3eb09a4747483,6162019eaa7af242,a00d9175b783aad3,5551b449c464719d
92081663,1,719,0d9ac986a44e0caa,089c140ff9d0e8af,8326785638ea9187,8f250e801e666366,e11dbe75aa26057a
92100142,0,719,31a30663bbd32b06,9e05a71795e43df9,047c9210883ad338,bfb69b85cfd3708a,ce0aa5df473fd72a
92100142,1,719,675fbe9f824700b5,e0b3eb09a4747483,6162019eaa7af242,ff36915c5cd99d96,f7a2bae24a116c7b
92123369,0,719,675fbe9f824700b5,e0b3eb09a4747483,6162019eaa7af242,ff36915c5cd99d96,f7a2bae24a116c7b
92123369,1,719,f4647b1d1203cb2c,80ccc49f4bec332e,bf4aee981336bef8,d6e0d8ccb53b87a3,678bd98c5d876fc3
92160400,0,719,321a8b289975167a,21240a2bc8ebc963,37b6703c72ada9c6,b176e574cd59a1fb,3215cdffde06c331
92160400,1,719,317ead6459dc0202,94e26095e721dcfb,1c1b295f3c731a04,878384d6bb533093,1ca955bf13603e0f
92162124,0,719,e12f12a36b7c4877,9aea343b94134c4a,31e5ccca5df84154,0c8b3353b4dd5877,7883a59615d43f02
92162124,1,719,675fbe9f824700b5,e0b3eb09a4747483,6162019eaa7af242,ff36915c5cd99d96,f7a2bae24a116c7b
92175074,0,719,675fbe9f824700b5,e0b3eb09a4747483,6162019eaa7af242,ff36915c5cd99d96,f7a2bae24a116c7b
92175074,1,719,4fe3c07925d92d4e,ef182731d7c9fb95,91100224c6f49cc6,e6c5820e7c8303e4,fc06446c385ce1f5
92188200,0,719,56326ce59b29b227,120133281e230bf7,4a51b51ec89a000a,120ff1b1dde04d8a,6eeef3d4091c73c2
92188200,1,719,d481bce64b4d11ae,981fd4c34e47b2fe,da3671bb6868d8a0,dea011b18cdbbc05,82c9bab338c30086
92188432,0,719,d481bce64b4d11ae,981fd4c34e47b2fe,da3671bb6868d8a0,dea011b18cdbbc05,82c9bab338c30086
92188432,1,719,d0788ec020d99b35,7ef5dc812de2a5b3,18cd4ceee6e44378,2c10dcbc2875756d,8e69b0cdf9a3f80c
92194741,0,719,56326ce59b29b227,120133281e230bf7,4a51b51ec89a000a,120ff1b1dde04d8a,6eeef3d4091c73c2
92194741,1,719,321a8b289975167a,21240a2bc8ebc963,37b6703c72ada9c6,b176e574cd59a1fb,3215cdffde06c331
92208905,0,719,1bd6053ed1ed9aff,36f4b7417fe4b766,841ad36dc67dba9c,3cc6cee2dc49609b,93a7ee94e8fea976
92208905,1,719,321a8b289975167a,21240a2bc8ebc963,37b6703c72ada9c6,b176e574cd59a1fb,3215cdffde06c331
92232514,0,719,675fbe9f824700b5,e0b3eb09a4747483,6162019eaa7af242,ff36915c5cd99d96,f7a2bae24a116c7b
92232514,1,719,ebd975119964b925,5fe6294622ab1298,441b13ff1d3a7839,21d0cb8091f3ab91,2cb508adfa5b34a5
92242795,0,719,675fbe9f824700b5,e0b3eb09a4747483,6162019eaa7af242,ff36915c5cd99d96,f7a2bae24a116c7b
92242795,1,719,40fb981d7aa6b44c,be2b240162aebbca,563d15245fa30b9a,fb80771771e34486,afc19a1ef5500be9
92248390,0,719,463d0cc46e67eebb,eb941d5e5858b336,58e10ec18f57fde3,6921c56d8da42f26,ea5e215b0de09dcf
92248390,1,719,321a8b289975167a,21240a2bc8ebc963,37b6703c72ada9c6,b176e574cd59a1fb,3215cdffde06c331
92250311,0,719,675fbe9f824700b5,e0b3eb09a4747483,6162019eaa7af242,ff36915c5cd99d96,f7a2bae24a116c7b
92250311,1,719,a7094920c93b40a9,54babc0173986d59,f09f2e2cb8ac195e,6386a7cf721925ac,4b18841b5c229d37
92253977,0,719,675fbe9f824700b5,e0b3eb09a4747483,6162019eaa7af242,ff36915c5cd99d96,f7a2bae24a116c7b
92253977,1,719,faabae77afb0ff98,5a159e76ef3bb96d,17722bb3e2b27b4e,66214d1e5a06335a,b0295d10ae0ea468
92291212,0,719,675fbe9f824700b5,e0b3eb09a4747483,6162019eaa7af242,ff36915c5cd99d96,8dcef4020fb968bf
92291212,1,719,9932afac3f3b9ebf,2cede92eabf47450,814b7ac54d0ebeb8,74314cdb3e3655cf,4bf9c7ebff9f4ff0
92299456,0,719,d481bce64b4d11ae,981fd4c34e47b2fe,da3671bb6868d8a0,dea011b18cdbbc05,82c9bab338c30086
92299456,1,719,6eba350ae85b0c1d,5dc2f56681b76919,0e756a7e7a1a7f80,4f3d3f602a76c09e,923005e0623a68e1
92331305,0,719,675fbe9f824700b5,e0b3eb09a4747483,6162019eaa7af242,ff36915c5cd99d96,f7a2bae24a116c7b
92331305,1,719,2378c653ed33899d,840aa11f81613250,27d6337fb241e65a,a8b785ad9d5ddf53,81c22e3eedddd814
92349058,0,719,675fbe9f824700b5,e0b3eb09a4747483,6162019eaa7af242,ff36915c5cd99d96,f7a2bae24a116c7b
92349058,1,719,42948e17ca69404a,f575d46bc3c81cd2,8389d39412c8e147,b9c6389b7bc73565,9de912018ce04307
92387590,0,719,cd18284f527da234,93217693bdff6321,a82a08ec76e0b7b4,b5236a4bc0d95c9b,7d217ece48e4c026
92387590,1,719,675fbe9f824700b5,e0b3eb09a4747483,6162019eaa7af242,3220bd5f1fd0ecd4,4e1e14bb1fa83e9e
92388584,0,719,8dfc3d734c565af5,1eb82340ed5ae128,f8ce8cf81461cab6,472da5e0b6b1a166,6ef23143b21b197a
92388584,1,719,d481bce64b4d11ae,981fd4c34e47b2fe,da3671bb6868d8a0,dea011b18cdbbc05,82c9bab338c30086
92391257,0,719,675fbe9f824700b5,e0b3eb09a4747483,6162019eaa7af242,ff36915c5cd99d96,f7a2bae24a116c7b
92391257,1,719,c49965488ba108fc,f5cf9ff90352b28c,5d7f1d9cf6531000,878735ff41032789,6c6910695a82b18e
92392238,0,719,675fbe9f824700b5,e0b3eb09a4747483,6162019eaa7af242,ff36915c5cd99d96,f7a2bae24a116c7b
92392238,1,719,05d8d1ae7269649a,e068996fece6375b,aa984a869854e6f7,1864462045a103cc,07c327dd869d127d
92408892,0,719,675fbe9f824700b5,e0b3eb09a4747483,6162019eaa7af242,ff36915c5cd99d96,f7a2bae24a116c7b
92408892,1,719,5fa02451961e9c3e,82ad290bf566c4e7,55adb1b1077809d5,3fdbebe3d3339e56,d343fbaa94035a9c
92413312,0,719,683cfbfb8498e3c0,76d6a08570bb0b4b,3919fd9af43d4bb3,6c7108ff262fface,dc4b94bf558cd0ef
92413312,1,719,675fbe9f824700b5,e0b3eb09a4747483,6162019eaa7af242,ff36915c5cd99d96,b87f914bdb0e7834
92418211,0,719,321a8b289975167a,21240a2bc8ebc963,37b6703c72ada9c6,b176e574cd59a1fb,3215cdffde06c331
92418211,1,719,56326ce59b29b227,120133281e230bf7,4a51b51ec89a000a,120ff1b1dde04d8a,6eeef3d4091c73c2
92447643,0,719,6f8a21e00c37d4d4,09dae93f537b9b03,ac8a5e1cd5fffa47,51ec59da2465613e,12fc40de6c812508
92447643,1,719,675fbe9f824700b5,e0b3eb09a4747483,6162019eaa7af242,ff36915c5cd99d96,f7a2bae24a116c7b
92458833,0,719,be14e0cc6d0ae06a,a290dc912652777d,bcf538aa1b3c798b,238f137f9f22fb18,bd98b9480694ae0d
92458833,1,719,675fbe9f824700b5,e0b3eb09a4747483,6162019eaa7af242,ff36915c5cd99d96,f7a2bae24a116c7b
92477608,0,719,675fbe9f824700b5,e0b3eb09a4747483,6162019eaa7af242,ff36915c5cd99d96,73c4fa4ca3df3e91
92477608,1,719,dae80a2dd80cd61c,112cb98d603a4aca,5b279792016d4f1e,9ab7835daa91f34d,0ee31442a7baa7c5
92491495,0,719,86b29a4d8f5a4961,21a527cf845983f5,d1f6b1b5a22d6f8e,7b7ba438e6063a9d,44aca69920b75bf9
92491495,1,719,d481bce64b4d11ae,981fd4c34e47b2fe,da3671bb6868d8a0,23b7292cb3779e52,2f08d57a423e1736
92549233,0,719,dc1ee66dd53f31fa,abfda582515929e0,efbe1aa57156774f,457006b11036577a,9e1b2f0f9b64f346
92549233,1,719,675fbe9f824700b5,e0b3eb09a4747483,6162019eaa7af242,ff36915c5cd99d96,f7a2bae24a116c7b
92560389,0,719,4c466b64345493b6,7adf46b3c5aa2ac1,811aacc8ffa40e97,cfd2377d08726cf9,42c1e444f2bc2fbd
92560389,1,719,321a8b289975167a,21240a2bc8ebc963,37b6703c72ada9c6,b176e574cd59a1fb,3215cdffde06c331
92566010,0,719,73cf0d342fdbe51e,e59b82c95394e407,d4f20ee1823db1d7,53883fcf1186bb8f,8784347caf0686d3
92566010,1,719,675fbe9f824700b5,e0b3eb09a4747483,6162019eaa7af242,ff36915c5cd99d96,f7a2bae24a116c7b
92567832,0,719,8f84b86c6f7deabe,13ff81d34e5b40dc,00ae744247add33f,7985258a42015a81,7a902d60549ec07c
92567832,1,719,675fbe9f824700b5,e0b3eb09a4747483,6162019eaa7af242,ff36915c5cd99d96,625cc2b37d57d41e
92592988,0,719,d3d64cca8765c421,88d4f9ac908972c3,9d80cbc3433bd82b,e3f919334de38213,a125046c618d9b09
92592988,1,719,675fbe9f824700b5,e0b3eb09a4747483,6162019eaa7af242,ff36915c5cd99d96,44988d36720fe307
92624749,0,719,d481bce64b4d11ae,981fd4c34e47b2fe,da3671bb6868d8a0,dea011b18cdbbc05,82c9bab338c30086
92624749,1,719,bf55650ab9ec75e1,a1bdeca8d22916f6,7c4bfbb72a5faa07,5202f10655461a7a,a70229aed7d35b87
92633908,0,719,675fbe9f824700b5,e0b3eb09a4747483,6162019eaa7af242,ff36915c5cd99d96,0794792a2f875124
92633908,1,719,8e2e950b567baa5d,d451aa4196ba9faf,4c378d18f575102b,379890e2c91e6237,318870cb262f76ef
92643137,0,719,a947071b806e015f,104fcde8992adc68,4cb5d839f19f4c44,0f3596d9d4f1c46b,82ab20a42184694e
92643137,1,719,675fbe9f824700b5,e0b3eb09a4747483,6162019eaa7af242,ff36915c5cd99d96,f7a2bae24a116c7b
92672298,0,719,d481bce64b4d11ae,981fd4c34e47b2fe,da3671bb6868d8a0,dea011b18cdbbc05,82c9bab338c30086
92672298,1,719,7d930ea0d04f3d1b,4cf55470f5520f33,2c641fdb12517d48,33b5841eefb93c72,4fa48b3002f924b3
92729168,0,719,d481bce64b4d11ae,981fd4c34e47b2fe,da3671bb6868d8a0,79ff0941ef199383,58a3fefee645051d
92729168,1,719,f3ccd90fd18c7e69,7e803e9dfd0bbe6f,3f1680a0e117dc1f,f9c7ed5f21f7cf14,64fb95135c800c49
92731880,0,719,0f633f6685100f3b,f770d9296ce48536,8001008ce6fccd62,3d1b41e8d1d2ad95,b2a4db3aaa7c5b2c
92731880,1,719,321a8b289975167a,21240a2bc8ebc963,37b6703c72ada9c6,b176e574cd59a1fb,3215cdffde06c331
92732795,0,719,1ab3b2bdb19f1356,f45062a8727570e3,135322c927131c9f,bab242ceed6a0122,a4a70a557418c0fd
92732795,1,719,675fbe9f824700b5,e0b3eb09a4747483,6162019eaa7af242,ff36915c5cd99d96,f7a2bae24a116c7b
92746483,0,719,d481bce64b4d11ae,981fd4c34e47b2fe,da3671bb6868d8a0,dea011b18cdbbc05,82c9bab338c30086
92746483,1,719,5d1f442cfa2f9981,d871d0038781724d,cd1137497a804e28,347f787530e30b09,732de8078ca0f1c5
92817156,0,719,7e80bd47f5d13cdd,32f21914bc2fc81e,344a1b9b37cade76,0d39f277753ef399,a2922ae378f4125c
92817156,1,719,675fbe9f824700b5,e0b3eb09a4747483,6162019eaa7af242,ff36915c5cd99d96,50e7e3d198918077
92820888,0,719,675fbe9f824700b5,e0b3eb09a4747483,6162019eaa7af242,ff36915c5cd99d96,d455bcdcbfdb2688
92820888,1,719,457c9cb088cc7e5a,546ba8a7f402932e,8fd67b75966dc0eb,1474889ea53be683,9ef72def41409f4b
92832899,0,719,0a6b1b45cdae5780,6c098573c4956494,b3771d866477085b,6bb936384232feb6,0d953955978acd8c
92832899,1,719,d481bce64b4d11ae,981fd4c34e47b2fe,da3671bb6868d8a0,dea011b18cdbbc05,82c9bab338c30086
92874601,0,719,d481bce64b4d11ae,981fd4c34e47b2fe,da3671bb6868d8a0,dea011b18cdbbc05,82c9bab338c30086
92874601,1,719,4f48989930b98bc4,3d673533f82bba0e,2d2dbe164e0fb2d5,431dc0519b6307d9,4aad85c3e8984271
92876462,0,719,321a8b289975167a,21240a2bc8ebc963,37b6703c72ada9c6,b176e574cd59a1fb,3215cdffde06c331
92876462,1,719,ccda12d8b45aa638,950b5ae37fcc29a3,b2445211a2059103,daf274213d88e707,59c90be093ff0b60
92938041,0,719,321a8b289975167a,21240a2bc8ebc963,37b6703c72ada9c6,b176e574cd59a1fb,3215cdffde06c331
92938041,1,719,2ffa9d2b49e66218,8a438557256fcf78,eeae31460b62b9fe,4cc5b16014ebeca0,215180ed8faadcbe
93003122,0,719,d481bce64b4d11ae,981fd4c34e47b2fe,da3671bb6868d8a0,dea011b18cdbbc05,3f5601b5e36a92ba
93003122,1,719,010419279f407f09,4388f3a23e942d28,60ea01cdddd5ac15,4d42a5948173a306,5cd2fcd141cc152c
93030160,0,719,004c8f60dd899a05,64a493599d0715ca,f3c5c835eba8c298,ac82f06eefd36be5,abc07dacff246da2
93030160,1,719,d481bce64b4d11ae,981fd4c34e47b2fe,da3671bb6868d8a0,dea011b18cdbbc05,82c9bab338c30086
93078491,0,719,d481bce64b4d11ae,981fd4c34e47b2fe,da3671bb6868d8a0,dea011b18cdbbc05,3f5601b5e36a92ba
93078491,1,719,7f7eb38470dc1d0d,75a621bf9497f8e3,32e352b2d14a4b0f,9fb2b83d7b680917,d167e31eb0809858
93081102,0,719,d481bce64b4d11ae,981fd4c34e47b2fe,da3671bb6868d8a0,dea011b18cdbbc05,7dfa48f1d0d9a42d
93081102,1,719,ecbcfa00a96e2a29,a93c9a61651c679d,49ffff4415944830,e10b5fb5b9ed9d7f,01628f3ac97bae82
93101473,0,719,d9f04c8d1352057e,b93334a47d90ab61,21cb2a06038953e3,ee2f170fc7bc23d2,50e2cff6a2368e84
93101473,1,719,321a8b289975167a,21240a2bc8ebc963,37b6703c72ada9c6,b176e574cd59a1fb,3215cdffde06c331
93145041,0,719,46f1ea62aecf9155,6f4370534ddb46e8,fe4eb3887ce6d0e7,9ed0bfd8e06d193b,f617db594ad3f56c
93145041,1,719,321a8b289975167a,21240a2bc8ebc963,37b6703c72ada9c6,b176e574cd59a1fb,3215cdffde06c331
93200036,0,719,321a8b289975167a,21240a2bc8ebc963,37b6703c72ada9c6,b176e574cd59a1fb,3215cdffde06c331
93200036,1,719,8b5a26a3bc2a88d4,d65f7c1059a44a47,19b8b8c67cafc8c3,356ef6f05dbeb581,2894c2d1b5ee0317
93202667,0,719,ad5afa0c09d9d5ef,990c0a9a86210bd5,459131a516cb2afd,7d2b76776ed38428,dcc1ea341b0501e2
93202667,1,719,d481bce64b4d11ae,981fd4c34e47b2fe,da3671bb6868d8a0,dea011b18cdbbc05,82c9bab338c30086
93214099,0,719,d481bce64b4d11ae,981fd4c34e47b2fe,da3671bb6868d8a0,dea011b18cdbbc05,7dfa48f1d0d9a42d
93214099,1,719,56326ce59b29b227,120133281e230bf7,5aa4473eb798c229,9f39db05892f6086,abcd571ee62a95b9
93284036,0,719,010419279f407f09,214c71dfd4d77cde,0c884555712adec3,76fc31ce901f3f08,172ca6463f45f9d2
93284036,1,719,d481bce64b4d11ae,981fd4c34e47b2fe,da3671bb6868d8a0,79ff0941ef199383,749fec3286b8c533
93285813,0,719,56326ce59b29b227,120133281e230bf7,4a51b51ec89a000a,120ff1b1dde04d8a,6eeef3d4091c73c2
93285813,1,719,d481bce64b4d11ae,981fd4c34e47b2fe,da3671bb6868d8a0,dea011b18cdbbc05,82c9bab338c30086
93356551,0,719,56326ce59b29b227,120133281e230bf7,4a51b51ec89a000a,120ff1b1dde04d8a,6eeef3d4091c73c2
93356551,1,719,d481bce64b4d11ae,981fd4c34e47b2fe,da3671bb6868d8a0,dea011b18cdbbc05,7dfa48f1d0d9a42d
93358360,0,719,321a8b289975167a,21240a2bc8ebc963,37b6703c72ada9c6,b176e574cd59a1fb,3215cdffde06c331
93358360,1,719,bf440a4dcc4ee839,f4fddd5dab69fc61,94d89b801a19a1b1,512dd728ddbb37c6,aeca8b47f1e37d8e
93378950,0,719,5a8f3df75ca38e3f,28d0651815916437,61abfdd6c04e3b76,19052483e1a7789e,9b045fddbcdde01e
93378950,1,719,321a8b289975167a,21240a2bc8ebc963,37b6703c72ada9c6,b176e574cd59a1fb,3215cdffde06c331
93380683,0,719,d481bce64b4d11ae,981fd4c34e47b2fe,da3671bb6868d8a0,dea011b18cdbbc05,82c9bab338c30086
93380683,1,719,6f684e6608bcfd5c,d1ec4620b6875ef9,818eca561d387486,54387977260a5e22,4702e27bec38eae6
93447090,0,719,ff52151c5329c6db,ea615e2a2995510f,fc08f3793719c21c,b1ec949da9a34bbc,6f2e0431a681ddd6
93447090,1,719,d481bce64b4d11ae,981fd4c34e47b2fe,da3671bb6868d8a0,dea011b18cdbbc05,51196f0d9546fde5
93458769,0,719,321a8b289975167a,21240a2bc8ebc963,37b6703c72ada9c6,b176e574cd59a1fb,3215cdffde06c331
93458769,1,719,56326ce59b29b227,120133281e230bf7,4a51b51ec89a000a,120ff1b1dde04d8a,6eeef3d4091c73c2
93469662,0,719,c9f75675289b5853,2921646f42789c3f,48c04b7d0b077c1f,5d23a6fef0010e13,74dcffbbda711c97
93469662,1,719,d481bce64b4d11ae,981fd4c34e47b2fe,da3671bb6868d8a0,dea011b18cdbbc05,82c9bab338c30086
93520404,0,719,98f0f5a333a65e49,569de4264e600b9e,d893fd4872c29a18,21b479fcd13657a8,54c5be339951a49d
93520404,1,719,d481bce64b4d11ae,981fd4c34e47b2fe,da3671bb6868d8a0,dea011b18cdbbc05,3f5601b5e36a92ba
93529382,0,719,1c538d18681a626f,ff040911cc1955c2,0ce2b4c3bdb61baf,4af412b8c5ec1eb2,b2e7964541ff30eb
93529382,1,719,d481bce64b4d11ae,981fd4c34e47b2fe,da3671bb6868d8a0,dea011b18cdbbc05,82c9bab338c30086
93549057,0,719,d481bce64b4d11ae,981fd4c34e47b2fe,da3671bb6868d8a0,dea011b18cdbbc05,82c9bab338c30086
93549057,1,719,cbd2a8c28c48ebe5,d9f51ae9edadffe6,eaca82e02e435269,b6b3f52bf0f006d8,926872f2b20d9e6a
93594604,0,719,d481bce64b4d11ae,981fd4c34e47b2fe,da3671bb6868d8a0,c5b2ae11ec975b4f,4d93e3d95b927245
93594604,1,719,0184318fad46cd9e,e05f9d691b86838c,f4836061ddec744c,d1d66be1d472669c,9e6270f7ef917c05
93622472,0,719,321a8b289975167a,21240a2bc8ebc963,37b6703c72ada9c6,b176e574cd59a1fb,3215cdffde06c331
93622472,1,719,245493ef3cb90e41,7e7fe7e7c82a87f1,db21223bd53374af,ed338d5931f42379,48105ddc4711b9d5
93638600,0,719,d481bce64b4d11ae,981fd4c34e47b2fe,da3671bb6868d8a0,dea011b18cdbbc05,82c9bab338c30086
93638600,1,719,36b3bf4668585673,55867a30d051705c,53eaf38381d87727,51ccc70f5e9a487c,ad1328fd5940d50b
93748703,0,719,d481bce64b4d11ae,981fd4c34e47b2fe,da3671bb6868d8a0,dea011b18cdbbc05,82c9bab338c30086
93748703,1,719,07456be934302d69,32cd0f111351406f,238f8e1abe210972,294b97264138e2fd,0d9eac8d57519767
93773877,0,719,d481bce64b4d11ae,981fd4c34e47b2fe,da3671bb6868d8a0,cac474ae7f96a3ab,418255ec061626cb
93773877,1,719,2aa65ca5ea33d75e,c4981c2e4547a21a,2589708e9acbd09d,dce4a470a7fb1d50,ea5bb5d76bfba9bd
93779504,0,719,1458ebc3cceddc17,4046343959014423,8b854d5dfafb8f5f,a9d1b27159d37220,ee41b9b221c9e936
93779504,1,719,321a8b289975167a,21240a2bc8ebc963,37b6703c72ada9c6,b176e574cd59a1fb,3215cdffde06c331
93818960,0,719,6f7877468203b955,87e20d74742dbac8,1ec0084c218e288d,163e4bb5f8f61595,aeb943252737292e
93818960,1,719,d481bce64b4d11ae,981fd4c34e47b2fe,da3671bb6868d8a0,23b7292cb3779e52,56b676bb5ece1b72
93819393,0,719,d481bce64b4d11ae,981fd4c34e47b2fe,da3671bb6868d8a0,dea011b18cdbbc05,82c9bab338c30086
93819393,1,719,dc9ea13a6f5865c0,c5e046b664a1aa7f,85c6c1323ffb84ed,426ee0a8e029316c,913052372de30a1b
93831700,0,719,d481bce64b4d11ae,981fd4c34e47b2fe,da3671bb6868d8a0,dea011b18cdbbc05,82c9bab338c30086
93831700,1,719,17d4760d2d302ea5,6ddf6c6288fff3a7,b9a7f3032998848b,dba32893d85a4c86,3333ed3562a132d5
93910979,0,719,321a8b289975167a,21240a2bc8ebc963,37b6703c72ada9c6,b176e574cd59a1fb,3215cdffde06c331
93910979,1,719,b17b3908e000db96,d0e44f337c9fbbd4,25b6aea0561bf8f2,4899681ab8eb82d7,2674dd5d6c3a9aec
93955821,0,719,d481bce64b4d11ae,981fd4c34e47b2fe,da3671bb6868d8a0,23b7292cb3779e52,56b676bb5ece1b72
93955821,1,719,b6cd94170f788303,67820b6153a8866f,2276b5b1c7122bf6,068c400d92398e18,e929493d8e7aa82f
94040192,0,719,e09d21a4a1f246c6,be5272d0d4e8391c,83a66b1ac412bde5,edf5de7a3bfe94b3,f7dffe954b2fdaf4
94040192,1,719,321a8b289975167a,21240a2bc8ebc963,37b6703c72ada9c6,b176e574cd59a1fb,3215cdffde06c331
94071858,0,719,d481bce64b4d11ae,981fd4c34e47b2fe,da3671bb6868d8a0,dea011b18cdbbc05,82c9bab338c30086
94071858,1,719,8c26094c517bd2eb,aec09393615b25e1,10fac75eae0b26d2,b90cd5e30013ebd7,af976b258767ac50
94116019,0,719,d481bce64b4d11ae,981fd4c34e47b2fe,da3671bb6868d8a0,dea011b18cdbbc05,82c9bab338c30086
94116019,1,719,22fb08057bf67d1e,cd91259a8712c9cc,a0aeb04c71fbcfca,22a0a3b0b93c13cd,3e5814fa5100814e
94221472,0,719,fb0329e2b8667fea,7d20b44b5bc23686,13770647289d8174,76f07113c91af6f8,29c954ea9235ad0b
94221472,1,719,321a8b289975167a,21240a2bc8ebc963,37b6703c72ada9c6,b176e574cd59a1fb,3215cdffde06c331
94229205,0,719,d481bce64b4d11ae,981fd4c34e47b2fe,da3671bb6868d8a0,dea011b18cdbbc05,82c9bab338c30086
94229205,1,719,56326ce59b29b227,120133281e230bf7,4a51b51ec89a000a,120ff1b1dde04d8a,6eeef3d4091c73c2
94289254,0,719,d481bce64b4d11ae,981fd4c34e47b2fe,da3671bb6868d8a0,23b7292cb3779e52,56b676bb5ece1b72
94289254,1,719,66948be2df3f02f2,821322f0bc39d2f2,100994a803208256,a710c80bab186a65,bc2515282befdc99
94412400,0,719,d481bce64b4d11ae,981fd4c34e47b2fe,da3671bb6868d8a0,dea011b18cdbbc05,316df712d4ad2269
94412400,1,719,7aecbce9d4fe5266,8a752d661143f960,d5c26240c5ad6f0a,8396fc62513f7d35,b4bf251e45b1d202
94414171,0,719,8be535034f640c6b,c4598d72fd135795,88869146d7587cf6,7ca123a26b0a4ff1,8013724742733117
94414171,1,719,321a8b289975167a,21240a2bc8ebc963,37b6703c72ada9c6,b176e574cd59a1fb,3215cdffde06c331
94417670,0,719,56326ce59b29b227,120133281e230bf7,4a51b51ec89a000a,120ff1b1dde04d8a,6eeef3d4091c73c2
94417670,1,719,321a8b289975167a,21240a2bc8ebc963,37b6703c72ada9c6,b176e574cd59a1fb,3215cdffde06c331
94459120,0,719,be713c01b0400eaa,adec419e57925159,74580dcd98ea63d7,5b98bd516fb108e1,eacf664ae303d57e
94459120,1,719,d481bce64b4d11ae,981fd4c34e47b2fe,da3671bb6868d8a0,79ff0941ef199383,749fec3286b8c533
94502366,0,719,d481bce64b4d11ae,981fd4c34e47b2fe,da3671bb6868d8a0,dea011b18cdbbc05,82c9bab338c30086
94502366,1,719,0ba379cd873d4a77,0e2c17c4fce0d5c9,5247719ff6dfd0a5,5ae45d532cc97266,68656a8a69a34adf
94519772,0,719,d481bce64b4d11ae,981fd4c34e47b2fe,da3671bb6868d8a0,dea011b18cdbbc05,316df712d4ad2269
94519772,1,719,b5057d2072180850,67d4444915a20c66,8013ac5dd26f0811,0b2be9526b14e575,586e25b9d0d6f2ee
94550724,0,719,d481bce64b4d11ae,981fd4c34e47b2fe,da3671bb6868d8a0,dea011b18cdbbc05,82c9bab338c30086
94550724,1,719,93cc45466313a1c2,9af8ad0aee88a660,0cbfdef85b4c624f,9086d7db5f00a241,5e26dcd2048dc00a
94554419,0,719,321a8b289975167a,21240a2bc8ebc963,37b6703c72ada9c6,b176e574cd59a1fb,3215cdffde06c331
94554419,1,719,458ad3166024086c,8b061270a4de5c4b,721e53ec0e236e73,d07070a5a8e647e8,c77b3325ffa5cd88
94749196,0,719,73e3d40067b48309,387654aa4cd2490e,3a5fb4178be344df,f30e0c76956743a0,3f108d028973c102
94749196,1,719,d481bce64b4d11ae,981fd4c34e47b2fe,da3671bb6868d8a0,dea011b18cdbbc05,af20dd9c412ed127
94876946,0,719,56326ce59b29b227,120133281e230bf7,4a51b51ec89a000a,120ff1b1dde04d8a,6eeef3d4091c73c2
94876946,1,719,321a8b289975167a,21240a2bc8ebc963,37b6703c72ada9c6,b176e574cd59a1fb,3215cdffde06c331
94877040,0,719,43c06345334eab39,45cd763f9456e1c0,75ffb0bb0dfe33b6,a8d1f5af95cd6deb,ca9b9fb26a7b6a7d
94877040,1,719,321a8b289975167a,21240a2bc8ebc963,37b6703c72ada9c6,b176e574cd59a1fb,3215cdffde06c331
94970486,0,719,c610eb019d77e58a,058835adf6414382,a5c63de31b0f1343,1b2d7c39cb03be1b,00cdad118176b5e7
94970486,1,719,d481bce64b4d11ae,981fd4c34e47b2fe,da3671bb6868d8a0,dea011b18cdbbc05,82c9bab338c30086
95018539,0,719,321a8b289975167a,21240a2bc8ebc963,37b6703c72ada9c6,b176e574cd59a1fb,3215cdffde06c331
95018539,1,719,1bd6053ed1ed9aff,36f4b7417fe4b766,841ad36dc67dba9c,3cc6cee2dc49609b,6813b82dbd0e4bbe
95093609,0,719,d481bce64b4d11ae,981fd4c34e47b2fe,da3671bb6868d8a0,dea011b18cdbbc05,82c9bab338c30086
95093609,1,719,9e49ff3d6fad08b5,fcfda86ff44a98cb,767aa429a07e6d6b,5ddcf410fe687d04,f26371c63d58dc15
95415721,0,719,d481bce64b4d11ae,981fd4c34e47b2fe,da3671bb6868d8a0,dea011b18cdbbc05,82c9bab338c30086
95415721,1,719,8c26094c517bd2eb,aec09393615b25e1,10fac75eae0b26d2,b90cd5e30013ebd7,af976b258767ac50
95456717,0,719,8641ba6be5e2454e,2b96cce0a1490a98,5566cd2c754f6ae3,5da857a8d7af390c,ce3290bd4073f83e
95456717,1,719,321a8b289975167a,21240a2bc8ebc963,37b6703c72ada9c6,b176e574cd59a1fb,3215cdffde06c331
95730404,0,719,d481bce64b4d11ae,981fd4c34e47b2fe,da3671bb6868d8a0,dea011b18cdbbc05,82c9bab338c30086
95730404,1,719,8c26094c517bd2eb,aec09393615b25e1,10fac75eae0b26d2,b90cd5e30013ebd7,af976b258767ac50
95901308,0,719,d481bce64b4d11ae,981fd4c34e47b2fe,da3671bb6868d8a0,dea011b18cdbbc05,82c9bab338c30086
95901308,1,719,d92e52805d58cb71,b714c5bb5d3d8a8f,c5d78751e42cf204,2454c530dab484dc,ca0d60527da431cd
95901537,0,719,321a8b289975167a,21240a2bc8ebc963,37b6703c72ada9c6,b176e574cd59a1fb,3215cdffde06c331
95901537,1,719,9f758b5dbfcf3a8a,59dd49c9561757bb,8b48d8582da4aafc,3dcd00575b7d5388,af29b2e176f976b5
96230102,0,719,a6ba1d6f5e797c0d,67512730801ac7c3,bcf761134896c4ca,05a396ee6c8747f2,ad629719a02eddb0
96230102,1,719,d481bce64b4d11ae,981fd4c34e47b2fe,da3671bb6868d8a0,c5b2ae11ec975b4f,4d93e3d95b927245
96325739,0,719,885e3ac5bcbe871c,cf8d722dd05e5da8,e0e7fb68ed48e52a,8fd5e02839eda65c,dfb2b443aafecc2e
96325739,1,719,321a8b289975167a,21240a2bc8ebc963,37b6703c72ada9c6,b176e574cd59a1fb,3215cdffde06c331
96510443,0,719,2a7868f8a5c95dcd,edd0fe718b0f06df,c38c68f76db836d8,862606830c3d6e81,00cbde0319464b8d
96510443,1,719,321a8b289975167a,21240a2bc8ebc963,37b6703c72ada9c6,b176e574cd59a1fb,3215cdffde06c331
96546942,0,719,56326ce59b29b227,120133281e230bf7,4a51b51ec89a000a,120ff1b1dde04d8a,6eeef3d4091c73c2
96546942,1,719,d481bce64b4d11ae,981fd4c34e47b2fe,da3671bb6868d8a0,dea011b18cdbbc05,51196f0d9546fde5
96667800,0,719,5a9130c3574d3757,1fd27e9a5ca091f5,c645277c29bef1c3,e00a788cdb03d9ea,a675f6e42d5c550d
96667800,1,719,d481bce64b4d11ae,981fd4c34e47b2fe,da3671bb6868d8a0,23b7292cb3779e52,56b676bb5ece1b72
96729454,0,719,321a8b289975167a,21240a2bc8ebc963,37b6703c72ada9c6,b176e574cd59a1fb,3215cdffde06c331
96729454,1,719,93a83a58aaa60929,ee1081a3983fb4f8,d9e3574b6600dc0c,beb0539c46d0831e,2469c52c0d38d4a7
96729458,0,719,fe6375836715e952,f8d99b224c83d63e,833544e95c3beef2,eb4103a3b9722abc,55ea11a0a447db9e
96729458,1,719,321a8b289975167a,21240a2bc8ebc963,37b6703c72ada9c6,b176e574cd59a1fb,3215cdffde06c331
96731635,0,719,321a8b289975167a,21240a2bc8ebc963,37b6703c72ada9c6,b176e574cd59a1fb,3215cdffde06c331
96731635,1,719,e74f689224da540c,db9d2ccb5fa082b9,ab4e019d29a10fd2,546aa2cb025084eb,cfa7587114e2ca56
96775070,0,719,56326ce59b29b227,120133281e230bf7,4a51b51ec89a000a,120ff1b1dde04d8a,6eeef3d4091c73c2
96775070,1,719,d481bce64b4d11ae,981fd4c34e47b2fe,da3671bb6868d8a0,dea011b18cdbbc05,82c9bab338c30086
96925569,0,719,c53ff06257d0f04a,4fd498cf75e8b41f,6fa6a15a6e06738f,22d9868c5d9456d3,558578f34e125e01
96925569,1,719,d481bce64b4d11ae,981fd4c34e47b2fe,da3671bb6868d8a0,dea011b18cdbbc05,82c9bab338c30086
97055808,0,719,d481bce64b4d11ae,981fd4c34e47b2fe,da3671bb6868d8a0,dea011b18cdbbc05,82c9bab338c30086
97055808,1,719,56326ce59b29b227,120133281e230bf7,4a51b51ec89a000a,120ff1b1dde04d8a,6eeef3d4091c73c2
97160562,0,719,3f945a40a824595f,831be2035e1773e9,33d537c5060ed36e,ecd17d13c6916103,77620062d57c987d
97160562,1,719,321a8b289975167a,21240a2bc8ebc963,37b6703c72ada9c6,b176e574cd59a1fb,3215cdffde06c331
97199364,0,719,d481bce64b4d11ae,981fd4c34e47b2fe,da3671bb6868d8a0,dea011b18cdbbc05,82c9bab338c30086
97199364,1,719,010419279f407f09,214c71dfd4d77cde,0c884555712adec3,76fc31ce901f3f08,172ca6463f45f9d2
97274559,0,719,321a8b289975167a,21240a2bc8ebc963,37b6703c72ada9c6,b176e574cd59a1fb,3215cdffde06c331
97274559,1,719,e0b18814151dd91c,472d99cd33823f95,4d2be9d4e5decb91,7839c46f2e19465d,566bb0dd8dbd9074
97527907,0,719,99b095c8c0a52a02,95bcbd2a1a6a7fde,b584db82db0fe48c,058c109c23f5d4bb,6132b4c15ec281ea
97527907,1,719,d481bce64b4d11ae,981fd4c34e47b2fe,da3671bb6868d8a0,dea011b18cdbbc05,82c9bab338c30086
97589436,0,719,321a8b289975167a,21240a2bc8ebc963,37b6703c72ada9c6,b176e574cd59a1fb,3215cdffde06c331
97589436,1,719,364566d547d56d92,1b0a24c4e0c345b7,1197eda9777f9f1d,1a46e0f7119f668f,6de1133bfe83ed43
97628355,0,719,84fa328e59e1f525,3b7d442445453abd,0e75558fb14a1f0a,8638e9efdad72d29,c54db162cee0dc07
97628355,1,719,321a8b289975167a,21240a2bc8ebc963,37b6703c72ada9c6,b176e574cd59a1fb,3215cdffde06c331
97710390,0,719,41b5ca0070eb303a,791ece1ab03b1f1f,8983686a7f913280,27b2e6a48f216059,f44910137aa05638
97710390,1,719,d481bce64b4d11ae,981fd4c34e47b2fe,da3671bb6868d8a0,dea011b18cdbbc05,316df712d4ad2269
97808730,0,719,321a8b289975167a,21240a2bc8ebc963,37b6703c72ada9c6,b176e574cd59a1fb,3215cdffde06c331
97808730,1,719,26bbf4c8737841f1,428b5d01974b7f13,7cdf105e70939eae,1c7631a9eab8ad59,fa269e34bae20d11
97826789,0,719,d481bce64b4d11ae,981fd4c34e47b2fe,da3671bb6868d8a0,dea011b18cdbbc05,82c9bab338c30086
97826789,1,719,6814e0adc0b0d00a,286abe678c553877,52c550744eb670b2,9e1d1cb3875fb972,02556cf294a1bc56
98162167,0,719,d481bce64b4d11ae,981fd4c34e47b2fe,da3671bb6868d8a0,dea011b18cdbbc05,82c9bab338c30086
98162167,1,719,010419279f407f09,4388f3a23e942d28,60ea01cdddd5ac15,4d42a5948173a306,5cd2fcd141cc152c
98171109,0,719,c0c300df63b8cefa,9574a04a5b5923d1,9af8648b75d16401,e46841400df16f37,91f3d19244a6ba46
98171109,1,719,d481bce64b4d11ae,981fd4c34e47b2fe,da3671bb6868d8a0,c5b2ae11ec975b4f,45fafd0ed8ba36c7
98235130,0,719,321a8b289975167a,21240a2bc8ebc963,37b6703c72ada9c6,b176e574cd59a1fb,3215cdffde06c331
98235130,1,719,010419279f407f09,214c71dfd4d77cde,0c884555712adec3,76fc31ce901f3f08,172ca6463f45f9d2
98488289,0,719,321a8b289975167a,21240a2bc8ebc963,37b6703c72ada9c6,b176e574cd59a1fb,3215cdffde06c331
98488289,1,719,56326ce59b29b227,120133281e230bf7,4a51b51ec89a000a,120ff1b1dde04d8a,6eeef3d4091c73c2
98529577,0,719,d481bce64b4d11ae,981fd4c34e47b2fe,da3671bb6868d8a0,79ff0941ef199383,749fec3286b8c533
98529577,1,719,c01215aa2aaddf13,7ef0b5b4d1ed1c0e,2f94fae47ba0f222,610261672ff9a979,1bb086e5e28cb378
98718322,0,719,56326ce59b29b227,120133281e230bf7,4a51b51ec89a000a,120ff1b1dde04d8a,6eeef3d4091c73c2
98718322,1,719,321a8b289975167a,21240a2bc8ebc963,37b6703c72ada9c6,b176e574cd59a1fb,3215cdffde06c331
98759442,0,719,321a8b289975167a,21240a2bc8ebc963,37b6703c72ada9c6,b176e574cd59a1fb,3215cdffde06c331
98759442,1,719,2b856d0f4ba918fe,99386fca0adaf6df,ff8c6231491f5649,7da27ee2623bd493,f413a688e0fb92e9
98836862,0,719,480c49b3e843e8db,41c8a3f32479cd76,001341019122d080,65942405fc68fd68,2d0007abf883522b
98836862,1,719,d481bce64b4d11ae,981fd4c34e47b2fe,da3671bb6868d8a0,dea011b18cdbbc05,82c9bab338c30086
99092389,0,719,d481bce64b4d11ae,981fd4c34e47b2fe,da3671bb6868d8a0,c5b2ae11ec975b4f,4d93e3d95b927245
99092389,1,719,4756b5c67e4f77b5,a2fde95de818cdc2,5bff7be194bb5ca6,17575cb78b7bc297,91df76342fbeff79
99204178,0,719,56326ce59b29b227,120133281e230bf7,4a51b51ec89a000a,120ff1b1dde04d8a,6eeef3d4091c73c2
99204178,1,719,321a8b289975167a,21240a2bc8ebc963,37b6703c72ada9c6,b176e574cd59a1fb,3215cdffde06c331
99441404,0,719,56326ce59b29b227,120133281e230bf7,4a51b51ec89a000a,120ff1b1dde04d8a,6eeef3d4091c73c2
99441404,1,719,d481bce64b4d11ae,981fd4c34e47b2fe,da3671bb6868d8a0,dea011b18cdbbc05,316df712d4ad2269
99512078,0,719,17b31058b70a65c8,0d898a7b0d621310,722e5ad556e7ea4e,9392c1d632b536a1,24a740b932be4144
99512078,1,719,d481bce64b4d11ae,981fd4c34e47b2fe,da3671bb6868d8a0,dea011b18cdbbc05,82c9bab338c30086
99607735,0,719,321a8b289975167a,21240a2bc8ebc963,37b6703c72ada9c6,b176e574cd59a1fb,3215cdffde06c331
99607735,1,719,33a926473c0c0e04,994f873f75064fef,045b59bada9a9ba1,4d9720fe1fd917fa,4e945ab7c8aa93ab
99842702,0,719,850712bbaf187e85,7379b75185c4429b,9a46654acaf30a5e,dfa591c65b0b260a,114fbc6bfed503bb
99842702,1,719,d481bce64b4d11ae,981fd4c34e47b2fe,da3671bb6868d8a0,dea011b18cdbbc05,82c9bab338c30086
100073052,0,719,2d3fcbd64959bb32,d73cd2f49a06cff2,a99a9bafadc6deb4,efdf011be6334339,48ea5877d0097976
100073052,1,719,d481bce64b4d11ae,981fd4c34e47b2fe,da3671bb6868d8a0,dea011b18cdbbc05,3f5601b5e36a92ba
100075593,0,719,b2daca769de5ecea,a26a12497dce3e34,87da346da98a3d6e,0108f1107970af52,8fe487f16c900096
100075593,1,719,321a8b289975167a,21240a2bc8ebc963,37b6703c72ada9c6,b176e574cd59a1fb,3215cdffde06c331
100125841,0,719,010419279f407f09,214c71dfd4d77cde,0c884555712adec3,76fc31ce901f3f08,172ca6463f45f9d2
100125841,1,719,d481bce64b4d11ae,981fd4c34e47b2fe,da3671bb6868d8a0,dea011b18cdbbc05,82c9bab338c30086
100385346,0,719,3e26081ed14574e3,aa2c5e6452321e3a,438fcdc5b105f5d7,d4778edd31d16d05,9d6de0fb50bd75b8
100385346,1,719,321a8b289975167a,21240a2bc8ebc963,37b6703c72ada9c6,b176e574cd59a1fb,3215cdffde06c331
100426510,0,719,5a676d97dd4c1f18,b12ba6aba0ca1b57,b1dec43e6e54748d,566bdf226e297348,a6bc448f22409668
100426510,1,719,d481bce64b4d11ae,981fd4c34e47b2fe,da3671bb6868d8a0,23b7292cb3779e52,56b676bb5ece1b72
100430990,0,719,3f50a0e581c60dde,7b66bffd9d366a24,0b008b14cee986b8,e0dd0bf910557edc,8644d5bb75490f09
100430990,1,719,321a8b289975167a,21240a2bc8ebc963,37b6703c72ada9c6,b176e574cd59a1fb,3215cdffde06c331
100499398,0,719,a5f6ede30339e5f7,b800eb8d941bde58,4df59a9a93d112ac,d760c36ae8898d75,1390a1d8a2a98d59
100499398,1,719,321a8b289975167a,21240a2bc8ebc963,37b6703c72ada9c6,b176e574cd59a1fb,3215cdffde06c331
100754946,0,719,d481bce64b4d11ae,981fd4c34e47b2fe,da3671bb6868d8a0,dea011b18cdbbc05,82c9bab338c30086
100754946,1,719,44486465e5b9044d,18111e01098ea1ae,5bd2762d937f5c0a,2dc6ed69a764aaee,1f30e4d162f3beff
100846011,0,719,d481bce64b4d11ae,981fd4c34e47b2fe,da3671bb6868d8a0,23b7292cb3779e52,56b676bb5ece1b72
100846011,1,719,bc1f7887e391a960,612a843c7da43cd6,27ed56c0955d8045,b46abe17b61d1502,b1f4b9766e8e8aec
100996925,0,719,321a8b289975167a,21240a2bc8ebc963,37b6703c72ada9c6,b176e574cd59a1fb,3215cdffde06c331
100996925,1,719,56326ce59b29b227,120133281e230bf7,4a51b51ec89a000a,120ff1b1dde04d8a,6eeef3d4091c73c2
101012900,0,719,321a8b289975167a,21240a2bc8ebc963,37b6703c72ada9c6,b176e574cd59a1fb,3215cdffde06c331
101012900,1,719,6d25ebe43dbfecef,37c093257599532f,2e171dc12b04bde0,f284d9c9fe2af9d2,c630cf2221056753
101167871,0,719,cc19a140605730cd,682736e4ac40bd9b,f773dcf274b71620,2ded17a8acda7c49,01145f515e26364a
101167871,1,719,d481bce64b4d11ae,981fd4c34e47b2fe,da3671bb6868d8a0,dea011b18cdbbc05,82c9bab338c30086
101478120,0,719,1ffc778e5e7f9468,30870c69b17b07f8,223588fc3bd3bf0a,170fc82dc3d5ef84,8d09e44725ba4b56
101478120,1,719,321a8b289975167a,21240a2bc8ebc963,37b6703c72ada9c6,b176e574cd59a1fb,3215cdffde06c331
101498197,0,719,d481bce64b4d11ae,981fd4c34e47b2fe,da3671bb6868d8a0,dea011b18cdbbc05,82c9bab338c30086
101498197,1,719,8c26094c517bd2eb,aec09393615b25e1,10fac75eae0b26d2,b90cd5e30013ebd7,af976b258767ac50
101793106,0,719,d481bce64b4d11ae,981fd4c34e47b2fe,da3671bb6868d8a0,dea011b18cdbbc05,82c9bab338c30086
101793106,1,719,8c26094c517bd2eb,aec09393615b25e1,10fac75eae0b26d2,b90cd5e30013ebd7,af976b258767ac50
101922551,0,719,d481bce64b4d11ae,981fd4c34e47b2fe,da3671bb6868d8a0,dea011b18cdbbc05,82c9bab338c30086
101922551,1,719,56326ce59b29b227,120133281e230bf7,4a51b51ec89a000a,120ff1b1dde04d8a,6eeef3d4091c73c2
101927038,0,719,56326ce59b29b227,120133281e230bf7,4a51b51ec89a000a,120ff1b1dde04d8a,6eeef3d4091c73c2
101927038,1,719,321a8b289975167a,21240a2bc8ebc963,37b6703c72ada9c6,b176e574cd59a1fb,3215cdffde06c331
101933711,0,719,56326ce59b29b227,120133281e230bf7,4a51b51ec89a000a,120ff1b1dde04d8a,6eeef3d4091c73c2
101933711,1,719,321a8b289975167a,21240a2bc8ebc963,37b6703c72ada9c6,b176e574cd59a1fb,3215cdffde06c331
102234973,0,719,d481bce64b4d11ae,981fd4c34e47b2fe,da3671bb6868d8a0,dea011b18cdbbc05,82c9bab338c30086
102234973,1,719,8c26094c517bd2eb,aec09393615b25e1,10fac75eae0b26d2,b90cd5e30013ebd7,af976b258767ac50
102326464,0,719,321a8b289975167a,21240a2bc8ebc963,37b6703c72ada9c6,b176e574cd59a1fb,3215cdffde06c331
102326464,1,719,56326ce59b29b227,120133281e230bf7,4a51b51ec89a000a,120ff1b1dde04d8a,6eeef3d4091c73c2
102456020,0,719,d481bce64b4d11ae,981fd4c34e47b2fe,da3671bb6868d8a0,dea011b18cdbbc05,82c9bab338c30086
102456020,1,719,9974cd9df0673371,7e0c0559f6a558ad,d0eec799c3d1d866,56e92d66ab7b5c8b,9786783b4cdf37b1
102770679,0,719,d481bce64b4d11ae,981fd4c34e47b2fe,da3671bb6868d8a0,dea011b18cdbbc05,82c9bab338c30086
102770679,1,719,7be4af1c86ce0ac3,1cfc103bddb80517,d6a00de88a8b555e,6a6292f3eda90439,3f6ab141eb34de27
102772887,0,719,321a8b289975167a,21240a2bc8ebc963,37b6703c72ada9c6,b176e574cd59a1fb,3215cdffde06c331
102772887,1,719,8345facf56174ce7,23a3e171c3f44696,976bd6f6b21f103b,c5bfa7b3bd5d42a0,5f9a0e145a52e05a
102971450,0,719,56326ce59b29b227,120133281e230bf7,4a51b51ec89a000a,120ff1b1dde04d8a,6eeef3d4091c73c2
102971450,1,719,321a8b289975167a,21240a2bc8ebc963,37b6703c72ada9c6,b176e574cd59a1fb,3215cdffde06c331
103035995,0,719,e8bee03e4437bd98,45cf1f121c2c1541,472d7fb2f823bbe6,1c1cb90d797bdea3,f4e47d36a2885b12
103035995,1,719,d481bce64b4d11ae,981fd4c34e47b2fe,da3671bb6868d8a0,dea011b18cdbbc05,82c9bab338c30086
103147740,0,719,d481bce64b4d11ae,981fd4c34e47b2fe,da3671bb6868d8a0,dea011b18cdbbc05,316df712d4ad2269
103147740,1,719,56326ce59b29b227,120133281e230bf7,4a51b51ec89a000a,120ff1b1dde04d8a,6eeef3d4091c73c2
103469333,0,719,b59a22df7daba57a,5d6f2365c7b9f69c,4d5ce57392bacd54,24cc0d702f60b59e,9279e015affb7e70
103469333,1,719,321a8b289975167a,21240a2bc8ebc963,37b6703c72ada9c6,b176e574cd59a1fb,3215cdffde06c331
103487012,0,719,943da87815385517,65f7a79efb7a0270,e4f8513ed20ef5a4,50812a5114394dfc,0323c11d84ff6fb4
103487012,1,719,d481bce64b4d11ae,981fd4c34e47b2fe,da3671bb6868d8a0,dea011b18cdbbc05,3f5601b5e36a92ba
103754843,0,719,3b7691e617e3d79c,3746b7d6b6532c7b,5fa0dc1b8b368c7c,918fc0161fe6661a,7b1b2fce5b0a7599
103754843,1,719,d481bce64b4d11ae,981fd4c34e47b2fe,da3671bb6868d8a0,dea011b18cdbbc05,82c9bab338c30086
103966892,0,719,56326ce59b29b227,120133281e230bf7,4a51b51ec89a000a,120ff1b1dde04d8a,6eeef3d4091c73c2
103966892,1,719,321a8b289975167a,21240a2bc8ebc963,37b6703c72ada9c6,b176e574cd59a1fb,3215cdffde06c331
104004738,0,719,77e117673890166c,2c33ab9745153fc9,3efbba62d921f326,900bf0c09f05a802,528c73b3906c5e4e
104004738,1,719,d481bce64b4d11ae,981fd4c34e47b2fe,da3671bb6868d8a0,dea011b18cdbbc05,82c9bab338c30086
104348450,0,719,d481bce64b4d11ae,981fd4c34e47b2fe,da3671bb6868d8a0,dea011b18cdbbc05,316df712d4ad2269
104348450,1,719,211943802692dc7d,a7d2dec94d7f9614,2e938dd482aebbdf,aa931f99431fb8c1,ba8785dcbbe75eb1
104419837,0,719,56326ce59b29b227,120133281e230bf7,4a51b51ec89a000a,120ff1b1dde04d8a,6eeef3d4091c73c2
104419837,1,719,321a8b289975167a,21240a2bc8ebc963,37b6703c72ada9c6,b176e574cd59a1fb,3215cdffde06c331
104471331,0,719,20a823b8bf42a5ff,0eddd712c456fbea,b48ddabf2dd3e5b5,3d9f7415471c2403,8453d147ee95278b
104471331,1,719,d481bce64b4d11ae,981fd4c34e47b2fe,da3671bb6868d8a0,dea011b18cdbbc05,82c9bab338c30086
104518936,0,719,d481bce64b4d11ae,981fd4c34e47b2fe,da3671bb6868d8a0,dea011b18cdbbc05,82c9bab338c30086
104518936,1,719,26b9c50eb32b2df4,35319649f68b1641,78e0a7890c7bbabf,63964b2b95629cc9,93c39ffb649d4865
104534408,0,719,d481bce64b4d11ae,981fd4c34e47b2fe,da3671bb6868d8a0,dea011b18cdbbc05,82c9bab338c30086
104534408,1,719,5961f3e57a45babd,4eb8308f5d09f629,1feb089625b39cc9,ea6868283e351a1a,f23574a694defe48
104556408,0,719,94ab9a6804aa5cc4,927c7af7efecb092,67b26c23509e1015,89d7e7cb722fc865,6428d7ade92c7e8c
104556408,1,719,321a8b289975167a,21240a2bc8ebc963,37b6703c72ada9c6,b176e574cd59a1fb,3215cdffde06c331
104610847,0,719,d481bce64b4d11ae,981fd4c34e47b2fe,da3671bb6868d8a0,dea011b18cdbbc05,82c9bab338c30086
104610847,1,719,8c26094c517bd2eb,aec09393615b25e1,10fac75eae0b26d2,b90cd5e30013ebd7,af976b258767ac50
104622378,0,719,321a8b289975167a,21240a2bc8ebc963,37b6703c72ada9c6,b176e574cd59a1fb,3215cdffde06c331
104622378,1,719,46f1ea62aecf9155,6f4370534ddb46e8,72b7e7b59bc4ab06,0d5f3b27b76f83f3,c28b1bfbc2f1341c
104716790,0,719,27b6f66e9993ab6e,c42f397844fc6e0c,a1eb64606ae29590,a4304bf3daed7d1c,11bee31227662388
104716790,1,719,d481bce64b4d11ae,981fd4c34e47b2fe,da3671bb6868d8a0,dea011b18cdbbc05,82c9bab338c30086
104726731,0,719,82fb5e9408ce0472,e07fc9eafa5f5e7a,628fdbec89bac5d1,fa6bab99b36bc9ff,8f59badc968c496f
104726731,1,719,d481bce64b4d11ae,981fd4c34e47b2fe,da3671bb6868d8a0,dea011b18cdbbc05,82c9bab338c30086
104730801,0,719,56326ce59b29b227,120133281e230bf7,4a51b51ec89a000a,120ff1b1dde04d8a,6eeef3d4091c73c2
104730801,1,719,321a8b289975167a,21240a2bc8ebc963,37b6703c72ada9c6,b176e574cd59a1fb,3215cdffde06c331
104776943,0,719,e2ca9c10a3d809ae,9af5250bc0617947,ae3c55cfe5888c20,089d4318329f5154,0ea70411f837e059
104776943,1,719,d481bce64b4d11ae,981fd4c34e47b2fe,da3671bb6868d8a0,c5b2ae11ec975b4f,4d93e3d95b927245
104820248,0,719,8c26094c517bd2eb,aec09393615b25e1,10fac75eae0b26d2,b90cd5e30013ebd7,af976b258767ac50
104820248,1,719,d481bce64b4d11ae,981fd4c34e47b2fe,da3671bb6868d8a0,dea011b18cdbbc05,82c9bab338c30086
104886859,0,719,321a8b289975167a,21240a2bc8ebc963,37b6703c72ada9c6,b176e574cd59a1fb,3215cdffde06c331
104886859,1,719,0cb23a8a621ce05f,856ebf200b2a8406,6e3b01931e631402,05b2d2e2b76dd6a4,71abf463a094b9da
104918045,0,719,d8550ede0cc2c4bd,94a16539ab0a8e85,f03ab4c0def92767,94e045fba629edee,e03e7f375be9a530
104918045,1,719,d481bce64b4d11ae,981fd4c34e47b2fe,da3671bb6868d8a0,dea011b18cdbbc05,7dfa48f1d0d9a42d
104952362,0,719,d481bce64b4d11ae,981fd4c34e47b2fe,da3671bb6868d8a0,23b7292cb3779e52,56b676bb5ece1b72
104952362,1,719,de018e53e3a9cb5a,e8a4e2eea22c2402,e22b1f58f8d3a498,ef14e7044842fe13,cf3f6170460289c1
104969420,0,719,7f7deff9a3ddc520,8e29c4295cd97768,c10d6cbaa3da15a1,a5e5f1781d476c2a,bcce98f001cf4f7e
104969420,1,719,d481bce64b4d11ae,981fd4c34e47b2fe,da3671bb6868d8a0,dea011b18cdbbc05,3f5601b5e36a92ba
104975364,0,719,73f69febf85850c1,a62263fbbd492bc7,505c9c879f9d3e89,4e24501a96742a49,f09fe5e4223f5184
104975364,1,719,d481bce64b4d11ae,981fd4c34e47b2fe,da3671bb6868d8a0,dea011b18cdbbc05,82c9bab338c30086
105023994,0,719,d481bce64b4d11ae,981fd4c34e47b2fe,da3671bb6868d8a0,dea011b18cdbbc05,82c9bab338c30086
105023994,1,719,277977c26649b309,2e5154fd6564440f,da57830b481de34e,dfb6d560971e7603,da6ad87d55222933
105043554,0,719,56326ce59b29b227,120133281e230bf7,4a51b51ec89a000a,120ff1b1dde04d8a,6eeef3d4091c73c2
105043554,1,719,321a8b289975167a,21240a2bc8ebc963,37b6703c72ada9c6,b176e574cd59a1fb,3215cdffde06c331
105124534,0,719,d481bce64b4d11ae,981fd4c34e47b2fe,da3671bb6868d8a0,dea011b18cdbbc05,82c9bab338c30086
105124534,1,719,24db7ee251f853cd,fbf9518bf652f126,57022f2c648458a5,977e662b20430090,13b2536c62de3990
105159675,0,719,d481bce64b4d11ae,981fd4c34e47b2fe,da3671bb6868d8a0,23b7292cb3779e52,56b676bb5ece1b72
105159675,1,719,69ef52ec4ee9e2f0,81c6c6b3161dad81,8f33b49e1b12608d,89a365beefe90b57,f73c7b108f3bb12f
105206402,0,719,56326ce59b29b227,120133281e230bf7,4a51b51ec89a000a,120ff1b1dde04d8a,6eeef3d4091c73c2
105206402,1,719,321a8b289975167a,21240a2bc8ebc963,37b6703c72ada9c6,b176e574cd59a1fb,3215cdffde06c331
105299123,0,719,d481bce64b4d11ae,981fd4c34e47b2fe,da3671bb6868d8a0,dea011b18cdbbc05,82c9bab338c30086
105299123,1,719,fc4341814adf53c3,b3076c7c58d45184,e75e83f3f08daa6d,372e8de3d32f431b,5408c8578f2c8246
105321445,0,719,321a8b289975167a,21240a2bc8ebc963,37b6703c72ada9c6,b176e574cd59a1fb,3215cdffde06c331
105321445,1,719,56326ce59b29b227,120133281e230bf7,4a51b51ec89a000a,120ff1b1dde04d8a,6eeef3d4091c73c2
105436340,0,719,9d41eceb2e5ef3c5,9f71deefbd2ba5ed,55f9eaae6709f942,a00401958c5a232b,528733fadb9b6bb5
105436340,1,719,d481bce64b4d11ae,981fd4c34e47b2fe,da3671bb6868d8a0,dea011b18cdbbc05,7dfa48f1d0d9a42d
105447403,0,719,d481bce64b4d11ae,981fd4c34e47b2fe,da3671bb6868d8a0,dea011b18cdbbc05,82c9bab338c30086
105447403,1,719,4931aa68feb1ac38,981e2c924ecade74,3bd30c71ece44a01,f815811edb5e16b5,df6b0f42c43b155d
105470247,0,719,e9049ce7113ac6bc,ba35bd1c4a390883,5b4789882f214948,760608dff2163df0,553935c4034325e1
105470247,1,719,d481bce64b4d11ae,981fd4c34e47b2fe,da3671bb6868d8a0,dea011b18cdbbc05,82c9bab338c30086
105488652,0,719,321a8b289975167a,21240a2bc8ebc963,37b6703c72ada9c6,b176e574cd59a1fb,3215cdffde06c331
105488652,1,719,56326ce59b29b227,120133281e230bf7,4a51b51ec89a000a,120ff1b1dde04d8a,6eeef3d4091c73c2
105600677,0,719,d481bce64b4d11ae,981fd4c34e47b2fe,da3671bb6868d8a0,dea011b18cdbbc05,82c9bab338c30086
105600677,1,719,8c26094c517bd2eb,aec09393615b25e1,10fac75eae0b26d2,b90cd5e30013ebd7,af976b258767ac50
105638958,0,719,d481bce64b4d11ae,981fd4c34e47b2fe,da3671bb6868d8a0,dea011b18cdbbc05,82c9bab338c30086
105638958,1,719,8c26094c517bd2eb,aec09393615b25e1,10fac75eae0b26d2,79f21273d93f38e3,2b02ec3e079ab09c
105659195,0,719,321a8b289975167a,21240a2bc8ebc963,37b6703c72ada9c6,b176e574cd59a1fb,3215cdffde06c331
105659195,1,719,fd9a87e34909d417,c872bf0b34a53947,ee6dea46a8648023,8e63b5903c696058,ac037b4acbdfdc34
105661967,0,719,d481bce64b4d11ae,981fd4c34e47b2fe,da3671bb6868d8a0,23b7292cb3779e52,56b676bb5ece1b72
105661967,1,719,dd7c8e23dd0f2fae,fc61141918147a21,cf74d0e33a261a5b,caa8b1c66439779d,4147a4ca353fc342
105702306,0,719,d481bce64b4d11ae,981fd4c34e47b2fe,da3671bb6868d8a0,66c4474d5b6d23f3,1b0ade54db826772
105702306,1,719,885e3ac5bcbe871c,cf8d722dd05e5da8,e0e7fb68ed48e52a,8fd5e02839eda65c,dfb2b443aafecc2e
105829653,0,719,7f7af9c120b44181,3dca437e1411e9bd,69ca4fecd108a25f,c9036a88fcbfabbf,bfc6b002c0abf86d
105829653,1,719,321a8b289975167a,21240a2bc8ebc963,37b6703c72ada9c6,b176e574cd59a1fb,3215cdffde06c331
105837818,0,719,d481bce64b4d11ae,981fd4c34e47b2fe,da3671bb6868d8a0,dea011b18cdbbc05,82c9bab338c30086
105837818,1,719,516a1dd620bd1c0e,f0f6c5ce4c7e076b,ef186d42ebc7803d,efd31db78984cf45,0a65c3a227850a41
105925757,0,719,56326ce59b29b227,120133281e230bf7,4a51b51ec89a000a,120ff1b1dde04d8a,6eeef3d4091c73c2
105925757,1,719,d481bce64b4d11ae,981fd4c34e47b2fe,da3671bb6868d8a0,dea011b18cdbbc05,82c9bab338c30086
105999472,0,719,56326ce59b29b227,120133281e230bf7,4a51b51ec89a000a,120ff1b1dde04d8a,6eeef3d4091c73c2
105999472,1,719,321a8b289975167a,21240a2bc8ebc963,37b6703c72ada9c6,b176e574cd59a1fb,3215cdffde06c331
106029646,0,719,5d96d36d04cbb263,c4fa4e62e1bf4334,c7b83501fb220bc1,62942a11a43cfbdf,ed23d57e2a2d763c
106029646,1,719,321a8b289975167a,21240a2bc8ebc963,37b6703c72ada9c6,b176e574cd59a1fb,3215cdffde06c331
106061084,0,719,d481bce64b4d11ae,981fd4c34e47b2fe,da3671bb6868d8a0,dea011b18cdbbc05,82c9bab338c30086
106061084,1,719,f174c721178f9479,cb3a2496ee9b6493,a4e70f5e5e1d358a,e7b315a3dde2f8f4,373f957e8a56136b
106080244,0,719,42882e0577af7fa1,79aa1e131f119d8a,7f83c1deb45b35c6,33bc553efe62b629,cf33b379de64e230
106080244,1,719,d481bce64b4d11ae,981fd4c34e47b2fe,da3671bb6868d8a0,dea011b18cdbbc05,82c9bab338c30086
106123264,0,719,a18516f5fb47f455,860a035a28959cee,c19dd5bbec6b063e,8d665bd10b31f5bd,b3f45ad4ce0c74a2
106123264,1,719,d481bce64b4d11ae,981fd4c34e47b2fe,da3671bb6868d8a0,dea011b18cdbbc05,82c9bab338c30086
106200789,0,719,0ba379cd873d4a77,0e2c17c4fce0d5c9,5247719ff6dfd0a5,5ae45d532cc97266,62b433dc61d4dc00
106200789,1,719,321a8b289975167a,21240a2bc8ebc963,37b6703c72ada9c6,b176e574cd59a1fb,3215cdffde06c331
106212578,0,719,d481bce64b4d11ae,981fd4c34e47b2fe,da3671bb6868d8a0,dea011b18cdbbc05,82c9bab338c30086
106212578,1,719,56326ce59b29b227,120133281e230bf7,4a51b51ec89a000a,120ff1b1dde04d8a,6eeef3d4091c73c2
106244906,0,719,71515fb1f6426f41,1cfd770f6e602a6a,cc024b879a9cc10e,2af0b5aa80d6a956,7ac6b4745cd192cc
106244906,1,719,321a8b289975167a,21240a2bc8ebc963,37b6703c72ada9c6,b176e574cd59a1fb,3215cdffde06c331
106342382,0,719,d481bce64b4d11ae,981fd4c34e47b2fe,da3671bb6868d8a0,dea011b18cdbbc05,2c1786c4784b7db7
106342382,1,719,6142ed8c15b778b8,04ee6f3a5eaec3bd,32dcd3e17893c8ff,13b81c9dc502a541,5bccf7fb4f31dbfb
106415602,0,719,8641ba6be5e2454e,2b96cce0a1490a98,08fab8ddd17278b7,a7ebfa532c7f3762,c629230341b65697
106415602,1,719,321a8b289975167a,21240a2bc8ebc963,37b6703c72ada9c6,b176e574cd59a1fb,3215cdffde06c331
106457990,0,719,d01afbb8fb2a816a,307ab897f8ba9a01,67cf8bc40cd9b400,5d990d9464a2667b,1b65b3e11041996b
106457990,1,719,321a8b289975167a,21240a2bc8ebc963,37b6703c72ada9c6,b176e574cd59a1fb,3215cdffde06c331
106478308,0,719,a4f4d6be0f0cc977,105e9451e907b940,91df8f704afc0454,68946dc944d459c3,d9e5432f4fe15d3e
106478308,1,719,d481bce64b4d11ae,981fd4c34e47b2fe,da3671bb6868d8a0,79ff0941ef199383,749fec3286b8c533
106518115,0,719,0b1de06b5eaf07c3,2838a89d255fd82b,c8907137260f1f65,43c7b0a21cdd0a06,9c7c4298b5f35415
106518115,1,719,321a8b289975167a,21240a2bc8ebc963,37b6703c72ada9c6,b176e574cd59a1fb,3215cdffde06c331
106602887,0,719,321a8b289975167a,21240a2bc8ebc963,37b6703c72ada9c6,b176e574cd59a1fb,3215cdffde06c331
106602887,1,719,56326ce59b29b227,120133281e230bf7,4a51b51ec89a000a,120ff1b1dde04d8a,6eeef3d4091c73c2
106613138,0,719,d481bce64b4d11ae,981fd4c34e47b2fe,da3671bb6868d8a0,dea011b18cdbbc05,82c9bab338c30086
106613138,1,719,fe943c22160cf608,3d0f1b2f3bc028df,16b1db6b6c4233aa,366a2859a7fadb7e,a4ed402f3d9f74c1
106642095,0,719,c4532df74c26c208,871df9ee73776a56,e60aeea51632a8ec,bddbcd2d3d719c66,0e71209f55cbf851
106642095,1,719,d481bce64b4d11ae,981fd4c34e47b2fe,da3671bb6868d8a0,dea011b18cdbbc05,82c9bab338c30086
106777721,0,719,321a8b289975167a,21240a2bc8ebc963,37b6703c72ada9c6,b176e574cd59a1fb,3215cdffde06c331
106777721,1,719,0a1540b51f629197,b2ae7b3398581418,8e5e367c126cd96b,d24264a23098fa99,50fc76ec8359118f
106781514,0,719,6a768813471614d5,dd084c48222e130a,fa0739274093ed21,3359e4c6dc35fdc2,a0a9a687f9940e85
106781514,1,719,d481bce64b4d11ae,981fd4c34e47b2fe,da3671bb6868d8a0,dea011b18cdbbc05,82c9bab338c30086
106920135,0,719,464459457504c81f,7306c1b9bf163a9e,4bce223862cf7cff,1f951bc7a9d422de,21c30564bd7d12a8
106920135,1,719,321a8b289975167a,21240a2bc8ebc963,37b6703c72ada9c6,b176e574cd59a1fb,3215cdffde06c331
106922021,0,719,010419279f407f09,214c71dfd4d77cde,0c884555712adec3,76fc31ce901f3f08,172ca6463f45f9d2
106922021,1,719,d481bce64b4d11ae,981fd4c34e47b2fe,da3671bb6868d8a0,dea011b18cdbbc05,82c9bab338c30086
106992368,0,719,321a8b289975167a,21240a2bc8ebc963,37b6703c72ada9c6,b176e574cd59a1fb,3215cdffde06c331
106992368,1,719,56326ce59b29b227,120133281e230bf7,4a51b51ec89a000a,120ff1b1dde04d8a,6eeef3d4091c73c2
107063798,0,719,d481bce64b4d11ae,981fd4c34e47b2fe,da3671bb6868d8a0,dea011b18cdbbc05,3f5601b5e36a92ba
107063798,1,719,91c667d081893be9,5235252c3069fd25,8f416bc789a0991d,4dca29c5131129ac,e89fb0a8d93f69d7
107118710,0,719,a56c6b5965dc4169,63fa527b765dfd52,29be86685f796b60,c0740deb6cbfcbf2,7c3a1ae287085d9d
107118710,1,719,321a8b289975167a,21240a2bc8ebc963,37b6703c72ada9c6,b176e574cd59a1fb,3215cdffde06c331
107127257,0,719,8c26094c517bd2eb,aec09393615b25e1,10fac75eae0b26d2,b90cd5e30013ebd7,af976b258767ac50
107127257,1,719,d481bce64b4d11ae,981fd4c34e47b2fe,da3671bb6868d8a0,dea011b18cdbbc05,82c9bab338c30086
107271575,0,719,56326ce59b29b227,120133281e230bf7,4a51b51ec89a000a,120ff1b1dde04d8a,6eeef3d4091c73c2
107271575,1,719,d481bce64b4d11ae,981fd4c34e47b2fe,da3671bb6868d8a0,dea011b18cdbbc05,82c9bab338c30086
107288251,0,719,b30cb9c79717f439,486e7ffc15fb555f,5e4baf9200186ca7,9f1252f49a5323f2,dc951f03efad08a7
107288251,1,719,321a8b289975167a,21240a2bc8ebc963,37b6703c72ada9c6,b176e574cd59a1fb,3215cdffde06c331
107367628,0,719,f5c5233c11f99686,d2b992c56a4660a5,4dd15eb781e69228,5ecb470b8021c54f,8bcaf3302f5e1d63
107367628,1,719,321a8b289975167a,21240a2bc8ebc963,37b6703c72ada9c6,b176e574cd59a1fb,3215cdffde06c331
107390925,0,719,2b829857268ec9a1,dfb5ce1fd659b89f,aa7e9d8fc0776b7e,d1267ccef50f697f,90a9aa4b27455b51
107390925,1,719,d481bce64b4d11ae,981fd4c34e47b2fe,da3671bb6868d8a0,dea011b18cdbbc05,82c9bab338c30086
107438980,0,719,c0a2578c38bde1b9,024a5fb3fba18850,99e7356a7964ab24,3aa231905e939a1a,fd92a064f6486c63
107438980,1,719,321a8b289975167a,21240a2bc8ebc963,37b6703c72ada9c6,b176e574cd59a1fb,3215cdffde06c331
107519694,0,719,d481bce64b4d11ae,981fd4c34e47b2fe,da3671bb6868d8a0,23b7292cb3779e52,56b676bb5ece1b72
107519694,1,719,8bc8ce57fae8be67,31114e62c2d389e3,7464c7ac198c6821,d2893300ce6ec3e2,b7d2648c5ca59d74
107533383,0,719,8c26094c517bd2eb,aec09393615b25e1,10fac75eae0b26d2,b90cd5e30013ebd7,af976b258767ac50
107533383,1,719,d481bce64b4d11ae,981fd4c34e47b2fe,da3671bb6868d8a0,dea011b18cdbbc05,82c9bab338c30086
107614503,0,719,eddb1ae084a1efa0,e57d0afc140b629b,967b4d2a5888c09c,50c67ed60a352b7f,0c083af871534a15
107614503,1,719,d481bce64b4d11ae,981fd4c34e47b2fe,da3671bb6868d8a0,dea011b18cdbbc05,82c9bab338c30086
107620598,0,719,321a8b289975167a,21240a2bc8ebc963,37b6703c72ada9c6,b176e574cd59a1fb,3215cdffde06c331
107620598,1,719,2957dbf90273e25c,44e95143c7bb6884,274d77ae3d51f7ce,9307abb5a96bb16e,074158a1a9e78a53
107632293,0,719,d46e16a742c70493,8198e389112290c8,7aaca56899f61538,6c4f17f7ceb9da5f,3b59fbafe32c8126
107632293,1,719,d481bce64b4d11ae,981fd4c34e47b2fe,da3671bb6868d8a0,dea011b18cdbbc05,316df712d4ad2269
107785316,0,719,fc4341814adf53c3,571b8a67ecbebc2d,7f3a138b95d84f08,26027a332781cfab,c380034d189ef350
107785316,1,719,d481bce64b4d11ae,981fd4c34e47b2fe,da3671bb6868d8a0,dea011b18cdbbc05,82c9bab338c30086
107795174,0,719,321a8b289975167a,21240a2bc8ebc963,37b6703c72ada9c6,b176e574cd59a1fb,3215cdffde06c331
107795174,1,719,010419279f407f09,214c71dfd4d77cde,0c884555712adec3,76fc31ce901f3f08,172ca6463f45f9d2
107839380,0,719,d481bce64b4d11ae,981fd4c34e47b2fe,da3671bb6868d8a0,dea011b18cdbbc05,2c1786c4784b7db7
107839380,1,719,8bdd35e200aeb614,54170e96f1785498,65450be684d3e111,d151d8cf172705d5,35e43c3c218706a1
107879598,0,719,d481bce64b4d11ae,981fd4c34e47b2fe,da3671bb6868d8a0,dea011b18cdbbc05,1ea5ed0c2f79287c
107879598,1,719,56326ce59b29b227,120133281e230bf7,4a51b51ec89a000a,120ff1b1dde04d8a,6eeef3d4091c73c2
107939900,0,719,d481bce64b4d11ae,981fd4c34e47b2fe,da3671bb6868d8a0,dea011b18cdbbc05,1ea5ed0c2f79287c
107939900,1,719,339e0a2c36a19cda,43b5816d2fc2bddb,4faa7d044a9254e1,c37ac3579940e35b,536647165d1452e9
107968404,0,719,321a8b289975167a,21240a2bc8ebc963,37b6703c72ada9c6,b176e574cd59a1fb,3215cdffde06c331
107968404,1,719,36e0a919124d768d,db793ed4f4fa9d9b,d4d7050a8f765044,ec56868efcae80c3,8b97d545f7b47834
107985793,0,719,e8bee03e4437bd98,45cf1f121c2c1541,472d7fb2f823bbe6,1c1cb90d797bdea3,f4e47d36a2885b12
107985793,1,719,321a8b289975167a,21240a2bc8ebc963,37b6703c72ada9c6,b176e574cd59a1fb,3215cdffde06c331
108019202,0,719,96904d014c48342a,6657b6b9507ac91b,f54b17c3db58cf0d,d14248a5a385c7a7,d18e928d884ed116
108019202,1,719,321a8b289975167a,21240a2bc8ebc963,37b6703c72ada9c6,b176e574cd59a1fb,3215cdffde06c331
108094016,0,719,d481bce64b4d11ae,981fd4c34e47b2fe,da3671bb6868d8a0,dea011b18cdbbc05,82c9bab338c30086
108094016,1,719,14da4ac19be2bb0b,c6abcd6b923af725,7f393db09db63d86,566c93846aaa45dc,a91ac90fadc14f5a
108205266,0,719,321a8b289975167a,21240a2bc8ebc963,37b6703c72ada9c6,b176e574cd59a1fb,3215cdffde06c331
108205266,1,719,4dc97296b806db68,655d1e2295e5fb28,e6cf35445e21cb52,88e41eb1bb6bd8b3,f9a40a1e9f7611c7
108228249,0,719,321a8b289975167a,21240a2bc8ebc963,37b6703c72ada9c6,b176e574cd59a1fb,3215cdffde06c331
108228249,1,719,594fce155162ef0e,e6c6311bc269bb82,ebdd1c415b66b520,d62831e3f3c1c64f,04adf1e6fa992dc6
108253431,0,719,12bd8351a9cabb48,4ba3c9231864ca41,1b81b3477918e0fd,59310a6328373dae,1f261ae352b762a4
108253431,1,719,d481bce64b4d11ae,981fd4c34e47b2fe,da3671bb6868d8a0,23b7292cb3779e52,56b676bb5ece1b72
108320412,0,719,ee2e2c20b82e09a2,2cc7b7a1e8ccfd9f,132e320954bc85cc,c920bfe6c0f99e0c,912440731135eb90
108320412,1,719,d481bce64b4d11ae,981fd4c34e47b2fe,da3671bb6868d8a0,23b7292cb3779e52,598375c7c72b6667
108350720,0,719,d25eb9cb12ddf6d8,1eef670810b18210,1d72d9b45a6b0f1b,71487231106298ca,dddbad6b6bd86bb1
108350720,1,719,d481bce64b4d11ae,981fd4c34e47b2fe,da3671bb6868d8a0,dea011b18cdbbc05,82c9bab338c30086
108416208,0,719,a04485dd1f867644,bc0eeb7c9cb0f3df,5bedb064660aa61b,d8dc5b88f12d76ae,d574c83a636b0549
108416208,1,719,321a8b289975167a,21240a2bc8ebc963,37b6703c72ada9c6,b176e574cd59a1fb,3215cdffde06c331
108457898,0,719,d481bce64b4d11ae,981fd4c34e47b2fe,da3671bb6868d8a0,dea011b18cdbbc05,82c9bab338c30086
108457898,1,719,106736177dcec865,f6d7e3b52994be87,843bab3fd285d39c,cbe2b48f987f1aa8,5f199cfc65e8e47a
108479320,0,719,89839c9ab4717b3e,f0cebc145552db64,a9c972601ecd94f6,43c84e319b6198c5,7e4571c0924228cc
108479320,1,719,d481bce64b4d11ae,981fd4c34e47b2fe,da3671bb6868d8a0,c5b2ae11ec975b4f,4d93e3d95b927245
